country_code,country_name,year,month,season,parameter,mean,median,p25,p75,max,count,pct_above_who,region
AD,Andora,2022,1,Zima,no2,43.97692307692308,46.650000000000006,39.025,54.425000000000004,62.6,26,88.46153846153845,Europa Zachodnia
AD,Andora,2022,1,Zima,o3,49.597307692307695,58.25,13.775,78.9,90.3,52,0.0,Europa Zachodnia
AD,Andora,2022,1,Zima,pm10,33.26,31.8,18.6,41.2,77.1,25,16.0,Europa Zachodnia
AD,Andora,2022,2,Zima,no2,33.88928571428572,32.9,25.85,41.625,70.9,28,78.57142857142857,Europa Zachodnia
AD,Andora,2022,2,Zima,o3,55.57142857142857,58.7,30.5,78.30000000000001,93.5,56,0.0,Europa Zachodnia
AD,Andora,2022,2,Zima,pm10,29.11785714285714,25.05,17.299999999999997,36.65,69.9,28,7.142857142857142,Europa Zachodnia
AD,Andora,2022,3,Wiosna,no2,24.2,22.35,19.575,30.075,40.5,30,43.333333333333336,Europa Zachodnia
AD,Andora,2022,3,Wiosna,o3,55.05762711864407,55.4,36.7,76.30000000000001,92.8,59,0.0,Europa Zachodnia
AD,Andora,2022,3,Wiosna,pm10,23.296666666666667,21.3,15.95,29.9,46.0,27,3.7037037037037033,Europa Zachodnia
AD,Andora,2022,4,Wiosna,no2,18.152142857142856,16.6,14.125,23.925,33.9,28,17.857142857142858,Europa Zachodnia
AD,Andora,2022,4,Wiosna,o3,69.43392857142858,71.75,52.7,88.47500000000001,106.0,56,3.571428571428571,Europa Zachodnia
AD,Andora,2022,4,Wiosna,pm10,26.297241379310346,23.5,17.7,31.0,68.8,29,6.896551724137931,Europa Zachodnia
AD,Andora,2022,5,Wiosna,no2,16.93967741935484,18.3,12.8,20.200000000000003,31.1,31,9.67741935483871,Europa Zachodnia
AD,Andora,2022,5,Wiosna,o3,70.24838709677418,69.15,57.525,86.975,101.0,62,3.225806451612903,Europa Zachodnia
AD,Andora,2022,5,Wiosna,pm10,28.631612903225808,29.3,17.35,36.45,62.6,31,9.67741935483871,Europa Zachodnia
AD,Andora,2022,6,Lato,no2,12.7175,10.9,9.280000000000001,14.9,24.7,28,0.0,Europa Zachodnia
AD,Andora,2022,6,Lato,o3,69.69285714285715,70.80000000000001,54.275,84.25,105.0,56,5.357142857142857,Europa Zachodnia
AD,Andora,2022,6,Lato,pm10,38.26153846153846,30.25,23.974999999999998,55.875,71.3,26,34.61538461538461,Europa Zachodnia
AD,Andora,2022,7,Lato,no2,15.245185185185186,15.4,12.05,19.35,24.5,27,0.0,Europa Zachodnia
AD,Andora,2022,7,Lato,o3,78.45925925925927,78.55,63.425,93.85,126.0,54,14.814814814814813,Europa Zachodnia
AD,Andora,2022,7,Lato,pm10,35.62692307692308,32.95,26.25,42.45,65.4,26,23.076923076923077,Europa Zachodnia
AD,Andora,2022,8,Lato,no2,16.267096774193547,17.2,11.0,20.25,25.3,31,6.451612903225806,Europa Zachodnia
AD,Andora,2022,8,Lato,o3,64.75,61.75,42.625,87.925,103.0,62,3.225806451612903,Europa Zachodnia
AD,Andora,2022,8,Lato,pm10,25.171612903225807,26.2,20.3,29.85,45.0,31,0.0,Europa Zachodnia
AD,Andora,2022,9,Jesień,no2,16.09,15.95,13.65,18.975,26.2,30,3.3333333333333335,Europa Zachodnia
AD,Andora,2022,9,Jesień,o3,57.15,56.2,42.0,72.025,86.3,60,0.0,Europa Zachodnia
AD,Andora,2022,9,Jesień,pm10,21.94066666666667,20.95,15.774999999999999,28.3,41.8,30,0.0,Europa Zachodnia
AD,Andora,2022,10,Jesień,no2,23.7625,22.0,20.025,24.475,43.3,24,20.833333333333336,Europa Zachodnia
AD,Andora,2022,10,Jesień,o3,46.71705882352941,54.4,27.15,64.69999999999999,78.8,51,0.0,Europa Zachodnia
AD,Andora,2022,10,Jesień,pm10,43.138461538461534,40.400000000000006,31.049999999999997,54.849999999999994,75.2,26,42.30769230769231,Europa Zachodnia
AD,Andora,2022,11,Jesień,no2,31.816666666666666,30.55,28.55,35.55,46.8,30,90.0,Europa Zachodnia
AD,Andora,2022,11,Jesień,o3,43.583333333333336,45.5,18.900000000000002,63.7,80.7,60,0.0,Europa Zachodnia
AD,Andora,2022,11,Jesień,pm10,21.796666666666667,20.65,14.775,27.450000000000003,37.7,30,0.0,Europa Zachodnia
AD,Andora,2022,12,Zima,no2,36.84193548387096,37.1,31.6,42.15,53.3,31,100.0,Europa Zachodnia
AD,Andora,2022,12,Zima,o3,32.47071428571429,17.7,6.7175,58.95,78.1,56,0.0,Europa Zachodnia
AD,Andora,2022,12,Zima,pm10,25.441612903225806,25.0,19.95,30.15,51.5,31,3.225806451612903,Europa Zachodnia
AD,Andora,2023,1,Zima,no2,37.328,36.2,31.0,46.4,65.8,25,84.0,Europa Zachodnia
AD,Andora,2023,1,Zima,o3,51.0572,55.6,25.549999999999997,75.8,96.2,50,0.0,Europa Zachodnia
AD,Andora,2023,1,Zima,pm10,27.069565217391304,19.7,16.05,35.35,59.6,23,17.391304347826086,Europa Zachodnia
AD,Andora,2023,2,Zima,no2,44.6,47.2,42.6,47.900000000000006,48.6,3,100.0,Europa Zachodnia
AD,Andora,2023,2,Zima,o3,57.68333333333334,59.9,27.55,88.875,91.0,6,0.0,Europa Zachodnia
AD,Andora,2023,2,Zima,pm10,37.03333333333333,42.5,31.75,45.05,47.6,3,33.33333333333333,Europa Zachodnia
AD,Andora,2023,3,Wiosna,no2,21.57857142857143,23.75,16.6,25.075000000000003,29.6,14,28.57142857142857,Europa Zachodnia
AD,Andora,2023,3,Wiosna,o3,68.62142857142858,72.44999999999999,48.55,87.95,103.0,28,3.571428571428571,Europa Zachodnia
AD,Andora,2023,3,Wiosna,pm10,22.799999999999997,22.8,14.1,28.4,39.9,13,0.0,Europa Zachodnia
AD,Andora,2023,3,Wiosna,pm25,9.099230769230768,9.79,6.7,11.2,15.2,13,7.6923076923076925,Europa Zachodnia
AD,Andora,2023,4,Wiosna,no2,16.915357142857143,17.2,13.9,21.55,31.5,28,10.714285714285714,Europa Zachodnia
AD,Andora,2023,4,Wiosna,o3,78.5982456140351,80.8,62.4,97.2,119.0,57,15.789473684210526,Europa Zachodnia
AD,Andora,2023,4,Wiosna,pm10,16.448620689655172,14.3,10.4,22.1,33.9,29,0.0,Europa Zachodnia
AD,Andora,2023,4,Wiosna,pm25,8.993448275862068,8.08,6.85,11.3,14.8,29,0.0,Europa Zachodnia
AD,Andora,2023,5,Wiosna,no2,15.567096774193548,15.2,11.9,19.7,24.8,31,0.0,Europa Zachodnia
AD,Andora,2023,5,Wiosna,o3,79.73709677419355,82.5,66.75,96.75,114.0,62,16.129032258064516,Europa Zachodnia
AD,Andora,2023,5,Wiosna,pm10,16.03451612903226,14.5,10.05,20.25,50.2,31,3.225806451612903,Europa Zachodnia
AD,Andora,2023,5,Wiosna,pm25,9.158,8.81,6.5825,10.875,19.6,30,6.666666666666667,Europa Zachodnia
AD,Andora,2023,6,Lato,no2,17.515172413793103,17.2,14.6,21.0,25.9,29,6.896551724137931,Europa Zachodnia
AD,Andora,2023,6,Lato,o3,74.34310344827585,78.6,53.275000000000006,93.05,133.0,58,12.068965517241379,Europa Zachodnia
AD,Andora,2023,6,Lato,pm10,19.967000000000002,16.35,13.975000000000001,23.099999999999998,48.0,20,5.0,Europa Zachodnia
AD,Andora,2023,6,Lato,pm25,9.440357142857142,8.379999999999999,7.2725,10.15,20.6,28,10.714285714285714,Europa Zachodnia
AD,Andora,2023,7,Lato,no2,16.356666666666666,17.1,14.100000000000001,19.6,25.8,27,3.7037037037037033,Europa Zachodnia
AD,Andora,2023,7,Lato,o3,73.55925925925925,69.0,58.25,94.475,111.0,54,14.814814814814813,Europa Zachodnia
AD,Andora,2023,7,Lato,pm10,22.373703703703704,17.3,12.95,24.85,56.5,27,14.814814814814813,Europa Zachodnia
AD,Andora,2023,7,Lato,pm25,9.095555555555555,7.82,5.9,11.75,19.0,27,14.814814814814813,Europa Zachodnia
AD,Andora,2023,8,Lato,no2,16.74535714285714,16.15,12.85,19.75,26.7,28,10.714285714285714,Europa Zachodnia
AD,Andora,2023,8,Lato,o3,78.65178571428571,78.75,65.825,93.175,118.0,56,21.428571428571427,Europa Zachodnia
AD,Andora,2023,8,Lato,pm10,17.98392857142857,16.75,11.325,23.674999999999997,49.0,28,3.571428571428571,Europa Zachodnia
AD,Andora,2023,8,Lato,pm25,7.414642857142858,7.83,4.335,9.935,16.2,28,7.142857142857142,Europa Zachodnia
AD,Andora,2023,9,Jesień,no2,18.085714285714285,17.1,15.425,20.55,25.9,28,7.142857142857142,Europa Zachodnia
AD,Andora,2023,9,Jesień,o3,68.25714285714285,70.15,49.050000000000004,84.25,113.0,56,5.357142857142857,Europa Zachodnia
AD,Andora,2023,9,Jesień,pm10,16.221481481481483,13.2,9.08,17.65,63.9,27,3.7037037037037033,Europa Zachodnia
AD,Andora,2023,9,Jesień,pm25,6.075185185185185,4.6,3.6900000000000004,7.125,17.3,27,7.4074074074074066,Europa Zachodnia
AD,Andora,2023,10,Jesień,no2,22.613793103448273,22.6,18.9,27.0,32.5,29,31.03448275862069,Europa Zachodnia
AD,Andora,2023,10,Jesień,o3,56.936206896551724,52.45,42.95,71.0,93.7,58,0.0,Europa Zachodnia
AD,Andora,2023,10,Jesień,pm10,18.703,22.2,12.425,24.725,28.1,20,0.0,Europa Zachodnia
AD,Andora,2023,10,Jesień,pm25,7.5525,8.805,4.5225,9.7775,12.2,20,0.0,Europa Zachodnia
AD,Andora,2023,11,Jesień,no2,37.48571428571428,39.9,31.375,43.925,57.6,28,78.57142857142857,Europa Zachodnia
AD,Andora,2023,11,Jesień,o3,43.208965517241374,48.05,14.15,61.65,91.2,58,0.0,Europa Zachodnia
AD,Andora,2023,11,Jesień,pm10,10.757666666666667,9.83,6.1825,13.5,27.9,30,0.0,Europa Zachodnia
AD,Andora,2023,11,Jesień,pm25,4.247366666666666,4.145,3.21,5.295,7.8,30,0.0,Europa Zachodnia
AD,Andora,2023,12,Zima,no2,43.836666666666666,46.2,35.050000000000004,51.55,63.5,30,96.66666666666667,Europa Zachodnia
AD,Andora,2023,12,Zima,o3,43.905614035087716,55.0,9.9,72.3,87.0,57,0.0,Europa Zachodnia
AD,Andora,2023,12,Zima,pm10,13.007666666666667,8.585,6.5875,16.3,41.5,30,0.0,Europa Zachodnia
AD,Andora,2023,12,Zima,pm25,5.803,4.98,3.9299999999999997,7.1225000000000005,12.5,30,0.0,Europa Zachodnia
AD,Andora,2024,1,Zima,no2,38.704,42.0,34.6,46.2,53.9,25,88.0,Europa Zachodnia
AD,Andora,2024,1,Zima,o3,39.5482,54.2,7.2475000000000005,65.92500000000001,77.8,50,0.0,Europa Zachodnia
AD,Andora,2024,1,Zima,pm10,16.3988,11.9,8.78,16.3,47.3,25,8.0,Europa Zachodnia
AD,Andora,2024,1,Zima,pm25,6.39364,6.48,4.64,8.6,12.3,25,0.0,Europa Zachodnia
AD,Andora,2024,2,Zima,no2,30.7448275862069,27.7,24.5,39.1,51.9,29,72.41379310344827,Europa Zachodnia
AD,Andora,2024,2,Zima,o3,48.39172413793103,50.95,26.625,67.8,91.1,58,0.0,Europa Zachodnia
AD,Andora,2024,2,Zima,pm10,8.514166666666666,6.445,5.2875,11.525,19.5,12,0.0,Europa Zachodnia
AD,Andora,2024,2,Zima,pm25,3.2396666666666665,2.73,2.205,4.9725,5.23,12,0.0,Europa Zachodnia
AD,Andora,2024,3,Wiosna,no2,22.187142857142856,23.7,16.0,27.3,38.4,21,38.095238095238095,Europa Zachodnia
AD,Andora,2024,3,Wiosna,o3,56.74761904761905,59.5,38.5,77.2,85.7,42,0.0,Europa Zachodnia
AD,Andora,2024,3,Wiosna,pm10,9.136190476190476,6.87,5.55,11.0,27.2,21,0.0,Europa Zachodnia
AD,Andora,2024,3,Wiosna,pm25,4.386666666666667,3.86,2.63,4.95,11.5,21,0.0,Europa Zachodnia
AD,Andora,2024,4,Wiosna,no2,21.345714285714287,20.6,16.525000000000002,26.625,39.6,28,32.142857142857146,Europa Zachodnia
AD,Andora,2024,4,Wiosna,o3,69.83333333333333,69.0,45.4,94.0,108.0,57,14.035087719298245,Europa Zachodnia
AD,Andora,2024,4,Wiosna,pm10,12.94,8.19,6.905,13.2,74.7,28,3.571428571428571,Europa Zachodnia
AD,Andora,2024,4,Wiosna,pm25,4.570464285714285,3.64,2.5225,4.995,22.4,28,3.571428571428571,Europa Zachodnia
AD,Andora,2024,5,Wiosna,no2,20.822580645161292,20.9,17.9,24.35,30.9,31,19.35483870967742,Europa Zachodnia
AD,Andora,2024,5,Wiosna,o3,61.49354838709677,63.8,40.025,80.25,103.0,62,1.6129032258064515,Europa Zachodnia
AD,Andora,2024,5,Wiosna,pm10,8.545806451612904,8.04,5.9399999999999995,9.945,19.3,31,0.0,Europa Zachodnia
AD,Andora,2024,5,Wiosna,pm25,3.691290322580645,3.43,2.3,4.725,9.15,31,0.0,Europa Zachodnia
AD,Andora,2024,6,Lato,no2,20.959999999999997,19.9,17.4,23.975,33.7,30,20.0,Europa Zachodnia
AD,Andora,2024,6,Lato,o3,60.208333333333336,54.0,36.625,82.0,123.0,60,8.333333333333332,Europa Zachodnia
AD,Andora,2024,6,Lato,pm10,16.18344827586207,12.4,8.71,20.3,50.1,29,3.4482758620689653,Europa Zachodnia
AD,Andora,2024,6,Lato,pm25,6.548620689655173,5.37,3.78,9.36,16.3,29,6.896551724137931,Europa Zachodnia
AD,Andora,2024,7,Lato,no2,19.206451612903226,19.7,17.3,20.5,28.1,31,6.451612903225806,Europa Zachodnia
AD,Andora,2024,7,Lato,o3,62.69193548387097,55.2,36.6,86.725,118.0,62,8.064516129032258,Europa Zachodnia
AD,Andora,2024,7,Lato,pm10,17.832903225806454,15.4,11.9,20.1,44.4,31,0.0,Europa Zachodnia
AD,Andora,2024,7,Lato,pm25,7.793870967741935,7.72,5.035,9.69,15.1,31,3.225806451612903,Europa Zachodnia
AD,Andora,2024,8,Lato,no2,17.852333333333334,18.9,15.55,19.775,29.5,30,3.3333333333333335,Europa Zachodnia
AD,Andora,2024,8,Lato,o3,65.45166666666667,65.4,38.775,94.85000000000001,122.0,60,15.0,Europa Zachodnia
AD,Andora,2024,8,Lato,pm10,19.425666666666665,18.6,12.799999999999999,23.0,40.9,30,0.0,Europa Zachodnia
AD,Andora,2024,8,Lato,pm25,10.44814814814815,9.89,7.845,13.0,19.7,27,3.7037037037037033,Europa Zachodnia
AD,Andora,2024,9,Jesień,no2,18.107000000000003,17.4,14.225,21.975,26.7,30,16.666666666666664,Europa Zachodnia
AD,Andora,2024,9,Jesień,o3,53.402166666666666,54.900000000000006,32.15,72.6,105.0,60,1.6666666666666667,Europa Zachodnia
AD,Andora,2024,9,Jesień,pm10,8.986666666666668,8.1,5.5225,12.6,18.6,30,0.0,Europa Zachodnia
AD,Andora,2024,9,Jesień,pm25,4.587000000000001,3.865,2.3925,6.6425,11.5,30,0.0,Europa Zachodnia
AD,Andora,2024,10,Jesień,no2,26.013793103448275,25.6,21.9,28.9,40.3,29,51.724137931034484,Europa Zachodnia
AD,Andora,2024,10,Jesień,o3,39.41816666666667,39.95,16.5,61.65,86.8,60,0.0,Europa Zachodnia
AD,Andora,2024,10,Jesień,pm10,13.44103448275862,11.4,7.9,18.7,31.1,29,0.0,Europa Zachodnia
AD,Andora,2024,10,Jesień,pm25,5.206206896551723,4.24,3.22,6.65,12.3,29,0.0,Europa Zachodnia
AD,Andora,2024,11,Jesień,no2,33.93666666666667,32.8,31.474999999999998,37.1,46.1,30,93.33333333333333,Europa Zachodnia
AD,Andora,2024,11,Jesień,o3,40.7065,44.2,10.675,66.9,85.5,60,0.0,Europa Zachodnia
AD,Andora,2024,11,Jesień,pm10,18.106333333333335,17.5,11.225,21.075000000000003,53.7,30,3.3333333333333335,Europa Zachodnia
AD,Andora,2024,11,Jesień,pm25,6.978666666666666,6.984999999999999,5.7,7.9575,17.7,30,3.3333333333333335,Europa Zachodnia
AD,Andora,2024,12,Zima,no2,36.58387096774193,38.0,28.700000000000003,45.75,63.2,31,83.87096774193549,Europa Zachodnia
AD,Andora,2024,12,Zima,o3,49.472419354838706,52.4,14.2,82.25,95.0,62,0.0,Europa Zachodnia
AD,Andora,2024,12,Zima,pm10,12.77,11.7,6.29,16.85,30.9,31,0.0,Europa Zachodnia
AD,Andora,2024,12,Zima,pm25,5.781290322580645,6.6,3.125,8.2,10.6,31,0.0,Europa Zachodnia
AD,Andora,2025,1,Zima,no2,36.65555555555555,37.5,34.9,41.9,46.4,9,88.88888888888889,Europa Zachodnia
AD,Andora,2025,1,Zima,o3,42.7295,59.2,9.295,70.225,81.8,20,0.0,Europa Zachodnia
AD,Andora,2025,1,Zima,pm10,11.623076923076923,10.55,5.655,16.950000000000003,22.0,26,0.0,Europa Zachodnia
AD,Andora,2025,1,Zima,pm25,5.689230769230769,5.455,3.0524999999999998,7.625,11.9,26,0.0,Europa Zachodnia
AD,Andora,2025,2,Zima,pm10,12.996363636363638,9.34,5.890000000000001,22.950000000000003,25.5,11,0.0,Europa Zachodnia
AD,Andora,2025,2,Zima,pm25,5.001578947368421,3.95,3.55,6.02,10.3,19,0.0,Europa Zachodnia
AD,Andora,2025,3,Wiosna,pm25,4.450322580645161,3.33,2.4850000000000003,4.35,17.3,31,6.451612903225806,Europa Zachodnia
AD,Andora,2025,4,Wiosna,pm25,4.341275862068965,3.2,2.38,5.85,11.1,29,0.0,Europa Zachodnia
AD,Andora,2025,5,Wiosna,pm25,4.928214285714286,4.085,3.1275,5.5175,16.3,28,3.571428571428571,Europa Zachodnia
AD,Andora,2025,6,Lato,pm25,11.849310344827586,11.7,9.32,13.4,17.7,29,17.24137931034483,Europa Zachodnia
AD,Andora,2025,7,Lato,pm25,7.35,6.87,5.140000000000001,8.934999999999999,13.7,31,0.0,Europa Zachodnia
AD,Andora,2025,8,Lato,pm25,11.700344827586207,10.3,6.19,16.9,19.9,29,41.37931034482759,Europa Zachodnia
AD,Andora,2025,9,Jesień,pm25,5.718333333333334,5.875,4.26,7.725,9.85,30,0.0,Europa Zachodnia
AD,Andora,2025,10,Jesień,pm25,4.28,3.98,3.29,5.365,7.51,31,0.0,Europa Zachodnia
AD,Andora,2025,11,Jesień,pm25,3.838148148148148,3.2,2.14,5.390000000000001,13.5,27,0.0,Europa Zachodnia
AD,Andora,2025,12,Zima,pm25,6.501333333333333,6.395,5.4525,7.7124999999999995,11.2,30,0.0,Europa Zachodnia
AL,Albania,2025,10,Jesień,no2,18.197777777777777,16.75,9.45,22.875,46.9,36,19.444444444444446,Europa Południowa
AL,Albania,2025,10,Jesień,o3,37.70222222222222,37.6,23.1,48.0,77.1,45,0.0,Europa Południowa
AL,Albania,2025,10,Jesień,pm10,11.419999999999998,9.23,8.62,11.7,20.4,5,0.0,Europa Południowa
AL,Albania,2025,10,Jesień,pm25,6.102692307692307,3.57,1.7,10.6,15.0,13,0.0,Europa Południowa
AL,Albania,2025,11,Jesień,no2,29.169519230769232,28.75,15.0,40.625,65.1,104,56.730769230769226,Europa Południowa
AL,Albania,2025,11,Jesień,o3,30.030344827586205,28.65,18.425,41.7,71.6,116,0.0,Europa Południowa
AL,Albania,2025,11,Jesień,pm10,6.387222222222222,5.220000000000001,4.112500000000001,8.4925,14.4,18,0.0,Europa Południowa
AL,Albania,2025,11,Jesień,pm25,2.9635333333333334,2.76,1.725,3.6,7.55,15,0.0,Europa Południowa
AL,Albania,2025,12,Zima,no2,30.742565789473684,30.2,16.5,41.25,73.4,152,59.86842105263158,Europa Południowa
AL,Albania,2025,12,Zima,o3,18.41420812182741,15.6,8.04,26.9,70.1,197,0.0,Europa Południowa
AL,Albania,2025,12,Zima,pm10,24.990689655172414,23.4,13.2,31.7,97.9,29,6.896551724137931,Europa Południowa
AL,Albania,2025,12,Zima,pm25,17.829807692307693,17.9,8.3525,23.475,57.3,26,57.692307692307686,Europa Południowa
AT,Austria,2022,1,Zima,no2,15.861972891566266,13.25,6.82,23.625,45.5,332,23.49397590361446,Europa Środkowa
AT,Austria,2022,1,Zima,o3,45.11960288808664,48.4,26.1,62.1,84.8,277,0.0,Europa Środkowa
AT,Austria,2022,1,Zima,pm10,13.641603550295859,12.1,6.2125,20.2,51.1,338,0.2958579881656805,Europa Środkowa
AT,Austria,2022,1,Zima,pm25,9.878234972677596,7.16,3.555,15.2,32.6,183,26.229508196721312,Europa Środkowa
AT,Austria,2022,2,Zima,no2,15.586677631578949,12.850000000000001,6.0975,22.45,48.7,304,22.697368421052634,Europa Środkowa
AT,Austria,2022,2,Zima,o3,57.307896825396824,61.75,44.9,71.025,93.9,252,0.0,Europa Środkowa
AT,Austria,2022,2,Zima,pm10,11.93200974025974,10.3,5.275,16.924999999999997,46.8,308,0.3246753246753247,Europa Środkowa
AT,Austria,2022,2,Zima,pm25,6.822988095238095,4.654999999999999,2.43,10.2,30.7,168,13.095238095238097,Europa Środkowa
AT,Austria,2022,3,Wiosna,no2,17.736042944785275,15.5,7.82,24.175,54.4,326,23.31288343558282,Europa Środkowa
AT,Austria,2022,3,Wiosna,o3,65.93274074074074,66.75,48.75,80.7,130.0,270,6.666666666666667,Europa Środkowa
AT,Austria,2022,3,Wiosna,pm10,24.742852760736195,24.1,18.2,30.3,48.0,326,1.2269938650306749,Europa Środkowa
AT,Austria,2022,3,Wiosna,pm25,17.511129943502823,17.3,12.4,22.3,36.5,177,60.451977401129945,Europa Środkowa
AT,Austria,2022,4,Wiosna,no2,10.470638297872341,8.98,5.51,14.1,36.3,329,4.25531914893617,Europa Środkowa
AT,Austria,2022,4,Wiosna,o3,70.23851851851852,69.05000000000001,60.3,78.45,112.0,270,3.3333333333333335,Europa Środkowa
AT,Austria,2022,4,Wiosna,pm10,12.193151515151515,11.4,7.4125000000000005,16.2,31.3,330,0.0,Europa Środkowa
AT,Austria,2022,4,Wiosna,pm25,8.788788888888888,8.45,5.0,12.225,21.4,180,10.0,Europa Środkowa
AT,Austria,2022,5,Wiosna,no2,9.175958702064896,7.72,4.675000000000001,12.5,30.3,339,2.0648967551622417,Europa Środkowa
AT,Austria,2022,5,Wiosna,o3,70.47316176470588,68.3,57.0,83.05,120.0,272,6.61764705882353,Europa Środkowa
AT,Austria,2022,5,Wiosna,pm10,12.68952802359882,11.9,8.405000000000001,16.6,39.6,339,0.0,Europa Środkowa
AT,Austria,2022,5,Wiosna,pm25,7.248423913043479,6.72,4.6075,9.192499999999999,16.9,184,3.804347826086957,Europa Środkowa
AT,Austria,2022,6,Lato,no2,8.118990825688073,6.53,4.555,10.7,33.1,327,1.529051987767584,Europa Środkowa
AT,Austria,2022,6,Lato,o3,71.70827067669174,71.75,63.625,82.1,111.0,266,4.135338345864661,Europa Środkowa
AT,Austria,2022,6,Lato,pm10,12.781804281345565,11.9,8.754999999999999,16.4,31.6,327,0.0,Europa Środkowa
AT,Austria,2022,6,Lato,pm25,6.658146892655367,6.37,4.58,7.98,17.2,177,1.1299435028248588,Europa Środkowa
AT,Austria,2022,7,Lato,no2,8.125619047619049,6.47,4.0,10.95,38.8,315,1.2698412698412698,Europa Środkowa
AT,Austria,2022,7,Lato,o3,75.6922178988327,75.3,58.5,89.5,134.0,257,10.894941634241246,Europa Środkowa
AT,Austria,2022,7,Lato,pm10,12.034825396825395,11.4,7.9,15.5,32.8,315,0.0,Europa Środkowa
AT,Austria,2022,7,Lato,pm25,5.964076470588235,5.63,3.8225,7.6125,14.7,170,0.0,Europa Środkowa
AT,Austria,2022,8,Lato,no2,8.610794117647059,6.71,4.295,11.825000000000001,31.8,340,2.3529411764705883,Europa Środkowa
AT,Austria,2022,8,Lato,o3,67.38787769784172,67.0,54.05,81.875,128.0,278,5.755395683453238,Europa Środkowa
AT,Austria,2022,8,Lato,pm10,11.898240469208211,11.6,8.82,14.0,42.5,341,0.0,Europa Środkowa
AT,Austria,2022,8,Lato,pm25,6.9665405405405405,6.8,4.99,8.8,14.4,185,0.0,Europa Środkowa
AT,Austria,2022,9,Jesień,no2,9.416768292682926,8.045,4.6275,13.225,27.3,328,1.2195121951219512,Europa Środkowa
AT,Austria,2022,9,Jesień,o3,45.06198443579767,46.1,33.9,57.4,100.0,257,0.0,Europa Środkowa
AT,Austria,2022,9,Jesień,pm10,9.38154458598726,8.985,5.3475,12.2,26.1,314,0.0,Europa Środkowa
AT,Austria,2022,9,Jesień,pm25,5.863027777777778,5.555,2.8249999999999997,8.245000000000001,19.8,180,2.7777777777777777,Europa Środkowa
AT,Austria,2022,10,Jesień,no2,12.77044701986755,11.6,7.04,18.575000000000003,31.2,302,4.966887417218543,Europa Środkowa
AT,Austria,2022,10,Jesień,o3,30.57793650793651,27.25,14.8,46.7,72.3,252,0.0,Europa Środkowa
AT,Austria,2022,10,Jesień,pm10,17.33934640522876,17.3,10.8,23.3,39.3,306,0.0,Europa Środkowa
AT,Austria,2022,10,Jesień,pm25,10.89677380952381,10.0,5.2875,15.425,28.6,168,27.380952380952383,Europa Środkowa
AT,Austria,2022,11,Jesień,no2,14.88447204968944,14.6,8.225000000000001,21.175,37.4,322,13.354037267080745,Europa Środkowa
AT,Austria,2022,11,Jesień,o3,26.866479400749064,23.6,11.45,40.0,78.6,267,0.0,Europa Środkowa
AT,Austria,2022,11,Jesień,pm10,14.510678787878788,14.7,9.1625,19.5,35.2,330,0.0,Europa Środkowa
AT,Austria,2022,11,Jesień,pm25,10.842266666666667,10.95,5.5525,14.925,27.5,180,23.88888888888889,Europa Środkowa
AT,Austria,2022,12,Zima,no2,17.47893292682927,16.65,9.895,24.725,47.6,328,23.78048780487805,Europa Środkowa
AT,Austria,2022,12,Zima,o3,25.657706093189965,18.1,8.67,41.6,76.1,279,0.0,Europa Środkowa
AT,Austria,2022,12,Zima,pm10,17.97476417910448,17.5,9.75,25.0,49.1,335,0.2985074626865672,Europa Środkowa
AT,Austria,2022,12,Zima,pm25,14.851082417582417,14.8,5.109999999999999,22.9,38.2,182,48.9010989010989,Europa Środkowa
AT,Austria,2023,1,Zima,no2,13.60363448275862,12.25,6.5825,19.375,47.8,290,11.724137931034482,Europa Środkowa
AT,Austria,2023,1,Zima,o3,35.61582304526749,35.1,21.25,50.349999999999994,74.5,243,0.0,Europa Środkowa
AT,Austria,2023,1,Zima,pm10,11.939553264604811,12.0,7.07,16.2,31.8,291,0.0,Europa Środkowa
AT,Austria,2023,1,Zima,pm25,9.486503184713376,9.28,4.3,14.5,27.3,157,21.019108280254777,Europa Środkowa
AT,Austria,2023,2,Zima,no2,17.56186046511628,18.8,4.29,29.95,36.2,43,37.2093023255814,Europa Środkowa
AT,Austria,2023,2,Zima,o3,41.54194444444445,30.45,15.850000000000001,71.17500000000001,91.9,36,0.0,Europa Środkowa
AT,Austria,2023,2,Zima,pm10,18.689767441860464,23.8,5.35,28.799999999999997,38.5,43,0.0,Europa Środkowa
AT,Austria,2023,2,Zima,pm25,13.224347826086957,13.5,3.0149999999999997,23.05,32.5,23,47.82608695652174,Europa Środkowa
AT,Austria,2023,3,Wiosna,no2,13.377727272727274,8.620000000000001,4.9375,19.5,61.6,154,14.285714285714285,Europa Środkowa
AT,Austria,2023,3,Wiosna,o3,58.805079365079365,64.65,40.825,76.375,89.7,126,0.0,Europa Środkowa
AT,Austria,2023,3,Wiosna,pm10,13.0880522875817,12.6,5.72,19.0,33.2,153,0.0,Europa Środkowa
AT,Austria,2023,3,Wiosna,pm25,8.204277108433736,7.02,2.2,12.6,24.4,83,19.27710843373494,Europa Środkowa
AT,Austria,2023,4,Wiosna,no2,9.94612377850163,8.29,4.359999999999999,13.75,40.2,307,4.5602605863192185,Europa Środkowa
AT,Austria,2023,4,Wiosna,o3,63.97782101167315,64.3,50.9,76.2,102.0,257,0.7782101167315175,Europa Środkowa
AT,Austria,2023,4,Wiosna,pm10,11.228929292929294,11.0,6.85,14.3,38.9,297,0.0,Europa Środkowa
AT,Austria,2023,4,Wiosna,pm25,8.03321264367816,8.370000000000001,4.4225,10.6,19.5,174,6.321839080459771,Europa Środkowa
AT,Austria,2023,5,Wiosna,no2,9.138323863636364,7.875,4.4775,12.3,34.1,352,1.9886363636363635,Europa Środkowa
AT,Austria,2023,5,Wiosna,o3,70.93046594982079,69.5,57.4,82.85,115.0,279,6.451612903225806,Europa Środkowa
AT,Austria,2023,5,Wiosna,pm10,13.459750000000001,13.3,9.7375,16.7,38.9,360,0.0,Europa Środkowa
AT,Austria,2023,5,Wiosna,pm25,8.505774647887325,8.14,6.11,10.7,17.4,213,3.755868544600939,Europa Środkowa
AT,Austria,2023,6,Lato,no2,9.142634078212291,6.965,4.065,12.375,36.4,358,5.027932960893855,Europa Środkowa
AT,Austria,2023,6,Lato,o3,81.3837037037037,82.1,70.125,89.775,140.0,270,11.851851851851853,Europa Środkowa
AT,Austria,2023,6,Lato,pm10,14.311444444444444,14.0,10.5,16.7,58.0,360,0.5555555555555556,Europa Środkowa
AT,Austria,2023,6,Lato,pm25,8.523142857142856,8.465,6.3025,10.5,16.3,210,1.4285714285714286,Europa Środkowa
AT,Austria,2023,7,Lato,no2,9.477197222222223,6.27,3.49,11.7,41.0,360,8.88888888888889,Europa Środkowa
AT,Austria,2023,7,Lato,o3,70.62629629629629,68.7,56.725,82.325,132.0,270,7.4074074074074066,Europa Środkowa
AT,Austria,2023,7,Lato,pm10,10.955083333333333,10.2,7.4875,13.625,32.4,360,0.0,Europa Środkowa
AT,Austria,2023,7,Lato,pm25,5.83552380952381,5.62,4.03,7.05,13.3,210,0.0,Europa Środkowa
AT,Austria,2023,8,Lato,no2,9.71764347826087,7.01,3.49,13.6,38.3,345,6.666666666666667,Europa Środkowa
AT,Austria,2023,8,Lato,o3,62.60862745098039,62.4,47.349999999999994,71.55000000000001,123.0,255,5.88235294117647,Europa Środkowa
AT,Austria,2023,8,Lato,pm10,10.973095652173912,9.12,5.58,16.2,36.2,345,0.0,Europa Środkowa
AT,Austria,2023,8,Lato,pm25,6.050502564102564,4.78,2.95,9.32,14.2,195,0.0,Europa Środkowa
AT,Austria,2023,9,Jesień,no2,11.279141666666666,9.225000000000001,4.2675,16.4,36.5,360,8.055555555555555,Europa Środkowa
AT,Austria,2023,9,Jesień,o3,57.9364312267658,55.2,41.4,70.9,130.0,269,3.3457249070631967,Europa Środkowa
AT,Austria,2023,9,Jesień,pm10,14.24058495821727,12.9,8.875,18.55,61.2,359,0.5571030640668524,Europa Środkowa
AT,Austria,2023,9,Jesień,pm25,8.172071428571428,7.8149999999999995,4.935,10.375,19.7,210,6.190476190476191,Europa Środkowa
AT,Austria,2023,10,Jesień,no2,13.938655913978495,13.05,5.345000000000001,20.3,40.9,372,14.24731182795699,Europa Środkowa
AT,Austria,2023,10,Jesień,o3,41.59810035842294,39.8,24.7,56.849999999999994,88.1,279,0.0,Europa Środkowa
AT,Austria,2023,10,Jesień,pm10,14.707185483870969,13.649999999999999,8.09,20.225,37.9,372,0.0,Europa Środkowa
AT,Austria,2023,10,Jesień,pm25,8.531410138248848,7.86,4.15,11.3,28.3,217,11.981566820276496,Europa Środkowa
AT,Austria,2023,11,Jesień,no2,15.60295,13.95,6.7475,23.725,39.7,360,20.555555555555554,Europa Środkowa
AT,Austria,2023,11,Jesień,o3,38.40592592592593,37.4,21.2,57.325,74.3,270,0.0,Europa Środkowa
AT,Austria,2023,11,Jesień,pm10,10.400391666666668,9.35,5.415,14.2,31.6,360,0.0,Europa Środkowa
AT,Austria,2023,11,Jesień,pm25,6.587804761904763,5.23,2.7225,9.7625,25.7,210,7.6190476190476195,Europa Środkowa
AT,Austria,2023,12,Zima,no2,21.009921787709498,20.75,10.025,30.2,56.0,358,37.988826815642454,Europa Środkowa
AT,Austria,2023,12,Zima,o3,35.53165949820789,30.7,11.8,60.349999999999994,82.2,279,0.0,Europa Środkowa
AT,Austria,2023,12,Zima,pm10,15.828097297297296,14.4,6.47,23.9,48.8,370,0.5405405405405406,Europa Środkowa
AT,Austria,2023,12,Zima,pm25,11.506213953488372,8.5,2.3200000000000003,19.549999999999997,40.2,215,33.02325581395349,Europa Środkowa
AT,Austria,2024,1,Zima,no2,22.253271604938273,22.9,11.8,31.75,54.8,324,43.82716049382716,Europa Środkowa
AT,Austria,2024,1,Zima,o3,41.15140151515151,40.099999999999994,23.825,58.8,84.9,264,0.0,Europa Środkowa
AT,Austria,2024,1,Zima,pm10,17.97253142857143,15.5,9.5875,25.450000000000003,55.0,350,2.2857142857142856,Europa Środkowa
AT,Austria,2024,1,Zima,pm25,12.090897959183673,10.35,5.077500000000001,16.625,39.0,196,30.612244897959183,Europa Środkowa
AT,Austria,2024,2,Zima,no2,16.11215053763441,14.850000000000001,8.639999999999999,23.175,40.5,186,19.35483870967742,Europa Środkowa
AT,Austria,2024,2,Zima,o3,46.21335877862595,46.5,30.9,63.7,81.2,131,0.0,Europa Środkowa
AT,Austria,2024,2,Zima,pm10,16.68005319148936,14.649999999999999,7.8950000000000005,23.5,43.5,188,0.0,Europa Środkowa
AT,Austria,2024,2,Zima,pm25,11.694109589041096,9.72,4.27,16.6,29.5,73,30.136986301369863,Europa Środkowa
AT,Austria,2024,3,Wiosna,no2,11.855036496350364,8.8,4.86,16.6,44.0,137,10.948905109489052,Europa Środkowa
AT,Austria,2024,3,Wiosna,o3,61.192061855670104,63.8,44.4,80.3,96.5,97,0.0,Europa Środkowa
AT,Austria,2024,3,Wiosna,pm10,14.020238095238096,13.350000000000001,7.9475,18.849999999999998,34.2,126,0.0,Europa Środkowa
AT,Austria,2024,3,Wiosna,pm25,10.332592592592594,7.37,2.9875000000000003,15.425,30.4,54,27.77777777777778,Europa Środkowa
AT,Austria,2024,4,Wiosna,no2,10.718103448275862,7.885,4.65,11.5,49.2,174,12.643678160919542,Europa Środkowa
AT,Austria,2024,4,Wiosna,o3,77.24782608695652,76.6,65.9,86.5,119.0,115,7.82608695652174,Europa Środkowa
AT,Austria,2024,4,Wiosna,pm10,11.52051724137931,10.05,7.0424999999999995,15.55,33.8,174,0.0,Europa Środkowa
AT,Austria,2024,4,Wiosna,pm25,6.0625,5.6,3.6750000000000003,7.4975,15.6,58,1.7241379310344827,Europa Środkowa
AT,Austria,2024,5,Wiosna,no2,7.944301075268818,5.74,3.61,8.77,32.1,186,6.451612903225806,Europa Środkowa
AT,Austria,2024,5,Wiosna,o3,72.73934426229509,71.45,59.875,86.225,115.0,122,9.01639344262295,Europa Środkowa
AT,Austria,2024,5,Wiosna,pm10,10.25288043478261,9.485,7.1525,13.125,24.4,184,0.0,Europa Środkowa
AT,Austria,2024,5,Wiosna,pm25,5.9159999999999995,5.154999999999999,3.58,7.85,17.2,60,3.3333333333333335,Europa Środkowa
AT,Austria,2024,6,Lato,no2,8.01345251396648,5.5,3.295,7.905,37.6,179,7.82122905027933,Europa Środkowa
AT,Austria,2024,6,Lato,o3,73.77583333333334,75.1,62.375,85.35,111.0,120,6.666666666666667,Europa Środkowa
AT,Austria,2024,6,Lato,pm10,12.548926553672315,11.4,8.69,15.9,37.8,177,0.0,Europa Środkowa
AT,Austria,2024,6,Lato,pm25,7.1290000000000004,6.9399999999999995,4.77,9.309999999999999,13.4,60,0.0,Europa Środkowa
AT,Austria,2024,7,Lato,no2,8.12818817204301,4.875,3.13,7.6125,39.1,186,10.75268817204301,Europa Środkowa
AT,Austria,2024,7,Lato,o3,78.17177419354839,76.1,64.57499999999999,89.475,127.0,124,11.29032258064516,Europa Środkowa
AT,Austria,2024,7,Lato,pm10,12.244838709677419,11.6,8.684999999999999,14.8,29.4,186,0.0,Europa Środkowa
AT,Austria,2024,7,Lato,pm25,5.815645161290322,5.305,4.16,7.432499999999999,11.0,62,0.0,Europa Środkowa
AT,Austria,2024,8,Lato,no2,8.793467532467533,5.7,3.54,9.19,35.0,77,9.090909090909092,Europa Środkowa
AT,Austria,2024,8,Lato,o3,73.44313725490196,68.0,56.45,90.15,114.0,51,13.725490196078432,Europa Środkowa
AT,Austria,2024,8,Lato,pm10,11.733766233766234,11.1,9.93,13.2,20.0,77,0.0,Europa Środkowa
AT,Austria,2024,8,Lato,pm25,6.3872,6.14,5.44,7.23,9.83,25,0.0,Europa Środkowa
AT,Austria,2024,9,Jesień,no2,10.397683333333333,8.309999999999999,4.5,12.2,29.7,60,10.0,Europa Środkowa
AT,Austria,2024,9,Jesień,o3,54.30102564102564,58.0,36.75,70.45,93.6,39,0.0,Europa Środkowa
AT,Austria,2024,9,Jesień,pm10,10.922500000000001,10.600000000000001,6.0600000000000005,14.425,24.5,60,0.0,Europa Środkowa
AT,Austria,2024,9,Jesień,pm25,5.08245,5.08,2.72,6.5825,12.9,20,0.0,Europa Środkowa
AT,Austria,2024,10,Jesień,no2,11.55017032967033,9.745000000000001,6.855,13.9,36.3,182,8.241758241758241,Europa Środkowa
AT,Austria,2024,10,Jesień,o3,36.399747899159664,34.8,19.299999999999997,52.75,76.6,119,0.0,Europa Środkowa
AT,Austria,2024,10,Jesień,pm10,15.868950276243096,15.1,9.98,20.8,40.1,181,0.0,Europa Środkowa
AT,Austria,2024,10,Jesień,pm25,8.892459016393444,8.28,4.51,13.5,20.6,61,13.114754098360656,Europa Środkowa
AT,Austria,2024,11,Jesień,no2,16.48153409090909,16.0,9.6675,22.675,36.8,176,19.886363636363637,Europa Środkowa
AT,Austria,2024,11,Jesień,o3,31.64108108108108,29.7,14.45,47.55,77.9,111,0.0,Europa Środkowa
AT,Austria,2024,11,Jesień,pm10,17.247485714285713,15.9,11.2,21.25,44.2,175,0.0,Europa Środkowa
AT,Austria,2024,11,Jesień,pm25,10.597142857142858,8.754999999999999,5.807499999999999,14.525,33.5,56,21.428571428571427,Europa Środkowa
AT,Austria,2024,12,Zima,no2,18.891182795698924,20.1,8.93,26.55,43.4,186,29.56989247311828,Europa Środkowa
AT,Austria,2024,12,Zima,o3,35.094552845528455,29.7,12.9,60.8,85.9,123,0.0,Europa Środkowa
AT,Austria,2024,12,Zima,pm10,16.752637362637362,15.45,9.477500000000001,22.25,47.0,182,1.098901098901099,Europa Środkowa
AT,Austria,2024,12,Zima,pm25,9.409245901639345,8.04,4.06,13.3,29.3,61,21.311475409836063,Europa Środkowa
AT,Austria,2025,1,Zima,no2,21.830000000000002,22.2,12.8,29.5,44.1,105,46.666666666666664,Europa Środkowa
AT,Austria,2025,1,Zima,o3,44.042,51.5,20.4,65.9,78.3,45,0.0,Europa Środkowa
AT,Austria,2025,1,Zima,pm10,16.481066666666667,16.3,11.05,20.6,38.1,75,0.0,Europa Środkowa
AT,Austria,2025,1,Zima,pm25,12.154093023255813,11.5,6.33,17.1,28.8,43,39.53488372093023,Europa Środkowa
AT,Austria,2025,2,Zima,no2,28.099666666666668,28.25,21.674999999999997,36.225,43.1,30,63.33333333333333,Europa Środkowa
AT,Austria,2025,2,Zima,pm10,25.092307692307692,26.1,20.125,29.950000000000003,47.4,26,3.8461538461538463,Europa Środkowa
AT,Austria,2025,2,Zima,pm25,20.6628,21.6,17.2,25.1,31.4,25,76.0,Europa Środkowa
AT,Austria,2025,3,Wiosna,no2,27.23225806451613,28.1,23.6,32.75,36.0,31,64.51612903225806,Europa Środkowa
AT,Austria,2025,3,Wiosna,pm10,22.075161290322583,19.9,17.0,26.7,41.9,31,0.0,Europa Środkowa
AT,Austria,2025,3,Wiosna,pm25,14.178387096774193,13.7,11.5,17.0,23.8,31,38.70967741935484,Europa Środkowa
AT,Austria,2025,4,Wiosna,no2,26.146923076923073,27.799999999999997,21.4,31.375,37.4,26,53.84615384615385,Europa Środkowa
AT,Austria,2025,4,Wiosna,pm10,18.2552,17.7,14.3,22.2,37.3,25,0.0,Europa Środkowa
AT,Austria,2025,4,Wiosna,pm25,9.114230769230769,8.879999999999999,6.8325,10.4375,18.0,26,3.8461538461538463,Europa Środkowa
AT,Austria,2025,5,Wiosna,no2,24.486666666666668,24.950000000000003,20.15,29.775,34.4,30,50.0,Europa Środkowa
AT,Austria,2025,5,Wiosna,pm10,14.97448275862069,14.1,10.9,16.4,38.5,29,0.0,Europa Środkowa
AT,Austria,2025,5,Wiosna,pm25,9.120000000000001,7.86,6.76,8.88,31.2,29,10.344827586206897,Europa Środkowa
AT,Austria,2025,6,Lato,no2,24.363333333333333,24.65,19.924999999999997,28.25,37.1,30,46.666666666666664,Europa Środkowa
AT,Austria,2025,6,Lato,pm10,16.476333333333333,15.7,13.7,18.950000000000003,30.0,30,0.0,Europa Środkowa
AT,Austria,2025,6,Lato,pm25,8.674666666666667,8.285,6.4325,9.5,19.9,30,3.3333333333333335,Europa Środkowa
AT,Austria,2025,7,Lato,no2,21.52258064516129,20.5,18.6,23.85,33.1,31,16.129032258064516,Europa Środkowa
AT,Austria,2025,7,Lato,pm10,13.629354838709677,12.8,11.6,15.5,23.6,31,0.0,Europa Środkowa
AT,Austria,2025,7,Lato,pm25,7.348709677419355,7.09,6.355,8.155,11.1,31,0.0,Europa Środkowa
AT,Austria,2025,8,Lato,no2,21.91290322580645,21.9,20.1,24.200000000000003,26.9,31,19.35483870967742,Europa Środkowa
AT,Austria,2025,8,Lato,pm10,17.901612903225807,16.0,11.25,25.1,35.9,31,0.0,Europa Środkowa
AT,Austria,2025,8,Lato,pm25,8.889354838709677,8.53,5.824999999999999,11.95,16.4,31,3.225806451612903,Europa Środkowa
AT,Austria,2025,9,Jesień,no2,18.565833333333334,20.25,15.875,22.525,26.4,24,4.166666666666666,Europa Środkowa
AT,Austria,2025,9,Jesień,pm10,12.217083333333333,11.7,9.835,13.975,19.8,24,0.0,Europa Środkowa
AT,Austria,2025,9,Jesień,pm25,6.4925,6.025,4.73,7.702500000000001,11.4,24,0.0,Europa Środkowa
AT,Austria,2025,10,Jesień,no2,19.321052631578947,19.2,15.95,20.8,29.6,19,10.526315789473683,Europa Środkowa
AT,Austria,2025,10,Jesień,pm10,14.414736842105263,12.9,7.13,18.45,32.5,19,0.0,Europa Środkowa
AT,Austria,2025,10,Jesień,pm25,8.520526315789473,7.5,4.390000000000001,10.8,20.7,19,15.789473684210526,Europa Środkowa
AT,Austria,2025,11,Jesień,no2,21.970000000000002,21.75,17.924999999999997,24.725,36.3,30,23.333333333333332,Europa Środkowa
AT,Austria,2025,11,Jesień,pm10,19.650333333333332,20.0,15.450000000000001,23.475,28.8,30,0.0,Europa Środkowa
AT,Austria,2025,11,Jesień,pm25,13.751666666666667,14.2,11.125,17.2,18.9,30,40.0,Europa Środkowa
AT,Austria,2025,12,Zima,no2,19.003,19.3,15.25,24.2,28.5,30,20.0,Europa Środkowa
AT,Austria,2025,12,Zima,pm10,17.351724137931033,16.9,12.8,22.4,26.5,29,0.0,Europa Środkowa
AT,Austria,2025,12,Zima,pm25,12.303793103448276,12.6,9.39,15.9,18.9,29,27.586206896551722,Europa Środkowa
BA,Bośnia i Hercegowina,2022,1,Zima,no2,32.92909090909091,29.0,26.55,37.25,61.6,55,81.81818181818183,Europa Środkowa
BA,Bośnia i Hercegowina,2022,1,Zima,o3,19.93290909090909,20.7,12.7,25.4,45.4,55,0.0,Europa Środkowa
BA,Bośnia i Hercegowina,2022,1,Zima,pm25,62.917500000000004,53.849999999999994,28.8,71.225,233.0,60,91.66666666666666,Europa Środkowa
BA,Bośnia i Hercegowina,2022,2,Zima,pm25,47.78666666666666,40.5,25.35,67.4,92.3,15,100.0,Europa Środkowa
BA,Bośnia i Hercegowina,2022,3,Wiosna,pm25,44.262499999999996,40.65,31.7,55.975,90.6,24,95.83333333333334,Europa Środkowa
BA,Bośnia i Hercegowina,2022,4,Wiosna,pm25,18.44,17.6,11.0,22.2,46.8,29,62.06896551724138,Europa Środkowa
BA,Bośnia i Hercegowina,2022,5,Wiosna,pm25,9.302380952380952,9.42,7.58,10.4,15.5,21,4.761904761904762,Europa Środkowa
BA,Bośnia i Hercegowina,2022,6,Lato,pm25,11.69125,11.55,11.200000000000001,13.025,14.8,8,0.0,Europa Środkowa
BA,Bośnia i Hercegowina,2022,7,Lato,pm25,9.353333333333333,9.215,6.547499999999999,11.2,17.6,30,3.3333333333333335,Europa Środkowa
BA,Bośnia i Hercegowina,2022,8,Lato,pm25,8.478214285714285,8.280000000000001,7.262499999999999,9.715,13.8,28,0.0,Europa Środkowa
BA,Bośnia i Hercegowina,2022,9,Jesień,pm25,9.224666666666668,8.84,5.9350000000000005,10.825,25.3,30,6.666666666666667,Europa Środkowa
BA,Bośnia i Hercegowina,2022,10,Jesień,pm25,32.3532,34.5,19.1,44.0,57.6,25,84.0,Europa Środkowa
BA,Bośnia i Hercegowina,2022,11,Jesień,pm25,45.17307692307692,44.05,34.825,55.05,82.0,26,92.3076923076923,Europa Środkowa
BA,Bośnia i Hercegowina,2022,12,Zima,pm25,60.90384615384615,54.3,34.725,80.25,147.0,26,96.15384615384616,Europa Środkowa
BA,Bośnia i Hercegowina,2023,1,Zima,pm25,54.98777777777778,46.9,29.5,68.1,146.0,27,88.88888888888889,Europa Środkowa
BA,Bośnia i Hercegowina,2023,2,Zima,pm25,88.175,90.0,68.925,109.25,116.0,4,100.0,Europa Środkowa
BA,Bośnia i Hercegowina,2023,3,Wiosna,pm25,21.48923076923077,14.4,9.4,18.5,99.6,13,46.15384615384615,Europa Środkowa
BA,Bośnia i Hercegowina,2023,4,Wiosna,pm25,19.238260869565217,18.2,14.45,24.35,31.0,23,65.21739130434783,Europa Środkowa
BA,Bośnia i Hercegowina,2023,5,Wiosna,pm25,12.133684210526315,11.3,9.92,13.8,22.9,57,22.807017543859647,Europa Środkowa
BA,Bośnia i Hercegowina,2023,6,Lato,pm25,16.065714285714286,12.5,10.2425,21.95,42.6,56,37.5,Europa Środkowa
BA,Bośnia i Hercegowina,2023,7,Lato,no2,19.384615384615383,20.8,18.7,21.4,23.4,13,0.0,Europa Środkowa
BA,Bośnia i Hercegowina,2023,7,Lato,o3,59.7,59.7,58.4,61.0,62.3,2,0.0,Europa Środkowa
BA,Bośnia i Hercegowina,2023,7,Lato,pm25,19.0932,19.1,11.25,26.55,35.9,75,58.666666666666664,Europa Środkowa
BA,Bośnia i Hercegowina,2023,8,Lato,no2,21.603225806451615,20.8,17.950000000000003,24.45,32.7,31,22.58064516129032,Europa Środkowa
BA,Bośnia i Hercegowina,2023,8,Lato,o3,59.65806451612904,59.1,51.55,67.1,86.4,31,0.0,Europa Środkowa
BA,Bośnia i Hercegowina,2023,8,Lato,pm25,20.035806451612903,19.0,12.4,26.0,50.4,93,70.96774193548387,Europa Środkowa
BA,Bośnia i Hercegowina,2023,9,Jesień,no2,23.138666666666666,23.700000000000003,20.15,26.325,33.8,30,33.33333333333333,Europa Środkowa
BA,Bośnia i Hercegowina,2023,9,Jesień,o3,55.75333333333333,54.5,47.275000000000006,64.325,79.2,30,0.0,Europa Środkowa
BA,Bośnia i Hercegowina,2023,9,Jesień,pm25,19.667752808988766,19.7,15.1,24.8,33.0,89,75.28089887640449,Europa Środkowa
BA,Bośnia i Hercegowina,2023,10,Jesień,no2,28.816129032258065,28.6,26.05,32.55,39.5,31,80.64516129032258,Europa Środkowa
BA,Bośnia i Hercegowina,2023,10,Jesień,o3,32.43225806451613,36.3,25.85,38.5,44.6,31,0.0,Europa Środkowa
BA,Bośnia i Hercegowina,2023,10,Jesień,pm25,21.638152173913046,20.6,14.95,26.9,55.2,92,72.82608695652173,Europa Środkowa
BA,Bośnia i Hercegowina,2023,11,Jesień,no2,30.296666666666667,31.450000000000003,24.45,35.5,47.9,30,73.33333333333333,Europa Środkowa
BA,Bośnia i Hercegowina,2023,11,Jesień,o3,20.074333333333335,14.75,9.61,23.3,64.2,30,0.0,Europa Środkowa
BA,Bośnia i Hercegowina,2023,11,Jesień,pm25,35.292906976744185,30.95,21.5,45.95,111.0,86,82.55813953488372,Europa Środkowa
BA,Bośnia i Hercegowina,2023,12,Zima,no2,39.36703703703704,43.4,33.95,47.0,61.7,27,81.48148148148148,Europa Środkowa
BA,Bośnia i Hercegowina,2023,12,Zima,o3,10.995555555555555,5.87,4.62,10.280000000000001,52.3,27,0.0,Europa Środkowa
BA,Bośnia i Hercegowina,2023,12,Zima,pm25,63.50260273972602,53.3,36.3,86.0,144.0,73,97.26027397260275,Europa Środkowa
BA,Bośnia i Hercegowina,2024,1,Zima,no2,40.107692307692304,40.6,28.15,48.925,66.9,26,88.46153846153845,Europa Środkowa
BA,Bośnia i Hercegowina,2024,1,Zima,o3,16.800384615384615,13.6,8.192499999999999,26.375,39.3,26,0.0,Europa Środkowa
BA,Bośnia i Hercegowina,2024,1,Zima,pm25,59.894520547945206,49.8,34.0,81.2,137.0,73,95.8904109589041,Europa Środkowa
BA,Bośnia i Hercegowina,2024,2,Zima,no2,37.279310344827586,38.5,31.3,42.9,54.6,29,93.10344827586206,Europa Środkowa
BA,Bośnia i Hercegowina,2024,2,Zima,o3,24.110344827586207,22.5,16.6,28.6,59.2,29,0.0,Europa Środkowa
BA,Bośnia i Hercegowina,2024,2,Zima,pm25,49.5443023255814,45.95,33.925000000000004,60.625,129.0,86,94.18604651162791,Europa Środkowa
BA,Bośnia i Hercegowina,2024,3,Wiosna,no2,13.866968493150686,11.4,5.705,19.85,59.1,219,17.80821917808219,Europa Środkowa
BA,Bośnia i Hercegowina,2024,3,Wiosna,o3,77.56188405797101,72.4,39.849999999999994,106.0,255.0,207,27.053140096618357,Europa Środkowa
BA,Bośnia i Hercegowina,2024,3,Wiosna,pm10,31.796022099447512,22.1,14.3,40.3,125.0,181,20.994475138121548,Europa Środkowa
BA,Bośnia i Hercegowina,2024,3,Wiosna,pm25,25.360675675675676,24.0,14.325,34.625,77.2,148,72.2972972972973,Europa Środkowa
BA,Bośnia i Hercegowina,2024,4,Wiosna,no2,14.627816129032258,12.7,8.46,18.7,62.2,465,14.408602150537634,Europa Środkowa
BA,Bośnia i Hercegowina,2024,4,Wiosna,o3,71.08513189448442,60.5,45.8,94.9,215.0,417,21.58273381294964,Europa Środkowa
BA,Bośnia i Hercegowina,2024,4,Wiosna,pm10,21.12445497630332,19.1,13.4,27.05,61.3,422,3.3175355450236967,Europa Środkowa
BA,Bośnia i Hercegowina,2024,4,Wiosna,pm25,13.454159292035397,12.350000000000001,8.605,17.95,44.1,226,31.858407079646017,Europa Środkowa
BA,Bośnia i Hercegowina,2024,5,Wiosna,no2,13.690278947368421,11.85,8.065,16.375,46.6,38,10.526315789473683,Europa Środkowa
BA,Bośnia i Hercegowina,2024,5,Wiosna,o3,77.55588235294118,70.7,54.15,97.35000000000001,167.0,34,23.52941176470588,Europa Środkowa
BA,Bośnia i Hercegowina,2024,5,Wiosna,pm10,13.08,12.4,8.68,16.8,26.0,35,0.0,Europa Środkowa
BA,Bośnia i Hercegowina,2024,5,Wiosna,pm25,14.932368421052633,14.0,9.0025,20.5,35.0,76,43.42105263157895,Europa Środkowa
BA,Bośnia i Hercegowina,2024,6,Lato,no2,10.595983208955223,8.83,4.91,15.025,43.3,536,4.850746268656716,Europa Środkowa
BA,Bośnia i Hercegowina,2024,6,Lato,o3,77.1557939914163,72.6,53.025,95.45,223.0,466,19.527896995708154,Europa Środkowa
BA,Bośnia i Hercegowina,2024,6,Lato,pm10,23.605800796812748,19.0,12.8,27.2,127.0,502,9.56175298804781,Europa Środkowa
BA,Bośnia i Hercegowina,2024,6,Lato,pm25,14.653076923076924,12.9,8.092500000000001,20.0,49.5,260,38.07692307692307,Europa Środkowa
BA,Bośnia i Hercegowina,2024,7,Lato,no2,10.59528787878788,8.280000000000001,5.42,14.4,34.4,198,7.07070707070707,Europa Środkowa
BA,Bośnia i Hercegowina,2024,7,Lato,o3,76.12282608695652,69.45,52.925,95.60000000000001,198.0,184,21.73913043478261,Europa Środkowa
BA,Bośnia i Hercegowina,2024,7,Lato,pm10,21.13102564102564,20.1,13.2,27.799999999999997,66.1,195,1.5384615384615385,Europa Środkowa
BA,Bośnia i Hercegowina,2024,7,Lato,pm25,16.218091603053438,14.6,9.15,21.85,45.4,131,47.32824427480916,Europa Środkowa
BA,Bośnia i Hercegowina,2024,8,Lato,pm25,16.22811320754717,15.2,11.1,20.9,28.9,53,50.943396226415096,Europa Środkowa
BA,Bośnia i Hercegowina,2024,9,Jesień,no2,22.513529411764708,20.1,17.4,30.3,42.4,17,35.294117647058826,Europa Środkowa
BA,Bośnia i Hercegowina,2024,9,Jesień,o3,42.95454545454545,31.9,25.8,59.65,90.0,11,0.0,Europa Środkowa
BA,Bośnia i Hercegowina,2024,9,Jesień,pm10,24.18095625,24.0,18.675,30.95,43.8,16,0.0,Europa Środkowa
BA,Bośnia i Hercegowina,2024,9,Jesień,pm25,14.80537313432836,14.2,9.14,22.049999999999997,26.7,67,41.7910447761194,Europa Środkowa
BA,Bośnia i Hercegowina,2024,10,Jesień,no2,18.83133874239351,18.5,12.0,25.0,49.4,493,24.746450304259636,Europa Środkowa
BA,Bośnia i Hercegowina,2024,10,Jesień,o3,34.993532934131736,29.55,17.025,45.45,159.0,334,2.9940119760479043,Europa Środkowa
BA,Bośnia i Hercegowina,2024,10,Jesień,pm10,31.723631914893616,29.1,14.350000000000001,45.05,93.0,470,25.106382978723403,Europa Środkowa
BA,Bośnia i Hercegowina,2024,10,Jesień,pm25,26.005893536121675,23.6,11.05,39.0,97.4,263,66.15969581749049,Europa Środkowa
BA,Bośnia i Hercegowina,2024,11,Jesień,no2,27.031609022556392,25.75,18.375,34.05,85.1,532,53.19548872180451,Europa Środkowa
BA,Bośnia i Hercegowina,2024,11,Jesień,o3,28.777364806866952,25.0,12.6,40.575,100.0,466,0.0,Europa Środkowa
BA,Bośnia i Hercegowina,2024,11,Jesień,pm10,44.471532128514056,38.1,18.974999999999998,62.625,185.0,498,40.963855421686745,Europa Środkowa
BA,Bośnia i Hercegowina,2024,11,Jesień,pm25,44.72980769230769,40.7,25.325,58.324999999999996,154.0,208,87.5,Europa Środkowa
BA,Bośnia i Hercegowina,2024,12,Zima,no2,28.385870445344132,25.15,17.525,35.0,97.2,494,50.20242914979757,Europa Środkowa
BA,Bośnia i Hercegowina,2024,12,Zima,o3,26.88533477321814,21.8,11.9,36.599999999999994,85.5,463,0.0,Europa Środkowa
BA,Bośnia i Hercegowina,2024,12,Zima,pm10,41.513410138248844,31.6,20.125,58.074999999999996,159.0,434,34.10138248847927,Europa Środkowa
BA,Bośnia i Hercegowina,2024,12,Zima,pm25,39.97402234636872,31.5,21.05,50.4,154.0,179,86.03351955307262,Europa Środkowa
BA,Bośnia i Hercegowina,2025,1,Zima,no2,31.143158767772512,30.8,19.375,40.675000000000004,133.0,422,62.32227488151659,Europa Środkowa
BA,Bośnia i Hercegowina,2025,1,Zima,o3,41.634407894736846,37.7,21.849999999999998,55.849999999999994,105.0,304,0.6578947368421052,Europa Środkowa
BA,Bośnia i Hercegowina,2025,1,Zima,pm10,49.74347107438017,43.8,22.75,68.85,146.0,363,49.03581267217631,Europa Środkowa
BA,Bośnia i Hercegowina,2025,1,Zima,pm25,40.45472727272727,39.7,17.1,53.6,128.0,165,76.96969696969697,Europa Środkowa
BA,Bośnia i Hercegowina,2025,2,Zima,no2,30.375622489959838,29.2,18.525,40.6,72.5,498,61.044176706827315,Europa Środkowa
BA,Bośnia i Hercegowina,2025,2,Zima,o3,40.41386058981234,36.8,26.1,51.9,108.0,373,0.8042895442359249,Europa Środkowa
BA,Bośnia i Hercegowina,2025,2,Zima,pm10,53.47029166666667,42.95,28.175,74.225,159.0,480,48.95833333333333,Europa Środkowa
BA,Bośnia i Hercegowina,2025,2,Zima,pm25,46.30328638497653,42.5,23.3,65.2,154.0,213,88.26291079812206,Europa Środkowa
BA,Bośnia i Hercegowina,2025,3,Wiosna,no2,21.911083333333334,19.65,12.55,28.025,66.5,492,32.72357723577235,Europa Środkowa
BA,Bośnia i Hercegowina,2025,3,Wiosna,o3,65.41662468513854,62.6,47.8,82.1,120.0,397,7.304785894206549,Europa Środkowa
BA,Bośnia i Hercegowina,2025,3,Wiosna,pm10,30.631596014492754,23.55,15.0,40.55,113.0,552,21.73913043478261,Europa Środkowa
BA,Bośnia i Hercegowina,2025,3,Wiosna,pm25,19.40343891402715,15.8,9.46,27.0,68.2,221,52.94117647058824,Europa Środkowa
BA,Bośnia i Hercegowina,2025,4,Wiosna,no2,16.54733870967742,15.1,10.075,21.825,57.8,496,16.93548387096774,Europa Środkowa
BA,Bośnia i Hercegowina,2025,4,Wiosna,o3,69.08561538461538,67.65,51.525,84.975,136.0,390,10.256410256410255,Europa Środkowa
BA,Bośnia i Hercegowina,2025,4,Wiosna,pm10,20.434358974358975,19.9,14.125,26.1,118.0,546,2.0146520146520146,Europa Środkowa
BA,Bośnia i Hercegowina,2025,4,Wiosna,pm25,12.3603515625,10.9,8.075,14.6,58.7,256,21.875,Europa Środkowa
BA,Bośnia i Hercegowina,2025,5,Wiosna,no2,13.154198396793587,12.2,8.165,16.9,42.8,499,7.414829659318638,Europa Środkowa
BA,Bośnia i Hercegowina,2025,5,Wiosna,o3,64.96538461538462,62.2,50.05,78.65,134.0,390,5.128205128205128,Europa Środkowa
BA,Bośnia i Hercegowina,2025,5,Wiosna,pm10,12.835341726618704,12.7,9.13,15.925,74.9,556,0.3597122302158274,Europa Środkowa
BA,Bośnia i Hercegowina,2025,5,Wiosna,pm25,8.39678966789668,8.13,5.83,10.350000000000001,25.5,271,3.6900369003690034,Europa Środkowa
BA,Bośnia i Hercegowina,2025,6,Lato,no2,13.147878723404254,11.3,7.475,17.175,43.7,470,8.72340425531915,Europa Środkowa
BA,Bośnia i Hercegowina,2025,6,Lato,o3,83.3171052631579,83.3,67.275,97.3,155.0,380,21.052631578947366,Europa Środkowa
BA,Bośnia i Hercegowina,2025,6,Lato,pm10,21.388747663551403,21.2,15.0,27.8,93.8,535,1.1214953271028036,Europa Środkowa
BA,Bośnia i Hercegowina,2025,6,Lato,pm25,13.365130111524163,12.3,8.52,16.5,40.2,269,30.111524163568777,Europa Środkowa
BA,Bośnia i Hercegowina,2025,7,Lato,no2,13.957310756972111,11.9,8.11,18.5,48.1,502,10.358565737051793,Europa Środkowa
BA,Bośnia i Hercegowina,2025,7,Lato,o3,79.52072289156627,72.8,58.65,95.5,245.0,415,21.686746987951807,Europa Środkowa
BA,Bośnia i Hercegowina,2025,7,Lato,pm10,16.84011090573013,15.6,10.9,21.5,60.8,541,1.2939001848428837,Europa Środkowa
BA,Bośnia i Hercegowina,2025,7,Lato,pm25,10.435954198473281,9.16,6.69,13.475,27.8,262,18.702290076335878,Europa Środkowa
BA,Bośnia i Hercegowina,2025,8,Lato,no2,15.025540983606557,13.350000000000001,8.7875,20.575,40.0,488,13.934426229508196,Europa Środkowa
BA,Bośnia i Hercegowina,2025,8,Lato,o3,69.80208816705337,66.2,51.55,82.3,248.0,431,10.672853828306264,Europa Środkowa
BA,Bośnia i Hercegowina,2025,8,Lato,pm10,18.217568493150683,17.65,12.075,23.924999999999997,44.7,584,0.0,Europa Środkowa
BA,Bośnia i Hercegowina,2025,8,Lato,pm25,12.283438735177866,11.2,7.76,15.8,91.7,253,28.458498023715418,Europa Środkowa
BA,Bośnia i Hercegowina,2025,9,Jesień,no2,17.237312244897957,12.5,8.772499999999999,18.0,113.0,490,11.224489795918368,Europa Środkowa
BA,Bośnia i Hercegowina,2025,9,Jesień,o3,45.00593673965936,41.4,32.25,54.9,164.0,411,1.4598540145985401,Europa Środkowa
BA,Bośnia i Hercegowina,2025,9,Jesień,pm10,17.934150503355703,17.5,11.7,23.2,96.4,596,1.006711409395973,Europa Środkowa
BA,Bośnia i Hercegowina,2025,9,Jesień,pm25,11.481643835616438,11.1,6.9350000000000005,15.1,27.6,219,25.570776255707763,Europa Środkowa
BA,Bośnia i Hercegowina,2025,10,Jesień,no2,22.76554559139785,18.7,12.5,25.6,118.0,465,25.806451612903224,Europa Środkowa
BA,Bośnia i Hercegowina,2025,10,Jesień,o3,36.417530266343825,32.0,23.0,47.0,98.5,413,0.0,Europa Środkowa
BA,Bośnia i Hercegowina,2025,10,Jesień,pm10,24.727935467128027,21.0,11.825000000000001,35.175000000000004,98.5,578,12.975778546712801,Europa Środkowa
BA,Bośnia i Hercegowina,2025,10,Jesień,pm25,19.342083333333335,16.35,10.674999999999999,25.0,73.0,240,55.00000000000001,Europa Środkowa
BA,Bośnia i Hercegowina,2025,11,Jesień,no2,27.471908675799085,25.4,17.525,32.675000000000004,112.0,438,51.141552511415526,Europa Środkowa
BA,Bośnia i Hercegowina,2025,11,Jesień,o3,27.56154691689008,22.3,12.0,36.5,96.9,373,0.0,Europa Środkowa
BA,Bośnia i Hercegowina,2025,11,Jesień,pm10,36.4380811287478,32.4,14.25,51.25,133.0,567,32.098765432098766,Europa Środkowa
BA,Bośnia i Hercegowina,2025,11,Jesień,pm25,31.611255060728745,27.4,16.2,44.9,96.5,247,77.32793522267207,Europa Środkowa
BA,Bośnia i Hercegowina,2025,12,Zima,no2,31.904881209503237,29.2,21.7,39.650000000000006,119.0,463,63.282937365010795,Europa Środkowa
BA,Bośnia i Hercegowina,2025,12,Zima,o3,16.150811716621252,11.8,5.970000000000001,20.4,82.9,367,0.0,Europa Środkowa
BA,Bośnia i Hercegowina,2025,12,Zima,pm10,42.58769601518027,39.6,23.6,57.05,153.0,527,40.79696394686907,Europa Środkowa
BA,Bośnia i Hercegowina,2025,12,Zima,pm25,43.333869565217384,39.7,25.125,57.675000000000004,112.0,230,91.30434782608695,Europa Środkowa
BE,Belgia,2022,1,Zima,no2,16.675909849749583,12.5,6.0,25.0,62.5,599,24.874791318864776,Europa Zachodnia
BE,Belgia,2022,1,Zima,o3,39.040969162995594,41.65,20.85,56.5,85.5,454,0.0,Europa Zachodnia
BE,Belgia,2022,1,Zima,pm10,17.374700675675676,15.9,9.7275,23.8,61.9,592,2.027027027027027,Europa Zachodnia
BE,Belgia,2022,1,Zima,pm25,11.200820284697508,8.5,5.515,17.15,37.0,562,30.427046263345197,Europa Zachodnia
BE,Belgia,2022,2,Zima,no2,10.951115044247787,7.5,4.0,14.8,63.3,565,9.557522123893806,Europa Zachodnia
BE,Belgia,2022,2,Zima,o3,55.79829683698296,59.0,47.3,66.65,90.5,411,0.0,Europa Zachodnia
BE,Belgia,2022,2,Zima,pm10,12.615147593582886,11.9,6.77,16.4,48.3,561,0.53475935828877,Europa Zachodnia
BE,Belgia,2022,2,Zima,pm25,7.064577338129497,6.11,3.38,8.94,32.4,556,6.83453237410072,Europa Zachodnia
BE,Belgia,2022,3,Wiosna,no2,21.05231203007519,16.15,9.0,28.775,80.0,532,30.82706766917293,Europa Zachodnia
BE,Belgia,2022,3,Wiosna,o3,42.88434782608695,45.5,24.125,60.875,103.0,414,0.24154589371980675,Europa Zachodnia
BE,Belgia,2022,3,Wiosna,pm10,28.555911067193673,26.8,19.025,38.724999999999994,64.9,506,12.648221343873518,Europa Zachodnia
BE,Belgia,2022,3,Wiosna,pm25,18.614262396694215,18.3,12.174999999999999,25.325,45.1,484,62.8099173553719,Europa Zachodnia
BE,Belgia,2022,4,Wiosna,no2,15.181891891891892,11.5,6.9375,19.5,72.5,740,17.027027027027028,Europa Zachodnia
BE,Belgia,2022,4,Wiosna,o3,53.52193308550186,57.65,44.5,66.375,94.5,538,0.0,Europa Zachodnia
BE,Belgia,2022,4,Wiosna,pm10,17.07100284495021,16.8,10.350000000000001,22.1,59.9,703,0.7112375533428165,Europa Zachodnia
BE,Belgia,2022,4,Wiosna,pm25,10.358833333333333,9.4,5.6175,14.1,43.2,708,20.62146892655367,Europa Zachodnia
BE,Belgia,2022,5,Wiosna,no2,14.32244105409154,10.5,6.25,18.0,72.0,721,13.730929264909847,Europa Zachodnia
BE,Belgia,2022,5,Wiosna,o3,49.668355640535374,50.5,37.4,61.75,108.0,523,1.338432122370937,Europa Zachodnia
BE,Belgia,2022,5,Wiosna,pm10,16.49496602658789,14.3,9.27,22.8,64.7,677,0.8862629246676514,Europa Zachodnia
BE,Belgia,2022,5,Wiosna,pm25,8.885607407407408,7.06,3.925,12.8,33.4,675,18.962962962962962,Europa Zachodnia
BE,Belgia,2022,6,Lato,no2,12.31870765370138,10.0,6.0,16.5,83.5,797,8.90840652446675,Europa Zachodnia
BE,Belgia,2022,6,Lato,o3,49.99506517690875,50.0,34.0,64.5,126.0,537,1.1173184357541899,Europa Zachodnia
BE,Belgia,2022,6,Lato,pm10,14.13901400560224,13.05,8.477500000000001,18.4,60.4,714,0.700280112044818,Europa Zachodnia
BE,Belgia,2022,6,Lato,pm25,7.098059639389737,6.52,3.62,9.4,35.7,721,7.628294036061026,Europa Zachodnia
BE,Belgia,2022,7,Lato,no2,12.779111445783132,10.5,6.5,16.5,56.5,664,10.542168674698797,Europa Zachodnia
BE,Belgia,2022,7,Lato,o3,48.75629139072847,45.5,34.5,58.0,131.0,453,5.077262693156733,Europa Zachodnia
BE,Belgia,2022,7,Lato,pm10,13.099746987951807,12.4,8.0,16.3,59.9,581,1.549053356282272,Europa Zachodnia
BE,Belgia,2022,7,Lato,pm25,5.899921768707483,5.17,2.65,7.97,42.3,588,4.761904761904762,Europa Zachodnia
BE,Belgia,2022,8,Lato,no2,13.428511904761905,11.0,7.5,17.275,58.7,840,9.523809523809524,Europa Zachodnia
BE,Belgia,2022,8,Lato,o3,53.29118556701031,53.0,38.849999999999994,68.0,118.0,582,2.405498281786942,Europa Zachodnia
BE,Belgia,2022,8,Lato,pm10,15.365075167785234,13.4,9.77,18.8,56.4,745,1.74496644295302,Europa Zachodnia
BE,Belgia,2022,8,Lato,pm25,7.187859060402684,5.64,3.62,8.46,36.7,745,9.12751677852349,Europa Zachodnia
BE,Belgia,2022,9,Jesień,no2,13.610821383647798,9.25,5.0,18.5,76.0,795,14.339622641509434,Europa Zachodnia
BE,Belgia,2022,9,Jesień,o3,36.5536563071298,39.5,21.0,49.65,90.5,547,0.0,Europa Zachodnia
BE,Belgia,2022,9,Jesień,pm10,11.813800287356322,10.5,6.015,16.9,54.9,696,0.14367816091954022,Europa Zachodnia
BE,Belgia,2022,9,Jesień,pm25,5.856560201149425,4.76,1.88,8.93,29.1,696,4.310344827586207,Europa Zachodnia
BE,Belgia,2022,10,Jesień,no2,13.309297458893871,10.5,5.0,18.0,60.3,669,12.556053811659194,Europa Zachodnia
BE,Belgia,2022,10,Jesień,o3,29.875089686098658,29.75,17.5,43.0,70.0,446,0.0,Europa Zachodnia
BE,Belgia,2022,10,Jesień,pm10,15.42492406779661,15.4,8.525,20.9,46.8,590,0.3389830508474576,Europa Zachodnia
BE,Belgia,2022,10,Jesień,pm25,7.943764805414552,7.97,4.02,11.0,27.6,591,7.952622673434856,Europa Zachodnia
BE,Belgia,2022,11,Jesień,no2,11.94575155279503,8.0,3.5,17.0,51.5,805,15.403726708074533,Europa Zachodnia
BE,Belgia,2022,11,Jesień,o3,33.956624319419234,39.0,15.0,50.75,68.0,551,0.0,Europa Zachodnia
BE,Belgia,2022,11,Jesień,pm10,13.622539142461964,11.3,5.77,17.75,65.4,723,1.5214384508990317,Europa Zachodnia
BE,Belgia,2022,11,Jesień,pm25,8.461591036414566,6.11,2.8375,12.275,38.5,714,19.46778711484594,Europa Zachodnia
BE,Belgia,2022,12,Zima,no2,16.68702664796634,13.0,6.0,24.3,57.0,713,23.281907433380084,Europa Zachodnia
BE,Belgia,2022,12,Zima,o3,29.659744597249507,29.0,7.0,48.0,73.0,509,0.0,Europa Zachodnia
BE,Belgia,2022,12,Zima,pm10,17.734281710914452,15.5,7.77,24.975,62.9,678,4.424778761061947,Europa Zachodnia
BE,Belgia,2022,12,Zima,pm25,12.233987480438184,10.8,4.59,18.05,40.2,639,35.0547730829421,Europa Zachodnia
BE,Belgia,2023,1,Zima,no2,10.474027777777778,7.0,3.0,14.0,48.0,288,12.5,Europa Zachodnia
BE,Belgia,2023,1,Zima,o3,50.32145631067961,54.75,42.5,63.5,77.6,206,0.0,Europa Zachodnia
BE,Belgia,2023,1,Zima,pm10,11.78075176056338,9.77,5.27,17.4,40.4,284,0.0,Europa Zachodnia
BE,Belgia,2023,1,Zima,pm25,7.253837455830389,5.07,2.82,9.774999999999999,33.8,283,13.427561837455832,Europa Zachodnia
BE,Belgia,2023,2,Zima,no2,33.336666666666666,31.9,23.25,45.45,66.4,87,71.26436781609196,Europa Zachodnia
BE,Belgia,2023,2,Zima,o3,25.85412698412698,24.5,13.0,37.25,59.5,63,0.0,Europa Zachodnia
BE,Belgia,2023,2,Zima,pm10,38.768750000000004,39.0,28.975,48.125,62.2,48,29.166666666666668,Europa Zachodnia
BE,Belgia,2023,2,Zima,pm25,25.338709677419356,25.9,19.6,30.5,39.8,31,96.7741935483871,Europa Zachodnia
BE,Belgia,2023,3,Wiosna,no2,11.589829836829837,9.63,4.78,16.8,42.2,429,7.459207459207459,Europa Zachodnia
BE,Belgia,2023,3,Wiosna,o3,63.610505836575875,65.0,56.3,71.5,83.6,257,0.0,Europa Zachodnia
BE,Belgia,2023,3,Wiosna,pm10,9.8572291005291,9.445,4.755,13.674999999999999,30.9,378,0.0,Europa Zachodnia
BE,Belgia,2023,3,Wiosna,pm25,4.764607407407407,4.609999999999999,1.69,6.775,17.7,378,0.5291005291005291,Europa Zachodnia
BE,Belgia,2023,4,Wiosna,no2,14.858103720405863,13.3,7.52,19.75,61.3,887,13.077790304396844,Europa Zachodnia
BE,Belgia,2023,4,Wiosna,o3,62.971826086956526,63.7,55.7,72.7,94.6,575,0.0,Europa Zachodnia
BE,Belgia,2023,4,Wiosna,pm10,17.149271867007673,15.8,11.0,23.1,53.8,782,0.2557544757033248,Europa Zachodnia
BE,Belgia,2023,4,Wiosna,pm25,10.648019437340155,9.265,5.737500000000001,14.875,34.8,782,24.296675191815854,Europa Zachodnia
BE,Belgia,2023,5,Wiosna,no2,12.612604436229205,11.1,6.52,16.3,42.0,1082,7.763401109057301,Europa Zachodnia
BE,Belgia,2023,5,Wiosna,o3,65.17029850746269,67.75,56.125,75.4,102.0,670,0.2985074626865672,Europa Zachodnia
BE,Belgia,2023,5,Wiosna,pm10,19.670957236842106,19.5,13.8,24.4,51.7,912,0.7675438596491228,Europa Zachodnia
BE,Belgia,2023,5,Wiosna,pm25,10.573996585903084,9.81,6.6825,12.9,32.5,908,15.748898678414097,Europa Zachodnia
BE,Belgia,2023,6,Lato,no2,12.310056074766356,10.7,6.85,15.9,57.7,1070,6.635514018691589,Europa Zachodnia
BE,Belgia,2023,6,Lato,o3,83.59712121212121,81.85,69.5,101.0,137.0,660,25.606060606060606,Europa Zachodnia
BE,Belgia,2023,6,Lato,pm10,20.775417130144604,20.6,14.2,26.9,47.6,899,0.22246941045606228,Europa Zachodnia
BE,Belgia,2023,6,Lato,pm25,9.398334333333334,9.08,5.75,12.9,26.7,900,13.555555555555557,Europa Zachodnia
BE,Belgia,2023,7,Lato,no2,9.858223938223938,8.635000000000002,4.6274999999999995,13.325000000000001,73.5,1036,3.2818532818532815,Europa Zachodnia
BE,Belgia,2023,7,Lato,o3,58.25478806907379,58.2,50.4,64.7,111.0,637,0.6279434850863422,Europa Zachodnia
BE,Belgia,2023,7,Lato,pm10,12.342393433179724,11.6,7.58,15.9,63.0,868,0.3456221198156682,Europa Zachodnia
BE,Belgia,2023,7,Lato,pm25,5.050170967741935,4.515,2.13,6.6049999999999995,24.0,868,3.110599078341014,Europa Zachodnia
BE,Belgia,2023,8,Lato,no2,11.527627906976745,10.45,5.3,15.7,40.5,1032,7.073643410852713,Europa Zachodnia
BE,Belgia,2023,8,Lato,o3,51.943831168831174,52.349999999999994,44.6,58.9,119.0,616,0.3246753246753247,Europa Zachodnia
BE,Belgia,2023,8,Lato,pm10,12.80125583815029,11.7,8.28,16.1,43.5,865,0.0,Europa Zachodnia
BE,Belgia,2023,8,Lato,pm25,5.859056944444444,5.2,3.06,7.25,31.7,864,5.092592592592593,Europa Zachodnia
BE,Belgia,2023,9,Jesień,no2,14.817184529356943,12.9,6.64,20.0,64.8,1073,15.470643056849953,Europa Zachodnia
BE,Belgia,2023,9,Jesień,o3,55.84215384615385,53.2,44.2,63.475,122.0,650,1.0769230769230769,Europa Zachodnia
BE,Belgia,2023,9,Jesień,pm10,16.159098876404496,15.2,8.53,21.475,55.0,890,1.348314606741573,Europa Zachodnia
BE,Belgia,2023,9,Jesień,pm25,7.176986756453423,5.98,3.085,10.1,38.2,891,8.754208754208754,Europa Zachodnia
BE,Belgia,2023,10,Jesień,no2,14.602240970350405,13.9,6.12,20.8,54.5,1113,14.914645103324348,Europa Zachodnia
BE,Belgia,2023,10,Jesień,o3,44.33838499184339,45.3,33.9,54.1,80.7,613,0.0,Europa Zachodnia
BE,Belgia,2023,10,Jesień,pm10,13.545784698275861,12.1,6.887499999999999,18.325,57.0,928,0.21551724137931033,Europa Zachodnia
BE,Belgia,2023,10,Jesień,pm25,6.139722688172043,5.465,2.98,8.5475,27.2,930,5.161290322580645,Europa Zachodnia
BE,Belgia,2023,11,Jesień,no2,15.410390111940298,14.1,6.44,22.525,49.2,1072,19.30970149253731,Europa Zachodnia
BE,Belgia,2023,11,Jesień,o3,43.08386731391586,46.150000000000006,30.125,56.775,72.4,618,0.0,Europa Zachodnia
BE,Belgia,2023,11,Jesień,pm10,11.668604004449389,10.8,6.06,16.2,39.2,899,0.0,Europa Zachodnia
BE,Belgia,2023,11,Jesień,pm25,6.7979727474972185,5.52,2.83,9.215,31.4,899,9.454949944382648,Europa Zachodnia
BE,Belgia,2023,12,Zima,no2,14.592292605951307,12.2,6.15,21.6,58.1,1109,19.296663660955815,Europa Zachodnia
BE,Belgia,2023,12,Zima,o3,45.944613003095974,47.55,31.150000000000002,62.375,78.3,646,0.0,Europa Zachodnia
BE,Belgia,2023,12,Zima,pm10,12.295971172122492,12.0,5.86,17.55,41.5,947,0.0,Europa Zachodnia
BE,Belgia,2023,12,Zima,pm25,7.422539556962025,6.35,3.13,10.8,29.7,948,10.126582278481013,Europa Zachodnia
BE,Belgia,2024,1,Zima,no2,19.824838947368423,16.4,8.205,29.6,65.1,950,31.263157894736842,Europa Zachodnia
BE,Belgia,2024,1,Zima,o3,44.25374321880651,44.9,33.1,58.2,76.6,553,0.0,Europa Zachodnia
BE,Belgia,2024,1,Zima,pm10,17.19708603104213,15.9,9.1725,24.2,59.1,902,0.6651884700665188,Europa Zachodnia
BE,Belgia,2024,1,Zima,pm25,10.884091173184357,9.62,5.375,15.25,36.6,895,25.69832402234637,Europa Zachodnia
BE,Belgia,2024,2,Zima,no2,13.08520362225097,11.7,4.83,19.6,49.5,773,11.901681759379043,Europa Zachodnia
BE,Belgia,2024,2,Zima,o3,52.3315668202765,52.849999999999994,44.725,60.075,77.5,434,0.0,Europa Zachodnia
BE,Belgia,2024,2,Zima,pm10,12.145564066496163,11.1,5.7925,16.95,46.3,782,0.1278772378516624,Europa Zachodnia
BE,Belgia,2024,2,Zima,pm25,6.602967820512821,6.135,2.82,9.28,30.7,780,5.769230769230769,Europa Zachodnia
BE,Belgia,2024,3,Wiosna,no2,15.253051509769096,12.2,5.335,22.35,60.2,563,19.538188277087034,Europa Zachodnia
BE,Belgia,2024,3,Wiosna,o3,57.85719844357976,59.5,49.0,70.1,84.5,257,0.0,Europa Zachodnia
BE,Belgia,2024,3,Wiosna,pm10,14.251047957371226,11.2,7.380000000000001,20.15,50.9,563,1.2433392539964476,Europa Zachodnia
BE,Belgia,2024,3,Wiosna,pm25,8.481209236234458,5.95,3.085,12.3,39.6,563,17.761989342806395,Europa Zachodnia
BE,Belgia,2024,4,Wiosna,no2,10.907865979381445,9.33,4.217499999999999,15.8,53.0,776,6.185567010309279,Europa Zachodnia
BE,Belgia,2024,4,Wiosna,o3,69.87744186046511,71.15,64.525,76.4,95.9,430,0.0,Europa Zachodnia
BE,Belgia,2024,4,Wiosna,pm10,11.2014338028169,11.2,5.95,15.1,38.6,781,0.0,Europa Zachodnia
BE,Belgia,2024,4,Wiosna,pm25,4.649946862996159,4.64,1.76,6.29,22.7,781,1.792573623559539,Europa Zachodnia
BE,Belgia,2024,5,Wiosna,no2,12.286155048076923,10.7,4.8975,17.1,52.8,832,10.096153846153847,Europa Zachodnia
BE,Belgia,2024,5,Wiosna,o3,60.595588235294116,60.05,51.175000000000004,69.3,104.0,476,0.8403361344537815,Europa Zachodnia
BE,Belgia,2024,5,Wiosna,pm10,16.253027033492824,14.6,8.272499999999999,21.625,71.2,836,1.555023923444976,Europa Zachodnia
BE,Belgia,2024,5,Wiosna,pm25,9.477562874251497,7.64,3.8449999999999998,13.350000000000001,36.5,835,20.23952095808383,Europa Zachodnia
BE,Belgia,2024,6,Lato,no2,11.324196495619523,9.2,4.31,16.5,63.2,799,7.133917396745932,Europa Zachodnia
BE,Belgia,2024,6,Lato,o3,62.29957894736842,61.2,52.849999999999994,70.05,122.0,475,2.3157894736842106,Europa Zachodnia
BE,Belgia,2024,6,Lato,pm10,15.805153549190536,14.9,9.91,20.2,67.9,803,0.8717310087173101,Europa Zachodnia
BE,Belgia,2024,6,Lato,pm25,7.5140172885572145,7.015,3.96,10.3,28.8,804,6.965174129353234,Europa Zachodnia
BE,Belgia,2024,7,Lato,no2,10.356161764705883,8.85,3.93,14.3,60.3,816,4.534313725490196,Europa Zachodnia
BE,Belgia,2024,7,Lato,o3,57.471515151515156,55.0,48.7,63.6,104.0,495,0.6060606060606061,Europa Zachodnia
BE,Belgia,2024,7,Lato,pm10,13.200400240384615,12.5,7.555,16.7,54.4,832,0.4807692307692308,Europa Zachodnia
BE,Belgia,2024,7,Lato,pm25,5.490864423076923,5.07,2.4275,7.2749999999999995,32.4,832,2.8846153846153846,Europa Zachodnia
BE,Belgia,2024,8,Lato,no2,10.979615084525358,9.0,4.64,14.2,76.0,769,7.282184655396619,Europa Zachodnia
BE,Belgia,2024,8,Lato,o3,56.13355119825708,57.2,48.7,63.45,113.0,459,0.2178649237472767,Europa Zachodnia
BE,Belgia,2024,8,Lato,pm10,15.450854454203263,14.8,9.63,19.7,55.9,797,0.6273525721455459,Europa Zachodnia
BE,Belgia,2024,8,Lato,pm25,7.13299749687109,6.82,3.615,9.545,34.6,799,4.881101376720901,Europa Zachodnia
BE,Belgia,2024,9,Jesień,no2,13.010676005188067,11.0,5.0,17.8,51.1,771,11.543450064850843,Europa Zachodnia
BE,Belgia,2024,9,Jesień,o3,51.14873417721519,52.75,40.425,61.575,102.0,474,0.42194092827004215,Europa Zachodnia
BE,Belgia,2024,9,Jesień,pm10,14.690720733249051,11.6,6.71,18.0,71.8,791,4.804045512010114,Europa Zachodnia
BE,Belgia,2024,9,Jesień,pm25,8.047702255639097,5.32,2.72,10.2,39.5,798,15.037593984962406,Europa Zachodnia
BE,Belgia,2024,10,Jesień,no2,14.620514303797469,13.1,6.5,20.6,49.9,790,15.063291139240507,Europa Zachodnia
BE,Belgia,2024,10,Jesień,o3,31.669068736141906,32.7,21.75,41.6,68.5,451,0.0,Europa Zachodnia
BE,Belgia,2024,10,Jesień,pm10,14.291104062126642,13.8,8.25,19.4,42.9,837,0.0,Europa Zachodnia
BE,Belgia,2024,10,Jesień,pm25,7.49971505376344,6.58,3.83,10.9,27.4,837,8.363201911589007,Europa Zachodnia
BE,Belgia,2024,11,Jesień,no2,16.344369680851063,15.0,7.67,23.325,66.6,752,20.345744680851062,Europa Zachodnia
BE,Belgia,2024,11,Jesień,o3,30.656148846960168,30.9,14.3,45.9,66.3,477,0.0,Europa Zachodnia
BE,Belgia,2024,11,Jesień,pm10,16.43474412855377,15.0,9.35,22.9,45.5,809,0.12360939431396785,Europa Zachodnia
BE,Belgia,2024,11,Jesień,pm25,10.151526699629173,8.71,4.81,14.9,31.3,809,24.351050679851667,Europa Zachodnia
BE,Belgia,2024,12,Zima,no2,13.300743790849673,11.9,6.17,19.2,43.9,765,11.50326797385621,Europa Zachodnia
BE,Belgia,2024,12,Zima,o3,37.437642424242426,37.8,26.8,49.55,72.0,495,0.0,Europa Zachodnia
BE,Belgia,2024,12,Zima,pm10,12.817368005018821,11.7,5.63,17.9,52.5,797,0.2509410288582183,Europa Zachodnia
BE,Belgia,2024,12,Zima,pm25,8.37525294855709,6.96,3.23,11.0,39.4,797,16.18569636135508,Europa Zachodnia
BE,Belgia,2025,1,Zima,no2,20.26383355704698,18.9,8.28,29.8,66.4,745,36.10738255033557,Europa Zachodnia
BE,Belgia,2025,1,Zima,o3,39.056874747474744,42.8,17.75,57.45,78.9,495,0.0,Europa Zachodnia
BE,Belgia,2025,1,Zima,pm10,16.899723529411766,13.5,7.25,25.1,58.7,765,3.6601307189542487,Europa Zachodnia
BE,Belgia,2025,1,Zima,pm25,11.390524299065422,7.82,3.73,17.5,40.9,749,31.90921228304406,Europa Zachodnia
BE,Belgia,2025,2,Zima,no2,19.565874635568512,18.2,9.1,29.2,53.7,686,34.11078717201166,Europa Zachodnia
BE,Belgia,2025,2,Zima,o3,40.48319004524887,40.9,28.150000000000002,53.575,73.2,442,0.0,Europa Zachodnia
BE,Belgia,2025,2,Zima,pm10,24.735580589254766,22.9,15.3,32.9,67.7,577,7.798960138648179,Europa Zachodnia
BE,Belgia,2025,2,Zima,pm25,16.23095963302752,15.3,9.79,21.7,41.8,545,51.74311926605505,Europa Zachodnia
BE,Belgia,2025,3,Wiosna,no2,24.511491841491843,21.1,11.9,32.8,71.7,429,38.46153846153847,Europa Zachodnia
BE,Belgia,2025,3,Wiosna,o3,57.45748062015504,58.400000000000006,46.4,68.7,92.4,258,0.0,Europa Zachodnia
BE,Belgia,2025,3,Wiosna,pm10,28.938299999999998,25.200000000000003,18.25,39.3,72.6,130,15.384615384615385,Europa Zachodnia
BE,Belgia,2025,3,Wiosna,pm25,15.575333333333333,12.4,8.81,22.9,39.7,129,45.73643410852713,Europa Zachodnia
BE,Belgia,2025,4,Wiosna,no2,18.96700980392157,18.35,11.0,24.525,58.7,204,23.03921568627451,Europa Zachodnia
BE,Belgia,2025,4,Wiosna,o3,67.93361344537816,69.9,60.65,75.5,104.0,119,1.680672268907563,Europa Zachodnia
BE,Belgia,2025,4,Wiosna,pm10,23.654555555555554,23.0,15.575,30.7,57.5,90,4.444444444444445,Europa Zachodnia
BE,Belgia,2025,4,Wiosna,pm25,11.284877777777778,11.9,5.495,15.425,31.7,90,27.77777777777778,Europa Zachodnia
BE,Belgia,2025,5,Wiosna,no2,15.325263157894737,12.1,6.87,18.0,62.4,133,16.541353383458645,Europa Zachodnia
BE,Belgia,2025,5,Wiosna,o3,71.15643564356436,71.3,61.6,80.8,111.0,101,1.9801980198019802,Europa Zachodnia
BE,Belgia,2025,5,Wiosna,pm10,20.765,19.2,14.325000000000001,25.025,50.8,90,2.2222222222222223,Europa Zachodnia
BE,Belgia,2025,5,Wiosna,pm25,7.613188888888889,7.11,4.575,10.174999999999999,26.4,90,6.666666666666667,Europa Zachodnia
BE,Belgia,2025,6,Lato,no2,13.405981308411215,11.6,4.97,17.9,61.9,107,14.953271028037381,Europa Zachodnia
BE,Belgia,2025,6,Lato,o3,72.07903225806452,69.55000000000001,60.325,79.7,126.0,62,8.064516129032258,Europa Zachodnia
BE,Belgia,2025,6,Lato,pm10,18.456999999999997,16.85,10.625,24.775,52.4,90,2.2222222222222223,Europa Zachodnia
BE,Belgia,2025,6,Lato,pm25,6.908281111111112,6.455,3.6625,9.175,21.0,90,5.555555555555555,Europa Zachodnia
BE,Belgia,2025,7,Lato,no2,11.961670329670328,7.42,4.305,17.5,52.6,91,15.384615384615385,Europa Zachodnia
BE,Belgia,2025,7,Lato,o3,61.729032258064514,59.3,53.1,68.2,100.0,62,0.0,Europa Zachodnia
BE,Belgia,2025,7,Lato,pm10,14.653152173913043,12.65,7.8675,18.6,40.6,92,0.0,Europa Zachodnia
BE,Belgia,2025,7,Lato,pm25,5.542988043478261,5.9,2.715,7.7299999999999995,17.9,92,2.1739130434782608,Europa Zachodnia
BE,Belgia,2025,8,Lato,no2,12.661763440860216,9.38,3.76,18.7,46.3,93,11.827956989247312,Europa Zachodnia
BE,Belgia,2025,8,Lato,o3,63.03611111111112,61.35,54.25,73.45,89.7,36,0.0,Europa Zachodnia
BE,Belgia,2025,8,Lato,pm10,18.686466666666664,16.1,10.525,23.35,69.2,90,4.444444444444445,Europa Zachodnia
BE,Belgia,2025,8,Lato,pm25,6.770192473118279,5.82,3.58,9.6,29.0,93,5.376344086021505,Europa Zachodnia
BE,Belgia,2025,9,Jesień,no2,12.755933333333335,11.0,4.66,18.55,48.8,90,12.222222222222221,Europa Zachodnia
BE,Belgia,2025,9,Jesień,o3,47.623333333333335,50.7,40.5,55.525000000000006,73.9,30,0.0,Europa Zachodnia
BE,Belgia,2025,9,Jesień,pm10,12.309313333333332,11.350000000000001,7.265,16.575,41.6,90,0.0,Europa Zachodnia
BE,Belgia,2025,9,Jesień,pm25,4.658555555555555,4.1899999999999995,2.61,6.117500000000001,16.8,90,3.3333333333333335,Europa Zachodnia
BE,Belgia,2025,10,Jesień,no2,14.436384615384615,12.8,5.305,19.8,50.1,91,17.582417582417584,Europa Zachodnia
BE,Belgia,2025,10,Jesień,o3,47.561290322580646,47.4,39.3,56.5,65.3,31,0.0,Europa Zachodnia
BE,Belgia,2025,10,Jesień,pm10,12.81506451612903,11.9,7.67,15.8,53.5,93,1.0752688172043012,Europa Zachodnia
BE,Belgia,2025,10,Jesień,pm25,6.390109677419355,5.36,3.44,7.94,25.0,93,6.451612903225806,Europa Zachodnia
BE,Belgia,2025,11,Jesień,no2,17.001093023255816,15.3,7.475,25.0,54.7,86,25.581395348837212,Europa Zachodnia
BE,Belgia,2025,11,Jesień,o3,47.27307692307692,50.95,38.725,54.775,62.1,26,0.0,Europa Zachodnia
BE,Belgia,2025,11,Jesień,pm10,13.572494117647059,11.7,8.2,18.9,41.1,85,0.0,Europa Zachodnia
BE,Belgia,2025,11,Jesień,pm25,7.330244186046511,6.17,3.9299999999999997,9.7375,26.4,86,9.30232558139535,Europa Zachodnia
BE,Belgia,2025,12,Zima,no2,17.80328888888889,16.85,8.09,26.799999999999997,54.2,90,27.77777777777778,Europa Zachodnia
BE,Belgia,2025,12,Zima,o3,41.193333333333335,42.55,33.400000000000006,51.45,63.6,30,0.0,Europa Zachodnia
BE,Belgia,2025,12,Zima,pm10,14.559022222222223,14.15,9.6575,19.175,35.3,90,0.0,Europa Zachodnia
BE,Belgia,2025,12,Zima,pm25,8.742694444444444,8.184999999999999,5.0975,12.675,23.6,90,12.222222222222221,Europa Zachodnia
BG,Bułgaria,2022,1,Zima,no2,19.384283269961976,16.25,7.8775,27.65,73.6,526,28.89733840304182,Europa Wschodnia
BG,Bułgaria,2022,1,Zima,o3,34.72983177570093,31.7,22.8,42.35,92.6,535,0.0,Europa Wschodnia
BG,Bułgaria,2022,1,Zima,pm10,25.01911655405405,22.4,12.775,34.7,79.7,592,10.81081081081081,Europa Wschodnia
BG,Bułgaria,2022,1,Zima,pm25,13.279425287356322,11.7,5.755,18.4,40.1,87,35.63218390804598,Europa Wschodnia
BG,Bułgaria,2022,2,Zima,no2,22.486373469387757,18.75,7.3825,31.9,91.3,490,37.142857142857146,Europa Wschodnia
BG,Bułgaria,2022,2,Zima,o3,37.27282258064516,33.9,23.45,44.5,101.0,496,0.20161290322580644,Europa Wschodnia
BG,Bułgaria,2022,2,Zima,pm10,27.76364620938628,25.45,14.425,39.05,85.8,554,16.60649819494585,Europa Wschodnia
BG,Bułgaria,2022,2,Zima,pm25,14.850000000000001,12.55,6.525,22.15,43.5,82,42.68292682926829,Europa Wschodnia
BG,Bułgaria,2022,3,Wiosna,no2,18.116522772277225,16.4,6.8,24.6,89.4,505,24.15841584158416,Europa Wschodnia
BG,Bułgaria,2022,3,Wiosna,o3,51.412011278195486,46.849999999999994,36.4,60.775000000000006,125.0,532,3.7593984962406015,Europa Wschodnia
BG,Bułgaria,2022,3,Wiosna,pm10,29.29911764705882,27.5,17.45,39.7,85.3,578,15.051903114186851,Europa Wschodnia
BG,Bułgaria,2022,3,Wiosna,pm25,14.162098876404494,13.6,6.29,18.8,44.1,89,47.19101123595505,Europa Wschodnia
BG,Bułgaria,2022,4,Wiosna,no2,15.12233082706767,13.350000000000001,7.55,19.225,60.7,532,15.789473684210526,Europa Wschodnia
BG,Bułgaria,2022,4,Wiosna,o3,49.74541747572815,48.6,36.4,60.4,135.0,515,0.9708737864077669,Europa Wschodnia
BG,Bułgaria,2022,4,Wiosna,pm10,19.85612068965517,18.2,11.975,26.125,62.9,580,2.0689655172413794,Europa Wschodnia
BG,Bułgaria,2022,4,Wiosna,pm25,8.065666666666667,7.41,3.0625,12.325,20.5,90,15.555555555555555,Europa Wschodnia
BG,Bułgaria,2022,5,Wiosna,no2,15.205277777777779,14.4,8.1775,20.1,51.1,540,12.777777777777777,Europa Wschodnia
BG,Bułgaria,2022,5,Wiosna,o3,49.412065813528336,49.5,34.099999999999994,61.05,108.0,547,1.8281535648994516,Europa Wschodnia
BG,Bułgaria,2022,5,Wiosna,pm10,20.662759170653906,19.8,14.25,25.85,65.3,627,1.5948963317384368,Europa Wschodnia
BG,Bułgaria,2022,5,Wiosna,pm25,8.624269662921348,8.98,4.86,11.7,21.8,89,4.49438202247191,Europa Wschodnia
BG,Bułgaria,2022,6,Lato,no2,12.330963878326996,11.8,5.9775,17.6,44.8,526,8.555133079847907,Europa Wschodnia
BG,Bułgaria,2022,6,Lato,o3,53.238975409836065,51.95,39.675000000000004,64.45,115.0,488,1.639344262295082,Europa Wschodnia
BG,Bułgaria,2022,6,Lato,pm10,19.697129032258065,18.9,14.275,24.650000000000002,53.5,620,0.3225806451612903,Europa Wschodnia
BG,Bułgaria,2022,6,Lato,pm25,8.575454545454546,8.96,4.24,12.3,18.6,66,7.575757575757576,Europa Wschodnia
BG,Bułgaria,2022,7,Lato,no2,11.870837909836066,10.3,3.0,17.025,43.6,488,12.295081967213115,Europa Wschodnia
BG,Bułgaria,2022,7,Lato,o3,64.70185185185184,63.849999999999994,50.849999999999994,76.825,124.0,486,6.790123456790123,Europa Wschodnia
BG,Bułgaria,2022,7,Lato,pm10,19.36181949458484,18.7,13.825000000000001,23.8,52.8,554,0.18050541516245489,Europa Wschodnia
BG,Bułgaria,2022,7,Lato,pm25,10.882435897435897,10.95,7.8625,13.825,29.0,78,12.82051282051282,Europa Wschodnia
BG,Bułgaria,2022,8,Lato,no2,11.013621145374449,11.350000000000001,2.7925,15.375,42.6,454,5.726872246696035,Europa Wschodnia
BG,Bułgaria,2022,8,Lato,o3,60.160851926977685,59.6,45.4,72.2,143.0,493,7.302231237322515,Europa Wschodnia
BG,Bułgaria,2022,8,Lato,pm10,23.494503968253966,21.7,15.7,28.650000000000002,73.4,504,5.952380952380952,Europa Wschodnia
BG,Bułgaria,2022,8,Lato,pm25,14.190000000000001,13.7,10.7,17.85,29.9,63,38.095238095238095,Europa Wschodnia
BG,Bułgaria,2022,9,Jesień,no2,12.152866822429905,11.3,3.2375000000000003,15.425,55.6,428,10.74766355140187,Europa Wschodnia
BG,Bułgaria,2022,9,Jesień,o3,43.25261052631579,42.5,29.65,53.45,95.0,475,0.0,Europa Wschodnia
BG,Bułgaria,2022,9,Jesień,pm10,17.53223107569721,16.15,11.3,22.275,55.6,502,0.796812749003984,Europa Wschodnia
BG,Bułgaria,2022,9,Jesień,pm25,10.436271186440678,9.2,6.99,13.25,23.0,59,16.94915254237288,Europa Wschodnia
BG,Bułgaria,2022,10,Jesień,no2,16.12922118380062,12.9,5.44,24.8,58.5,321,24.922118380062305,Europa Wschodnia
BG,Bułgaria,2022,10,Jesień,o3,38.648459302325584,36.349999999999994,24.8,47.425,100.0,344,0.0,Europa Wschodnia
BG,Bułgaria,2022,10,Jesień,pm10,21.673047091412744,19.4,12.1,27.9,80.2,361,3.32409972299169,Europa Wschodnia
BG,Bułgaria,2022,10,Jesień,pm25,13.254418604651164,13.6,8.39,15.95,27.6,43,34.883720930232556,Europa Wschodnia
BG,Bułgaria,2022,11,Jesień,no2,17.58574880382775,14.2,5.4675,25.55,68.3,418,25.837320574162682,Europa Wschodnia
BG,Bułgaria,2022,11,Jesień,o3,27.06772828507795,23.0,13.2,35.3,85.6,449,0.0,Europa Wschodnia
BG,Bułgaria,2022,11,Jesień,pm10,24.295756929637523,20.5,12.1,33.5,75.6,469,11.087420042643924,Europa Wschodnia
BG,Bułgaria,2022,11,Jesień,pm25,16.354166666666668,15.0,10.649999999999999,22.45,35.6,60,50.0,Europa Wschodnia
BG,Bułgaria,2022,12,Zima,no2,19.184187082405348,14.9,6.11,26.6,93.4,449,27.616926503340757,Europa Wschodnia
BG,Bułgaria,2022,12,Zima,o3,25.020369609856264,17.6,10.149999999999999,32.05,93.9,487,0.0,Europa Wschodnia
BG,Bułgaria,2022,12,Zima,pm10,26.617323353293415,23.7,13.1,36.8,82.3,501,15.169660678642716,Europa Wschodnia
BG,Bułgaria,2022,12,Zima,pm25,18.249322033898306,17.1,10.7,24.0,39.9,59,64.40677966101694,Europa Wschodnia
BG,Bułgaria,2023,1,Zima,no2,15.652085714285713,13.6,5.1675,22.275,71.5,350,18.285714285714285,Europa Wschodnia
BG,Bułgaria,2023,1,Zima,o3,34.292872062663186,30.3,17.25,50.7,98.3,383,0.0,Europa Wschodnia
BG,Bułgaria,2023,1,Zima,pm10,21.761150895140666,18.6,11.6,28.55,73.4,391,8.951406649616368,Europa Wschodnia
BG,Bułgaria,2023,1,Zima,pm25,12.998013043478261,9.719999999999999,6.85,17.2,37.2,46,30.434782608695656,Europa Wschodnia
BG,Bułgaria,2023,2,Zima,no2,19.618363636363636,17.0,5.6899999999999995,31.0,68.0,55,32.72727272727273,Europa Wschodnia
BG,Bułgaria,2023,2,Zima,o3,37.543015873015875,37.4,20.45,52.3,90.6,63,0.0,Europa Wschodnia
BG,Bułgaria,2023,2,Zima,pm10,29.26390625,28.25,16.925,38.175,59.8,64,14.0625,Europa Wschodnia
BG,Bułgaria,2023,2,Zima,pm25,14.556666666666667,12.65,7.05,19.375,31.4,6,33.33333333333333,Europa Wschodnia
BG,Bułgaria,2023,3,Wiosna,no2,14.889142857142858,12.7,4.9,20.025,86.1,168,13.690476190476192,Europa Wschodnia
BG,Bułgaria,2023,3,Wiosna,o3,51.13471204188482,49.7,34.2,66.1,103.0,191,1.5706806282722512,Europa Wschodnia
BG,Bułgaria,2023,3,Wiosna,pm10,21.54394088669951,19.7,13.8,28.05,57.8,203,4.433497536945813,Europa Wschodnia
BG,Bułgaria,2023,3,Wiosna,pm25,12.230416666666665,12.85,7.16,15.15,24.1,24,25.0,Europa Wschodnia
BG,Bułgaria,2023,4,Wiosna,no2,12.007661938534278,11.7,5.48,15.4,55.1,423,5.673758865248227,Europa Wschodnia
BG,Bułgaria,2023,4,Wiosna,o3,51.79348684210527,54.1,39.125,65.6,109.0,456,1.5350877192982455,Europa Wschodnia
BG,Bułgaria,2023,4,Wiosna,pm10,18.096453608247423,17.3,13.4,22.2,42.5,485,0.0,Europa Wschodnia
BG,Bułgaria,2023,4,Wiosna,pm25,12.027000000000001,11.350000000000001,8.1375,14.3,35.5,50,24.0,Europa Wschodnia
BG,Bułgaria,2023,5,Wiosna,no2,10.527441860465116,10.75,4.525,14.325000000000001,48.6,516,3.488372093023256,Europa Wschodnia
BG,Bułgaria,2023,5,Wiosna,o3,54.87249090909091,55.7,41.6,68.5,116.0,550,2.181818181818182,Europa Wschodnia
BG,Bułgaria,2023,5,Wiosna,pm10,18.583577661431065,17.9,14.7,21.9,42.7,573,0.0,Europa Wschodnia
BG,Bułgaria,2023,5,Wiosna,pm25,12.072903225806451,11.1,8.817499999999999,13.3,29.9,62,19.35483870967742,Europa Wschodnia
BG,Bułgaria,2023,6,Lato,no2,11.051155279503105,11.1,6.970000000000001,13.6,42.9,483,3.1055900621118013,Europa Wschodnia
BG,Bułgaria,2023,6,Lato,o3,56.91881188118812,58.1,45.8,68.3,129.0,505,2.7722772277227725,Europa Wschodnia
BG,Bułgaria,2023,6,Lato,pm10,19.123231939163496,18.7,14.825000000000001,22.675,51.1,526,0.38022813688212925,Europa Wschodnia
BG,Bułgaria,2023,6,Lato,pm25,10.777313432835822,10.3,8.91,12.25,17.0,67,8.955223880597014,Europa Wschodnia
BG,Bułgaria,2023,7,Lato,no2,12.625065462753952,12.4,6.01,16.55,54.3,443,6.5462753950338595,Europa Wschodnia
BG,Bułgaria,2023,7,Lato,o3,65.29717741935484,66.05,53.7,77.3,125.0,496,5.443548387096774,Europa Wschodnia
BG,Bułgaria,2023,7,Lato,pm10,22.835763052208836,21.35,17.2,27.3,50.4,498,1.0040160642570282,Europa Wschodnia
BG,Bułgaria,2023,7,Lato,pm25,11.886705882352942,11.6,9.25,13.9,20.2,85,21.176470588235293,Europa Wschodnia
BG,Bułgaria,2023,8,Lato,no2,13.617626804123711,12.7,6.56,17.9,58.0,485,8.45360824742268,Europa Wschodnia
BG,Bułgaria,2023,8,Lato,o3,66.52412451361867,65.4,54.6,77.57499999999999,126.0,514,7.587548638132295,Europa Wschodnia
BG,Bułgaria,2023,8,Lato,pm10,21.61940239043825,20.6,14.8,27.8,46.5,502,0.398406374501992,Europa Wschodnia
BG,Bułgaria,2023,8,Lato,pm25,11.192352941176472,11.1,8.17,15.0,19.6,85,24.705882352941178,Europa Wschodnia
BG,Bułgaria,2023,9,Jesień,no2,14.639232283464565,13.5,8.024999999999999,19.025,68.2,508,11.614173228346457,Europa Wschodnia
BG,Bułgaria,2023,9,Jesień,o3,55.51663685152057,54.2,43.9,64.30000000000001,119.0,559,2.146690518783542,Europa Wschodnia
BG,Bułgaria,2023,9,Jesień,pm10,25.432926315789473,23.4,17.75,32.0,60.0,475,4.842105263157895,Europa Wschodnia
BG,Bułgaria,2023,9,Jesień,pm25,12.275243902439025,11.350000000000001,9.1425,14.674999999999999,28.0,82,21.951219512195124,Europa Wschodnia
BG,Bułgaria,2023,10,Jesień,no2,19.225845045045045,16.3,6.779999999999999,26.15,80.9,555,27.387387387387385,Europa Wschodnia
BG,Bułgaria,2023,10,Jesień,o3,40.07526233552632,38.15,27.4,48.225,101.0,608,0.1644736842105263,Europa Wschodnia
BG,Bułgaria,2023,10,Jesień,pm10,28.7878612716763,25.7,19.2,36.4,83.0,519,11.175337186897881,Europa Wschodnia
BG,Bułgaria,2023,10,Jesień,pm25,10.625,9.075,6.26,14.1,22.6,92,19.565217391304348,Europa Wschodnia
BG,Bułgaria,2023,11,Jesień,no2,18.632703007518796,15.3,5.1475,27.125,83.9,532,27.631578947368425,Europa Wschodnia
BG,Bułgaria,2023,11,Jesień,o3,29.806773109243696,27.4,17.1,38.0,86.8,595,0.0,Europa Wschodnia
BG,Bułgaria,2023,11,Jesień,pm10,18.681168316831684,16.8,10.3,24.9,73.6,505,1.9801980198019802,Europa Wschodnia
BG,Bułgaria,2023,11,Jesień,pm25,8.454282352941178,6.67,4.52,11.0,25.0,85,11.76470588235294,Europa Wschodnia
BG,Bułgaria,2023,12,Zima,no2,20.10974820143885,16.450000000000003,4.7225,29.4,90.4,556,31.83453237410072,Europa Wschodnia
BG,Bułgaria,2023,12,Zima,o3,26.495612903225805,20.65,12.0,33.8,102.0,620,0.16129032258064516,Europa Wschodnia
BG,Bułgaria,2023,12,Zima,pm10,26.323856858846916,23.8,15.05,34.5,82.9,503,13.320079522862823,Europa Wschodnia
BG,Bułgaria,2023,12,Zima,pm25,12.056704545454545,7.12,5.9350000000000005,16.025,36.8,88,30.681818181818183,Europa Wschodnia
BG,Bułgaria,2024,1,Zima,no2,19.23589259259259,14.2,4.465,27.9,93.1,540,28.703703703703702,Europa Wschodnia
BG,Bułgaria,2024,1,Zima,o3,35.33784615384615,32.3,19.9,45.3,109.0,585,0.8547008547008548,Europa Wschodnia
BG,Bułgaria,2024,1,Zima,pm10,25.96350472589792,22.7,15.6,33.6,83.5,529,10.775047258979207,Europa Wschodnia
BG,Bułgaria,2024,1,Zima,pm25,14.951818181818183,12.3,7.2575,20.525,37.7,66,40.909090909090914,Europa Wschodnia
BG,Bułgaria,2024,2,Zima,no2,18.019235747303544,14.3,6.7,25.6,70.8,649,25.885978428351308,Europa Wschodnia
BG,Bułgaria,2024,2,Zima,o3,40.42704301075269,36.849999999999994,24.9,51.075,106.0,558,1.4336917562724014,Europa Wschodnia
BG,Bułgaria,2024,2,Zima,pm10,26.564461778471138,25.6,17.2,34.9,73.8,641,6.240249609984399,Europa Wschodnia
BG,Bułgaria,2024,2,Zima,pm25,12.897931034482758,11.7,7.390000000000001,16.7,34.5,87,37.93103448275862,Europa Wschodnia
BG,Bułgaria,2024,3,Wiosna,no2,18.194232704402516,16.5,8.39,25.3,95.5,477,25.78616352201258,Europa Wschodnia
BG,Bułgaria,2024,3,Wiosna,o3,45.831525423728806,42.7,29.7,60.7,122.0,413,2.663438256658596,Europa Wschodnia
BG,Bułgaria,2024,3,Wiosna,pm10,26.78462039045553,26.0,17.6,34.8,80.3,461,6.29067245119306,Europa Wschodnia
BG,Bułgaria,2024,3,Wiosna,pm25,13.225645161290323,12.350000000000001,7.38,19.0,30.2,62,43.54838709677419,Europa Wschodnia
BG,Bułgaria,2024,4,Wiosna,no2,15.337973617021277,13.6,8.1,19.9,60.8,705,14.468085106382977,Europa Wschodnia
BG,Bułgaria,2024,4,Wiosna,o3,59.28735244519393,57.9,46.6,68.7,137.0,593,4.5531197301854975,Europa Wschodnia
BG,Bułgaria,2024,4,Wiosna,pm10,19.784632352941177,16.6,12.174999999999999,24.325,77.2,680,5.0,Europa Wschodnia
BG,Bułgaria,2024,4,Wiosna,pm25,8.71056179775281,7.48,5.73,10.4,26.6,89,8.98876404494382,Europa Wschodnia
BG,Bułgaria,2024,5,Wiosna,no2,12.087245042492917,11.25,6.69,15.975,37.7,706,5.099150141643059,Europa Wschodnia
BG,Bułgaria,2024,5,Wiosna,o3,57.056585365853664,55.5,44.05,68.3,127.0,615,3.2520325203252036,Europa Wschodnia
BG,Bułgaria,2024,5,Wiosna,pm10,17.035326704545454,16.55,13.0,20.3,51.5,704,0.4261363636363636,Europa Wschodnia
BG,Bułgaria,2024,5,Wiosna,pm25,7.2998924731182795,7.31,5.8,8.74,22.7,93,1.0752688172043012,Europa Wschodnia
BG,Bułgaria,2024,6,Lato,no2,12.765481879194631,12.6,5.23,17.8,39.5,745,6.97986577181208,Europa Wschodnia
BG,Bułgaria,2024,6,Lato,o3,65.66655765920825,65.2,53.9,76.1,145.0,581,6.024096385542169,Europa Wschodnia
BG,Bułgaria,2024,6,Lato,pm10,23.798477653631284,22.3,17.275,28.1,73.3,716,2.793296089385475,Europa Wschodnia
BG,Bułgaria,2024,6,Lato,pm25,12.195701754385965,11.6,8.9225,14.674999999999999,29.7,114,19.298245614035086,Europa Wschodnia
BG,Bułgaria,2024,7,Lato,no2,13.670931956257593,12.4,5.365,19.3,49.4,823,12.393681652490887,Europa Wschodnia
BG,Bułgaria,2024,7,Lato,o3,74.91045751633986,73.8,61.724999999999994,86.0,152.0,612,9.477124183006536,Europa Wschodnia
BG,Bułgaria,2024,7,Lato,pm10,21.348254593175856,19.8,14.5,26.8,61.3,762,0.6561679790026247,Europa Wschodnia
BG,Bułgaria,2024,7,Lato,pm25,11.04130081300813,10.9,8.09,13.5,26.9,123,10.569105691056912,Europa Wschodnia
BG,Bułgaria,2024,8,Lato,no2,14.121140939597316,12.5,5.85,19.5,70.5,745,13.691275167785236,Europa Wschodnia
BG,Bułgaria,2024,8,Lato,o3,71.30558181818182,71.4,57.725,82.375,162.0,550,8.0,Europa Wschodnia
BG,Bułgaria,2024,8,Lato,pm10,20.2484188034188,19.0,14.5,24.775,63.6,702,0.8547008547008548,Europa Wschodnia
BG,Bułgaria,2024,8,Lato,pm25,10.215948275862068,9.815000000000001,7.6975,12.225,21.4,116,8.620689655172415,Europa Wschodnia
BG,Bułgaria,2024,9,Jesień,no2,17.173540322580646,14.0,7.5075,24.5,66.9,744,24.193548387096776,Europa Wschodnia
BG,Bułgaria,2024,9,Jesień,o3,52.87153571428572,48.95,37.3,64.14999999999999,161.0,560,4.642857142857143,Europa Wschodnia
BG,Bułgaria,2024,9,Jesień,pm10,22.584362880886427,20.75,13.225,28.9,81.2,722,6.9252077562326875,Europa Wschodnia
BG,Bułgaria,2024,9,Jesień,pm25,10.425576271186442,9.870000000000001,6.3925,14.0,27.7,118,21.1864406779661,Europa Wschodnia
BG,Bułgaria,2024,10,Jesień,no2,22.856549560853196,21.1,8.65,33.7,75.4,797,40.40150564617315,Europa Wschodnia
BG,Bułgaria,2024,10,Jesień,o3,37.29462602965403,33.6,23.8,44.7,109.0,607,1.8121911037891267,Europa Wschodnia
BG,Bułgaria,2024,10,Jesień,pm10,24.78328515111695,21.7,14.5,32.6,87.6,761,8.409986859395532,Europa Wschodnia
BG,Bułgaria,2024,10,Jesień,pm25,13.059130434782608,11.0,7.525,18.1,34.2,115,32.17391304347826,Europa Wschodnia
BG,Bułgaria,2024,11,Jesień,no2,22.377274336283186,20.1,10.3,31.9,85.5,791,35.52465233881163,Europa Wschodnia
BG,Bułgaria,2024,11,Jesień,o3,28.017411764705884,23.1,14.05,36.95,101.0,595,0.16806722689075632,Europa Wschodnia
BG,Bułgaria,2024,11,Jesień,pm10,26.86614875,23.75,15.3,34.95,86.2,800,13.375,Europa Wschodnia
BG,Bułgaria,2024,11,Jesień,pm25,13.92,12.0,5.865,20.5,44.2,116,39.6551724137931,Europa Wschodnia
BG,Bułgaria,2024,12,Zima,no2,19.39397347480106,17.4,8.629999999999999,26.125,92.2,754,27.851458885941643,Europa Wschodnia
BG,Bułgaria,2024,12,Zima,o3,28.277126605504588,24.3,15.6,34.1,113.0,545,0.7339449541284404,Europa Wschodnia
BG,Bułgaria,2024,12,Zima,pm10,23.67157731958763,20.3,13.674999999999999,29.825,84.5,776,8.891752577319588,Europa Wschodnia
BG,Bułgaria,2024,12,Zima,pm25,11.387572815533982,9.33,3.955,16.95,35.1,103,33.00970873786408,Europa Wschodnia
BG,Bułgaria,2025,1,Zima,no2,25.495195856873824,22.5,9.205,36.8,92.9,531,46.70433145009416,Europa Wschodnia
BG,Bułgaria,2025,1,Zima,o3,28.627214285714285,23.0,15.475,35.324999999999996,101.0,280,0.35714285714285715,Europa Wschodnia
BG,Bułgaria,2025,1,Zima,pm10,35.40208258527827,32.7,22.4,45.1,91.8,557,25.314183123877914,Europa Wschodnia
BG,Bułgaria,2025,1,Zima,pm25,12.203561643835616,9.6,4.67,17.3,36.4,73,38.35616438356164,Europa Wschodnia
BG,Bułgaria,2025,2,Zima,no2,22.31861597938144,19.8,11.275,30.525,84.6,388,35.824742268041234,Europa Wschodnia
BG,Bułgaria,2025,2,Zima,o3,39.467925531914894,35.05,28.825,47.324999999999996,92.5,188,0.0,Europa Wschodnia
BG,Bułgaria,2025,2,Zima,pm10,32.61070686070686,29.3,20.9,41.2,89.7,481,18.91891891891892,Europa Wschodnia
BG,Bułgaria,2025,2,Zima,pm25,11.549074074074074,10.5,8.684999999999999,13.625,33.4,54,16.666666666666664,Europa Wschodnia
BG,Bułgaria,2025,3,Wiosna,no2,20.297749999999997,16.35,9.76,27.35,92.0,404,29.7029702970297,Europa Wschodnia
BG,Bułgaria,2025,3,Wiosna,o3,50.593010752688166,52.1,42.725,58.3,78.7,186,0.0,Europa Wschodnia
BG,Bułgaria,2025,3,Wiosna,pm10,29.26118446601942,28.2,19.9,37.3,82.1,515,10.29126213592233,Europa Wschodnia
BG,Bułgaria,2025,3,Wiosna,pm25,11.525409836065574,10.3,7.66,13.8,30.6,61,19.672131147540984,Europa Wschodnia
BG,Bułgaria,2025,4,Wiosna,no2,14.830469973890338,12.8,8.705,20.6,39.9,383,13.315926892950392,Europa Wschodnia
BG,Bułgaria,2025,4,Wiosna,o3,55.54184971098266,56.6,45.5,67.1,97.5,173,0.0,Europa Wschodnia
BG,Bułgaria,2025,4,Wiosna,pm10,18.522242798353908,17.8,13.225,22.5,60.5,486,0.6172839506172839,Europa Wschodnia
BG,Bułgaria,2025,4,Wiosna,pm25,8.466166666666668,8.015,6.4025,10.525,16.4,60,3.3333333333333335,Europa Wschodnia
BG,Bułgaria,2025,5,Wiosna,no2,13.053404825737266,11.2,8.56,17.1,54.2,373,6.434316353887399,Europa Wschodnia
BG,Bułgaria,2025,5,Wiosna,o3,59.473255813953486,59.1,50.55,68.8,98.8,172,0.0,Europa Wschodnia
BG,Bułgaria,2025,5,Wiosna,pm10,14.63765864332604,13.6,10.6,17.6,37.7,457,0.0,Europa Wschodnia
BG,Bułgaria,2025,5,Wiosna,pm25,7.590338983050847,7.16,5.7,8.93,18.1,59,1.694915254237288,Europa Wschodnia
BG,Bułgaria,2025,6,Lato,no2,13.626517150395777,11.9,7.205,18.75,43.9,379,10.026385224274406,Europa Wschodnia
BG,Bułgaria,2025,6,Lato,o3,69.27853107344632,70.1,59.9,79.6,112.0,177,1.694915254237288,Europa Wschodnia
BG,Bułgaria,2025,6,Lato,pm10,22.87488038277512,21.65,16.725,27.475,68.5,418,2.631578947368421,Europa Wschodnia
BG,Bułgaria,2025,6,Lato,pm25,11.0885,11.0,8.7775,13.15,25.0,60,10.0,Europa Wschodnia
BG,Bułgaria,2025,7,Lato,no2,13.821131105398457,11.9,8.67,18.4,44.3,389,10.282776349614396,Europa Wschodnia
BG,Bułgaria,2025,7,Lato,o3,74.46292134831461,74.4,65.575,81.375,108.0,178,3.3707865168539324,Europa Wschodnia
BG,Bułgaria,2025,7,Lato,pm10,20.348248847926264,19.2,15.0,25.4,50.6,434,0.9216589861751152,Europa Wschodnia
BG,Bułgaria,2025,7,Lato,pm25,9.908813559322034,8.98,7.695,11.7,20.3,59,11.864406779661017,Europa Wschodnia
BG,Bułgaria,2025,8,Lato,no2,13.834251968503938,13.1,9.09,17.5,38.9,381,8.136482939632545,Europa Wschodnia
BG,Bułgaria,2025,8,Lato,o3,68.24943820224719,69.80000000000001,61.425,76.775,107.0,178,0.5617977528089888,Europa Wschodnia
BG,Bułgaria,2025,8,Lato,pm10,18.498286384976527,18.05,14.025,22.175,53.6,426,0.2347417840375587,Europa Wschodnia
BG,Bułgaria,2025,8,Lato,pm25,8.833333333333334,9.05,6.8875,10.075,15.6,54,1.8518518518518516,Europa Wschodnia
BG,Bułgaria,2025,9,Jesień,no2,15.77648952879581,14.3,9.83,21.375,42.8,382,15.44502617801047,Europa Wschodnia
BG,Bułgaria,2025,9,Jesień,o3,54.507777777777775,54.3,45.2,64.025,85.6,180,0.0,Europa Wschodnia
BG,Bułgaria,2025,9,Jesień,pm10,18.184066666666666,16.65,11.8,22.675,57.5,450,1.1111111111111112,Europa Wschodnia
BG,Bułgaria,2025,9,Jesień,pm25,8.718571428571428,8.55,7.055,10.625,15.8,56,1.7857142857142856,Europa Wschodnia
BG,Bułgaria,2025,10,Jesień,no2,20.415244565217392,18.6,11.975,26.125,61.9,368,27.98913043478261,Europa Wschodnia
BG,Bułgaria,2025,10,Jesień,o3,29.41763440860215,27.8,20.025,39.05,66.9,186,0.0,Europa Wschodnia
BG,Bułgaria,2025,10,Jesień,pm10,17.59625274725275,15.8,9.59,22.5,85.5,455,3.076923076923077,Europa Wschodnia
BG,Bułgaria,2025,10,Jesień,pm25,10.08263157894737,11.1,7.69,12.2,23.2,57,3.508771929824561,Europa Wschodnia
BG,Bułgaria,2025,11,Jesień,no2,19.315925925925924,16.9,9.44,26.3,52.9,297,28.28282828282828,Europa Wschodnia
BG,Bułgaria,2025,11,Jesień,o3,24.76552083333333,23.95,16.849999999999998,30.875,63.0,96,0.0,Europa Wschodnia
BG,Bułgaria,2025,11,Jesień,pm10,21.32045112781955,17.6,11.3,27.2,87.2,399,6.516290726817042,Europa Wschodnia
BG,Bułgaria,2025,11,Jesień,pm25,10.417924528301887,11.3,6.44,13.0,34.2,53,15.09433962264151,Europa Wschodnia
BG,Bułgaria,2025,12,Zima,no2,21.332328767123286,18.4,10.9,27.6,65.6,292,32.87671232876712,Europa Wschodnia
BG,Bułgaria,2025,12,Zima,o3,23.660740740740742,20.5,11.649999999999999,33.125,67.4,108,0.0,Europa Wschodnia
BG,Bułgaria,2025,12,Zima,pm10,24.581144278606967,19.0,11.5,34.625,86.0,402,13.930348258706468,Europa Wschodnia
BG,Bułgaria,2025,12,Zima,pm25,13.190000000000001,15.2,6.23,16.4,33.3,53,50.943396226415096,Europa Wschodnia
CH,Szwajcaria,2022,1,Zima,no2,24.473512345679012,25.05,11.4,36.5,57.1,648,50.0,Europa Środkowa
CH,Szwajcaria,2022,1,Zima,o3,37.919298904538344,35.7,17.5,57.349999999999994,97.3,639,0.0,Europa Środkowa
CH,Szwajcaria,2022,1,Zima,pm10,15.656452095808383,12.6,6.4225,23.125,59.0,668,1.0479041916167664,Europa Środkowa
CH,Szwajcaria,2022,1,Zima,pm25,11.195873517786561,9.1,3.73,17.0,41.5,253,27.66798418972332,Europa Środkowa
CH,Szwajcaria,2022,2,Zima,no2,20.666466101694915,18.25,8.0825,31.575000000000003,61.1,590,36.440677966101696,Europa Środkowa
CH,Szwajcaria,2022,2,Zima,o3,51.07502626970228,52.9,36.2,66.1,99.5,571,0.0,Europa Środkowa
CH,Szwajcaria,2022,2,Zima,pm10,10.52129549248748,8.66,5.0,14.25,40.6,599,0.0,Europa Środkowa
CH,Szwajcaria,2022,2,Zima,pm25,7.13381512605042,5.345,2.8375,9.465,32.6,238,10.084033613445378,Europa Środkowa
CH,Szwajcaria,2022,3,Wiosna,no2,25.511009174311926,23.6,15.3,33.7,70.2,545,45.50458715596331,Europa Środkowa
CH,Szwajcaria,2022,3,Wiosna,o3,55.68238267148015,53.25,42.324999999999996,69.57499999999999,123.0,554,2.888086642599278,Europa Środkowa
CH,Szwajcaria,2022,3,Wiosna,pm10,27.746300366300364,28.8,21.0,34.475,59.6,546,3.1135531135531136,Europa Środkowa
CH,Szwajcaria,2022,3,Wiosna,pm25,20.745590909090907,21.2,16.15,26.8,38.9,220,79.0909090909091,Europa Środkowa
CH,Szwajcaria,2022,4,Wiosna,no2,14.122985576923078,12.1,7.4475,19.424999999999997,51.7,208,11.538461538461538,Europa Środkowa
CH,Szwajcaria,2022,4,Wiosna,o3,58.294196428571425,57.75,42.7,73.125,109.0,224,4.017857142857143,Europa Środkowa
CH,Szwajcaria,2022,4,Wiosna,pm10,11.673809523809524,11.0,7.05,14.95,31.6,231,0.0,Europa Środkowa
CH,Szwajcaria,2022,4,Wiosna,pm25,9.298261682242991,8.24,5.5649999999999995,12.75,23.3,107,12.149532710280374,Europa Środkowa
CH,Szwajcaria,2022,5,Wiosna,no2,11.158119047619047,9.254999999999999,5.112500000000001,14.7,41.9,210,6.666666666666667,Europa Środkowa
CH,Szwajcaria,2022,5,Wiosna,o3,50.315580357142856,48.3,34.475,61.4,115.0,224,1.7857142857142856,Europa Środkowa
CH,Szwajcaria,2022,5,Wiosna,pm10,12.02030042918455,11.8,7.94,15.2,28.2,233,0.0,Europa Środkowa
CH,Szwajcaria,2022,5,Wiosna,pm25,7.660862068965517,7.1899999999999995,4.23,10.0,22.7,116,3.4482758620689653,Europa Środkowa
CH,Szwajcaria,2022,6,Lato,no2,11.451806603773585,9.865,5.4799999999999995,15.325000000000001,47.6,212,7.0754716981132075,Europa Środkowa
CH,Szwajcaria,2022,6,Lato,o3,55.48103448275862,52.8,37.45,69.7,146.0,232,4.310344827586207,Europa Środkowa
CH,Szwajcaria,2022,6,Lato,pm10,12.08539419087137,10.6,7.45,15.3,46.0,241,0.4149377593360996,Europa Środkowa
CH,Szwajcaria,2022,6,Lato,pm25,7.088666666666667,6.0,4.0,9.8225,22.0,126,6.349206349206349,Europa Środkowa
CH,Szwajcaria,2022,7,Lato,no2,9.81694972067039,9.88,6.275,12.0,30.6,179,1.1173184357541899,Europa Środkowa
CH,Szwajcaria,2022,7,Lato,o3,64.85788659793815,62.8,46.4,78.275,133.0,194,11.855670103092782,Europa Środkowa
CH,Szwajcaria,2022,7,Lato,pm10,11.230421319796955,10.8,8.26,13.7,38.3,197,0.0,Europa Środkowa
CH,Szwajcaria,2022,7,Lato,pm25,6.830411000000001,6.375,4.4399999999999995,8.5325,18.2,100,5.0,Europa Środkowa
CH,Szwajcaria,2022,8,Lato,no2,11.700776397515527,10.1,6.295,15.225000000000001,43.5,322,6.832298136645963,Europa Środkowa
CH,Szwajcaria,2022,8,Lato,o3,66.44281899109792,63.9,46.5,87.4,134.0,337,10.682492581602373,Europa Środkowa
CH,Szwajcaria,2022,8,Lato,pm10,10.578155619596542,10.5,7.985,12.4,36.7,347,0.0,Europa Środkowa
CH,Szwajcaria,2022,8,Lato,pm25,6.324036144578313,6.12,4.64,7.8975,16.0,166,0.6024096385542169,Europa Środkowa
CH,Szwajcaria,2022,9,Jesień,no2,11.48653846153846,8.52,4.61,16.4,56.7,273,8.791208791208792,Europa Środkowa
CH,Szwajcaria,2022,9,Jesień,o3,50.30859106529209,52.5,30.65,65.85,105.0,291,0.3436426116838488,Europa Środkowa
CH,Szwajcaria,2022,9,Jesień,pm10,9.256628289473683,8.3,5.0,11.8,36.9,304,0.0,Europa Środkowa
CH,Szwajcaria,2022,9,Jesień,pm25,5.145048648648649,4.654999999999999,2.715,7.0,15.0,148,0.0,Europa Środkowa
CH,Szwajcaria,2022,10,Jesień,no2,14.877355621301774,12.4,6.42,20.3,62.4,169,17.159763313609467,Europa Środkowa
CH,Szwajcaria,2022,10,Jesień,o3,25.215,21.7,7.2875,38.324999999999996,80.7,188,0.0,Europa Środkowa
CH,Szwajcaria,2022,10,Jesień,pm10,14.71463076923077,14.8,8.055,19.75,40.6,195,0.0,Europa Środkowa
CH,Szwajcaria,2022,10,Jesień,pm25,8.119666666666667,8.04,4.75,11.0,21.0,99,5.05050505050505,Europa Środkowa
CH,Szwajcaria,2022,11,Jesień,no2,18.962276758409786,18.3,10.9,26.3,49.2,654,28.899082568807337,Europa Środkowa
CH,Szwajcaria,2022,11,Jesień,o3,31.199173047473202,27.2,13.5,47.3,77.5,653,0.0,Europa Środkowa
CH,Szwajcaria,2022,11,Jesień,pm10,9.919581259150805,9.47,5.215,13.2,41.9,683,0.0,Europa Środkowa
CH,Szwajcaria,2022,11,Jesień,pm25,7.170102040816325,6.619999999999999,3.215,9.84,35.4,294,5.1020408163265305,Europa Środkowa
CH,Szwajcaria,2022,12,Zima,no2,23.00928134556575,23.2,13.725,32.275,52.2,654,44.801223241590215,Europa Środkowa
CH,Szwajcaria,2022,12,Zima,o3,25.363362818590705,18.3,9.004999999999999,39.6,77.3,667,0.0,Europa Środkowa
CH,Szwajcaria,2022,12,Zima,pm10,14.400997844827586,13.95,7.19,20.6,41.4,696,0.0,Europa Środkowa
CH,Szwajcaria,2022,12,Zima,pm25,12.275145833333333,12.8,5.48,17.75,31.0,288,36.11111111111111,Europa Środkowa
CH,Szwajcaria,2023,1,Zima,no2,18.870457925636007,18.3,9.66,26.299999999999997,52.4,511,28.767123287671232,Europa Środkowa
CH,Szwajcaria,2023,1,Zima,o3,37.039229601518024,35.7,20.4,50.349999999999994,79.7,527,0.0,Europa Środkowa
CH,Szwajcaria,2023,1,Zima,pm10,12.126652173913044,10.9,5.91,16.8,44.8,529,0.0,Europa Środkowa
CH,Szwajcaria,2023,1,Zima,pm25,8.858246575342465,7.61,3.515,13.1,30.7,219,15.52511415525114,Europa Środkowa
CH,Szwajcaria,2023,2,Zima,no2,33.1664406779661,37.5,28.65,43.55,53.3,59,76.27118644067797,Europa Środkowa
CH,Szwajcaria,2023,2,Zima,o3,24.42686567164179,16.9,5.744999999999999,24.2,89.9,67,0.0,Europa Środkowa
CH,Szwajcaria,2023,2,Zima,pm10,24.864838709677418,26.7,20.35,31.05,43.1,62,0.0,Europa Środkowa
CH,Szwajcaria,2023,2,Zima,pm25,18.9403125,20.15,13.675,24.825,30.9,32,71.875,Europa Środkowa
CH,Szwajcaria,2023,3,Wiosna,no2,13.398391156462585,11.45,4.895,19.75,38.5,294,15.306122448979592,Europa Środkowa
CH,Szwajcaria,2023,3,Wiosna,o3,64.14642857142857,66.05000000000001,52.5,77.2,97.9,308,0.0,Europa Środkowa
CH,Szwajcaria,2023,3,Wiosna,pm10,9.761672077922077,7.845,4.365,12.2,42.8,308,0.0,Europa Środkowa
CH,Szwajcaria,2023,3,Wiosna,pm25,6.419457142857143,5.109999999999999,2.745,7.1025,33.3,140,7.142857142857142,Europa Środkowa
CH,Szwajcaria,2023,4,Wiosna,no2,12.089806239737275,10.1,5.98,17.3,49.9,609,6.896551724137931,Europa Środkowa
CH,Szwajcaria,2023,4,Wiosna,o3,64.11957210031348,64.4,55.525,74.0,101.0,638,0.1567398119122257,Europa Środkowa
CH,Szwajcaria,2023,4,Wiosna,pm10,8.678990580847723,8.02,5.04,11.0,31.1,637,0.0,Europa Środkowa
CH,Szwajcaria,2023,4,Wiosna,pm25,6.073462068965518,5.635,3.06,8.1475,17.4,290,1.7241379310344827,Europa Środkowa
CH,Szwajcaria,2023,5,Wiosna,no2,10.146681415929203,8.475,5.5024999999999995,13.6,32.7,678,2.6548672566371683,Europa Środkowa
CH,Szwajcaria,2023,5,Wiosna,o3,68.76459802538787,66.3,56.0,80.7,126.0,709,5.500705218617771,Europa Środkowa
CH,Szwajcaria,2023,5,Wiosna,pm10,11.814245416078984,11.6,7.91,15.6,31.7,709,0.0,Europa Środkowa
CH,Szwajcaria,2023,5,Wiosna,pm25,7.426293548387096,7.355,4.7225,9.905000000000001,16.8,310,1.2903225806451613,Europa Środkowa
CH,Szwajcaria,2023,6,Lato,no2,10.73567225609756,8.875,5.557499999999999,14.7,34.6,656,3.353658536585366,Europa Środkowa
CH,Szwajcaria,2023,6,Lato,o3,93.6597667638484,93.8,84.3,104.0,142.0,686,32.21574344023323,Europa Środkowa
CH,Szwajcaria,2023,6,Lato,pm10,15.800779416058395,15.6,12.1,18.8,35.8,685,0.0,Europa Środkowa
CH,Szwajcaria,2023,6,Lato,pm25,9.397781666666667,9.495000000000001,7.825,11.1,19.2,300,3.0,Europa Środkowa
CH,Szwajcaria,2023,7,Lato,no2,9.239906451612903,7.855,4.007499999999999,12.8,32.8,620,2.258064516129032,Europa Środkowa
CH,Szwajcaria,2023,7,Lato,o3,69.28485804416404,68.8,60.5,76.8,121.0,634,3.1545741324921135,Europa Środkowa
CH,Szwajcaria,2023,7,Lato,pm10,11.791009463722398,10.5,7.5625,14.5,41.4,634,0.0,Europa Środkowa
CH,Szwajcaria,2023,7,Lato,pm25,6.761705426356589,5.925000000000001,4.1025,8.4575,18.7,258,3.875968992248062,Europa Środkowa
CH,Szwajcaria,2023,8,Lato,no2,10.683981848739496,8.61,4.395,14.5,40.7,595,7.563025210084033,Europa Środkowa
CH,Szwajcaria,2023,8,Lato,o3,73.29378151260505,71.4,61.4,81.85,125.0,595,7.73109243697479,Europa Środkowa
CH,Szwajcaria,2023,8,Lato,pm10,13.044695945945946,11.5,5.88,17.9,45.6,592,0.16891891891891891,Europa Środkowa
CH,Szwajcaria,2023,8,Lato,pm25,6.907573913043478,6.675,2.9575,9.99,20.8,230,3.91304347826087,Europa Środkowa
CH,Szwajcaria,2023,9,Jesień,no2,13.402644094488188,11.4,6.55,18.35,42.6,635,12.913385826771654,Europa Środkowa
CH,Szwajcaria,2023,9,Jesień,o3,61.87878504672897,58.650000000000006,48.3,73.475,131.0,642,3.7383177570093453,Europa Środkowa
CH,Szwajcaria,2023,9,Jesień,pm10,12.956396255850233,12.1,8.24,17.4,31.9,641,0.0,Europa Środkowa
CH,Szwajcaria,2023,9,Jesień,pm25,7.55215873015873,7.0649999999999995,4.1025,10.5,19.1,252,5.158730158730158,Europa Środkowa
CH,Szwajcaria,2023,10,Jesień,no2,15.396816944024206,14.4,7.71,22.8,43.5,661,18.608169440242055,Europa Środkowa
CH,Szwajcaria,2023,10,Jesień,o3,42.49454545454545,42.6,27.549999999999997,56.6,95.7,671,0.0,Europa Środkowa
CH,Szwajcaria,2023,10,Jesień,pm10,13.884722054380664,10.95,5.692500000000001,20.575000000000003,47.2,662,0.7552870090634441,Europa Środkowa
CH,Szwajcaria,2023,10,Jesień,pm25,7.387152985074627,5.79,3.055,11.6,26.7,268,9.701492537313433,Europa Środkowa
CH,Szwajcaria,2023,11,Jesień,no2,15.193890243902437,13.4,6.29,22.6,60.4,656,17.835365853658537,Europa Środkowa
CH,Szwajcaria,2023,11,Jesień,o3,43.50391304347826,44.8,29.7,57.425,86.6,690,0.0,Europa Środkowa
CH,Szwajcaria,2023,11,Jesień,pm10,6.119201449275362,5.3149999999999995,3.3425,7.88,23.2,690,0.0,Europa Środkowa
CH,Szwajcaria,2023,11,Jesień,pm25,3.988462666666667,3.315,1.96,5.08,18.0,300,0.33333333333333337,Europa Środkowa
CH,Szwajcaria,2023,12,Zima,no2,18.456858197932053,18.3,7.51,26.9,56.0,677,29.83751846381093,Europa Środkowa
CH,Szwajcaria,2023,12,Zima,o3,38.57434782608696,36.5,18.8,58.5,88.4,713,0.0,Europa Środkowa
CH,Szwajcaria,2023,12,Zima,pm10,8.753737727910238,7.68,3.64,12.7,34.1,713,0.0,Europa Środkowa
CH,Szwajcaria,2023,12,Zima,pm25,7.211584516129032,5.98,2.33,11.05,29.9,310,10.32258064516129,Europa Środkowa
CH,Szwajcaria,2024,1,Zima,no2,21.493120111731844,21.4,10.1,31.6,55.5,716,41.340782122905026,Europa Środkowa
CH,Szwajcaria,2024,1,Zima,o3,36.314382781456956,33.0,18.2,52.2,96.3,755,0.0,Europa Środkowa
CH,Szwajcaria,2024,1,Zima,pm10,13.018521970705725,11.2,4.955,19.15,51.4,751,0.3994673768308922,Europa Środkowa
CH,Szwajcaria,2024,1,Zima,pm25,10.14679344262295,9.33,3.68,15.0,33.4,305,24.91803278688525,Europa Środkowa
CH,Szwajcaria,2024,2,Zima,no2,19.476662946428572,18.5,9.9925,28.1,57.8,896,33.59375,Europa Środkowa
CH,Szwajcaria,2024,2,Zima,o3,40.57587946428571,38.4,24.3,54.95,90.0,896,0.0,Europa Środkowa
CH,Szwajcaria,2024,2,Zima,pm10,11.478586399108138,10.2,5.42,15.6,43.9,897,0.0,Europa Środkowa
CH,Szwajcaria,2024,2,Zima,pm25,7.574141025641026,6.115,3.375,9.807500000000001,39.4,312,9.935897435897436,Europa Środkowa
CH,Szwajcaria,2024,3,Wiosna,no2,16.52890724637681,15.9,9.7,22.7,42.2,345,17.391304347826086,Europa Środkowa
CH,Szwajcaria,2024,3,Wiosna,o3,46.53940845070423,44.2,34.7,57.5,99.6,355,0.0,Europa Środkowa
CH,Szwajcaria,2024,3,Wiosna,pm10,9.915005649717514,8.545,5.0649999999999995,12.5,41.0,354,0.0,Europa Środkowa
CH,Szwajcaria,2024,3,Wiosna,pm25,7.5659645390070915,6.43,3.38,9.69,32.3,141,10.638297872340425,Europa Środkowa
CH,Szwajcaria,2024,4,Wiosna,no2,8.379666666666667,7.54,5.88,10.45,14.0,30,0.0,Europa Środkowa
CH,Szwajcaria,2024,4,Wiosna,o3,60.30333333333333,60.099999999999994,52.025,69.625,85.8,60,0.0,Europa Środkowa
CH,Szwajcaria,2024,4,Wiosna,pm10,10.897894736842105,7.9,4.97,13.1,41.9,57,0.0,Europa Środkowa
CH,Szwajcaria,2024,4,Wiosna,pm25,6.5365,5.42,3.29,8.5,18.7,60,5.0,Europa Środkowa
CH,Szwajcaria,2024,5,Wiosna,no2,10.980997150997151,8.25,5.29,15.9,46.7,1053,6.932573599240266,Europa Środkowa
CH,Szwajcaria,2024,5,Wiosna,o3,66.82952565343659,65.3,56.7,76.9,123.0,1033,2.2265246853823815,Europa Środkowa
CH,Szwajcaria,2024,5,Wiosna,pm10,7.159897187196896,6.53,4.765,9.035,20.0,1031,0.0,Europa Środkowa
CH,Szwajcaria,2024,5,Wiosna,pm25,3.9743682432432434,3.3049999999999997,2.38,4.827500000000001,11.0,296,0.0,Europa Środkowa
CH,Szwajcaria,2024,6,Lato,no2,9.63501628664495,7.1,4.225,13.350000000000001,40.3,307,3.5830618892508146,Europa Środkowa
CH,Szwajcaria,2024,6,Lato,o3,64.52291021671827,64.8,51.85,76.05,125.0,323,3.0959752321981426,Europa Środkowa
CH,Szwajcaria,2024,6,Lato,pm10,12.638616352201257,10.649999999999999,6.745,16.7,45.2,318,0.3144654088050315,Europa Środkowa
CH,Szwajcaria,2024,6,Lato,pm25,7.351382113821138,6.4,3.6,10.25,16.9,123,6.504065040650407,Europa Środkowa
CH,Szwajcaria,2024,7,Lato,no2,10.020236406619386,7.83,4.69,14.1,33.8,1269,4.649330181245075,Europa Środkowa
CH,Szwajcaria,2024,7,Lato,o3,68.59805982215036,66.4,58.4,77.4,122.0,1237,3.7186742118027487,Europa Środkowa
CH,Szwajcaria,2024,7,Lato,pm10,11.12513731825525,10.1,7.39,14.174999999999999,30.2,1238,0.0,Europa Środkowa
CH,Szwajcaria,2024,7,Lato,pm25,6.2073753665689155,5.51,3.67,8.22,15.5,341,0.8797653958944283,Europa Środkowa
CH,Szwajcaria,2024,8,Lato,no2,10.477149171270717,8.0,5.26,14.5,46.0,905,4.640883977900553,Europa Środkowa
CH,Szwajcaria,2024,8,Lato,o3,71.9261744966443,70.15,60.05,82.55,129.0,894,8.501118568232663,Europa Środkowa
CH,Szwajcaria,2024,8,Lato,pm10,11.350480984340045,10.8,8.405000000000001,13.4,42.3,894,0.0,Europa Środkowa
CH,Szwajcaria,2024,8,Lato,pm25,7.193953488372093,6.2,5.0,8.46,20.4,258,5.038759689922481,Europa Środkowa
CH,Szwajcaria,2024,9,Jesień,no2,13.128992613111727,10.7,5.395,19.25,52.0,1083,13.29639889196676,Europa Środkowa
CH,Szwajcaria,2024,9,Jesień,o3,53.81359773371105,53.1,42.0,65.0,112.0,1059,0.28328611898017,Europa Środkowa
CH,Szwajcaria,2024,9,Jesień,pm10,7.822077714825307,6.41,4.3,9.98,37.7,1059,0.0,Europa Środkowa
CH,Szwajcaria,2024,9,Jesień,pm25,4.809415540540541,3.67,2.245,5.7749999999999995,32.0,296,1.0135135135135136,Europa Środkowa
CH,Szwajcaria,2024,10,Jesień,no2,15.034711172741678,14.649999999999999,9.0925,20.7,42.7,1262,10.538827258320127,Europa Środkowa
CH,Szwajcaria,2024,10,Jesień,o3,26.361543460601137,21.0,12.5,36.7,77.7,1231,0.0,Europa Środkowa
CH,Szwajcaria,2024,10,Jesień,pm10,10.5674492282697,9.73,6.675,13.8,31.7,1231,0.0,Europa Środkowa
CH,Szwajcaria,2024,10,Jesień,pm25,6.177879056047197,5.7,3.7199999999999998,8.355,19.6,339,0.8849557522123894,Europa Środkowa
CH,Szwajcaria,2024,11,Jesień,no2,18.418262214983713,17.65,11.4,24.2,62.8,1228,22.231270358306187,Europa Środkowa
CH,Szwajcaria,2024,11,Jesień,o3,29.460431077694235,24.0,12.7,45.2,84.3,1197,0.0,Europa Środkowa
CH,Szwajcaria,2024,11,Jesień,pm10,13.378451209341119,13.3,6.824999999999999,18.0,38.9,1199,0.0,Europa Środkowa
CH,Szwajcaria,2024,11,Jesień,pm25,9.615993920972643,9.73,4.36,13.5,30.9,329,16.717325227963524,Europa Środkowa
CH,Szwajcaria,2024,12,Zima,no2,21.39057087529047,21.4,12.25,30.35,54.6,1291,39.96901626646011,Europa Środkowa
CH,Szwajcaria,2024,12,Zima,o3,33.42173139158576,28.5,17.575000000000003,47.8,94.9,1236,0.0,Europa Środkowa
CH,Szwajcaria,2024,12,Zima,pm10,12.032408406026963,11.0,6.01,16.9,43.5,1261,0.0,Europa Środkowa
CH,Szwajcaria,2024,12,Zima,pm25,9.559922388059702,8.04,4.21,13.9,40.9,335,21.19402985074627,Europa Środkowa
CH,Szwajcaria,2025,1,Zima,no2,21.479256239600666,21.75,11.8,29.675,56.0,1202,40.26622296173045,Europa Środkowa
CH,Szwajcaria,2025,1,Zima,o3,39.35457849089332,39.3,21.0,56.5,93.5,1153,0.0,Europa Środkowa
CH,Szwajcaria,2025,1,Zima,pm10,12.164447786131996,9.46,4.95,16.5,48.9,1197,0.1670843776106934,Europa Środkowa
CH,Szwajcaria,2025,1,Zima,pm25,9.667535714285714,7.43,3.4475000000000002,13.75,32.6,336,23.214285714285715,Europa Środkowa
CH,Szwajcaria,2025,2,Zima,no2,22.859127806563038,22.1,14.9,30.0,53.9,1158,41.19170984455959,Europa Środkowa
CH,Szwajcaria,2025,2,Zima,o3,34.01656810035842,31.1,19.6,45.375,100.0,1116,0.0,Europa Środkowa
CH,Szwajcaria,2025,2,Zima,pm10,19.871054818744476,19.4,11.25,27.15,54.6,1131,0.707338638373121,Europa Środkowa
CH,Szwajcaria,2025,2,Zima,pm25,16.547065517241382,16.2,8.65,23.0,43.8,290,55.51724137931034,Europa Środkowa
CH,Szwajcaria,2025,3,Wiosna,no2,18.9894140625,16.05,9.0775,25.2,69.8,1280,25.390625,Europa Środkowa
CH,Szwajcaria,2025,3,Wiosna,o3,54.362024590163934,52.25,41.6,64.42500000000001,110.0,1220,1.4754098360655739,Europa Środkowa
CH,Szwajcaria,2025,3,Wiosna,pm10,14.66878187650361,13.5,8.91,20.0,40.8,1247,0.0,Europa Środkowa
CH,Szwajcaria,2025,3,Wiosna,pm25,10.445201183431953,8.96,5.3025,14.9,32.2,338,24.85207100591716,Europa Środkowa
CH,Szwajcaria,2025,4,Wiosna,no2,14.039463253509497,11.7,6.99,19.3,53.0,1211,12.551610239471511,Europa Środkowa
CH,Szwajcaria,2025,4,Wiosna,o3,67.82022867194371,67.1,56.8,77.1,129.0,1137,2.9023746701846966,Europa Środkowa
CH,Szwajcaria,2025,4,Wiosna,pm10,10.954253474576271,10.7,6.0175,14.7,35.5,1180,0.0,Europa Środkowa
CH,Szwajcaria,2025,4,Wiosna,pm25,6.129788235294117,5.64,3.29,8.67,21.5,323,1.5479876160990713,Europa Środkowa
CH,Szwajcaria,2025,5,Wiosna,no2,11.318888446215139,8.75,5.484999999999999,16.9,42.8,1255,6.055776892430279,Europa Środkowa
CH,Szwajcaria,2025,5,Wiosna,o3,72.22916299559472,71.1,60.9,82.0,132.0,1135,4.229074889867841,Europa Środkowa
CH,Szwajcaria,2025,5,Wiosna,pm10,9.881000816326532,9.3,7.09,12.2,25.2,1225,0.0,Europa Środkowa
CH,Szwajcaria,2025,5,Wiosna,pm25,5.7215137614678895,5.19,3.865,7.115,18.7,327,0.9174311926605505,Europa Środkowa
CH,Szwajcaria,2025,6,Lato,no2,10.931565705128204,8.35,5.32,15.0,42.2,1248,7.131410256410256,Europa Środkowa
CH,Szwajcaria,2025,6,Lato,o3,81.95859649122808,80.45,68.6,93.8,144.0,1140,17.105263157894736,Europa Środkowa
CH,Szwajcaria,2025,6,Lato,pm10,16.363784693019344,14.7,10.3,20.2,49.7,1189,0.5046257359125316,Europa Środkowa
CH,Szwajcaria,2025,6,Lato,pm25,10.18882911392405,8.76,5.45,13.4,36.6,316,17.405063291139243,Europa Środkowa
CH,Szwajcaria,2025,7,Lato,no2,9.52825581395349,7.58,4.6525,13.5,34.6,1118,2.415026833631485,Europa Środkowa
CH,Szwajcaria,2025,7,Lato,o3,75.2293885601578,72.7,62.0,87.07499999999999,126.0,1014,8.678500986193294,Europa Środkowa
CH,Szwajcaria,2025,7,Lato,pm10,9.645529075309819,8.78,6.69,11.8,29.1,1049,0.0,Europa Środkowa
CH,Szwajcaria,2025,7,Lato,pm25,5.711331730769231,5.3,3.435,7.3875,16.6,208,0.9615384615384616,Europa Środkowa
CH,Szwajcaria,2025,8,Lato,no2,12.111710860366713,8.83,5.35,18.1,40.4,709,11.42454160789845,Europa Środkowa
CH,Szwajcaria,2025,8,Lato,o3,74.78223300970873,72.8,61.3,87.7,135.0,618,14.077669902912621,Europa Środkowa
CH,Szwajcaria,2025,8,Lato,pm10,14.814173228346457,12.6,7.52,20.5,47.0,635,0.47244094488188976,Europa Środkowa
CH,Szwajcaria,2025,8,Lato,pm25,7.8277241379310345,7.8,2.89,12.1,17.8,29,6.896551724137931,Europa Środkowa
CH,Szwajcaria,2025,9,Jesień,no2,12.526178885630497,10.4,6.3149999999999995,17.65,43.7,682,8.651026392961878,Europa Środkowa
CH,Szwajcaria,2025,9,Jesień,o3,44.42122895622895,43.55,33.625,55.3,92.5,594,0.0,Europa Środkowa
CH,Szwajcaria,2025,9,Jesień,pm10,7.768713365539453,6.78,4.93,10.3,21.1,621,0.0,Europa Środkowa
CH,Szwajcaria,2025,9,Jesień,pm25,2.7180769230769233,2.245,1.4525,3.595,8.52,26,0.0,Europa Środkowa
CH,Szwajcaria,2025,10,Jesień,no2,14.78898721590909,13.149999999999999,8.1025,21.0,41.1,704,15.482954545454545,Europa Środkowa
CH,Szwajcaria,2025,10,Jesień,o3,37.99786991869919,36.9,25.45,52.55,74.4,615,0.0,Europa Środkowa
CH,Szwajcaria,2025,10,Jesień,pm10,10.334525581395349,9.97,4.68,14.4,35.7,645,0.0,Europa Środkowa
CH,Szwajcaria,2025,10,Jesień,pm25,5.805933333333333,4.22,1.5074999999999998,10.2575,12.6,30,0.0,Europa Środkowa
CH,Szwajcaria,2025,11,Jesień,no2,21.59779460269865,21.6,12.3,29.9,56.3,667,38.53073463268366,Europa Środkowa
CH,Szwajcaria,2025,11,Jesień,o3,33.70730375426621,31.95,17.924999999999997,49.075,83.4,586,0.0,Europa Środkowa
CH,Szwajcaria,2025,11,Jesień,pm10,11.200604234527688,9.82,5.87,15.6,31.1,614,0.0,Europa Środkowa
CH,Szwajcaria,2025,11,Jesień,pm25,4.852099999999999,4.62,2.325,6.44,13.5,30,0.0,Europa Środkowa
CH,Szwajcaria,2025,12,Zima,no2,20.792695210449928,20.3,14.2,27.6,48.7,689,32.94629898403483,Europa Środkowa
CH,Szwajcaria,2025,12,Zima,o3,21.37995609348915,17.1,8.75,27.9,80.0,599,0.0,Europa Środkowa
CH,Szwajcaria,2025,12,Zima,pm10,13.659340531561464,13.45,9.18,17.8,34.0,602,0.0,Europa Środkowa
CH,Szwajcaria,2025,12,Zima,pm25,5.452866666666667,5.145,3.615,7.52,10.8,30,0.0,Europa Środkowa
CY,Cypr,2022,1,Zima,no2,28.67806451612903,29.1,25.200000000000003,33.5,47.0,31,74.19354838709677,Europa Południowa
CY,Cypr,2022,1,Zima,o3,44.403225806451616,44.4,33.95,49.15,67.5,31,0.0,Europa Południowa
CY,Cypr,2022,2,Zima,no2,28.16821428571429,29.700000000000003,22.975,32.7,50.4,28,67.85714285714286,Europa Południowa
CY,Cypr,2022,2,Zima,o3,54.800000000000004,54.7,48.825,59.575,80.1,28,0.0,Europa Południowa
CY,Cypr,2022,3,Wiosna,no2,18.373,17.55,10.6,23.675,39.6,30,23.333333333333332,Europa Południowa
CY,Cypr,2022,3,Wiosna,o3,74.26,76.69999999999999,66.25,81.625,93.9,30,0.0,Europa Południowa
CY,Cypr,2022,4,Wiosna,no2,13.526666666666667,11.399999999999999,8.6225,16.475,33.4,30,6.666666666666667,Europa Południowa
CY,Cypr,2022,4,Wiosna,o3,84.97333333333333,83.3,78.125,90.425,115.0,30,16.666666666666664,Europa Południowa
CY,Cypr,2022,5,Wiosna,no2,11.529354838709676,10.6,8.835,13.399999999999999,21.9,31,0.0,Europa Południowa
CY,Cypr,2022,5,Wiosna,o3,88.8225806451613,89.2,83.55000000000001,96.35,107.0,31,12.903225806451612,Europa Południowa
CY,Cypr,2022,6,Lato,no2,7.782666666666667,8.0,5.300000000000001,9.7975,13.2,30,0.0,Europa Południowa
CY,Cypr,2022,6,Lato,o3,88.13666666666667,88.94999999999999,77.64999999999999,96.95,111.0,30,16.666666666666664,Europa Południowa
CY,Cypr,2022,7,Lato,no2,8.161071428571429,8.39,5.8,10.225,13.9,28,0.0,Europa Południowa
CY,Cypr,2022,7,Lato,o3,103.75714285714285,104.0,99.275,107.25,114.0,28,64.28571428571429,Europa Południowa
CY,Cypr,2022,8,Lato,no2,6.123870967741936,5.35,4.72,7.79,11.5,31,0.0,Europa Południowa
CY,Cypr,2022,8,Lato,o3,89.0516129032258,90.2,83.25,95.3,105.0,31,6.451612903225806,Europa Południowa
CY,Cypr,2022,9,Jesień,no2,10.371666666666666,10.32,8.2275,13.075000000000001,18.4,30,0.0,Europa Południowa
CY,Cypr,2022,9,Jesień,o3,84.59666666666666,85.0,78.325,93.92500000000001,105.0,30,10.0,Europa Południowa
CY,Cypr,2022,10,Jesień,no2,15.995555555555555,16.2,11.1,19.799999999999997,32.7,27,7.4074074074074066,Europa Południowa
CY,Cypr,2022,10,Jesień,o3,68.58518518518518,72.7,59.9,77.75,86.9,27,0.0,Europa Południowa
CY,Cypr,2022,11,Jesień,no2,23.615333333333336,23.8,20.174999999999997,28.0,34.6,30,40.0,Europa Południowa
CY,Cypr,2022,11,Jesień,o3,49.580000000000005,47.349999999999994,38.775000000000006,61.025,77.0,30,0.0,Europa Południowa
CY,Cypr,2022,12,Zima,no2,29.502258064516127,31.1,24.65,35.099999999999994,47.1,31,74.19354838709677,Europa Południowa
CY,Cypr,2022,12,Zima,o3,37.44161290322581,36.8,33.25,43.150000000000006,57.2,31,0.0,Europa Południowa
CY,Cypr,2023,1,Zima,no2,31.144444444444442,33.0,24.2,38.1,54.0,27,74.07407407407408,Europa Południowa
CY,Cypr,2023,1,Zima,o3,42.4,42.5,33.400000000000006,50.6,63.1,27,0.0,Europa Południowa
CY,Cypr,2023,2,Zima,no2,21.060000000000002,17.7,13.56,25.2,39.6,4,25.0,Europa Południowa
CY,Cypr,2023,2,Zima,o3,54.8,54.05,49.75,59.1,63.6,4,0.0,Europa Południowa
CY,Cypr,2023,3,Wiosna,no2,13.36175,11.600000000000001,6.0925,18.025,41.3,140,12.857142857142856,Europa Południowa
CY,Cypr,2023,3,Wiosna,o3,68.81714285714285,68.8,59.675,79.35,106.0,140,2.142857142857143,Europa Południowa
CY,Cypr,2023,3,Wiosna,pm10,22.60571428571429,22.3,15.649999999999999,26.825,54.4,112,1.7857142857142856,Europa Południowa
CY,Cypr,2023,3,Wiosna,pm25,10.493979591836736,10.35,6.8525,13.5,23.6,98,15.306122448979592,Europa Południowa
CY,Cypr,2023,4,Wiosna,no2,13.611179487179486,12.0,6.66,19.2,63.0,273,10.256410256410255,Europa Południowa
CY,Cypr,2023,4,Wiosna,o3,80.22877697841726,78.35,70.325,89.9,137.0,278,13.66906474820144,Europa Południowa
CY,Cypr,2023,4,Wiosna,pm10,23.29440909090909,21.55,16.375,28.675,55.5,220,3.6363636363636362,Europa Południowa
CY,Cypr,2023,4,Wiosna,pm25,10.759267015706806,9.93,7.155,12.9,29.8,191,19.895287958115183,Europa Południowa
CY,Cypr,2023,5,Wiosna,no2,12.715571955719557,11.3,6.88,15.649999999999999,49.4,271,8.487084870848708,Europa Południowa
CY,Cypr,2023,5,Wiosna,o3,80.52952029520296,81.0,68.1,91.94999999999999,133.0,271,11.439114391143912,Europa Południowa
CY,Cypr,2023,5,Wiosna,pm10,31.159701492537316,29.6,22.3,36.6,74.1,201,8.955223880597014,Europa Południowa
CY,Cypr,2023,5,Wiosna,pm25,14.239085714285714,13.6,11.4,16.85,36.4,175,34.85714285714286,Europa Południowa
CY,Cypr,2023,6,Lato,no2,11.593212355212355,10.2,6.455,15.350000000000001,61.9,259,5.019305019305019,Europa Południowa
CY,Cypr,2023,6,Lato,o3,84.53243243243244,84.3,74.25,94.9,136.0,259,16.988416988416986,Europa Południowa
CY,Cypr,2023,6,Lato,pm10,29.4345,28.8,23.9,33.75,85.8,200,5.0,Europa Południowa
CY,Cypr,2023,6,Lato,pm25,14.625380116959064,14.2,12.05,17.1,28.3,171,43.27485380116959,Europa Południowa
CY,Cypr,2023,7,Lato,no2,13.938731343283582,12.3,8.06,17.025,64.9,268,11.194029850746269,Europa Południowa
CY,Cypr,2023,7,Lato,o3,87.64428044280443,86.1,75.95,98.44999999999999,141.0,271,23.247232472324722,Europa Południowa
CY,Cypr,2023,7,Lato,pm10,33.04882629107981,33.3,28.0,37.8,68.0,213,6.572769953051644,Europa Południowa
CY,Cypr,2023,7,Lato,pm25,14.542311827956988,14.5,12.1,16.6,26.7,186,45.69892473118279,Europa Południowa
CY,Cypr,2023,8,Lato,no2,11.367586206896553,10.7,6.98,15.0,31.5,261,2.681992337164751,Europa Południowa
CY,Cypr,2023,8,Lato,o3,78.0809885931559,76.4,67.15,88.25,125.0,263,7.984790874524715,Europa Południowa
CY,Cypr,2023,8,Lato,pm10,35.008252427184466,34.75,29.1,39.375,76.0,206,10.194174757281553,Europa Południowa
CY,Cypr,2023,8,Lato,pm25,16.65232044198895,16.6,13.7,19.4,33.9,181,63.53591160220995,Europa Południowa
CY,Cypr,2023,9,Jesień,no2,14.746633333333333,13.1,8.067499999999999,20.424999999999997,41.2,300,15.0,Europa Południowa
CY,Cypr,2023,9,Jesień,o3,78.61833333333334,77.75,66.225,89.625,133.0,300,9.0,Europa Południowa
CY,Cypr,2023,9,Jesień,pm10,32.57322175732217,31.8,26.4,36.9,82.0,239,8.786610878661087,Europa Południowa
CY,Cypr,2023,9,Jesień,pm25,13.319095238095239,13.55,10.0,16.1,22.9,210,35.714285714285715,Europa Południowa
CY,Cypr,2023,10,Jesień,no2,20.36187074829932,16.5,9.2625,28.975,69.3,294,31.97278911564626,Europa Południowa
CY,Cypr,2023,10,Jesień,o3,70.71510067114093,70.35,59.5,82.5,116.0,298,6.0402684563758395,Europa Południowa
CY,Cypr,2023,10,Jesień,pm10,34.600421940928264,29.7,23.7,45.9,74.7,237,25.738396624472575,Europa Południowa
CY,Cypr,2023,10,Jesień,pm25,15.213000000000001,14.4,11.0,18.8,30.3,210,45.714285714285715,Europa Południowa
CY,Cypr,2023,11,Jesień,no2,17.827653333333334,15.9,7.4275,26.8,52.5,300,29.333333333333332,Europa Południowa
CY,Cypr,2023,11,Jesień,o3,54.721,53.75,43.625,65.7,105.0,300,1.3333333333333335,Europa Południowa
CY,Cypr,2023,11,Jesień,pm10,35.99962264150943,32.1,20.775,45.95,89.5,212,25.471698113207548,Europa Południowa
CY,Cypr,2023,11,Jesień,pm25,13.757333333333333,13.3,7.9575000000000005,18.7,33.7,210,39.523809523809526,Europa Południowa
CY,Cypr,2023,12,Zima,no2,21.038953795379538,18.9,7.08,33.45,64.9,303,41.914191419141915,Europa Południowa
CY,Cypr,2023,12,Zima,o3,49.90582524271844,48.6,38.1,61.0,91.2,309,0.0,Europa Południowa
CY,Cypr,2023,12,Zima,pm10,29.042834008097167,25.3,16.950000000000003,38.650000000000006,80.9,247,14.979757085020243,Europa Południowa
CY,Cypr,2023,12,Zima,pm25,14.474018691588785,12.8,8.41,19.075000000000003,39.7,214,42.05607476635514,Europa Południowa
CY,Cypr,2024,1,Zima,no2,17.45696485623003,17.1,6.8,27.2,51.8,313,29.712460063897762,Europa Południowa
CY,Cypr,2024,1,Zima,o3,51.238853503184714,51.25,40.325,61.475,88.0,314,0.0,Europa Południowa
CY,Cypr,2024,1,Zima,pm10,22.3346186440678,19.5,12.0,28.6,88.9,236,5.932203389830509,Europa Południowa
CY,Cypr,2024,1,Zima,pm25,11.787523364485983,10.3,7.0725,15.775,41.3,214,27.570093457943923,Europa Południowa
CY,Cypr,2024,2,Zima,no2,20.383280757097793,20.1,9.02,30.1,66.9,317,40.37854889589905,Europa Południowa
CY,Cypr,2024,2,Zima,o3,56.14059561128526,53.5,44.45,67.0,105.0,319,0.6269592476489028,Europa Południowa
CY,Cypr,2024,2,Zima,pm10,25.9047577092511,23.9,16.1,33.05,82.6,227,7.048458149779736,Europa Południowa
CY,Cypr,2024,2,Zima,pm25,14.31396984924623,12.9,9.905000000000001,17.6,41.4,199,38.69346733668342,Europa Południowa
CY,Cypr,2024,3,Wiosna,no2,15.846863354037266,12.95,6.83,24.375,45.4,322,22.36024844720497,Europa Południowa
CY,Cypr,2024,3,Wiosna,o3,72.80714285714286,72.25,61.125,84.325,116.0,322,2.484472049689441,Europa Południowa
CY,Cypr,2024,3,Wiosna,pm10,26.466666666666665,22.85,17.1,33.075,69.1,240,14.166666666666666,Europa Południowa
CY,Cypr,2024,3,Wiosna,pm25,11.888813559322033,10.55,7.755,14.525,29.1,236,23.728813559322035,Europa Południowa
CY,Cypr,2024,4,Wiosna,no2,16.020545454545452,14.5,8.225000000000001,21.675,54.3,330,18.787878787878785,Europa Południowa
CY,Cypr,2024,4,Wiosna,o3,78.63151515151516,77.4,68.75,87.275,131.0,330,8.484848484848486,Europa Południowa
CY,Cypr,2024,4,Wiosna,pm10,35.792171945701355,31.0,23.6,45.6,97.2,221,27.149321266968325,Europa Południowa
CY,Cypr,2024,4,Wiosna,pm25,15.673791666666666,14.05,10.6,21.0,39.6,240,43.75,Europa Południowa
CY,Cypr,2024,5,Wiosna,no2,11.987947214076247,10.8,7.0,16.2,39.1,341,3.225806451612903,Europa Południowa
CY,Cypr,2024,5,Wiosna,o3,83.9325513196481,82.9,73.7,93.3,139.0,341,13.78299120234604,Europa Południowa
CY,Cypr,2024,5,Wiosna,pm10,32.05,29.299999999999997,22.85,38.075,73.0,238,16.80672268907563,Europa Południowa
CY,Cypr,2024,5,Wiosna,pm25,13.259631147540983,11.45,9.4525,15.8,32.0,244,27.86885245901639,Europa Południowa
CY,Cypr,2024,6,Lato,no2,13.941437308868503,12.4,8.64,16.9,45.0,327,11.314984709480122,Europa Południowa
CY,Cypr,2024,6,Lato,o3,84.5795731707317,84.6,71.5,94.775,140.0,328,15.24390243902439,Europa Południowa
CY,Cypr,2024,6,Lato,pm10,39.21860759493671,38.0,32.8,44.7,83.1,237,23.628691983122362,Europa Południowa
CY,Cypr,2024,6,Lato,pm25,17.104873949579833,16.75,14.4,19.5,31.0,238,67.22689075630252,Europa Południowa
CY,Cypr,2024,7,Lato,no2,12.427888563049853,11.5,8.08,16.6,33.7,341,2.932551319648094,Europa Południowa
CY,Cypr,2024,7,Lato,o3,86.03841642228738,84.2,73.5,98.9,133.0,341,20.821114369501466,Europa Południowa
CY,Cypr,2024,7,Lato,pm10,35.862096774193546,36.2,30.975,41.2,64.0,248,12.903225806451612,Europa Południowa
CY,Cypr,2024,7,Lato,pm25,15.53850806451613,15.6,12.6,18.4,24.6,248,55.64516129032258,Europa Południowa
CY,Cypr,2024,8,Lato,no2,10.79903903903904,10.6,7.0,14.9,31.1,333,0.9009009009009009,Europa Południowa
CY,Cypr,2024,8,Lato,o3,83.50780780780781,82.1,71.7,93.0,132.0,333,14.114114114114114,Europa Południowa
CY,Cypr,2024,8,Lato,pm10,33.17469387755102,32.8,28.8,37.2,60.1,245,5.714285714285714,Europa Południowa
CY,Cypr,2024,8,Lato,pm25,15.046122448979592,15.1,13.1,17.5,23.8,245,50.61224489795918,Europa Południowa
CY,Cypr,2024,9,Jesień,no2,14.169818181818181,13.05,7.7225,19.15,71.8,330,11.515151515151516,Europa Południowa
CY,Cypr,2024,9,Jesień,o3,80.96063636363635,79.65,71.5,89.425,135.0,330,11.212121212121213,Europa Południowa
CY,Cypr,2024,9,Jesień,pm10,30.432916666666664,31.2,25.15,36.6,62.5,240,2.9166666666666665,Europa Południowa
CY,Cypr,2024,9,Jesień,pm25,12.4335375,12.4,9.885,15.425,24.9,240,26.666666666666668,Europa Południowa
CY,Cypr,2024,10,Jesień,no2,18.291745562130178,16.4,6.9625,26.05,66.8,338,26.627218934911244,Europa Południowa
CY,Cypr,2024,10,Jesień,o3,66.26283185840707,66.6,51.2,77.2,116.0,339,5.014749262536873,Europa Południowa
CY,Cypr,2024,10,Jesień,pm10,31.5844262295082,29.7,24.45,35.025,85.9,244,10.245901639344263,Europa Południowa
CY,Cypr,2024,10,Jesień,pm25,11.165447154471543,10.6,8.2225,13.275,31.1,246,13.008130081300814,Europa Południowa
CY,Cypr,2024,11,Jesień,no2,20.242978056426335,19.0,7.41,30.25,60.6,319,38.24451410658307,Europa Południowa
CY,Cypr,2024,11,Jesień,o3,57.08050314465408,55.9,43.625,69.5,109.0,318,1.8867924528301887,Europa Południowa
CY,Cypr,2024,11,Jesień,pm10,28.821218487394958,28.3,19.025,38.425,71.0,238,12.184873949579831,Europa Południowa
CY,Cypr,2024,11,Jesień,pm25,13.2140756302521,12.9,8.727500000000001,17.3,36.9,238,36.134453781512605,Europa Południowa
CY,Cypr,2024,12,Zima,no2,21.42677631578947,20.25,7.619999999999999,33.95,54.1,304,43.42105263157895,Europa Południowa
CY,Cypr,2024,12,Zima,o3,49.89253246753247,49.25,34.1,62.625,117.0,308,0.3246753246753247,Europa Południowa
CY,Cypr,2024,12,Zima,pm10,28.780245901639343,26.25,17.775,39.2,78.6,244,15.983606557377051,Europa Południowa
CY,Cypr,2024,12,Zima,pm25,15.089142857142857,13.7,9.37,19.9,42.0,245,44.08163265306123,Europa Południowa
CY,Cypr,2025,1,Zima,no2,22.518852459016394,21.7,8.19,34.8,55.3,305,43.9344262295082,Europa Południowa
CY,Cypr,2025,1,Zima,o3,56.565695792880256,58.0,41.8,69.9,113.0,309,1.2944983818770228,Europa Południowa
CY,Cypr,2025,1,Zima,pm10,31.250931174089068,30.2,20.85,38.75,82.4,247,17.00404858299595,Europa Południowa
CY,Cypr,2025,1,Zima,pm25,18.396528925619833,17.75,12.4,23.875,41.7,242,61.98347107438017,Europa Południowa
CY,Cypr,2025,2,Zima,no2,18.914229390681,15.8,7.29,29.55,59.8,279,36.200716845878134,Europa Południowa
CY,Cypr,2025,2,Zima,o3,61.4295,61.4,50.650000000000006,72.225,111.0,280,2.5,Europa Południowa
CY,Cypr,2025,2,Zima,pm10,22.619959677419356,20.1,13.225000000000001,29.825,79.7,248,5.64516129032258,Europa Południowa
CY,Cypr,2025,2,Zima,pm25,11.410090909090908,10.45,6.7275,15.6,37.7,220,28.636363636363637,Europa Południowa
CY,Cypr,2025,3,Wiosna,no2,17.702244897959183,14.850000000000001,7.9375,25.8,53.6,294,26.53061224489796,Europa Południowa
CY,Cypr,2025,3,Wiosna,o3,80.18062283737025,77.6,66.4,92.3,146.0,289,16.955017301038062,Europa Południowa
CY,Cypr,2025,3,Wiosna,pm10,30.641259541984734,28.85,19.2,39.4,78.6,262,14.885496183206106,Europa Południowa
CY,Cypr,2025,3,Wiosna,pm25,13.026824034334764,12.6,9.11,16.8,27.9,233,33.90557939914164,Europa Południowa
CY,Cypr,2025,4,Wiosna,no2,12.152173913043478,11.4,6.970000000000001,17.0,34.4,299,5.351170568561873,Europa Południowa
CY,Cypr,2025,4,Wiosna,o3,80.85551839464883,81.9,71.3,90.69999999999999,123.0,299,8.361204013377927,Europa Południowa
CY,Cypr,2025,4,Wiosna,pm10,23.423065134099616,23.0,17.7,28.5,55.3,261,0.7662835249042145,Europa Południowa
CY,Cypr,2025,4,Wiosna,pm25,9.842175732217575,9.35,6.965,11.7,32.3,239,7.949790794979079,Europa Południowa
CY,Cypr,2025,5,Wiosna,no2,12.29205882352941,12.4,6.755,16.55,35.1,306,2.287581699346405,Europa Południowa
CY,Cypr,2025,5,Wiosna,o3,82.1078431372549,81.7,73.4,90.35000000000001,134.0,306,10.130718954248366,Europa Południowa
CY,Cypr,2025,5,Wiosna,pm10,32.13874538745387,31.0,25.200000000000003,38.9,82.7,271,12.546125461254611,Europa Południowa
CY,Cypr,2025,5,Wiosna,pm25,11.72125,11.3,9.112499999999999,13.7,29.5,248,15.725806451612904,Europa Południowa
CY,Cypr,2025,6,Lato,no2,13.240566666666666,12.55,8.4325,17.725,34.7,300,7.000000000000001,Europa Południowa
CY,Cypr,2025,6,Lato,o3,91.57566666666666,89.7,80.5,99.6,141.0,300,23.666666666666668,Europa Południowa
CY,Cypr,2025,6,Lato,pm10,32.5285873605948,32.4,27.3,37.3,97.4,269,4.4609665427509295,Europa Południowa
CY,Cypr,2025,6,Lato,pm25,15.145420168067227,15.2,10.825000000000001,19.0,30.1,238,50.0,Europa Południowa
CY,Cypr,2025,7,Lato,no2,11.858983606557377,11.6,7.89,15.1,30.8,305,4.590163934426229,Europa Południowa
CY,Cypr,2025,7,Lato,o3,82.93672131147541,82.3,70.6,91.7,135.0,305,11.475409836065573,Europa Południowa
CY,Cypr,2025,7,Lato,pm10,34.81423357664234,35.4,30.725,39.95,58.6,274,9.124087591240876,Europa Południowa
CY,Cypr,2025,7,Lato,pm25,14.460123456790123,15.1,11.3,17.55,24.3,243,50.617283950617285,Europa Południowa
CY,Cypr,2025,8,Lato,no2,11.268225806451612,10.55,6.9350000000000005,14.775,40.6,310,4.193548387096775,Europa Południowa
CY,Cypr,2025,8,Lato,o3,83.0890322580645,82.1,72.05,92.625,131.0,310,13.225806451612904,Europa Południowa
CY,Cypr,2025,8,Lato,pm10,36.14064748201439,36.2,31.05,41.3,63.6,278,11.151079136690647,Europa Południowa
CY,Cypr,2025,8,Lato,pm25,14.8048987854251,15.0,12.9,16.6,22.3,247,49.392712550607285,Europa Południowa
CY,Cypr,2025,9,Jesień,no2,13.745633333333332,13.25,7.4675,18.225,38.2,300,10.666666666666668,Europa Południowa
CY,Cypr,2025,9,Jesień,o3,79.02966666666667,76.45,68.6,86.2,127.0,300,8.0,Europa Południowa
CY,Cypr,2025,9,Jesień,pm10,34.68296296296296,34.25,28.924999999999997,39.375,71.1,270,10.37037037037037,Europa Południowa
CY,Cypr,2025,9,Jesień,pm25,12.22,12.7,9.8075,15.1,18.9,240,25.833333333333336,Europa Południowa
CY,Cypr,2025,10,Jesień,no2,15.49874193548387,14.0,6.925,23.075000000000003,44.9,310,20.32258064516129,Europa Południowa
CY,Cypr,2025,10,Jesień,o3,61.62806451612904,60.45,51.4,70.175,109.0,310,1.6129032258064515,Europa Południowa
CY,Cypr,2025,10,Jesień,pm10,23.75551971326165,23.2,18.55,28.1,45.6,279,0.35842293906810035,Europa Południowa
CY,Cypr,2025,10,Jesień,pm25,8.369596774193548,8.26,6.37,10.2,15.6,248,0.8064516129032258,Europa Południowa
CY,Cypr,2025,11,Jesień,no2,20.4874,17.75,7.6425,33.05,58.4,300,38.666666666666664,Europa Południowa
CY,Cypr,2025,11,Jesień,o3,60.734,59.7,46.224999999999994,75.075,107.0,300,1.0,Europa Południowa
CY,Cypr,2025,11,Jesień,pm10,36.116481481481486,34.7,25.9,47.224999999999994,67.4,270,30.0,Europa Południowa
CY,Cypr,2025,11,Jesień,pm25,13.246291666666668,12.7,9.275,16.725,28.1,240,35.833333333333336,Europa Południowa
CY,Cypr,2025,12,Zima,no2,19.8488679245283,15.9,6.6,32.0,51.8,265,37.35849056603773,Europa Południowa
CY,Cypr,2025,12,Zima,o3,51.72259259259259,52.75,37.65,65.55,87.4,270,0.0,Europa Południowa
CY,Cypr,2025,12,Zima,pm10,27.275261044176705,25.0,14.6,37.2,77.8,249,13.654618473895583,Europa Południowa
CY,Cypr,2025,12,Zima,pm25,12.207579908675799,11.2,6.835,16.65,33.5,219,30.136986301369863,Europa Południowa
CZ,Czechy,2022,1,Zima,no2,15.022302006335797,13.1,8.09,20.6,50.0,947,13.305174234424499,Europa Środkowa
CZ,Czechy,2022,1,Zima,o3,46.51456896551724,48.0,34.475,58.425,82.7,812,0.0,Europa Środkowa
CZ,Czechy,2022,1,Zima,pm10,15.112319688109162,12.0,8.7,18.75,72.2,1026,1.949317738791423,Europa Środkowa
CZ,Czechy,2022,1,Zima,pm25,12.232743801652893,9.08,6.62,15.5,50.0,605,26.115702479338843,Europa Środkowa
CZ,Czechy,2022,2,Zima,no2,13.459819059107359,10.3,5.86,17.7,72.4,829,13.027744270205066,Europa Środkowa
CZ,Czechy,2022,2,Zima,o3,58.67772849462366,61.45,50.25,69.7,81.3,744,0.0,Europa Środkowa
CZ,Czechy,2022,2,Zima,pm10,13.390833333333333,10.4,7.545,16.5,56.6,948,0.949367088607595,Europa Środkowa
CZ,Czechy,2022,2,Zima,pm25,10.173697632058287,7.62,5.58,12.3,43.0,549,17.48633879781421,Europa Środkowa
CZ,Czechy,2022,3,Wiosna,no2,20.486225988700568,17.3,10.4,27.1,94.5,885,29.039548022598872,Europa Środkowa
CZ,Czechy,2022,3,Wiosna,o3,64.45617128463476,64.55,49.7,77.7,129.0,794,4.91183879093199,Europa Środkowa
CZ,Czechy,2022,3,Wiosna,pm10,30.107088082901555,27.5,19.9,38.3,71.5,965,14.404145077720207,Europa Środkowa
CZ,Czechy,2022,3,Wiosna,pm25,23.113104693140794,21.05,16.2,29.0,56.4,554,80.86642599277978,Europa Środkowa
CZ,Czechy,2022,4,Wiosna,no2,14.330140692640692,11.5,7.1625,18.125,79.1,924,11.147186147186147,Europa Środkowa
CZ,Czechy,2022,4,Wiosna,o3,70.40049751243781,69.9,61.875,78.1,123.0,804,3.8557213930348255,Europa Środkowa
CZ,Czechy,2022,4,Wiosna,pm10,16.66344149459194,14.9,10.3,21.3,63.3,1017,0.983284169124877,Europa Środkowa
CZ,Czechy,2022,4,Wiosna,pm25,12.457600671140941,11.45,8.2425,15.6,38.4,596,29.194630872483224,Europa Środkowa
CZ,Czechy,2022,5,Wiosna,no2,12.573144058885383,10.4,6.265000000000001,15.5,66.6,951,8.832807570977918,Europa Środkowa
CZ,Czechy,2022,5,Wiosna,o3,77.38609431680774,76.4,67.7,86.25,122.0,827,7.376058041112454,Europa Środkowa
CZ,Czechy,2022,5,Wiosna,pm10,16.544713740458015,15.8,11.4,20.5,53.6,1048,0.38167938931297707,Europa Środkowa
CZ,Czechy,2022,5,Wiosna,pm25,10.771379310344829,10.1,7.18,13.7,34.5,609,17.4055829228243,Europa Środkowa
CZ,Czechy,2022,6,Lato,no2,11.729622437971953,9.19,6.045,13.8,68.7,927,8.30636461704423,Europa Środkowa
CZ,Czechy,2022,6,Lato,o3,77.88919254658386,79.3,67.3,89.2,131.0,805,9.192546583850932,Europa Środkowa
CZ,Czechy,2022,6,Lato,pm10,16.797996070726917,15.5,12.5,19.4,46.3,1018,0.19646365422396855,Europa Środkowa
CZ,Czechy,2022,6,Lato,pm25,11.074147157190636,10.4,8.175,13.075,29.8,598,14.54849498327759,Europa Środkowa
CZ,Czechy,2022,7,Lato,no2,11.001221198156681,8.705,5.327500000000001,13.225,63.6,868,6.682027649769585,Europa Środkowa
CZ,Czechy,2022,7,Lato,o3,75.66679894179894,73.55,59.7,88.3,141.0,756,12.037037037037036,Europa Środkowa
CZ,Czechy,2022,7,Lato,pm10,15.270806451612904,14.1,11.1,18.1,46.9,930,0.10752688172043011,Europa Środkowa
CZ,Czechy,2022,7,Lato,pm25,9.696780575539568,8.875,6.95,12.0,30.8,556,9.712230215827338,Europa Środkowa
CZ,Czechy,2022,8,Lato,no2,12.713238993710693,10.3,6.1049999999999995,16.075000000000003,74.3,954,9.014675052410901,Europa Środkowa
CZ,Czechy,2022,8,Lato,o3,72.6605548854041,70.9,58.0,84.5,146.0,829,10.373944511459591,Europa Środkowa
CZ,Czechy,2022,8,Lato,pm10,17.13729126213592,15.4,12.0,20.5,53.3,1030,0.7766990291262136,Europa Środkowa
CZ,Czechy,2022,8,Lato,pm25,11.007429519071309,10.0,8.065000000000001,13.1,39.8,603,15.091210613598674,Europa Środkowa
CZ,Czechy,2022,9,Jesień,no2,13.229707792207792,11.2,6.7725,17.5,63.5,924,9.740259740259742,Europa Środkowa
CZ,Czechy,2022,9,Jesień,o3,48.024082397003745,47.9,38.1,56.5,101.0,801,0.12484394506866417,Europa Środkowa
CZ,Czechy,2022,9,Jesień,pm10,13.489262536873156,12.2,8.21,17.2,72.7,1017,0.2949852507374631,Europa Środkowa
CZ,Czechy,2022,9,Jesień,pm25,9.143015075376885,8.17,5.91,11.8,33.6,597,9.715242881072026,Europa Środkowa
CZ,Czechy,2022,10,Jesień,no2,15.831952095808383,14.5,9.035,20.3,63.4,835,14.73053892215569,Europa Środkowa
CZ,Czechy,2022,10,Jesień,o3,33.20666201117319,31.75,20.075000000000003,46.9,81.6,716,0.0,Europa Środkowa
CZ,Czechy,2022,10,Jesień,pm10,21.09886338797814,20.2,13.350000000000001,27.05,69.0,915,1.8579234972677594,Europa Środkowa
CZ,Czechy,2022,10,Jesień,pm25,13.63807763401109,12.6,8.92,17.6,36.0,541,38.632162661737524,Europa Środkowa
CZ,Czechy,2022,11,Jesień,no2,18.53813852813853,17.2,12.375,23.6,61.6,924,20.77922077922078,Europa Środkowa
CZ,Czechy,2022,11,Jesień,o3,25.104168797953964,21.45,11.825000000000001,34.925,97.2,782,0.0,Europa Środkowa
CZ,Czechy,2022,11,Jesień,pm10,23.108488253319713,21.7,15.649999999999999,28.700000000000003,73.5,979,4.290091930541369,Europa Środkowa
CZ,Czechy,2022,11,Jesień,pm25,18.563198594024602,16.6,12.2,23.0,53.2,569,60.105448154657296,Europa Środkowa
CZ,Czechy,2022,12,Zima,no2,19.00173866090713,17.45,10.9,25.3,62.4,926,25.80993520518359,Europa Środkowa
CZ,Czechy,2022,12,Zima,o3,31.133165024630543,29.6,17.875,44.324999999999996,78.7,812,0.0,Europa Środkowa
CZ,Czechy,2022,12,Zima,pm10,23.002358870967743,19.2,11.8,31.75,73.0,992,9.173387096774194,Europa Środkowa
CZ,Czechy,2022,12,Zima,pm25,18.395859519408504,16.3,9.63,25.5,57.4,541,52.865064695009245,Europa Środkowa
CZ,Czechy,2023,1,Zima,no2,15.240761789600969,13.8,8.41,20.0,49.3,827,12.4546553808948,Europa Środkowa
CZ,Czechy,2023,1,Zima,o3,40.44490909090909,42.8,27.65,52.55,73.5,715,0.0,Europa Środkowa
CZ,Czechy,2023,1,Zima,pm10,15.184066298342541,13.4,9.5,19.4,62.0,905,0.44198895027624313,Europa Środkowa
CZ,Czechy,2023,1,Zima,pm25,12.681273764258556,11.3,7.39,16.2,55.0,526,28.89733840304182,Europa Środkowa
CZ,Czechy,2023,2,Zima,no2,17.34689655172414,15.649999999999999,7.25,23.45,55.5,116,21.551724137931032,Europa Środkowa
CZ,Czechy,2023,2,Zima,o3,44.32673913043478,45.2,22.25,69.47500000000001,94.6,92,0.0,Europa Środkowa
CZ,Czechy,2023,2,Zima,pm10,23.032698412698412,23.4,7.7,34.525,58.2,126,8.73015873015873,Europa Środkowa
CZ,Czechy,2023,2,Zima,pm25,18.224999999999998,18.25,9.912500000000001,25.575,41.5,66,60.60606060606061,Europa Środkowa
CZ,Czechy,2023,3,Wiosna,no2,14.243076923076922,11.9,6.74,18.9,63.4,429,13.053613053613052,Europa Środkowa
CZ,Czechy,2023,3,Wiosna,o3,59.35434782608696,63.1,47.95,71.8,95.9,368,0.0,Europa Środkowa
CZ,Czechy,2023,3,Wiosna,pm10,15.236659528907923,11.8,7.245,19.15,67.1,467,2.569593147751606,Europa Środkowa
CZ,Czechy,2023,3,Wiosna,pm25,11.367463235294117,8.665,5.5825,14.175,43.8,272,23.161764705882355,Europa Środkowa
CZ,Czechy,2023,4,Wiosna,no2,13.745189309576837,10.9,6.692500000000001,16.675,89.5,898,11.469933184855234,Europa Środkowa
CZ,Czechy,2023,4,Wiosna,o3,64.49306803594351,64.4,52.6,76.15,122.0,779,1.2836970474967908,Europa Środkowa
CZ,Czechy,2023,4,Wiosna,pm10,17.510793489318413,15.8,11.0,22.15,59.0,983,0.9155645981688708,Europa Środkowa
CZ,Czechy,2023,4,Wiosna,pm25,13.72892361111111,12.3,8.575,16.924999999999997,49.0,576,33.33333333333333,Europa Środkowa
CZ,Czechy,2023,5,Wiosna,no2,11.239732408325073,8.87,5.76,13.2,64.5,1009,7.234886025768088,Europa Środkowa
CZ,Czechy,2023,5,Wiosna,o3,74.89053905390539,74.2,65.7,83.6,118.0,909,4.62046204620462,Europa Środkowa
CZ,Czechy,2023,5,Wiosna,pm10,16.501789109766637,15.9,12.8,19.5,58.2,1157,0.17286084701815038,Europa Środkowa
CZ,Czechy,2023,5,Wiosna,pm25,11.296127659574468,10.6,8.65,13.2,35.1,705,14.609929078014183,Europa Środkowa
CZ,Czechy,2023,6,Lato,no2,11.081425682507584,8.62,5.09,13.5,57.0,989,7.886754297269969,Europa Środkowa
CZ,Czechy,2023,6,Lato,o3,78.90947603121516,78.3,69.0,87.6,133.0,897,8.918617614269788,Europa Środkowa
CZ,Czechy,2023,6,Lato,pm10,16.972697715289982,16.1,13.4,19.9,51.3,1138,0.08787346221441124,Europa Środkowa
CZ,Czechy,2023,6,Lato,pm25,11.542715877437326,11.0,8.9625,13.5,36.2,718,16.434540389972145,Europa Środkowa
CZ,Czechy,2023,7,Lato,no2,9.853899033297528,8.13,5.155,11.8,67.8,931,4.833512352309345,Europa Środkowa
CZ,Czechy,2023,7,Lato,o3,77.20132052821128,76.0,63.8,89.4,135.0,833,9.843937575030012,Europa Środkowa
CZ,Czechy,2023,7,Lato,pm10,13.798470149253731,13.350000000000001,9.9575,16.5,57.9,1072,0.2798507462686567,Europa Środkowa
CZ,Czechy,2023,7,Lato,pm25,9.240294550810015,8.79,6.475,11.2,38.2,679,7.511045655375552,Europa Środkowa
CZ,Czechy,2023,8,Lato,no2,10.97080967402734,8.89,5.38,13.55,63.8,951,6.624605678233439,Europa Środkowa
CZ,Czechy,2023,8,Lato,o3,68.97453917050692,65.8,56.9,79.42500000000001,126.0,868,5.76036866359447,Europa Środkowa
CZ,Czechy,2023,8,Lato,pm10,14.805776566757492,13.7,8.35,20.7,39.2,1101,0.0,Europa Środkowa
CZ,Czechy,2023,8,Lato,pm25,9.660057553956834,8.41,5.390000000000001,13.6,27.6,695,15.251798561151078,Europa Środkowa
CZ,Czechy,2023,9,Jesień,no2,14.715015228426397,12.0,6.84,18.9,69.1,985,14.619289340101524,Europa Środkowa
CZ,Czechy,2023,9,Jesień,o3,64.08217488789238,60.95,49.8,74.825,144.0,892,5.829596412556054,Europa Środkowa
CZ,Czechy,2023,9,Jesień,pm10,17.474295774647885,16.1,11.2,22.6,48.9,1136,0.17605633802816903,Europa Środkowa
CZ,Czechy,2023,9,Jesień,pm25,11.464603616133518,10.3,7.48,14.9,29.6,719,23.36578581363004,Europa Środkowa
CZ,Czechy,2023,10,Jesień,no2,14.852724520686175,13.1,7.8149999999999995,19.7,53.8,991,13.6226034308779,Europa Środkowa
CZ,Czechy,2023,10,Jesień,o3,45.344024526198446,46.8,34.2,57.0,91.8,897,0.0,Europa Środkowa
CZ,Czechy,2023,10,Jesień,pm10,15.563071553228621,13.3,9.8025,19.5,54.1,1146,0.8726003490401396,Europa Środkowa
CZ,Czechy,2023,10,Jesień,pm25,10.322367346938774,8.76,6.529999999999999,12.4,45.0,735,14.829931972789115,Europa Środkowa
CZ,Czechy,2023,11,Jesień,no2,14.118156779661017,11.9,7.265000000000001,18.825,55.8,944,11.970338983050848,Europa Środkowa
CZ,Czechy,2023,11,Jesień,o3,41.93435185185185,43.5,32.1,52.8,72.6,864,0.0,Europa Środkowa
CZ,Czechy,2023,11,Jesień,pm10,11.623638838475499,10.0,7.032500000000001,13.7,55.0,1102,0.8166969147005444,Europa Środkowa
CZ,Czechy,2023,11,Jesień,pm25,9.165211267605635,7.75,5.3725000000000005,11.075,38.7,710,11.690140845070422,Europa Środkowa
CZ,Czechy,2023,12,Zima,no2,16.218268625393495,14.0,7.42,22.9,63.0,953,19.097586568730325,Europa Środkowa
CZ,Czechy,2023,12,Zima,o3,40.93072072072072,41.25,26.375,57.0,82.2,888,0.0,Europa Środkowa
CZ,Czechy,2023,12,Zima,pm10,15.785212669683258,13.0,7.05,21.5,66.3,1105,2.3529411764705883,Europa Środkowa
CZ,Czechy,2023,12,Zima,pm25,13.412215827338128,10.8,6.085,18.7,57.2,695,35.25179856115108,Europa Środkowa
CZ,Czechy,2024,1,Zima,no2,17.32682008368201,14.1,7.96,24.025,63.1,956,23.221757322175733,Europa Środkowa
CZ,Czechy,2024,1,Zima,o3,45.23931383577053,48.4,29.8,60.6,86.0,889,0.0,Europa Środkowa
CZ,Czechy,2024,1,Zima,pm10,19.367760223048325,15.3,9.684999999999999,26.4,73.8,1076,5.947955390334572,Europa Środkowa
CZ,Czechy,2024,1,Zima,pm25,15.479883040935672,12.25,7.78,21.8,50.3,684,40.78947368421053,Europa Środkowa
CZ,Czechy,2024,2,Zima,no2,14.741391982182629,12.4,7.12,19.575000000000003,57.0,898,14.365256124721604,Europa Środkowa
CZ,Czechy,2024,2,Zima,o3,45.92007490636705,49.8,34.2,58.3,80.2,801,0.0,Europa Środkowa
CZ,Czechy,2024,2,Zima,pm10,15.774100096246391,12.7,7.65,21.15,62.3,1039,2.1174205967276225,Europa Środkowa
CZ,Czechy,2024,2,Zima,pm25,11.404740634005764,8.785,5.33,15.8,47.1,694,27.6657060518732,Europa Środkowa
CZ,Czechy,2024,3,Wiosna,no2,13.749302325581395,10.7,6.7,18.0,62.1,645,11.782945736434108,Europa Środkowa
CZ,Czechy,2024,3,Wiosna,o3,55.30652557319224,56.1,45.25,69.05,87.1,567,0.0,Europa Środkowa
CZ,Czechy,2024,3,Wiosna,pm10,20.582269288956127,19.2,10.2,28.3,64.1,661,3.7821482602118004,Europa Środkowa
CZ,Czechy,2024,3,Wiosna,pm25,16.79826804123711,15.8,7.61,23.5,51.3,485,52.164948453608254,Europa Środkowa
CZ,Czechy,2024,4,Wiosna,no2,11.865978494623656,9.54,5.77,15.075,63.3,930,8.172043010752688,Europa Środkowa
CZ,Czechy,2024,4,Wiosna,o3,71.03154761904761,70.0,61.475,79.2,122.0,840,3.571428571428571,Europa Środkowa
CZ,Czechy,2024,4,Wiosna,pm10,13.616629629629628,11.9,8.48,16.9,62.2,1080,0.3703703703703704,Europa Środkowa
CZ,Czechy,2024,4,Wiosna,pm25,8.655994436717663,8.05,5.609999999999999,11.05,30.2,719,7.093184979137692,Europa Środkowa
CZ,Czechy,2024,5,Wiosna,no2,11.21580375782881,8.79,5.6049999999999995,13.9,57.4,958,8.24634655532359,Europa Środkowa
CZ,Czechy,2024,5,Wiosna,o3,69.94308755760369,68.9,58.1,81.725,115.0,868,3.110599078341014,Europa Środkowa
CZ,Czechy,2024,5,Wiosna,pm10,13.191018348623853,12.7,9.895,15.9,49.1,1090,0.09174311926605505,Europa Środkowa
CZ,Czechy,2024,5,Wiosna,pm25,8.152943548387096,7.83,5.87,10.1,27.1,744,2.4193548387096775,Europa Środkowa
CZ,Czechy,2024,6,Lato,no2,8.797387096774195,6.895,4.3725000000000005,11.0,41.9,310,3.5483870967741935,Europa Środkowa
CZ,Czechy,2024,6,Lato,o3,68.55179856115109,68.1,58.7,77.75,106.0,278,1.4388489208633095,Europa Środkowa
CZ,Czechy,2024,6,Lato,pm10,15.006994382022471,14.75,12.674999999999999,17.0,43.7,356,0.0,Europa Środkowa
CZ,Czechy,2024,6,Lato,pm25,9.657333333333334,9.625,7.8025,11.575,20.9,240,4.166666666666666,Europa Środkowa
CZ,Czechy,2024,7,Lato,no2,9.431774530271397,6.865,4.575,11.174999999999999,55.7,958,6.263048016701461,Europa Środkowa
CZ,Czechy,2024,7,Lato,o3,72.08714953271028,69.1,61.1,82.325,128.0,856,6.5420560747663545,Europa Środkowa
CZ,Czechy,2024,7,Lato,pm10,14.685135135135136,13.2,10.3,18.1,63.7,1110,0.09009009009009009,Europa Środkowa
CZ,Czechy,2024,7,Lato,pm25,9.428131868131869,8.175,6.03,12.0,26.3,728,12.087912087912088,Europa Środkowa
CZ,Czechy,2024,8,Lato,no2,11.836989010989011,8.54,5.29,14.9,70.6,455,9.89010989010989,Europa Środkowa
CZ,Czechy,2024,8,Lato,o3,70.29256594724221,70.0,57.5,83.8,140.0,417,11.031175059952037,Europa Środkowa
CZ,Czechy,2024,8,Lato,pm10,17.865613382899628,15.9,11.3,22.25,59.4,538,1.1152416356877324,Europa Środkowa
CZ,Czechy,2024,8,Lato,pm25,12.303276353276352,11.2,7.3149999999999995,15.850000000000001,33.6,351,29.629629629629626,Europa Środkowa
CZ,Czechy,2024,9,Jesień,no2,13.054304783092325,10.1,5.715,17.0,91.2,899,11.012235817575084,Europa Środkowa
CZ,Czechy,2024,9,Jesień,o3,66.10370828182943,63.8,51.6,78.2,134.0,809,7.416563658838071,Europa Środkowa
CZ,Czechy,2024,9,Jesień,pm10,18.866833013435702,17.1,7.692500000000001,28.275,61.3,1042,2.8790786948176583,Europa Środkowa
CZ,Czechy,2024,9,Jesień,pm25,12.107089337175791,10.55,4.97,17.9,39.1,694,34.5821325648415,Europa Środkowa
CZ,Czechy,2024,10,Jesień,no2,14.3409167544784,12.3,7.54,18.7,54.9,949,11.801896733403582,Europa Środkowa
CZ,Czechy,2024,10,Jesień,o3,37.08836320191159,36.7,25.0,49.1,81.2,837,0.0,Europa Środkowa
CZ,Czechy,2024,10,Jesień,pm10,18.83885662431942,16.6,11.5,24.1,59.8,1102,1.8148820326678767,Europa Środkowa
CZ,Czechy,2024,10,Jesień,pm25,12.656891891891892,10.8,7.172499999999999,16.625,42.1,740,30.405405405405407,Europa Środkowa
CZ,Czechy,2024,11,Jesień,no2,16.48326818675353,15.1,9.62,21.6,51.7,921,16.720955483170467,Europa Środkowa
CZ,Czechy,2024,11,Jesień,o3,32.91087216248507,34.5,16.6,47.5,89.5,837,0.0,Europa Środkowa
CZ,Czechy,2024,11,Jesień,pm10,21.039866539561487,17.5,10.2,29.9,72.8,1049,6.3870352716873215,Europa Środkowa
CZ,Czechy,2024,11,Jesień,pm25,15.718313953488373,13.3,7.6775,22.3,51.5,688,44.622093023255815,Europa Środkowa
CZ,Czechy,2024,12,Zima,no2,15.624568421052631,14.05,8.7925,20.6,47.4,950,16.210526315789473,Europa Środkowa
CZ,Czechy,2024,12,Zima,o3,34.753682983682985,35.0,19.3,49.5,92.4,858,0.0,Europa Środkowa
CZ,Czechy,2024,12,Zima,pm10,17.367486136783732,14.4,8.25,22.15,70.3,1082,3.512014787430684,Europa Środkowa
CZ,Czechy,2024,12,Zima,pm25,13.881485714285715,11.7,6.5075,18.325,56.9,700,36.142857142857146,Europa Środkowa
CZ,Czechy,2025,1,Zima,no2,14.011716247139589,11.8,6.17,19.2,62.2,437,14.416475972540047,Europa Środkowa
CZ,Czechy,2025,1,Zima,o3,44.233218954248365,47.650000000000006,29.45,59.525,94.0,612,0.0,Europa Środkowa
CZ,Czechy,2025,1,Zima,pm10,14.818790613718413,11.45,7.23,20.2,58.0,554,1.6245487364620936,Europa Środkowa
CZ,Czechy,2025,1,Zima,pm25,12.326447368421052,10.2,5.775,17.5,43.6,456,32.01754385964912,Europa Środkowa
CZ,Czechy,2025,2,Zima,no2,19.427530864197532,19.4,10.5,26.3,49.2,81,32.098765432098766,Europa Środkowa
CZ,Czechy,2025,2,Zima,o3,42.7778021978022,45.1,30.7,56.0,80.1,91,0.0,Europa Środkowa
CZ,Czechy,2025,2,Zima,pm10,34.336690647482015,33.2,25.9,41.7,70.4,139,19.424460431654676,Europa Środkowa
CZ,Czechy,2025,2,Zima,pm25,28.1588,27.8,21.0,35.3,52.6,125,89.60000000000001,Europa Środkowa
CZ,Czechy,2025,3,Wiosna,no2,15.998196721311475,12.1,9.0,19.3,44.1,61,16.39344262295082,Europa Środkowa
CZ,Czechy,2025,3,Wiosna,o3,59.324999999999996,58.75,50.225,68.75,100.0,92,0.0,Europa Środkowa
CZ,Czechy,2025,3,Wiosna,pm10,27.003852459016393,25.299999999999997,17.6,36.175000000000004,60.1,122,9.836065573770492,Europa Środkowa
CZ,Czechy,2025,3,Wiosna,pm25,22.10678082191781,21.950000000000003,14.025,29.675,46.4,146,71.23287671232876,Europa Środkowa
CZ,Czechy,2025,4,Wiosna,no2,10.14,8.68,5.859999999999999,13.3,27.7,59,1.694915254237288,Europa Środkowa
CZ,Czechy,2025,4,Wiosna,o3,70.59888888888888,70.1,60.15,81.85,126.0,90,2.2222222222222223,Europa Środkowa
CZ,Czechy,2025,4,Wiosna,pm10,15.858666666666666,15.5,11.375,19.225,34.3,120,0.0,Europa Środkowa
CZ,Czechy,2025,4,Wiosna,pm25,11.306799999999999,10.55,7.71,13.975,31.2,150,22.0,Europa Środkowa
CZ,Czechy,2025,5,Wiosna,no2,9.060333333333334,7.3,5.415,12.5,22.8,60,0.0,Europa Środkowa
CZ,Czechy,2025,5,Wiosna,o3,72.39333333333333,71.55,64.1,80.475,106.0,90,1.1111111111111112,Europa Środkowa
CZ,Czechy,2025,5,Wiosna,pm10,11.792,11.850000000000001,8.6825,14.15,23.8,120,0.0,Europa Środkowa
CZ,Czechy,2025,5,Wiosna,pm25,8.0832,7.89,5.67,10.075,18.2,150,4.0,Europa Środkowa
CZ,Czechy,2025,6,Lato,no2,7.274333333333333,5.625,3.6750000000000003,10.4,18.4,60,0.0,Europa Środkowa
CZ,Czechy,2025,6,Lato,o3,75.13974358974359,77.75,67.925,84.2,109.0,78,3.8461538461538463,Europa Środkowa
CZ,Czechy,2025,6,Lato,pm10,13.432083333333333,12.4,10.4,15.725,29.1,120,0.0,Europa Środkowa
CZ,Czechy,2025,6,Lato,pm25,8.695771812080537,7.91,5.89,10.7,29.1,149,6.0402684563758395,Europa Środkowa
CZ,Czechy,2025,7,Lato,no2,7.206333333333333,5.355,2.52,11.65,22.5,60,0.0,Europa Środkowa
CZ,Czechy,2025,7,Lato,o3,71.05054945054945,67.3,60.15,81.4,116.0,91,6.593406593406594,Europa Środkowa
CZ,Czechy,2025,7,Lato,pm10,12.873524590163933,12.3,9.715,15.075,32.7,122,0.0,Europa Środkowa
CZ,Czechy,2025,7,Lato,pm25,7.884575163398693,7.43,5.8,9.53,20.3,153,3.2679738562091507,Europa Środkowa
CZ,Czechy,2025,8,Lato,no2,9.373833333333332,7.205,4.075,13.2,33.4,60,3.3333333333333335,Europa Środkowa
CZ,Czechy,2025,8,Lato,o3,73.83978494623656,71.1,60.7,87.4,125.0,93,8.60215053763441,Europa Środkowa
CZ,Czechy,2025,8,Lato,pm10,16.93024193548387,15.4,10.775,21.7,33.7,124,0.0,Europa Środkowa
CZ,Czechy,2025,8,Lato,pm25,10.218451612903225,8.73,5.994999999999999,12.9,49.1,155,18.064516129032256,Europa Środkowa
CZ,Czechy,2025,9,Jesień,no2,9.862833333333333,7.915,5.14,14.299999999999999,25.3,60,1.6666666666666667,Europa Środkowa
CZ,Czechy,2025,9,Jesień,o3,50.412222222222226,51.6,41.025,60.05,83.2,90,0.0,Europa Środkowa
CZ,Czechy,2025,9,Jesień,pm10,13.0805,12.5,9.487499999999999,15.5,30.2,120,0.0,Europa Środkowa
CZ,Czechy,2025,9,Jesień,pm25,8.1744,7.43,5.515,10.35,24.7,150,5.333333333333334,Europa Środkowa
CZ,Czechy,2025,10,Jesień,no2,9.961206896551724,7.14,4.3999999999999995,16.125,31.1,58,5.172413793103448,Europa Środkowa
CZ,Czechy,2025,10,Jesień,o3,43.08741935483871,47.2,31.3,56.2,65.0,93,0.0,Europa Środkowa
CZ,Czechy,2025,10,Jesień,pm10,12.881451612903225,10.05,7.095,17.55,39.3,124,0.0,Europa Środkowa
CZ,Czechy,2025,10,Jesień,pm25,9.076258064516129,7.6,4.41,12.2,33.2,155,15.483870967741936,Europa Środkowa
CZ,Czechy,2025,11,Jesień,no2,15.903333333333334,13.8,8.7775,22.5,39.6,60,18.333333333333332,Europa Środkowa
CZ,Czechy,2025,11,Jesień,o3,24.793820224719102,22.5,10.9,36.8,59.5,89,0.0,Europa Środkowa
CZ,Czechy,2025,11,Jesień,pm10,21.568319327731093,20.4,13.95,26.65,61.8,119,3.361344537815126,Europa Środkowa
CZ,Czechy,2025,11,Jesień,pm25,17.60226666666667,16.25,10.975,21.75,48.7,150,54.0,Europa Środkowa
CZ,Czechy,2025,12,Zima,no2,14.182033898305084,11.9,7.66,18.65,36.5,59,8.47457627118644,Europa Środkowa
CZ,Czechy,2025,12,Zima,o3,23.87011111111111,19.200000000000003,8.045,35.125,65.7,90,0.0,Europa Środkowa
CZ,Czechy,2025,12,Zima,pm10,19.16406779661017,16.700000000000003,11.2,24.55,65.0,118,2.5423728813559325,Europa Środkowa
CZ,Czechy,2025,12,Zima,pm25,15.011597222222223,14.4,8.5475,19.025,47.4,144,45.13888888888889,Europa Środkowa
DE,Niemcy,2022,1,Zima,no2,13.921803493449781,12.05,7.8149999999999995,18.075000000000003,47.5,458,11.135371179039302,Europa Środkowa
DE,Niemcy,2022,1,Zima,o3,42.46995555555556,46.5,28.2,57.7,85.8,225,0.0,Europa Środkowa
DE,Niemcy,2022,1,Zima,pm10,14.22223642172524,11.9,8.04,18.8,51.4,313,0.6389776357827476,Europa Środkowa
DE,Niemcy,2022,1,Zima,pm25,9.706415625,8.115,5.155,13.25,31.5,320,17.8125,Europa Środkowa
DE,Niemcy,2022,2,Zima,no2,11.644899297423889,8.0,4.42,16.4,61.5,427,11.00702576112412,Europa Środkowa
DE,Niemcy,2022,2,Zima,o3,54.649904306220094,59.8,42.3,71.6,90.6,209,0.0,Europa Środkowa
DE,Niemcy,2022,2,Zima,pm10,11.627770034843206,10.1,6.54,15.9,47.3,287,0.34843205574912894,Europa Środkowa
DE,Niemcy,2022,2,Zima,pm25,6.835463333333334,6.05,3.6325000000000003,9.5475,19.9,300,4.0,Europa Środkowa
DE,Niemcy,2022,3,Wiosna,no2,19.2701766004415,14.3,9.02,26.0,77.4,453,26.71081677704194,Europa Środkowa
DE,Niemcy,2022,3,Wiosna,o3,47.303551020408165,47.3,31.4,65.8,105.0,245,0.40816326530612246,Europa Środkowa
DE,Niemcy,2022,3,Wiosna,pm10,22.934607843137254,21.4,16.95,28.3,50.7,306,3.9215686274509802,Europa Środkowa
DE,Niemcy,2022,3,Wiosna,pm25,16.242776025236594,16.0,11.7,21.0,35.8,317,54.57413249211357,Europa Środkowa
DE,Niemcy,2022,4,Wiosna,no2,14.58914498141264,10.850000000000001,7.0525,18.125,74.9,538,14.869888475836431,Europa Środkowa
DE,Niemcy,2022,4,Wiosna,o3,53.55053511705686,55.4,41.1,69.25,90.0,299,0.0,Europa Środkowa
DE,Niemcy,2022,4,Wiosna,pm10,14.146274509803922,12.9,9.23,18.0,45.9,357,0.2801120448179272,Europa Środkowa
DE,Niemcy,2022,4,Wiosna,pm25,10.212330749354006,8.97,6.18,13.4,33.1,387,16.795865633074936,Europa Środkowa
DE,Niemcy,2022,5,Wiosna,no2,14.958393881453155,12.1,6.805,20.15,55.4,523,17.01720841300191,Europa Środkowa
DE,Niemcy,2022,5,Wiosna,o3,47.45760135135136,48.849999999999994,32.075,60.824999999999996,113.0,296,1.0135135135135136,Europa Środkowa
DE,Niemcy,2022,5,Wiosna,pm10,15.002651933701658,14.25,9.985,18.6,42.7,362,0.0,Europa Środkowa
DE,Niemcy,2022,5,Wiosna,pm25,9.650079787234041,8.71,6.2425,12.625,28.8,376,14.893617021276595,Europa Środkowa
DE,Niemcy,2022,6,Lato,no2,13.53969074074074,10.25,6.6450000000000005,18.1,53.7,540,12.037037037037036,Europa Środkowa
DE,Niemcy,2022,6,Lato,o3,50.3764705882353,50.650000000000006,33.325,66.75,120.0,306,2.287581699346405,Europa Środkowa
DE,Niemcy,2022,6,Lato,pm10,14.541961852861034,13.0,9.8,18.4,40.8,367,0.0,Europa Środkowa
DE,Niemcy,2022,6,Lato,pm25,9.795894601542416,8.9,6.21,12.5,32.2,389,14.395886889460154,Europa Środkowa
DE,Niemcy,2022,7,Lato,no2,13.945192139737992,10.5,6.535,19.775,60.4,458,13.100436681222707,Europa Środkowa
DE,Niemcy,2022,7,Lato,o3,49.67590322580645,50.099999999999994,33.85,62.8,126.0,248,2.4193548387096775,Europa Środkowa
DE,Niemcy,2022,7,Lato,pm10,13.868766233766234,13.25,8.545,18.2,40.6,308,0.0,Europa Środkowa
DE,Niemcy,2022,7,Lato,pm25,8.526791277258567,7.85,5.12,10.9,32.0,321,8.411214953271028,Europa Środkowa
DE,Niemcy,2022,8,Lato,no2,14.843330033003301,12.25,7.692500000000001,19.5,72.1,606,12.871287128712872,Europa Środkowa
DE,Niemcy,2022,8,Lato,o3,54.17097791798108,54.6,39.1,66.1,135.0,317,1.8927444794952681,Europa Środkowa
DE,Niemcy,2022,8,Lato,pm10,16.20073113207547,15.55,11.674999999999999,20.424999999999997,40.3,424,0.0,Europa Środkowa
DE,Niemcy,2022,8,Lato,pm25,10.209542168674698,9.66,6.875,12.9,25.0,415,14.93975903614458,Europa Środkowa
DE,Niemcy,2022,9,Jesień,no2,14.483479087452473,11.0,6.7775,19.775,63.6,526,16.34980988593156,Europa Środkowa
DE,Niemcy,2022,9,Jesień,o3,35.02366911764706,34.6,16.525000000000002,50.425,96.2,272,0.0,Europa Środkowa
DE,Niemcy,2022,9,Jesień,pm10,13.38121037463977,12.0,8.280000000000001,17.55,50.2,347,0.2881844380403458,Europa Środkowa
DE,Niemcy,2022,9,Jesień,pm25,8.12935393258427,6.975,4.505,10.6,34.6,356,10.393258426966293,Europa Środkowa
DE,Niemcy,2022,10,Jesień,no2,15.60376119402985,13.6,8.47,21.4,46.1,469,16.204690831556505,Europa Środkowa
DE,Niemcy,2022,10,Jesień,o3,19.681289361702127,16.7,4.62,31.25,76.2,235,0.0,Europa Środkowa
DE,Niemcy,2022,10,Jesień,pm10,15.788707482993198,14.8,10.425,20.0,44.1,294,0.0,Europa Środkowa
DE,Niemcy,2022,10,Jesień,pm25,9.50496875,8.815000000000001,5.5975,12.0,31.4,320,14.6875,Europa Środkowa
DE,Niemcy,2022,11,Jesień,no2,17.168531732418526,15.8,10.2,23.05,50.1,583,19.897084048027445,Europa Środkowa
DE,Niemcy,2022,11,Jesień,o3,20.112138297872338,16.5,3.4925,32.075,78.8,282,0.0,Europa Środkowa
DE,Niemcy,2022,11,Jesień,pm10,18.001377171215882,16.9,10.45,23.15,46.1,403,0.7444168734491315,Europa Środkowa
DE,Niemcy,2022,11,Jesień,pm25,12.158467700258399,10.7,6.025,16.35,33.3,387,31.007751937984494,Europa Środkowa
DE,Niemcy,2022,12,Zima,no2,18.165303234501348,15.4,8.9925,24.875,65.7,742,24.797843665768195,Europa Środkowa
DE,Niemcy,2022,12,Zima,o3,28.10147,26.95,7.3975,44.3,85.0,400,0.0,Europa Środkowa
DE,Niemcy,2022,12,Zima,pm10,17.686308108108108,15.5,8.73,24.700000000000003,56.2,555,2.5225225225225225,Europa Środkowa
DE,Niemcy,2022,12,Zima,pm25,13.119744510978045,12.4,5.67,19.0,36.4,501,38.72255489021956,Europa Środkowa
DE,Niemcy,2023,1,Zima,no2,13.371814029363785,10.6,6.16,18.1,51.4,613,12.561174551386623,Europa Środkowa
DE,Niemcy,2023,1,Zima,o3,40.01483987915408,39.8,26.35,55.05,78.1,331,0.0,Europa Środkowa
DE,Niemcy,2023,1,Zima,pm10,13.081522633744855,12.0,6.9174999999999995,17.475,51.5,486,0.411522633744856,Europa Środkowa
DE,Niemcy,2023,1,Zima,pm25,9.413752886836027,8.0,4.61,13.8,31.5,433,19.168591224018474,Europa Środkowa
DE,Niemcy,2023,2,Zima,no2,21.213536231884056,18.6,8.7925,33.875,65.4,138,37.68115942028986,Europa Środkowa
DE,Niemcy,2023,2,Zima,o3,34.88324358974359,26.1,8.469999999999999,63.625,100.0,78,0.0,Europa Środkowa
DE,Niemcy,2023,2,Zima,pm10,23.96043859649123,25.15,16.175,31.875,52.7,114,3.508771929824561,Europa Środkowa
DE,Niemcy,2023,2,Zima,pm25,16.79621052631579,17.8,9.265,22.9,32.6,95,60.0,Europa Środkowa
DE,Niemcy,2023,3,Wiosna,no2,14.875035714285714,12.0,6.5525,20.125,60.4,504,16.865079365079367,Europa Środkowa
DE,Niemcy,2023,3,Wiosna,o3,60.5927536231884,61.65,52.275,71.225,85.4,276,0.0,Europa Środkowa
DE,Niemcy,2023,3,Wiosna,pm10,11.37027093596059,10.6,7.3325,14.6,32.1,406,0.0,Europa Środkowa
DE,Niemcy,2023,3,Wiosna,pm25,7.161313432835821,5.98,4.119999999999999,9.385000000000002,22.9,335,6.26865671641791,Europa Środkowa
DE,Niemcy,2023,4,Wiosna,no2,15.356264169068202,11.9,7.52,19.9,78.1,1041,16.42651296829971,Europa Środkowa
DE,Niemcy,2023,4,Wiosna,o3,63.69377586206897,64.45,54.075,74.125,103.0,580,0.6896551724137931,Europa Środkowa
DE,Niemcy,2023,4,Wiosna,pm10,14.595971394517283,13.7,9.69,18.35,44.7,839,0.0,Europa Środkowa
DE,Niemcy,2023,4,Wiosna,pm25,10.168619186046511,9.38,6.217499999999999,13.225,27.1,688,17.151162790697676,Europa Środkowa
DE,Niemcy,2023,5,Wiosna,no2,13.281213322091062,9.725000000000001,6.295,17.075000000000003,55.3,1186,13.99662731871838,Europa Środkowa
DE,Niemcy,2023,5,Wiosna,o3,69.74092953523238,69.4,59.8,79.25,118.0,667,1.6491754122938531,Europa Środkowa
DE,Niemcy,2023,5,Wiosna,pm10,16.511859723698194,15.9,13.0,19.6,48.4,941,0.10626992561105207,Europa Środkowa
DE,Niemcy,2023,5,Wiosna,pm25,9.504166666666666,9.11,7.25,11.425,26.4,816,6.372549019607843,Europa Środkowa
DE,Niemcy,2023,6,Lato,no2,14.032698275862069,10.3,6.557499999999999,17.7,58.7,1160,16.46551724137931,Europa Środkowa
DE,Niemcy,2023,6,Lato,o3,82.12814371257485,81.85,70.275,91.725,138.0,668,13.17365269461078,Europa Środkowa
DE,Niemcy,2023,6,Lato,pm10,17.754032786885247,17.5,13.95,21.0,43.5,915,0.0,Europa Środkowa
DE,Niemcy,2023,6,Lato,pm25,10.175145385587863,9.78,7.24,12.5,29.6,791,10.11378002528445,Europa Środkowa
DE,Niemcy,2023,7,Lato,no2,13.389525449101797,9.955,6.33,17.725,60.2,668,13.622754491017963,Europa Środkowa
DE,Niemcy,2023,7,Lato,o3,67.23686868686869,66.95,58.05,75.025,130.0,396,3.0303030303030303,Europa Środkowa
DE,Niemcy,2023,7,Lato,pm10,14.930226337448559,14.2,11.5,17.675,49.3,486,0.205761316872428,Europa Środkowa
DE,Niemcy,2023,7,Lato,pm25,7.837837837837838,7.42,5.75,9.23,23.9,481,2.079002079002079,Europa Środkowa
DE,Niemcy,2023,8,Lato,no2,12.80843205574913,10.2,7.005,16.4,48.9,287,9.059233449477352,Europa Środkowa
DE,Niemcy,2023,8,Lato,o3,57.85263157894737,56.7,49.8,66.2,95.2,171,0.0,Europa Środkowa
DE,Niemcy,2023,8,Lato,pm10,14.251267605633803,13.149999999999999,10.4,18.1,36.1,142,0.0,Europa Środkowa
DE,Niemcy,2023,8,Lato,pm25,8.370777292576419,7.87,5.79,10.5,20.8,229,6.11353711790393,Europa Środkowa
DE,Niemcy,2023,9,Jesień,no2,16.262983908045978,12.5,7.779999999999999,21.75,69.7,435,20.0,Europa Środkowa
DE,Niemcy,2023,9,Jesień,o3,49.154354243542436,48.3,40.25,59.599999999999994,107.0,271,0.7380073800738007,Europa Środkowa
DE,Niemcy,2023,9,Jesień,pm10,15.633062015503876,14.0,10.0,19.9,40.4,258,0.0,Europa Środkowa
DE,Niemcy,2023,9,Jesień,pm25,9.4545625,8.46,6.04,12.6,25.0,320,14.0625,Europa Środkowa
DE,Niemcy,2023,10,Jesień,no2,15.772064676616916,14.0,8.42,21.2,54.0,603,19.402985074626866,Europa Środkowa
DE,Niemcy,2023,10,Jesień,o3,36.86779661016949,37.4,26.55,47.275,85.9,354,0.0,Europa Środkowa
DE,Niemcy,2023,10,Jesień,pm10,12.241746411483254,10.75,7.635,15.4,44.3,418,0.0,Europa Środkowa
DE,Niemcy,2023,10,Jesień,pm25,8.031330275229358,6.960000000000001,4.4325,10.8,25.4,436,8.486238532110093,Europa Środkowa
DE,Niemcy,2023,11,Jesień,no2,16.433749351771826,14.3,7.96,22.7,58.8,1157,20.743301642178047,Europa Środkowa
DE,Niemcy,2023,11,Jesień,o3,40.77698689956332,41.4,29.75,51.349999999999994,79.4,687,0.0,Europa Środkowa
DE,Niemcy,2023,11,Jesień,pm10,10.68068255687974,9.69,7.165,13.149999999999999,33.7,923,0.0,Europa Środkowa
DE,Niemcy,2023,11,Jesień,pm25,6.904740740740741,5.645,3.7425,8.727500000000001,27.4,810,6.296296296296296,Europa Środkowa
DE,Niemcy,2023,12,Zima,no2,16.4270427852349,14.8,7.055,23.7,60.0,1192,21.05704697986577,Europa Środkowa
DE,Niemcy,2023,12,Zima,o3,40.3836095505618,41.0,23.325,58.824999999999996,76.6,712,0.0,Europa Środkowa
DE,Niemcy,2023,12,Zima,pm10,12.832040296924708,11.5,7.25,17.0,49.5,943,0.3181336161187699,Europa Środkowa
DE,Niemcy,2023,12,Zima,pm25,9.095463325183374,7.39,4.47,12.8,34.5,818,17.6039119804401,Europa Środkowa
DE,Niemcy,2024,1,Zima,no2,18.776863879003557,15.3,8.425,27.7,65.8,1124,28.46975088967972,Europa Środkowa
DE,Niemcy,2024,1,Zima,o3,43.30125,45.45,29.7,58.925,78.3,704,0.0,Europa Środkowa
DE,Niemcy,2024,1,Zima,pm10,15.476726562500001,13.3,8.717500000000001,20.1,57.3,896,0.4464285714285714,Europa Środkowa
DE,Niemcy,2024,1,Zima,pm25,10.92620457433291,9.42,6.1,14.25,42.9,787,22.490470139771286,Europa Środkowa
DE,Niemcy,2024,2,Zima,no2,15.53858009153318,13.75,7.6225000000000005,21.5,54.1,874,17.505720823798626,Europa Środkowa
DE,Niemcy,2024,2,Zima,o3,44.77493230174081,46.7,33.6,56.0,86.4,517,0.0,Europa Środkowa
DE,Niemcy,2024,2,Zima,pm10,12.963092675635275,11.5,7.67,16.8,42.4,669,0.0,Europa Środkowa
DE,Niemcy,2024,2,Zima,pm25,8.866232558139535,7.56,5.2,11.3,32.9,645,11.782945736434108,Europa Środkowa
DE,Niemcy,2024,3,Wiosna,no2,15.871781512605041,13.5,8.7575,21.3,59.2,714,16.246498599439775,Europa Środkowa
DE,Niemcy,2024,3,Wiosna,o3,50.56640287769784,51.6,39.6,62.5,94.4,417,0.0,Europa Środkowa
DE,Niemcy,2024,3,Wiosna,pm10,18.96575,17.9,9.2075,27.5,53.1,520,0.9615384615384616,Europa Środkowa
DE,Niemcy,2024,3,Wiosna,pm25,13.415040322580644,12.0,5.83,20.7,33.2,496,40.725806451612904,Europa Środkowa
DE,Niemcy,2024,4,Wiosna,no2,14.07357396449704,11.149999999999999,6.5175,18.4,50.5,1014,14.201183431952662,Europa Środkowa
DE,Niemcy,2024,4,Wiosna,o3,65.4839863713799,65.9,57.1,73.25,112.0,587,1.362862010221465,Europa Środkowa
DE,Niemcy,2024,4,Wiosna,pm10,12.103816753926703,10.7,7.737500000000001,14.6,50.8,764,0.13089005235602094,Europa Środkowa
DE,Niemcy,2024,4,Wiosna,pm25,6.912195448460508,6.13,4.635,8.405000000000001,22.6,747,2.8112449799196786,Europa Środkowa
DE,Niemcy,2024,5,Wiosna,no2,12.267256534365924,9.34,5.65,15.3,56.4,1033,11.519845111326234,Europa Środkowa
DE,Niemcy,2024,5,Wiosna,o3,67.92951096121416,65.7,57.9,77.4,113.0,593,3.0354131534569984,Europa Środkowa
DE,Niemcy,2024,5,Wiosna,pm10,14.487360406091371,13.8,9.7975,17.8,50.2,788,0.25380710659898476,Europa Środkowa
DE,Niemcy,2024,5,Wiosna,pm25,8.456996098829649,8.07,5.69,10.8,26.3,769,5.591677503250976,Europa Środkowa
DE,Niemcy,2024,6,Lato,no2,11.972530901722392,8.93,5.275,15.5,59.0,987,10.739614994934144,Europa Środkowa
DE,Niemcy,2024,6,Lato,o3,66.33725834797892,64.9,57.6,74.7,136.0,569,2.10896309314587,Europa Środkowa
DE,Niemcy,2024,6,Lato,pm10,13.67869623655914,12.8,9.7775,16.8,45.0,744,0.0,Europa Środkowa
DE,Niemcy,2024,6,Lato,pm25,8.169627249357326,7.64,5.445,10.3,27.4,778,4.241645244215938,Europa Środkowa
DE,Niemcy,2024,7,Lato,no2,12.187017629774731,9.71,5.32,15.4,63.1,1021,10.773751224289912,Europa Środkowa
DE,Niemcy,2024,7,Lato,o3,62.628816466552315,60.4,53.8,69.4,132.0,583,1.7152658662092626,Europa Środkowa
DE,Niemcy,2024,7,Lato,pm10,12.14124513618677,11.2,8.885000000000002,14.6,48.6,771,0.25940337224383914,Europa Środkowa
DE,Niemcy,2024,7,Lato,pm25,6.824445828144458,6.11,4.785,8.32,20.1,803,1.7434620174346203,Europa Środkowa
DE,Niemcy,2024,8,Lato,no2,13.738137420718816,10.2,6.1225000000000005,17.8,87.8,946,13.424947145877377,Europa Środkowa
DE,Niemcy,2024,8,Lato,o3,62.769665427509295,61.7,53.55,72.475,116.0,538,2.0446096654275094,Europa Środkowa
DE,Niemcy,2024,8,Lato,pm10,15.07154711673699,14.1,11.3,17.4,49.3,711,0.14064697609001406,Europa Środkowa
DE,Niemcy,2024,8,Lato,pm25,8.548272604588393,7.73,6.22,10.1,24.9,741,6.747638326585695,Europa Środkowa
DE,Niemcy,2024,9,Jesień,no2,15.766208201892745,12.4,7.715,19.9,83.3,951,17.770767613038906,Europa Środkowa
DE,Niemcy,2024,9,Jesień,o3,56.885223048327134,56.05,43.625,68.75,116.0,538,2.2304832713754648,Europa Środkowa
DE,Niemcy,2024,9,Jesień,pm10,16.494164222873902,12.5,7.952500000000001,23.0,52.1,682,0.8797653958944283,Europa Środkowa
DE,Niemcy,2024,9,Jesień,pm25,9.69719891745602,7.76,4.2,14.1,32.4,739,21.650879566982407,Europa Środkowa
DE,Niemcy,2024,10,Jesień,no2,16.252186234817813,14.5,9.6675,21.3,52.4,988,16.194331983805668,Europa Środkowa
DE,Niemcy,2024,10,Jesień,o3,30.01424731182796,28.65,17.9,41.8,68.5,558,0.0,Europa Środkowa
DE,Niemcy,2024,10,Jesień,pm10,14.220954301075269,13.5,9.6075,18.424999999999997,37.0,744,0.0,Europa Środkowa
DE,Niemcy,2024,10,Jesień,pm25,9.119036129032258,8.46,5.7,11.649999999999999,28.5,775,10.32258064516129,Europa Środkowa
DE,Niemcy,2024,11,Jesień,no2,17.606132478632478,15.8,10.4,23.424999999999997,51.9,936,20.299145299145298,Europa Środkowa
DE,Niemcy,2024,11,Jesień,o3,30.715977186311786,30.55,15.3,45.650000000000006,68.1,526,0.0,Europa Środkowa
DE,Niemcy,2024,11,Jesień,pm10,14.601568345323741,13.4,9.21,18.3,50.7,695,0.28776978417266186,Europa Środkowa
DE,Niemcy,2024,11,Jesień,pm25,10.430880330123797,9.36,6.005,13.350000000000001,32.7,727,18.707015130674005,Europa Środkowa
DE,Niemcy,2024,12,Zima,no2,15.92740380549683,14.8,8.8325,21.1,49.3,946,15.433403805496829,Europa Środkowa
DE,Niemcy,2024,12,Zima,o3,34.33960966542751,33.7,21.75,47.475,79.2,538,0.0,Europa Środkowa
DE,Niemcy,2024,12,Zima,pm10,11.954776725304466,11.1,7.535,15.350000000000001,36.1,739,0.0,Europa Środkowa
DE,Niemcy,2024,12,Zima,pm25,9.269376963350785,8.14,5.2075,11.9,30.1,764,15.44502617801047,Europa Środkowa
DE,Niemcy,2025,1,Zima,no2,20.356549237170597,18.1,10.3,29.6,59.7,721,33.287101248266296,Europa Środkowa
DE,Niemcy,2025,1,Zima,o3,40.63896725440806,44.5,25.4,55.6,85.6,397,0.0,Europa Środkowa
DE,Niemcy,2025,1,Zima,pm10,13.121827794561932,10.5,6.842499999999999,18.175,41.1,662,0.0,Europa Środkowa
DE,Niemcy,2025,1,Zima,pm25,10.103596774193548,7.715,4.455,14.1,31.7,620,22.903225806451612,Europa Środkowa
DE,Niemcy,2025,2,Zima,no2,20.572105263157894,18.15,11.875,27.35,64.7,608,29.93421052631579,Europa Środkowa
DE,Niemcy,2025,2,Zima,o3,39.91190476190476,41.05,26.575,52.324999999999996,79.7,336,0.0,Europa Środkowa
DE,Niemcy,2025,2,Zima,pm10,21.71503703703704,20.5,14.375,28.825,50.2,540,1.6666666666666667,Europa Środkowa
DE,Niemcy,2025,2,Zima,pm25,15.955254988913525,15.1,10.5,21.8,33.0,451,50.110864745011085,Europa Środkowa
DE,Niemcy,2025,3,Wiosna,no2,22.117483483483486,17.8,10.925,30.075000000000003,85.4,666,32.58258258258258,Europa Środkowa
DE,Niemcy,2025,3,Wiosna,o3,55.579301075268816,54.349999999999994,44.5,65.025,110.0,372,1.0752688172043012,Europa Środkowa
DE,Niemcy,2025,3,Wiosna,pm10,21.178741721854305,18.45,12.8,28.6,51.4,604,2.152317880794702,Europa Środkowa
DE,Niemcy,2025,3,Wiosna,pm25,13.828931297709923,12.7,7.99,18.625,35.4,524,37.213740458015266,Europa Środkowa
DE,Niemcy,2025,4,Wiosna,no2,15.980178787878787,12.5,7.7725,20.05,63.1,660,18.181818181818183,Europa Środkowa
DE,Niemcy,2025,4,Wiosna,o3,63.29270072992701,63.849999999999994,52.425,73.95,107.0,274,1.4598540145985401,Europa Środkowa
DE,Niemcy,2025,4,Wiosna,pm10,15.196009538950713,14.6,10.9,19.1,38.1,629,0.0,Europa Środkowa
DE,Niemcy,2025,4,Wiosna,pm25,9.310263620386642,8.91,6.08,11.7,25.3,569,9.490333919156415,Europa Środkowa
DE,Niemcy,2025,5,Wiosna,no2,11.19281494057725,8.22,5.38,13.5,54.7,589,9.847198641765704,Europa Środkowa
DE,Niemcy,2025,5,Wiosna,pm10,12.494422735346358,11.7,9.21,15.149999999999999,37.8,563,0.0,Europa Środkowa
DE,Niemcy,2025,5,Wiosna,pm25,6.335883424408014,5.94,4.58,7.74,14.5,549,0.0,Europa Środkowa
DE,Niemcy,2025,6,Lato,no2,10.502791150442478,7.98,4.93,13.3,61.1,565,6.902654867256637,Europa Środkowa
DE,Niemcy,2025,6,Lato,pm10,13.202401500938086,12.6,10.1,15.6,34.6,533,0.0,Europa Środkowa
DE,Niemcy,2025,6,Lato,pm25,7.901799628942485,7.27,5.52,9.72,20.0,539,3.896103896103896,Europa Środkowa
DE,Niemcy,2025,7,Lato,no2,9.961645161290322,7.405,4.535,11.8,40.0,558,8.24372759856631,Europa Środkowa
DE,Niemcy,2025,7,Lato,o3,54.44655172413793,54.55,50.425,60.375,76.1,58,0.0,Europa Środkowa
DE,Niemcy,2025,7,Lato,pm10,11.697001897533207,11.0,9.184999999999999,13.7,37.2,527,0.0,Europa Środkowa
DE,Niemcy,2025,7,Lato,pm25,6.748735849056604,6.255,4.9575000000000005,8.1075,15.2,530,0.37735849056603776,Europa Środkowa
DE,Niemcy,2025,8,Lato,no2,11.426401433691757,8.68,5.48,15.0,64.1,558,8.064516129032258,Europa Środkowa
DE,Niemcy,2025,8,Lato,o3,62.946920821114375,58.8,51.3,71.5,141.0,341,4.398826979472141,Europa Środkowa
DE,Niemcy,2025,8,Lato,pm10,14.100399239543727,12.75,9.2,17.075000000000003,48.7,526,0.19011406844106463,Europa Środkowa
DE,Niemcy,2025,8,Lato,pm25,7.425066413662239,6.41,4.445,9.135,26.7,527,6.451612903225806,Europa Środkowa
DE,Niemcy,2025,9,Jesień,no2,11.377558441558442,9.36,5.84,14.5,51.0,539,6.679035250463822,Europa Środkowa
DE,Niemcy,2025,9,Jesień,o3,44.905272727272724,45.849999999999994,37.225,53.075,79.0,330,0.0,Europa Środkowa
DE,Niemcy,2025,9,Jesień,pm10,10.978192534381138,9.92,7.88,12.9,35.1,509,0.0,Europa Środkowa
DE,Niemcy,2025,9,Jesień,pm25,6.299917864476386,5.07,3.88,7.43,29.6,487,4.9281314168377826,Europa Środkowa
DE,Niemcy,2025,10,Jesień,no2,12.63970019723866,10.5,6.21,16.15,50.3,507,9.861932938856016,Europa Środkowa
DE,Niemcy,2025,10,Jesień,o3,41.64646464646464,43.4,31.4,52.1,73.3,297,0.0,Europa Środkowa
DE,Niemcy,2025,10,Jesień,pm10,10.246021276595744,9.15,7.1525,12.4,27.6,470,0.0,Europa Środkowa
DE,Niemcy,2025,10,Jesień,pm25,6.599020501138952,5.59,4.029999999999999,8.129999999999999,22.3,439,3.8724373576309796,Europa Środkowa
DE,Niemcy,2025,11,Jesień,no2,17.915050549450548,16.3,10.95,23.85,57.1,455,21.75824175824176,Europa Środkowa
DE,Niemcy,2025,11,Jesień,o3,31.27519083969466,31.950000000000003,19.575,41.375,61.9,262,0.0,Europa Środkowa
DE,Niemcy,2025,11,Jesień,pm10,12.825816554809844,11.6,8.305,15.95,41.1,447,0.0,Europa Środkowa
DE,Niemcy,2025,11,Jesień,pm25,9.572939698492462,8.55,5.36,12.174999999999999,28.2,398,16.834170854271356,Europa Środkowa
DE,Niemcy,2025,12,Zima,no2,18.642422885572138,17.15,10.725,25.275,65.7,402,25.37313432835821,Europa Środkowa
DE,Niemcy,2025,12,Zima,o3,26.52407843137255,25.1,12.35,38.6,75.5,255,0.0,Europa Środkowa
DE,Niemcy,2025,12,Zima,pm10,14.4685401459854,13.8,9.61,18.3,40.9,411,0.0,Europa Środkowa
DE,Niemcy,2025,12,Zima,pm25,12.233070652173915,11.649999999999999,8.2025,15.75,29.2,368,26.6304347826087,Europa Środkowa
DK,Dania,2022,1,Zima,no2,8.818244897959183,7.04,3.85,11.9,38.6,245,4.081632653061225,Europa Północna
DK,Dania,2022,1,Zima,o3,59.68378378378378,61.7,51.5,69.2,81.7,185,0.0,Europa Północna
DK,Dania,2022,1,Zima,pm10,12.882786885245903,11.6,9.18,16.0,31.4,61,0.0,Europa Północna
DK,Dania,2022,2,Zima,no2,7.7992610837438425,6.45,3.615,10.45,38.2,203,2.4630541871921183,Europa Północna
DK,Dania,2022,2,Zima,o3,68.48614457831326,70.8,63.5,76.0,84.5,166,0.0,Europa Północna
DK,Dania,2022,2,Zima,pm10,13.042857142857143,12.399999999999999,10.3,15.05,26.7,56,0.0,Europa Północna
DK,Dania,2022,3,Wiosna,no2,11.997775609756097,9.06,5.59,16.0,62.6,205,7.317073170731707,Europa Północna
DK,Dania,2022,3,Wiosna,o3,68.36444444444444,70.25,60.4,77.95,95.3,180,0.0,Europa Północna
DK,Dania,2022,3,Wiosna,pm10,15.703793103448275,15.3,9.855,18.975,37.1,58,0.0,Europa Północna
DK,Dania,2022,4,Wiosna,no2,8.375330143540669,6.15,3.89,10.6,46.0,209,4.30622009569378,Europa Północna
DK,Dania,2022,4,Wiosna,o3,76.81888888888889,77.65,72.475,80.75,94.8,180,0.0,Europa Północna
DK,Dania,2022,4,Wiosna,pm10,14.012586206896552,12.95,9.855,16.775,31.6,58,0.0,Europa Północna
DK,Dania,2022,5,Wiosna,no2,7.430603773584906,4.855,2.895,8.844999999999999,36.7,212,4.245283018867925,Europa Północna
DK,Dania,2022,5,Wiosna,o3,74.80497237569061,75.4,69.3,80.1,95.5,181,0.0,Europa Północna
DK,Dania,2022,5,Wiosna,pm10,13.327540983606557,11.9,9.31,16.4,25.2,61,0.0,Europa Północna
DK,Dania,2022,6,Lato,no2,7.621836734693877,5.51,3.56,10.6,25.9,49,2.0408163265306123,Europa Północna
DK,Dania,2022,6,Lato,o3,71.61666666666667,71.1,67.3,75.725,84.1,42,0.0,Europa Północna
DK,Dania,2022,6,Lato,pm10,10.682307692307692,11.0,8.01,12.7,15.5,13,0.0,Europa Północna
DK,Dania,2022,7,Lato,no2,5.353306878306878,3.16,1.82,6.46,35.1,189,3.1746031746031744,Europa Północna
DK,Dania,2022,7,Lato,o3,68.90679012345679,62.2,56.849999999999994,72.925,129.0,162,9.876543209876543,Europa Północna
DK,Dania,2022,7,Lato,pm10,13.128235294117646,12.1,7.5,16.25,32.1,51,0.0,Europa Północna
DK,Dania,2022,8,Lato,no2,8.803333333333333,6.095000000000001,3.645,10.825000000000001,49.9,216,6.481481481481481,Europa Północna
DK,Dania,2022,8,Lato,o3,64.5454054054054,62.3,52.4,74.9,110.0,185,2.1621621621621623,Europa Północna
DK,Dania,2022,8,Lato,pm10,15.29189655172414,14.55,10.2,18.575000000000003,36.0,58,0.0,Europa Północna
DK,Dania,2022,9,Jesień,no2,8.06557894736842,6.69,3.45,10.8,36.9,209,3.349282296650718,Europa Północna
DK,Dania,2022,9,Jesień,o3,55.94888888888889,53.95,48.2,63.725,78.6,180,0.0,Europa Północna
DK,Dania,2022,9,Jesień,pm10,11.458166666666667,10.3,7.35,14.025,33.0,60,0.0,Europa Północna
DK,Dania,2022,10,Jesień,no2,8.824553191489363,7.550000000000001,4.025,11.625,35.9,188,4.25531914893617,Europa Północna
DK,Dania,2022,10,Jesień,o3,44.70493827160494,46.650000000000006,38.425,54.475,66.3,162,0.0,Europa Północna
DK,Dania,2022,10,Jesień,pm10,14.246296296296295,13.45,11.3,16.75,26.1,54,0.0,Europa Północna
DK,Dania,2022,11,Jesień,no2,8.447530582524271,7.3100000000000005,4.8999999999999995,10.575,25.6,206,0.48543689320388345,Europa Północna
DK,Dania,2022,11,Jesień,o3,40.98873563218391,42.2,32.7,50.675000000000004,65.5,174,0.0,Europa Północna
DK,Dania,2022,11,Jesień,pm10,12.112,11.85,8.6125,14.975000000000001,25.5,60,0.0,Europa Północna
DK,Dania,2022,12,Zima,no2,10.728142857142858,8.38,5.11,14.1,57.7,217,5.529953917050691,Europa Północna
DK,Dania,2022,12,Zima,o3,43.45215053763441,41.75,33.1,53.150000000000006,72.9,186,0.0,Europa Północna
DK,Dania,2022,12,Zima,pm10,10.796557377049181,9.89,8.52,12.1,31.6,61,0.0,Europa Północna
DK,Dania,2023,1,Zima,no2,10.445622549019609,8.965,5.445,14.225,44.7,204,3.9215686274509802,Europa Północna
DK,Dania,2023,1,Zima,o3,53.574509803921565,52.5,46.4,62.0,79.8,153,0.0,Europa Północna
DK,Dania,2023,1,Zima,pm10,10.396458333333333,9.375,8.315,12.6,18.0,48,0.0,Europa Północna
DK,Dania,2023,2,Zima,no2,12.819999999999999,11.1,7.23,16.4,27.5,21,4.761904761904762,Europa Północna
DK,Dania,2023,2,Zima,o3,48.82043478260869,53.0,33.7,67.55,76.6,23,0.0,Europa Północna
DK,Dania,2023,2,Zima,pm10,15.855714285714285,15.2,11.27,18.05,27.9,7,0.0,Europa Północna
DK,Dania,2023,3,Wiosna,no2,8.987747747747747,6.72,3.81,11.4,29.5,111,3.6036036036036037,Europa Północna
DK,Dania,2023,3,Wiosna,o3,66.21904761904761,69.35,56.3,77.92500000000001,85.8,84,0.0,Europa Północna
DK,Dania,2023,3,Wiosna,pm10,9.637142857142857,10.045,6.9825,11.225,17.9,28,0.0,Europa Północna
DK,Dania,2023,4,Wiosna,no2,9.516627705627705,7.29,4.289999999999999,12.2,35.6,231,4.761904761904762,Europa Północna
DK,Dania,2023,4,Wiosna,o3,79.29712643678161,79.95,72.85,84.875,106.0,174,2.8735632183908044,Europa Północna
DK,Dania,2023,4,Wiosna,pm10,15.528448275862068,14.6,11.5,19.775,28.7,58,0.0,Europa Północna
DK,Dania,2023,5,Wiosna,no2,8.452375,5.51,3.1350000000000002,10.675,45.0,248,4.838709677419355,Europa Północna
DK,Dania,2023,5,Wiosna,o3,80.99086021505376,79.1,74.525,87.375,108.0,186,4.838709677419355,Europa Północna
DK,Dania,2023,5,Wiosna,pm10,18.743548387096773,17.9,13.625,23.025000000000002,37.6,62,0.0,Europa Północna
DK,Dania,2023,6,Lato,no2,8.440594142259414,5.21,3.16,11.4,34.0,239,5.439330543933055,Europa Północna
DK,Dania,2023,6,Lato,o3,80.52067039106146,81.1,73.45,87.65,115.0,179,4.4692737430167595,Europa Północna
DK,Dania,2023,6,Lato,pm10,15.513833333333332,15.7,11.825,18.1,25.9,60,0.0,Europa Północna
DK,Dania,2023,7,Lato,no2,5.990543103448276,3.215,1.88,7.9975000000000005,33.4,232,2.586206896551724,Europa Północna
DK,Dania,2023,7,Lato,o3,66.58275862068966,66.35,61.225,70.125,95.3,174,0.0,Europa Północna
DK,Dania,2023,7,Lato,pm10,11.755172413793103,11.5,9.8825,12.85,18.9,58,0.0,Europa Północna
DK,Dania,2023,8,Lato,no2,7.712988362068965,4.82,2.5175,9.745000000000001,37.1,232,5.172413793103448,Europa Północna
DK,Dania,2023,8,Lato,o3,65.37745664739884,65.4,60.3,70.6,85.7,173,0.0,Europa Północna
DK,Dania,2023,8,Lato,pm10,13.215,13.0,10.350000000000001,14.674999999999999,29.2,58,0.0,Europa Północna
DK,Dania,2023,9,Jesień,no2,9.690929166666667,6.66,3.805,12.525,41.5,240,7.916666666666666,Europa Północna
DK,Dania,2023,9,Jesień,o3,69.05977653631285,68.0,60.3,75.6,112.0,179,3.35195530726257,Europa Północna
DK,Dania,2023,9,Jesień,pm10,14.742333333333333,13.75,11.4,17.549999999999997,30.1,60,0.0,Europa Północna
DK,Dania,2023,10,Jesień,no2,7.932560483870968,6.035,3.495,10.825000000000001,40.1,248,2.0161290322580645,Europa Północna
DK,Dania,2023,10,Jesień,o3,50.97956989247312,52.7,40.075,61.075,73.6,186,0.0,Europa Północna
DK,Dania,2023,10,Jesień,pm10,12.514857142857142,12.3,10.45,13.75,22.4,35,0.0,Europa Północna
DK,Dania,2023,11,Jesień,no2,10.234610878661089,8.8,5.08,13.55,33.9,239,4.602510460251046,Europa Północna
DK,Dania,2023,11,Jesień,o3,45.91611111111111,45.7,38.175000000000004,51.225,82.5,180,0.0,Europa Północna
DK,Dania,2023,11,Jesień,pm10,10.880666666666666,11.05,9.5125,12.35,15.8,30,0.0,Europa Północna
DK,Dania,2023,12,Zima,no2,8.61917004048583,6.99,3.5599999999999996,12.25,30.4,247,1.6194331983805668,Europa Północna
DK,Dania,2023,12,Zima,o3,50.094086021505376,52.25,33.075,67.05,81.2,186,0.0,Europa Północna
DK,Dania,2023,12,Zima,pm10,12.303508771929824,12.1,9.35,15.1,31.1,57,0.0,Europa Północna
DK,Dania,2024,1,Zima,no2,8.097534136546185,6.1,3.42,11.3,32.2,249,0.8032128514056224,Europa Północna
DK,Dania,2024,1,Zima,o3,59.33177083333334,63.05,51.975,69.82499999999999,83.1,192,0.0,Europa Północna
DK,Dania,2024,1,Zima,pm10,12.71546875,9.61,8.3825,15.95,33.2,64,0.0,Europa Północna
DK,Dania,2024,2,Zima,no2,8.11330156862745,6.98,3.855,10.9,31.7,255,1.1764705882352942,Europa Północna
DK,Dania,2024,2,Zima,o3,56.6605,59.400000000000006,48.6,66.85,84.5,200,0.0,Europa Północna
DK,Dania,2024,2,Zima,pm10,10.901379310344828,9.785,8.1225,12.174999999999999,25.1,58,0.0,Europa Północna
DK,Dania,2024,3,Wiosna,no2,9.340748663101605,7.86,4.33,12.9,34.4,187,3.2085561497326207,Europa Północna
DK,Dania,2024,3,Wiosna,o3,58.58450331125828,60.9,48.349999999999994,69.65,91.1,151,0.0,Europa Północna
DK,Dania,2024,3,Wiosna,pm10,16.074761904761903,14.55,10.225,18.275,38.1,42,0.0,Europa Północna
DK,Dania,2024,4,Wiosna,no2,7.02164808259587,5.24,2.8200000000000003,9.55,35.9,339,2.0648967551622417,Europa Północna
DK,Dania,2024,4,Wiosna,o3,78.59956896551724,80.85,71.1,87.025,111.0,232,2.1551724137931036,Europa Północna
DK,Dania,2024,4,Wiosna,pm10,12.032203389830508,11.0,8.895,14.95,26.3,59,0.0,Europa Północna
DK,Dania,2024,5,Wiosna,no2,8.302372602739727,6.21,3.68,10.2,35.5,365,3.8356164383561646,Europa Północna
DK,Dania,2024,5,Wiosna,o3,84.95528455284553,82.8,75.92500000000001,94.775,130.0,246,13.008130081300814,Europa Północna
DK,Dania,2024,5,Wiosna,pm10,19.093559322033897,16.4,11.85,25.75,39.1,59,0.0,Europa Północna
DK,Dania,2024,6,Lato,no2,5.166557103064067,3.2,1.6099999999999999,6.6,40.5,359,1.9498607242339834,Europa Północna
DK,Dania,2024,6,Lato,o3,75.09497907949792,73.9,69.9,79.0,110.0,239,1.6736401673640167,Europa Północna
DK,Dania,2024,6,Lato,pm10,13.622881355932204,12.7,11.25,15.2,26.6,59,0.0,Europa Północna
DK,Dania,2024,7,Lato,no2,5.133775675675676,3.1550000000000002,1.6324999999999998,6.5225,32.3,370,1.6216216216216217,Europa Północna
DK,Dania,2024,7,Lato,o3,68.35659109311742,68.2,63.7,73.05,93.6,247,0.0,Europa Północna
DK,Dania,2024,7,Lato,pm10,11.992903225806451,11.9,10.025,13.9,19.9,62,0.0,Europa Północna
DK,Dania,2024,8,Lato,no2,6.4036321070234115,3.9,2.0949999999999998,7.45,46.3,299,3.678929765886288,Europa Północna
DK,Dania,2024,8,Lato,o3,71.69343434343433,71.75,65.625,77.875,114.0,198,0.5050505050505051,Europa Północna
DK,Dania,2024,8,Lato,pm10,17.16,15.9,13.95,21.5,30.8,51,0.0,Europa Północna
DK,Dania,2024,9,Jesień,no2,8.841326331360946,5.8,2.9725,10.7,54.7,338,6.804733727810651,Europa Północna
DK,Dania,2024,9,Jesień,o3,73.13788546255506,72.5,62.7,80.55,125.0,227,7.929515418502203,Europa Północna
DK,Dania,2024,9,Jesień,pm10,16.117115384615385,12.95,9.25,19.900000000000002,36.5,52,0.0,Europa Północna
DK,Dania,2024,10,Jesień,no2,8.271685636856368,6.18,2.82,11.4,42.4,369,4.878048780487805,Europa Północna
DK,Dania,2024,10,Jesień,o3,52.85643153526971,54.3,40.7,65.0,83.1,241,0.0,Europa Północna
DK,Dania,2024,10,Jesień,pm10,12.348709677419356,11.9,9.844999999999999,13.649999999999999,22.4,31,0.0,Europa Północna
DK,Dania,2024,11,Jesień,no2,8.655679300291546,6.46,3.1550000000000002,11.4,55.9,343,5.247813411078718,Europa Północna
DK,Dania,2024,11,Jesień,o3,50.39953781512605,52.3,41.800000000000004,60.9,77.7,238,0.0,Europa Północna
DK,Dania,2024,11,Jesień,pm10,10.030714285714286,8.705,7.3,12.125,22.1,28,0.0,Europa Północna
DK,Dania,2024,12,Zima,no2,5.944193715846994,4.9,2.435,8.325000000000001,26.2,366,0.273224043715847,Europa Północna
DK,Dania,2024,12,Zima,o3,53.77298387096774,54.150000000000006,43.650000000000006,65.92500000000001,87.5,248,0.0,Europa Północna
DK,Dania,2024,12,Zima,pm10,8.204516129032259,7.64,5.445,9.865,20.3,31,0.0,Europa Północna
DK,Dania,2025,1,Zima,no2,7.435310679611651,5.25,2.2,11.35,30.9,206,2.912621359223301,Europa Północna
DK,Dania,2025,1,Zima,o3,54.585344827586205,57.5,44.699999999999996,66.25,82.2,116,0.0,Europa Północna
DK,Dania,2025,1,Zima,pm10,9.855,10.190000000000001,8.14,12.075,13.5,28,0.0,Europa Północna
DK,Dania,2025,2,Zima,no2,8.135974683544303,5.865,2.8,12.075,45.4,158,1.89873417721519,Europa Północna
DK,Dania,2025,2,Zima,o3,54.03414634146342,55.85,46.1,64.2,71.1,82,0.0,Europa Północna
DK,Dania,2025,2,Zima,pm10,10.897692307692308,10.575,6.765000000000001,13.875,22.8,26,0.0,Europa Północna
DK,Dania,2025,3,Wiosna,no2,7.317901162790698,4.914999999999999,2.4025,11.075,40.4,172,2.3255813953488373,Europa Północna
DK,Dania,2025,3,Wiosna,o3,66.31304347826087,68.75,60.975,72.42500000000001,81.3,92,0.0,Europa Północna
DK,Dania,2025,3,Wiosna,pm10,14.034193548387098,14.3,8.39,17.25,29.6,31,0.0,Europa Północna
DK,Dania,2025,4,Wiosna,no2,7.273858757062147,5.8,2.28,10.4,29.0,177,1.1299435028248588,Europa Północna
DK,Dania,2025,4,Wiosna,o3,69.19117647058823,71.7,57.8,77.625,91.6,68,0.0,Europa Północna
DK,Dania,2025,4,Wiosna,pm10,11.248,10.55,8.66,12.525,20.7,30,0.0,Europa Północna
DK,Dania,2025,5,Wiosna,no2,4.095238888888889,2.865,1.4725,5.415,19.4,180,0.0,Europa Północna
DK,Dania,2025,5,Wiosna,o3,69.94666666666666,70.15,65.4,75.625,95.9,90,0.0,Europa Północna
DK,Dania,2025,5,Wiosna,pm10,10.833666666666666,11.2,9.0475,12.75,20.1,30,0.0,Europa Północna
DK,Dania,2025,6,Lato,no2,3.482275862068966,2.1399999999999997,1.06,4.115,15.4,174,0.0,Europa Północna
DK,Dania,2025,6,Lato,o3,65.94367816091955,65.6,59.9,70.85,88.1,87,0.0,Europa Północna
DK,Dania,2025,6,Lato,pm10,12.469285714285714,12.9,10.275,14.125,19.1,28,0.0,Europa Północna
DK,Dania,2025,7,Lato,no2,3.914438202247191,2.425,1.085,5.67,22.3,178,0.0,Europa Północna
DK,Dania,2025,7,Lato,o3,62.20224719101124,61.3,55.2,67.5,90.9,89,0.0,Europa Północna
DK,Dania,2025,7,Lato,pm10,12.205806451612903,12.2,9.725,14.4,24.3,31,0.0,Europa Północna
DK,Dania,2025,8,Lato,no2,4.783048192771084,2.8449999999999998,1.0725,6.3575,29.5,166,0.6024096385542169,Europa Północna
DK,Dania,2025,8,Lato,o3,67.58045977011494,65.1,62.4,71.6,98.7,87,0.0,Europa Północna
DK,Dania,2025,8,Lato,pm10,13.943548387096774,14.3,10.899999999999999,16.45,25.7,31,0.0,Europa Północna
DK,Dania,2025,9,Jesień,no2,6.121912878787879,4.64,2.1550000000000002,8.3025,26.1,132,0.7575757575757576,Europa Północna
DK,Dania,2025,9,Jesień,o3,58.55,59.349999999999994,55.55,64.47500000000001,69.9,60,0.0,Europa Północna
DK,Dania,2025,10,Jesień,no2,6.7275,4.324999999999999,1.7425000000000002,10.325,27.2,56,1.7857142857142856,Europa Północna
DK,Dania,2025,10,Jesień,o3,52.74444444444444,54.1,49.7,63.1,64.0,9,0.0,Europa Północna
DK,Dania,2025,11,Jesień,no2,5.167066666666667,4.31,2.0,7.54,20.4,45,0.0,Europa Północna
DK,Dania,2025,11,Jesień,o3,41.7875,44.849999999999994,30.5,50.9,60.7,16,0.0,Europa Północna
DK,Dania,2025,12,Zima,no2,4.812658139534884,3.3049999999999997,0.792,7.67,19.9,86,0.0,Europa Północna
DK,Dania,2025,12,Zima,o3,42.865,46.400000000000006,28.225,54.45,73.1,30,0.0,Europa Północna
EE,Estonia,2024,3,Wiosna,no2,6.7941627906976745,5.04,1.755,9.23,33.2,86,1.1627906976744187,Europa Północna
EE,Estonia,2024,3,Wiosna,o3,58.68139534883721,59.8,49.75,66.95,83.2,86,0.0,Europa Północna
EE,Estonia,2024,3,Wiosna,pm10,17.40949152542373,15.3,11.75,22.799999999999997,47.1,59,1.694915254237288,Europa Północna
EE,Estonia,2024,3,Wiosna,pm25,5.3220967741935485,4.835,3.8325,6.4725,14.0,62,0.0,Europa Północna
EE,Estonia,2024,4,Wiosna,no2,5.399075949367088,4.32,1.93,7.12,26.9,237,0.8438818565400843,Europa Północna
EE,Estonia,2024,4,Wiosna,o3,64.03041666666667,64.6,56.275,71.0,97.8,240,0.0,Europa Północna
EE,Estonia,2024,4,Wiosna,pm10,12.086723163841807,10.0,6.54,15.6,34.2,177,0.0,Europa Północna
EE,Estonia,2024,4,Wiosna,pm25,3.6901452513966477,3.35,2.1950000000000003,4.66,18.5,179,0.5586592178770949,Europa Północna
EE,Estonia,2024,5,Wiosna,no2,6.475308943089431,5.4,2.2375000000000003,9.2375,30.6,246,0.8130081300813009,Europa Północna
EE,Estonia,2024,5,Wiosna,o3,72.26544715447154,72.3,64.8,79.675,96.1,246,0.0,Europa Północna
EE,Estonia,2024,5,Wiosna,pm10,19.07762162162162,18.9,13.2,24.2,46.2,185,0.5405405405405406,Europa Północna
EE,Estonia,2024,5,Wiosna,pm25,4.737184971098266,3.87,2.7,6.04,14.8,173,0.0,Europa Północna
EE,Estonia,2024,6,Lato,no2,3.5662018348623854,2.535,1.2650000000000001,4.895,20.7,218,0.0,Europa Północna
EE,Estonia,2024,6,Lato,o3,61.24654377880184,61.8,54.5,68.1,85.9,217,0.0,Europa Północna
EE,Estonia,2024,6,Lato,pm10,12.412178770949723,11.7,9.19,14.55,27.7,179,0.0,Europa Północna
EE,Estonia,2024,6,Lato,pm25,3.291394366197183,2.87,1.92,4.175000000000001,9.05,71,0.0,Europa Północna
EE,Estonia,2024,7,Lato,no2,3.710364372469636,3.04,1.255,4.800000000000001,19.2,247,0.0,Europa Północna
EE,Estonia,2024,7,Lato,o3,58.48548387096774,58.75,50.675000000000004,66.075,101.0,248,0.4032258064516129,Europa Północna
EE,Estonia,2024,7,Lato,pm10,11.655464480874317,10.5,8.165,13.4,46.2,183,0.546448087431694,Europa Północna
EE,Estonia,2024,7,Lato,pm25,2.8311902702702705,2.71,1.34,3.95,10.3,185,0.0,Europa Północna
EE,Estonia,2024,8,Lato,no2,4.176934343434343,2.885,1.065,5.9825,19.6,198,0.0,Europa Północna
EE,Estonia,2024,8,Lato,o3,49.836180904522614,48.6,40.150000000000006,59.3,89.7,199,0.0,Europa Północna
EE,Estonia,2024,8,Lato,pm10,11.446091549295774,10.04,6.692500000000001,14.25,42.1,142,0.0,Europa Północna
EE,Estonia,2024,8,Lato,pm25,3.349421768707483,3.05,1.335,4.890000000000001,12.4,147,0.0,Europa Północna
EE,Estonia,2024,9,Jesień,no2,6.402105485232068,5.38,1.54,9.0,26.1,237,0.42194092827004215,Europa Północna
EE,Estonia,2024,9,Jesień,o3,49.792125000000006,48.7,37.5,61.15,91.7,240,0.0,Europa Północna
EE,Estonia,2024,9,Jesień,pm10,16.671307228915662,14.05,7.6575,23.575000000000003,46.3,166,1.8072289156626504,Europa Północna
EE,Estonia,2024,9,Jesień,pm25,5.542541477272727,5.705,2.49,8.3375,14.4,176,0.0,Europa Północna
EE,Estonia,2024,10,Jesień,no2,6.304922746781116,4.79,2.27,7.99,24.1,233,0.0,Europa Północna
EE,Estonia,2024,10,Jesień,o3,43.96085836909871,46.6,35.5,52.9,68.5,233,0.0,Europa Północna
EE,Estonia,2024,10,Jesień,pm10,8.871166666666667,8.265,5.71,11.05,36.2,186,0.0,Europa Północna
EE,Estonia,2024,10,Jesień,pm25,3.3216941176470587,2.92,1.5775000000000001,4.5325,14.3,170,0.0,Europa Północna
EE,Estonia,2024,11,Jesień,no2,5.038230088495576,3.75,1.8275000000000001,7.29,21.4,226,0.0,Europa Północna
EE,Estonia,2024,11,Jesień,o3,47.923750000000005,47.3,40.125,56.0,73.5,240,0.0,Europa Północna
EE,Estonia,2024,11,Jesień,pm10,6.811455555555555,5.505000000000001,3.575,9.209999999999999,28.5,180,0.0,Europa Północna
EE,Estonia,2024,11,Jesień,pm25,2.6468389830508476,1.97,1.07,3.61,11.8,177,0.0,Europa Północna
EE,Estonia,2024,12,Zima,no2,5.175991902834008,3.73,1.89,7.175000000000001,26.4,247,0.4048582995951417,Europa Północna
EE,Estonia,2024,12,Zima,o3,47.869635627530364,47.5,38.7,59.4,77.7,247,0.0,Europa Północna
EE,Estonia,2024,12,Zima,pm10,6.247983870967742,5.529999999999999,3.2725,7.744999999999999,39.6,186,0.0,Europa Północna
EE,Estonia,2024,12,Zima,pm25,3.115760869565217,2.4800000000000004,1.385,4.3325000000000005,13.0,184,0.0,Europa Północna
EE,Estonia,2025,1,Zima,no2,7.786246696035243,6.51,2.75,11.1,30.0,227,0.881057268722467,Europa Północna
EE,Estonia,2025,1,Zima,o3,50.36801619433198,50.9,40.0,58.25,88.8,247,0.0,Europa Północna
EE,Estonia,2025,1,Zima,pm10,7.2081720430107525,6.605,4.52,9.405,19.5,186,0.0,Europa Północna
EE,Estonia,2025,1,Zima,pm25,4.129897849462366,3.4400000000000004,1.855,5.8475,13.5,186,0.0,Europa Północna
EE,Estonia,2025,2,Zima,no2,8.372747619047619,7.225,2.9325,12.125,34.5,210,1.9047619047619049,Europa Północna
EE,Estonia,2025,2,Zima,o3,57.02361607142857,56.7,45.575,69.125,97.0,224,0.0,Europa Północna
EE,Estonia,2025,2,Zima,pm10,13.940666666666667,11.7,7.53,18.8,48.1,165,0.6060606060606061,Europa Północna
EE,Estonia,2025,2,Zima,pm25,6.054214285714286,5.66,2.765,9.12,17.0,140,2.142857142857143,Europa Północna
EE,Estonia,2025,3,Wiosna,no2,6.288177419354839,4.365,1.9849999999999999,8.8525,34.2,248,1.2096774193548387,Europa Północna
EE,Estonia,2025,3,Wiosna,o3,68.69314516129033,70.35,61.9,77.5,99.9,248,0.0,Europa Północna
EE,Estonia,2025,3,Wiosna,pm10,15.57608938547486,14.3,9.65,19.35,39.3,179,0.0,Europa Północna
EE,Estonia,2025,3,Wiosna,pm25,4.401843243243244,3.54,2.18,6.23,14.5,185,0.0,Europa Północna
EE,Estonia,2025,4,Wiosna,no2,5.50303875,4.035,2.0275,7.08,32.8,240,0.4166666666666667,Europa Północna
EE,Estonia,2025,4,Wiosna,o3,66.815,68.85,57.375,77.9,96.9,240,0.0,Europa Północna
EE,Estonia,2025,4,Wiosna,pm10,12.74406779661017,10.3,6.7,16.2,44.3,177,0.0,Europa Północna
EE,Estonia,2025,4,Wiosna,pm25,2.9722166666666667,2.21,1.6375,3.7125000000000004,12.9,180,0.0,Europa Północna
EE,Estonia,2025,5,Wiosna,no2,4.772748953974895,3.71,1.64,6.220000000000001,24.5,239,0.0,Europa Północna
EE,Estonia,2025,5,Wiosna,o3,66.23291666666667,66.9,60.75,72.35,95.2,240,0.0,Europa Północna
EE,Estonia,2025,5,Wiosna,pm10,11.170282485875706,10.5,6.97,13.8,41.1,177,0.0,Europa Północna
EE,Estonia,2025,5,Wiosna,pm25,3.3427000000000002,3.115,1.7625,4.42,11.9,180,0.0,Europa Północna
EE,Estonia,2025,6,Lato,no2,3.2376375,2.215,1.1075000000000002,4.085,21.4,240,0.0,Europa Północna
EE,Estonia,2025,6,Lato,o3,58.01583333333333,56.0,50.675000000000004,64.47500000000001,86.9,240,0.0,Europa Północna
EE,Estonia,2025,6,Lato,pm10,10.369044943820224,9.605,7.452500000000001,12.075,34.5,178,0.0,Europa Północna
EE,Estonia,2025,6,Lato,pm25,3.552123595505618,3.165,2.085,4.56,16.4,178,0.5617977528089888,Europa Północna
EE,Estonia,2025,7,Lato,no2,5.152471774193549,4.0,1.795,7.175,32.5,248,0.4032258064516129,Europa Północna
EE,Estonia,2025,7,Lato,o3,57.06895161290323,57.2,48.425,67.025,96.0,248,0.0,Europa Północna
EE,Estonia,2025,7,Lato,pm10,14.064301075268817,13.3,9.7425,17.4,46.7,186,0.5376344086021506,Europa Północna
EE,Estonia,2025,7,Lato,pm25,5.1832972972972975,4.93,3.11,6.72,12.8,185,0.0,Europa Północna
EE,Estonia,2025,8,Lato,no2,3.5151609958506227,2.55,0.982,5.03,22.7,241,0.0,Europa Północna
EE,Estonia,2025,8,Lato,o3,47.71203319502075,47.0,38.2,57.5,76.1,241,0.0,Europa Północna
EE,Estonia,2025,8,Lato,pm10,9.111787709497207,8.59,6.325,11.350000000000001,22.7,179,0.0,Europa Północna
EE,Estonia,2025,8,Lato,pm25,2.5401899441340783,1.97,1.26,3.545,9.07,179,0.0,Europa Północna
EE,Estonia,2025,9,Jesień,no2,4.771722943722944,3.78,1.22,6.84,21.9,231,0.0,Europa Północna
EE,Estonia,2025,9,Jesień,o3,44.636926406926406,45.9,35.0,54.3,73.6,231,0.0,Europa Północna
EE,Estonia,2025,9,Jesień,pm10,13.164137931034482,12.7,8.83,16.375,44.2,174,0.0,Europa Północna
EE,Estonia,2025,9,Jesień,pm25,3.938362209302326,3.92,2.27,5.42,11.6,172,0.0,Europa Północna
EE,Estonia,2025,10,Jesień,no2,5.891404166666666,4.12,1.9324999999999999,8.120000000000001,30.6,240,0.8333333333333334,Europa Północna
EE,Estonia,2025,10,Jesień,o3,35.14451219512195,34.9,27.6,42.075,60.2,246,0.0,Europa Północna
EE,Estonia,2025,10,Jesień,pm10,10.176923076923076,8.684999999999999,6.17,12.2,39.6,182,0.0,Europa Północna
EE,Estonia,2025,10,Jesień,pm25,3.861858011049724,3.62,1.78,5.38,16.5,181,1.1049723756906076,Europa Północna
EE,Estonia,2025,11,Jesień,no2,6.069588983050847,4.105,2.455,8.335,29.5,236,0.423728813559322,Europa Północna
EE,Estonia,2025,11,Jesień,o3,38.48833333333334,36.25,29.675,45.525,71.3,240,0.0,Europa Północna
EE,Estonia,2025,11,Jesień,pm10,9.493296089385474,8.79,6.085000000000001,12.45,22.6,179,0.0,Europa Północna
EE,Estonia,2025,11,Jesień,pm25,4.408478857142857,3.73,2.42,5.785,14.0,175,0.0,Europa Północna
EE,Estonia,2025,12,Zima,no2,4.776978813559322,3.635,1.7349999999999999,7.225,19.8,236,0.0,Europa Północna
EE,Estonia,2025,12,Zima,o3,47.157666666666664,46.9,35.275,60.525,79.4,240,0.0,Europa Północna
EE,Estonia,2025,12,Zima,pm10,8.643575418994415,6.92,4.795,9.96,45.8,179,0.5586592178770949,Europa Północna
EE,Estonia,2025,12,Zima,pm25,3.061161111111111,2.74,1.8,4.0225,12.4,180,0.0,Europa Północna
ES,Hiszpania,2022,1,Zima,no2,20.011252427184466,17.45,6.33,31.875,67.5,1030,37.57281553398058,Europa Zachodnia
ES,Hiszpania,2022,1,Zima,o3,40.99028653295129,40.25,26.25,57.2,94.1,698,0.0,Europa Zachodnia
ES,Hiszpania,2022,1,Zima,pm10,17.822795883361923,15.3,9.5,24.4,58.8,583,2.401372212692967,Europa Zachodnia
ES,Hiszpania,2022,1,Zima,pm25,11.607388714733542,10.0,5.16,17.5,36.3,319,33.22884012539185,Europa Zachodnia
ES,Hiszpania,2022,2,Zima,no2,20.26137167199148,17.2,6.9,32.0,66.4,939,35.46325878594249,Europa Zachodnia
ES,Hiszpania,2022,2,Zima,o3,44.719810126582274,46.65,31.0,61.125,91.0,632,0.0,Europa Zachodnia
ES,Hiszpania,2022,2,Zima,pm10,20.501745730550283,18.3,11.75,27.9,60.0,527,3.0360531309297913,Europa Zachodnia
ES,Hiszpania,2022,2,Zima,pm25,11.522846153846155,10.95,7.0,14.350000000000001,38.0,260,21.923076923076923,Europa Zachodnia
ES,Hiszpania,2022,3,Wiosna,no2,13.353444096133751,8.86,4.13,19.8,70.9,957,16.823406478578892,Europa Zachodnia
ES,Hiszpania,2022,3,Wiosna,o3,62.972573189522336,63.9,50.6,77.4,117.0,649,1.078582434514638,Europa Zachodnia
ES,Hiszpania,2022,3,Wiosna,pm10,17.153308411214955,15.0,9.0,23.05,59.9,535,2.4299065420560746,Europa Zachodnia
ES,Hiszpania,2022,3,Wiosna,pm25,10.42487972508591,9.0,5.46,14.0,39.5,291,21.649484536082475,Europa Zachodnia
ES,Hiszpania,2022,4,Wiosna,no2,11.44464914586071,7.0,3.0,16.0,55.0,761,13.534822601839686,Europa Zachodnia
ES,Hiszpania,2022,4,Wiosna,o3,56.50503144654088,59.0,37.0,76.0,106.0,477,1.6771488469601679,Europa Zachodnia
ES,Hiszpania,2022,4,Wiosna,pm10,13.635294117647058,11.6,7.0,18.475,47.2,510,0.39215686274509803,Europa Zachodnia
ES,Hiszpania,2022,4,Wiosna,pm25,9.007068728522336,8.0,4.0,12.4,38.0,291,14.432989690721648,Europa Zachodnia
ES,Hiszpania,2022,5,Wiosna,no2,12.775740956826137,8.62,4.31,16.3,58.0,857,14.935822637106183,Europa Zachodnia
ES,Hiszpania,2022,5,Wiosna,o3,52.327732142857144,52.849999999999994,35.95,68.0,112.0,560,1.4285714285714286,Europa Zachodnia
ES,Hiszpania,2022,5,Wiosna,pm10,16.55400709219858,14.25,9.5,21.5,61.4,564,0.8865248226950355,Europa Zachodnia
ES,Hiszpania,2022,5,Wiosna,pm25,9.20285269121813,8.5,5.4,12.0,34.0,353,11.614730878186968,Europa Zachodnia
ES,Hiszpania,2022,6,Lato,no2,11.116346547314578,8.0,4.0,14.775,78.0,782,8.312020460358056,Europa Zachodnia
ES,Hiszpania,2022,6,Lato,o3,46.75857142857143,47.0,31.0,59.95,108.0,490,0.6122448979591837,Europa Zachodnia
ES,Hiszpania,2022,6,Lato,pm10,17.025987654320986,14.15,8.425,23.0,65.5,486,2.263374485596708,Europa Zachodnia
ES,Hiszpania,2022,6,Lato,pm25,9.103651315789474,7.33,3.4575,12.125,40.0,304,16.447368421052634,Europa Zachodnia
ES,Hiszpania,2022,7,Lato,no2,13.108372372372372,9.0,5.0,18.375,54.3,666,14.264264264264265,Europa Zachodnia
ES,Hiszpania,2022,7,Lato,o3,51.753161592505855,51.0,33.5,66.4,134.0,427,2.3419203747072603,Europa Zachodnia
ES,Hiszpania,2022,7,Lato,pm10,18.02634660421546,15.3,9.5,24.5,64.5,427,1.873536299765808,Europa Zachodnia
ES,Hiszpania,2022,7,Lato,pm25,10.767458646616541,8.875,5.5,14.925,36.5,266,24.43609022556391,Europa Zachodnia
ES,Hiszpania,2022,8,Lato,no2,9.67837037037037,7.33,3.8625,12.975,78.7,810,5.679012345679013,Europa Zachodnia
ES,Hiszpania,2022,8,Lato,o3,52.53896281800392,52.5,33.0,70.5,125.0,511,3.131115459882583,Europa Zachodnia
ES,Hiszpania,2022,8,Lato,pm10,16.50739926739927,15.0,9.5,21.5,72.8,546,1.465201465201465,Europa Zachodnia
ES,Hiszpania,2022,8,Lato,pm25,9.02377848101266,7.5,4.4675,12.5,33.0,316,15.18987341772152,Europa Zachodnia
ES,Hiszpania,2022,9,Jesień,no2,11.00446949602122,8.0,4.282500000000001,15.0,53.8,754,10.212201591511937,Europa Zachodnia
ES,Hiszpania,2022,9,Jesień,o3,43.86190965092403,44.0,27.75,58.15,95.0,487,0.0,Europa Zachodnia
ES,Hiszpania,2022,9,Jesień,pm10,13.016466019417475,11.0,7.5,16.9,47.8,515,0.5825242718446602,Europa Zachodnia
ES,Hiszpania,2022,9,Jesień,pm25,6.478266666666666,6.0,3.975,9.0,21.0,300,2.3333333333333335,Europa Zachodnia
ES,Hiszpania,2022,10,Jesień,no2,12.352296718972894,8.5,4.0,17.0,57.5,701,13.980028530670472,Europa Zachodnia
ES,Hiszpania,2022,10,Jesień,o3,36.73105855855856,33.3,15.275,56.5,117.0,444,0.6756756756756757,Europa Zachodnia
ES,Hiszpania,2022,10,Jesień,pm10,20.38728051391863,18.5,10.5,27.5,71.8,467,4.496788008565311,Europa Zachodnia
ES,Hiszpania,2022,10,Jesień,pm25,10.157849829351536,9.0,5.0,13.8,36.0,293,19.112627986348123,Europa Zachodnia
ES,Hiszpania,2022,11,Jesień,no2,15.404400738688828,12.3,4.734999999999999,23.6,68.0,1083,22.34533702677747,Europa Zachodnia
ES,Hiszpania,2022,11,Jesień,o3,41.565886524822695,43.0,27.0,56.4,80.0,705,0.0,Europa Zachodnia
ES,Hiszpania,2022,11,Jesień,pm10,13.60342372881356,11.0,7.0,18.0,72.2,590,1.1864406779661016,Europa Zachodnia
ES,Hiszpania,2022,11,Jesień,pm25,6.592913173652694,6.0,3.67,8.67,25.7,334,4.790419161676647,Europa Zachodnia
ES,Hiszpania,2022,12,Zima,no2,16.092806479113385,13.0,4.85,25.4,58.0,1173,25.66069906223359,Europa Zachodnia
ES,Hiszpania,2022,12,Zima,o3,36.22947930574099,33.9,19.3,52.0,87.0,749,0.0,Europa Zachodnia
ES,Hiszpania,2022,12,Zima,pm10,13.154670487106015,10.3,7.0,17.0,70.3,698,0.7163323782234957,Europa Zachodnia
ES,Hiszpania,2022,12,Zima,pm25,8.01197157622739,7.0,4.0,10.5,30.5,387,9.819121447028424,Europa Zachodnia
ES,Hiszpania,2023,1,Zima,no2,15.803581725888325,12.0,4.0,25.5,74.6,985,25.888324873096447,Europa Zachodnia
ES,Hiszpania,2023,1,Zima,o3,46.60185647425897,47.8,31.0,63.3,89.5,641,0.0,Europa Zachodnia
ES,Hiszpania,2023,1,Zima,pm10,11.798710659898479,10.0,5.5,15.45,57.3,591,0.676818950930626,Europa Zachodnia
ES,Hiszpania,2023,1,Zima,pm25,7.8789890710382515,7.0,4.125,10.5,26.3,366,8.469945355191257,Europa Zachodnia
ES,Hiszpania,2023,2,Zima,no2,25.68,25.8,9.84,40.0,68.0,136,52.94117647058824,Europa Zachodnia
ES,Hiszpania,2023,2,Zima,o3,44.95238095238095,43.95,30.125,61.625,85.6,84,0.0,Europa Zachodnia
ES,Hiszpania,2023,2,Zima,pm10,24.074743589743587,22.5,16.8,30.25,53.0,78,3.8461538461538463,Europa Zachodnia
ES,Hiszpania,2023,2,Zima,pm25,14.495531914893617,13.9,10.15,17.65,34.0,47,48.93617021276596,Europa Zachodnia
ES,Hiszpania,2023,3,Wiosna,no2,14.479959649122806,11.4,5.395,21.275,71.0,570,17.192982456140353,Europa Zachodnia
ES,Hiszpania,2023,3,Wiosna,o3,62.792634560906514,66.2,54.6,76.7,98.3,353,0.0,Europa Zachodnia
ES,Hiszpania,2023,3,Wiosna,pm10,18.530299401197606,16.9,11.9,23.5,61.7,334,0.8982035928143712,Europa Zachodnia
ES,Hiszpania,2023,3,Wiosna,pm25,9.154198113207547,8.620000000000001,6.41,11.0,28.5,212,9.433962264150944,Europa Zachodnia
ES,Hiszpania,2023,4,Wiosna,no2,12.672147208121826,10.2,4.92,18.5,54.5,1182,12.18274111675127,Europa Zachodnia
ES,Hiszpania,2023,4,Wiosna,o3,64.98708388814914,66.2,54.349999999999994,77.05,114.0,751,1.1984021304926764,Europa Zachodnia
ES,Hiszpania,2023,4,Wiosna,pm10,15.501432432432432,13.5,10.0,19.825,69.4,740,0.13513513513513514,Europa Zachodnia
ES,Hiszpania,2023,4,Wiosna,pm25,8.342463157894738,7.5,5.79,10.45,24.5,475,5.263157894736842,Europa Zachodnia
ES,Hiszpania,2023,5,Wiosna,no2,11.687088888888889,9.92,5.25,16.7,38.4,1305,8.275862068965518,Europa Zachodnia
ES,Hiszpania,2023,5,Wiosna,o3,70.98772563176895,73.4,60.7,82.95,121.0,831,2.888086642599278,Europa Zachodnia
ES,Hiszpania,2023,5,Wiosna,pm10,17.23950819672131,16.0,11.6,21.6,53.5,793,0.5044136191677175,Europa Zachodnia
ES,Hiszpania,2023,5,Wiosna,pm25,10.088704854368933,9.09,6.895,12.3,26.2,515,14.36893203883495,Europa Zachodnia
ES,Hiszpania,2023,6,Lato,no2,11.250186234817813,9.63,5.205,15.9,58.5,1235,6.0728744939271255,Europa Zachodnia
ES,Hiszpania,2023,6,Lato,o3,63.62257982120052,63.6,51.3,75.95,125.0,783,2.1711366538952745,Europa Zachodnia
ES,Hiszpania,2023,6,Lato,pm10,16.008577235772357,14.649999999999999,10.9,19.875,48.7,738,0.40650406504065045,Europa Zachodnia
ES,Hiszpania,2023,6,Lato,pm25,9.73111111111111,8.96,6.5,12.0,28.6,477,12.997903563941298,Europa Zachodnia
ES,Hiszpania,2023,7,Lato,no2,10.055190983606558,8.5,4.09,14.2,49.9,1220,4.426229508196721,Europa Zachodnia
ES,Hiszpania,2023,7,Lato,o3,54.921336760925456,54.3,44.25,65.5,106.0,778,0.6426735218508998,Europa Zachodnia
ES,Hiszpania,2023,7,Lato,pm10,16.004556451612903,13.8,10.275,19.3,61.3,744,1.0752688172043012,Europa Zachodnia
ES,Hiszpania,2023,7,Lato,pm25,7.797418032786885,7.29,5.6274999999999995,9.5775,29.0,488,3.6885245901639343,Europa Zachodnia
ES,Hiszpania,2023,8,Lato,no2,10.226907692307693,8.27,4.26,14.149999999999999,48.0,1235,5.748987854251012,Europa Zachodnia
ES,Hiszpania,2023,8,Lato,o3,61.09473684210527,62.3,50.3,71.85,110.0,779,0.8985879332477535,Europa Zachodnia
ES,Hiszpania,2023,8,Lato,pm10,17.24907949790795,15.1,10.9,21.4,62.0,717,1.2552301255230125,Europa Zachodnia
ES,Hiszpania,2023,8,Lato,pm25,7.517359307359308,6.755,4.8125,9.405000000000001,21.5,462,4.329004329004329,Europa Zachodnia
ES,Hiszpania,2023,9,Jesień,no2,12.70180485893417,10.95,5.467499999999999,18.6,50.0,1276,10.736677115987462,Europa Zachodnia
ES,Hiszpania,2023,9,Jesień,o3,54.917713226205194,55.1,43.0,66.3,110.0,809,0.3708281829419036,Europa Zachodnia
ES,Hiszpania,2023,9,Jesień,pm10,16.572405594405595,15.1,9.85,21.75,76.2,715,1.3986013986013985,Europa Zachodnia
ES,Hiszpania,2023,9,Jesień,pm25,8.808298319327731,7.7,5.2,11.4,33.5,476,10.084033613445378,Europa Zachodnia
ES,Hiszpania,2023,10,Jesień,no2,13.589599697885197,10.75,4.637499999999999,20.3,60.6,1324,16.08761329305136,Europa Zachodnia
ES,Hiszpania,2023,10,Jesień,o3,51.28930240963855,52.0,39.55,64.475,97.0,830,0.0,Europa Zachodnia
ES,Hiszpania,2023,10,Jesień,pm10,17.005,14.5,7.5,25.1,61.8,796,0.7537688442211055,Europa Zachodnia
ES,Hiszpania,2023,10,Jesień,pm25,8.172605363984674,6.115,3.605,12.0,26.9,522,13.601532567049809,Europa Zachodnia
ES,Hiszpania,2023,11,Jesień,no2,14.837857366771159,12.3,4.25,23.1,58.2,1276,20.611285266457678,Europa Zachodnia
ES,Hiszpania,2023,11,Jesień,o3,44.57760896637609,45.3,30.799999999999997,59.05,84.0,803,0.0,Europa Zachodnia
ES,Hiszpania,2023,11,Jesień,pm10,12.62590909090909,10.5,6.1,16.675,47.6,726,0.4132231404958678,Europa Zachodnia
ES,Hiszpania,2023,11,Jesień,pm25,6.061976047904192,5.08,3.63,7.96,19.3,501,1.5968063872255487,Europa Zachodnia
ES,Hiszpania,2023,12,Zima,no2,17.14551729438893,14.2,5.21,25.8,63.8,1301,25.98001537279016,Europa Zachodnia
ES,Hiszpania,2023,12,Zima,o3,39.81282555282555,39.650000000000006,25.025,55.775,92.1,814,0.0,Europa Zachodnia
ES,Hiszpania,2023,12,Zima,pm10,12.90283870967742,10.1,6.04,16.6,65.0,775,0.903225806451613,Europa Zachodnia
ES,Hiszpania,2023,12,Zima,pm25,7.277399617590822,6.09,4.33,9.11,31.5,523,6.692160611854685,Europa Zachodnia
ES,Hiszpania,2024,1,Zima,no2,18.00842225730071,15.9,5.855,27.85,73.6,1267,30.14996053670087,Europa Zachodnia
ES,Hiszpania,2024,1,Zima,o3,39.69812578616352,38.3,22.75,56.55,94.1,795,0.0,Europa Zachodnia
ES,Hiszpania,2024,1,Zima,pm10,15.623333333333333,12.9,7.17,21.474999999999998,85.2,696,2.2988505747126435,Europa Zachodnia
ES,Hiszpania,2024,1,Zima,pm25,9.154842105263159,7.79,4.88,12.149999999999999,30.0,475,15.157894736842106,Europa Zachodnia
ES,Hiszpania,2024,2,Zima,no2,15.95583501259446,12.4,4.0925,25.25,55.0,794,25.188916876574307,Europa Zachodnia
ES,Hiszpania,2024,2,Zima,o3,51.82409090909091,53.55,37.5,68.175,93.7,506,0.0,Europa Zachodnia
ES,Hiszpania,2024,2,Zima,pm10,17.367467948717948,12.8,7.08,25.8,61.7,312,3.205128205128205,Europa Zachodnia
ES,Hiszpania,2024,2,Zima,pm25,7.445938596491228,5.46,2.6025,10.275,29.0,114,9.649122807017543,Europa Zachodnia
ES,Hiszpania,2024,3,Wiosna,no2,12.026945820433436,8.805,3.0,17.2,57.0,646,13.46749226006192,Europa Zachodnia
ES,Hiszpania,2024,3,Wiosna,o3,60.49007092198581,68.1,48.55,77.75,99.5,423,0.0,Europa Zachodnia
ES,Hiszpania,2024,3,Wiosna,pm10,11.3944061302682,9.0,4.33,15.4,85.6,261,0.38314176245210724,Europa Zachodnia
ES,Hiszpania,2024,3,Wiosna,pm25,4.370385542168675,3.25,1.74,6.65,18.0,83,1.2048192771084338,Europa Zachodnia
ES,Hiszpania,2024,4,Wiosna,no2,12.480831325301205,9.809999999999999,2.9299999999999997,18.875,56.0,830,14.216867469879519,Europa Zachodnia
ES,Hiszpania,2024,4,Wiosna,o3,69.53158878504674,71.6,59.85,82.75,104.0,535,0.7476635514018692,Europa Zachodnia
ES,Hiszpania,2024,4,Wiosna,pm10,15.714179894179894,13.649999999999999,7.84,22.175,53.0,378,0.5291005291005291,Europa Zachodnia
ES,Hiszpania,2024,4,Wiosna,pm25,6.079827586206896,5.154999999999999,3.12,8.36,17.4,116,4.310344827586207,Europa Zachodnia
ES,Hiszpania,2024,5,Wiosna,no2,10.8375,9.325,2.74,16.775,46.9,850,7.0588235294117645,Europa Zachodnia
ES,Hiszpania,2024,5,Wiosna,o3,64.23236889692586,65.8,54.2,76.4,104.0,553,0.18083182640144665,Europa Zachodnia
ES,Hiszpania,2024,5,Wiosna,pm10,13.826649999999999,13.1,7.52,18.625,42.0,400,0.0,Europa Zachodnia
ES,Hiszpania,2024,5,Wiosna,pm25,6.145564516129032,5.7,2.8425,8.43,17.4,124,3.225806451612903,Europa Zachodnia
ES,Hiszpania,2024,6,Lato,no2,9.749125151883353,7.74,3.4450000000000003,13.7,55.0,823,4.981773997569866,Europa Zachodnia
ES,Hiszpania,2024,6,Lato,o3,61.76654275092937,62.650000000000006,50.725,72.875,109.0,538,0.929368029739777,Europa Zachodnia
ES,Hiszpania,2024,6,Lato,pm10,16.003650385604114,15.0,9.0,21.3,68.4,389,0.7712082262210797,Europa Zachodnia
ES,Hiszpania,2024,6,Lato,pm25,7.493865546218487,7.42,4.755,9.45,17.4,119,5.042016806722689,Europa Zachodnia
ES,Hiszpania,2024,7,Lato,no2,10.336219369894982,8.0,2.91,14.9,50.7,857,7.701283547257877,Europa Zachodnia
ES,Hiszpania,2024,7,Lato,o3,61.255116696588864,61.0,47.6,74.5,141.0,557,2.5134649910233393,Europa Zachodnia
ES,Hiszpania,2024,7,Lato,pm10,19.978333333333335,18.0,11.0,26.1,73.7,378,2.6455026455026456,Europa Zachodnia
ES,Hiszpania,2024,7,Lato,pm25,8.505,7.48,5.67,10.3,26.3,120,8.333333333333332,Europa Zachodnia
ES,Hiszpania,2024,8,Lato,no2,9.514360240963855,8.0,3.0,13.674999999999999,54.4,830,4.216867469879518,Europa Zachodnia
ES,Hiszpania,2024,8,Lato,o3,63.654730983302414,65.0,50.05,76.85,117.0,539,2.9684601113172544,Europa Zachodnia
ES,Hiszpania,2024,8,Lato,pm10,18.949050279329608,16.85,11.4,24.775,70.6,358,1.675977653631285,Europa Zachodnia
ES,Hiszpania,2024,8,Lato,pm25,7.959678260869565,7.68,5.635,9.615,18.7,115,4.3478260869565215,Europa Zachodnia
ES,Hiszpania,2024,9,Jesień,no2,12.565455542021924,10.3,3.0,18.3,57.5,821,13.520097442143728,Europa Zachodnia
ES,Hiszpania,2024,9,Jesień,o3,56.312854477611936,57.0,42.175000000000004,71.0,113.0,536,1.6791044776119404,Europa Zachodnia
ES,Hiszpania,2024,9,Jesień,pm10,15.37156862745098,14.5,7.5,21.0,55.0,357,0.2801120448179272,Europa Zachodnia
ES,Hiszpania,2024,9,Jesień,pm25,7.077045454545455,5.154999999999999,3.0,10.0,19.7,88,12.5,Europa Zachodnia
ES,Hiszpania,2024,10,Jesień,no2,13.244214285714285,11.0,4.074999999999999,20.625,46.0,840,14.880952380952381,Europa Zachodnia
ES,Hiszpania,2024,10,Jesień,o3,44.94815551537071,46.3,31.2,59.1,90.0,553,0.0,Europa Zachodnia
ES,Hiszpania,2024,10,Jesień,pm10,15.67313888888889,14.649999999999999,7.2925,21.825,62.8,360,1.6666666666666667,Europa Zachodnia
ES,Hiszpania,2024,10,Jesień,pm25,6.869782608695652,6.359999999999999,3.99,9.0325,18.1,92,3.260869565217391,Europa Zachodnia
ES,Hiszpania,2024,11,Jesień,no2,14.924850182704018,11.6,4.0,23.9,63.0,821,22.289890377588307,Europa Zachodnia
ES,Hiszpania,2024,11,Jesień,o3,35.65115027829314,33.1,20.7,50.8,80.9,539,0.0,Europa Zachodnia
ES,Hiszpania,2024,11,Jesień,pm10,20.53447592067989,18.5,10.7,27.5,76.4,353,5.099150141643059,Europa Zachodnia
ES,Hiszpania,2024,11,Jesień,pm25,9.151444444444444,8.98,4.3025,13.9,22.5,90,15.555555555555555,Europa Zachodnia
ES,Hiszpania,2024,12,Zima,no2,16.793156626506025,13.850000000000001,3.8899999999999997,27.2,72.6,830,28.313253012048197,Europa Zachodnia
ES,Hiszpania,2024,12,Zima,o3,36.823959854014596,33.5,22.375,49.5,88.5,548,0.0,Europa Zachodnia
ES,Hiszpania,2024,12,Zima,pm10,15.201758426966292,12.8,6.8525,21.025,78.4,356,1.6853932584269662,Europa Zachodnia
ES,Hiszpania,2024,12,Zima,pm25,8.361358333333333,7.25,4.390000000000001,11.65,22.2,120,12.5,Europa Zachodnia
ES,Hiszpania,2025,1,Zima,no2,18.13605105105105,14.6,4.8525,28.0,88.6,666,31.38138138138138,Europa Zachodnia
ES,Hiszpania,2025,1,Zima,o3,47.32470997679815,47.0,31.75,64.1,91.9,431,0.0,Europa Zachodnia
ES,Hiszpania,2025,1,Zima,pm10,13.777022598870056,11.95,5.0525,20.0,63.1,354,0.847457627118644,Europa Zachodnia
ES,Hiszpania,2025,1,Zima,pm25,6.060311258278145,4.25,2.725,7.81,26.0,151,6.622516556291391,Europa Zachodnia
ES,Hiszpania,2025,2,Zima,no2,19.130151260504203,17.0,6.890000000000001,28.85,57.6,595,32.10084033613445,Europa Zachodnia
ES,Hiszpania,2025,2,Zima,o3,43.93507042253521,42.6,31.9,54.55,130.0,355,0.5633802816901409,Europa Zachodnia
ES,Hiszpania,2025,2,Zima,pm10,16.94549689440994,16.4,8.6125,24.7,49.1,322,0.9316770186335404,Europa Zachodnia
ES,Hiszpania,2025,2,Zima,pm25,8.4375,7.325,4.92,10.625,34.0,144,9.722222222222223,Europa Zachodnia
ES,Hiszpania,2025,3,Wiosna,no2,11.951760904684976,8.87,4.0,17.4,52.3,619,10.500807754442649,Europa Zachodnia
ES,Hiszpania,2025,3,Wiosna,o3,58.05833333333334,66.6,41.525000000000006,77.025,98.0,156,0.0,Europa Zachodnia
ES,Hiszpania,2025,3,Wiosna,pm10,13.289781249999999,12.45,4.8675,18.3,52.0,320,0.625,Europa Zachodnia
ES,Hiszpania,2025,3,Wiosna,pm25,7.814229411764707,6.715,3.835,11.0,24.0,170,7.0588235294117645,Europa Zachodnia
ES,Hiszpania,2025,4,Wiosna,no2,8.473398533007334,6.25,3.26,12.4,36.0,409,2.93398533007335,Europa Zachodnia
ES,Hiszpania,2025,4,Wiosna,o3,42.32142857142857,34.0,24.0,60.75,94.0,42,0.0,Europa Zachodnia
ES,Hiszpania,2025,4,Wiosna,pm10,12.264261603375529,11.3,5.0,18.0,49.8,237,0.8438818565400843,Europa Zachodnia
ES,Hiszpania,2025,4,Wiosna,pm25,7.624757062146894,6.55,3.71,10.0,27.0,177,6.779661016949152,Europa Zachodnia
ES,Hiszpania,2025,5,Wiosna,no2,8.027739726027397,5.33,2.0,12.1,36.7,292,2.73972602739726,Europa Zachodnia
ES,Hiszpania,2025,5,Wiosna,o3,41.35294117647059,38.0,22.5,57.5,95.0,51,0.0,Europa Zachodnia
ES,Hiszpania,2025,5,Wiosna,pm10,13.24434599156118,12.3,7.86,17.7,40.3,237,0.0,Europa Zachodnia
ES,Hiszpania,2025,5,Wiosna,pm25,7.76445054945055,6.8149999999999995,4.654999999999999,10.0,37.0,182,3.8461538461538463,Europa Zachodnia
ES,Hiszpania,2025,6,Lato,no2,10.246732,7.57,3.0225,13.225000000000001,43.0,250,10.0,Europa Zachodnia
ES,Hiszpania,2025,6,Lato,o3,48.90625,43.5,32.75,63.25,105.0,64,1.5625,Europa Zachodnia
ES,Hiszpania,2025,6,Lato,pm10,21.448678414096918,21.0,14.8,27.55,45.3,227,0.4405286343612335,Europa Zachodnia
ES,Hiszpania,2025,6,Lato,pm25,11.551299435028248,10.7,8.0,14.0,32.0,177,19.774011299435028,Europa Zachodnia
ES,Hiszpania,2025,7,Lato,no2,7.149268292682927,4.48,2.5,8.405000000000001,50.3,287,3.484320557491289,Europa Zachodnia
ES,Hiszpania,2025,7,Lato,o3,54.48615384615385,56.3,36.6,72.0,97.0,65,0.0,Europa Zachodnia
ES,Hiszpania,2025,7,Lato,pm10,14.553971962616822,14.850000000000001,10.2,18.25,44.1,214,0.0,Europa Zachodnia
ES,Hiszpania,2025,7,Lato,pm25,8.156428571428572,7.890000000000001,5.5024999999999995,10.1,19.0,182,2.7472527472527473,Europa Zachodnia
ES,Hiszpania,2025,8,Lato,no2,5.77070564516129,4.109999999999999,1.9175,8.22,29.3,248,0.8064516129032258,Europa Zachodnia
ES,Hiszpania,2025,8,Lato,o3,60.31393442622951,63.45,48.1,75.65,108.0,122,0.819672131147541,Europa Zachodnia
ES,Hiszpania,2025,8,Lato,pm10,22.385949367088607,21.7,14.375,30.575,48.2,158,0.6329113924050633,Europa Zachodnia
ES,Hiszpania,2025,8,Lato,pm25,12.221351351351352,11.85,8.0,16.9,25.0,148,33.108108108108105,Europa Zachodnia
ES,Hiszpania,2025,9,Jesień,no2,4.716487046632125,3.27,1.08,7.29,23.9,193,0.0,Europa Zachodnia
ES,Hiszpania,2025,9,Jesień,o3,47.31367521367521,49.5,34.7,63.5,82.9,117,0.0,Europa Zachodnia
ES,Hiszpania,2025,9,Jesień,pm10,11.869520547945205,11.4,8.0425,15.275,27.0,146,0.0,Europa Zachodnia
ES,Hiszpania,2025,9,Jesień,pm25,6.35188622754491,5.75,4.0,7.9399999999999995,18.0,167,1.1976047904191618,Europa Zachodnia
ES,Hiszpania,2025,10,Jesień,no2,7.328337349397589,5.175,1.97,12.075,30.9,166,1.2048192771084338,Europa Zachodnia
ES,Hiszpania,2025,10,Jesień,o3,45.244354838709675,47.05,32.375,58.925,94.0,124,0.0,Europa Zachodnia
ES,Hiszpania,2025,10,Jesień,pm10,12.137302631578947,11.8,7.3975,16.775,33.2,152,0.0,Europa Zachodnia
ES,Hiszpania,2025,10,Jesień,pm25,7.0491847826086955,5.955,4.17,9.879999999999999,19.0,184,4.891304347826087,Europa Zachodnia
ES,Hiszpania,2025,11,Jesień,no2,7.807986577181209,4.41,2.04,13.0,35.6,149,3.3557046979865772,Europa Zachodnia
ES,Hiszpania,2025,11,Jesień,o3,42.8975,44.0,29.225,59.225,87.0,120,0.0,Europa Zachodnia
ES,Hiszpania,2025,11,Jesień,pm10,8.991678321678322,6.5,3.975,12.5,47.0,143,0.6993006993006993,Europa Zachodnia
ES,Hiszpania,2025,11,Jesień,pm25,6.992919540229885,4.199999999999999,3.0,8.780000000000001,37.0,174,12.643678160919542,Europa Zachodnia
ES,Hiszpania,2025,12,Zima,no2,9.556054421768707,5.07,2.175,15.95,36.0,147,6.122448979591836,Europa Zachodnia
ES,Hiszpania,2025,12,Zima,o3,36.47416666666666,37.35,22.375,51.525,82.1,120,0.0,Europa Zachodnia
ES,Hiszpania,2025,12,Zima,pm10,11.182480620155038,9.79,4.22,16.0,42.2,129,0.0,Europa Zachodnia
ES,Hiszpania,2025,12,Zima,pm25,9.28117610062893,7.13,4.5,13.0,35.0,159,20.754716981132077,Europa Zachodnia
FI,Finlandia,2022,1,Zima,no2,10.687619412515966,8.89,4.29,14.75,45.0,783,6.896551724137931,Europa Północna
FI,Finlandia,2022,1,Zima,o3,59.18709677419355,59.9,50.625,69.475,87.7,310,0.0,Europa Północna
FI,Finlandia,2022,1,Zima,pm10,5.336312977099237,4.77,3.2424999999999997,6.43,39.5,786,0.0,Europa Północna
FI,Finlandia,2022,1,Zima,pm25,3.6663306451612905,3.005,1.815,4.675,15.2,372,0.2688172043010753,Europa Północna
FI,Finlandia,2022,2,Zima,no2,11.956179562043795,10.2,5.37,16.4,44.8,685,8.75912408759124,Europa Północna
FI,Finlandia,2022,2,Zima,o3,60.99592857142857,62.45,55.3,70.2,86.2,280,0.0,Europa Północna
FI,Finlandia,2022,2,Zima,pm10,6.437128895184136,5.325,3.7225,7.6850000000000005,40.7,706,0.0,Europa Północna
FI,Finlandia,2022,2,Zima,pm25,4.429493902439025,3.495,2.18,5.325,19.6,328,1.2195121951219512,Europa Północna
FI,Finlandia,2022,3,Wiosna,no2,11.900266768292683,9.594999999999999,4.0275,17.1,51.4,656,10.670731707317072,Europa Północna
FI,Finlandia,2022,3,Wiosna,o3,70.83379790940766,71.9,64.5,78.35,104.0,287,0.6968641114982579,Europa Północna
FI,Finlandia,2022,3,Wiosna,pm10,12.076630813953487,9.82,5.6175,16.1,61.2,688,0.436046511627907,Europa Północna
FI,Finlandia,2022,3,Wiosna,pm25,5.860690461538462,4.97,2.92,8.19,18.4,325,1.2307692307692308,Europa Północna
FI,Finlandia,2022,4,Wiosna,no2,8.923637774902975,7.27,3.13,12.7,43.8,773,3.2341526520051747,Europa Północna
FI,Finlandia,2022,4,Wiosna,o3,73.93511705685619,74.4,67.9,80.05,99.4,299,0.0,Europa Północna
FI,Finlandia,2022,4,Wiosna,pm10,12.120324324324324,8.83,4.84,17.1,60.3,629,0.47694753577106513,Europa Północna
FI,Finlandia,2022,4,Wiosna,pm25,4.0142824858757065,3.24,2.2025,5.2025,17.3,354,0.847457627118644,Europa Północna
FI,Finlandia,2022,5,Wiosna,no2,6.255238961038961,4.9,2.44,8.475,48.5,770,1.0389610389610389,Europa Północna
FI,Finlandia,2022,5,Wiosna,o3,66.39516129032258,66.8,59.5,74.8,96.5,310,0.0,Europa Północna
FI,Finlandia,2022,5,Wiosna,pm10,11.261630906768838,9.73,6.8,14.1,57.9,783,0.2554278416347382,Europa Północna
FI,Finlandia,2022,5,Wiosna,pm25,3.9980837837837835,3.7649999999999997,2.5225,5.18,14.4,370,0.0,Europa Północna
FI,Finlandia,2022,6,Lato,no2,6.544899310344827,5.24,2.52,8.67,51.7,725,1.5172413793103448,Europa Północna
FI,Finlandia,2022,6,Lato,o3,57.44746130030959,58.0,49.55,66.25,84.1,323,0.0,Europa Północna
FI,Finlandia,2022,6,Lato,pm10,10.688134816753927,9.58,6.987500000000001,13.4,47.3,764,0.2617801047120419,Europa Północna
FI,Finlandia,2022,6,Lato,pm25,5.469650568181819,5.125,3.6375,6.672499999999999,20.0,352,0.8522727272727272,Europa Północna
FI,Finlandia,2022,7,Lato,no2,5.404460829493088,4.38,1.955,7.07,39.5,651,0.7680491551459293,Europa Północna
FI,Finlandia,2022,7,Lato,o3,49.66748466257669,47.45,39.3,58.9,88.3,326,0.0,Europa Północna
FI,Finlandia,2022,7,Lato,pm10,7.44781843575419,6.42,4.47,9.0475,44.0,716,0.0,Europa Północna
FI,Finlandia,2022,7,Lato,pm25,3.74680185758514,2.98,1.74,4.535,17.3,323,0.6191950464396285,Europa Północna
FI,Finlandia,2022,8,Lato,no2,6.64139557522124,5.25,2.4275,9.2125,38.6,678,1.3274336283185841,Europa Północna
FI,Finlandia,2022,8,Lato,o3,49.57398826979472,47.9,40.3,57.5,97.1,341,0.0,Europa Północna
FI,Finlandia,2022,8,Lato,pm10,10.929860110803325,8.415,5.4325,14.7,58.5,722,0.13850415512465375,Europa Północna
FI,Finlandia,2022,8,Lato,pm25,5.866907936507936,4.71,2.78,8.25,18.8,315,4.1269841269841265,Europa Północna
FI,Finlandia,2022,9,Jesień,no2,6.930558118361153,5.76,1.895,9.934999999999999,30.8,659,1.062215477996965,Europa Północna
FI,Finlandia,2022,9,Jesień,o3,34.98373860182371,34.9,26.8,43.2,62.7,329,0.0,Europa Północna
FI,Finlandia,2022,9,Jesień,pm10,6.411149333333333,5.855,4.2125,7.81,25.4,750,0.0,Europa Północna
FI,Finlandia,2022,9,Jesień,pm25,3.1663393939393942,2.9850000000000003,2.0625,4.0875,7.2,330,0.0,Europa Północna
FI,Finlandia,2022,10,Jesień,no2,7.676792307692308,6.67,2.7925,10.7,35.3,650,1.2307692307692308,Europa Północna
FI,Finlandia,2022,10,Jesień,o3,38.665815384615385,38.6,28.6,47.8,66.4,325,0.0,Europa Północna
FI,Finlandia,2022,10,Jesień,pm10,7.104364256480218,6.32,4.61,9.09,24.9,733,0.0,Europa Północna
FI,Finlandia,2022,10,Jesień,pm25,4.212741433021807,3.64,2.34,5.12,18.3,321,0.6230529595015576,Europa Północna
FI,Finlandia,2022,11,Jesień,no2,8.587434285714286,7.595000000000001,3.2225,12.6,30.7,700,1.1428571428571428,Europa Północna
FI,Finlandia,2022,11,Jesień,o3,35.589333333333336,36.25,26.425,45.45,86.3,360,0.0,Europa Północna
FI,Finlandia,2022,11,Jesień,pm10,7.238729559748427,6.01,4.01,9.565000000000001,39.5,795,0.0,Europa Północna
FI,Finlandia,2022,11,Jesień,pm25,4.553291316526611,3.97,2.61,5.91,14.2,357,0.0,Europa Północna
FI,Finlandia,2022,12,Zima,no2,11.73654298642534,10.0,5.125,16.25,42.5,663,8.89894419306184,Europa Północna
FI,Finlandia,2022,12,Zima,o3,40.76288828337874,43.7,25.2,55.150000000000006,73.3,367,0.0,Europa Północna
FI,Finlandia,2022,12,Zima,pm10,7.086120437956205,5.905,4.202500000000001,8.19,40.6,822,0.0,Europa Północna
FI,Finlandia,2022,12,Zima,pm25,5.793463888888889,4.68,3.075,7.3775,18.7,360,2.2222222222222223,Europa Północna
FI,Finlandia,2023,1,Zima,no2,10.130945273631841,8.75,3.915,14.0,40.8,603,5.638474295190713,Europa Północna
FI,Finlandia,2023,1,Zima,o3,51.823239875389405,53.4,41.9,63.1,86.6,321,0.0,Europa Północna
FI,Finlandia,2023,1,Zima,pm10,5.52628413897281,4.77,3.1825,7.05,36.6,662,0.0,Europa Północna
FI,Finlandia,2023,1,Zima,pm25,3.9848391167192427,3.37,2.15,5.05,13.0,317,0.0,Europa Północna
FI,Finlandia,2023,2,Zima,no2,11.16291111111111,9.100000000000001,3.1075,17.525000000000002,36.7,90,8.88888888888889,Europa Północna
FI,Finlandia,2023,2,Zima,o3,53.513958333333335,52.75,44.45,65.0,79.7,48,0.0,Europa Północna
FI,Finlandia,2023,2,Zima,pm10,6.332563829787234,5.05,3.5324999999999998,7.3975,32.7,94,0.0,Europa Północna
FI,Finlandia,2023,2,Zima,pm25,3.580840909090909,3.6950000000000003,2.2150000000000003,4.5025,10.0,44,0.0,Europa Północna
FI,Finlandia,2023,3,Wiosna,no2,9.558164383561644,7.885,3.85,14.350000000000001,36.7,292,2.73972602739726,Europa Północna
FI,Finlandia,2023,3,Wiosna,o3,68.49580838323352,70.0,60.2,78.15,94.0,167,0.0,Europa Północna
FI,Finlandia,2023,3,Wiosna,pm10,7.483336601307189,5.105,2.9675000000000002,8.545,60.8,306,0.6535947712418301,Europa Północna
FI,Finlandia,2023,3,Wiosna,pm25,3.9352721518987344,3.0999999999999996,1.9275,5.06,14.3,158,0.0,Europa Północna
FI,Finlandia,2023,4,Wiosna,no2,10.163345146379045,8.39,3.43,14.8,42.6,649,5.855161787365177,Europa Północna
FI,Finlandia,2023,4,Wiosna,o3,75.08533141210374,76.0,66.9,84.9,102.0,347,1.1527377521613833,Europa Północna
FI,Finlandia,2023,4,Wiosna,pm10,15.121817518248173,12.1,7.0325,21.5,60.8,548,2.3722627737226274,Europa Północna
FI,Finlandia,2023,4,Wiosna,pm25,5.912683431952663,5.345,3.2425,7.925,18.9,338,1.7751479289940828,Europa Północna
FI,Finlandia,2023,5,Wiosna,no2,7.320198047419805,6.15,3.05,10.3,38.2,717,1.1157601115760112,Europa Północna
FI,Finlandia,2023,5,Wiosna,o3,72.23032581453634,69.6,62.1,81.15,110.0,399,3.258145363408521,Europa Północna
FI,Finlandia,2023,5,Wiosna,pm10,13.061675606641122,10.9,7.005,17.9,55.1,783,0.7662835249042145,Europa Północna
FI,Finlandia,2023,5,Wiosna,pm25,4.945379032258065,4.140000000000001,2.4525,7.3725000000000005,15.6,372,0.2688172043010753,Europa Północna
FI,Finlandia,2023,6,Lato,no2,6.6240000000000006,5.32,2.39,9.12,38.7,713,1.402524544179523,Europa Północna
FI,Finlandia,2023,6,Lato,o3,61.283462532299744,60.6,54.1,67.6,102.0,387,0.2583979328165375,Europa Północna
FI,Finlandia,2023,6,Lato,pm10,11.230228116710876,9.935,5.92,15.4,57.6,754,0.6631299734748011,Europa Północna
FI,Finlandia,2023,6,Lato,pm25,5.551866279069768,4.845,2.4125,8.365,17.7,344,1.1627906976744187,Europa Północna
FI,Finlandia,2023,7,Lato,no2,5.304923865300147,4.71,2.175,7.145,23.3,683,0.0,Europa Północna
FI,Finlandia,2023,7,Lato,o3,49.52486187845304,48.9,42.25,58.475,81.8,362,0.0,Europa Północna
FI,Finlandia,2023,7,Lato,pm10,7.206545968882603,6.79,5.16,9.015,23.3,707,0.0,Europa Północna
FI,Finlandia,2023,7,Lato,pm25,3.721708463949843,3.58,2.65,4.695,8.08,319,0.0,Europa Północna
FI,Finlandia,2023,8,Lato,no2,6.500443795620438,5.68,3.05,9.21,26.9,685,0.145985401459854,Europa Północna
FI,Finlandia,2023,8,Lato,o3,48.655437665782486,48.3,39.7,58.0,84.5,377,0.0,Europa Północna
FI,Finlandia,2023,8,Lato,pm10,8.240270861833105,7.76,5.85,9.68,29.5,731,0.0,Europa Północna
FI,Finlandia,2023,8,Lato,pm25,4.23624,3.95,3.0,5.015000000000001,16.0,375,0.5333333333333333,Europa Północna
FI,Finlandia,2023,9,Jesień,no2,6.247219887955183,5.52,2.7775,8.790000000000001,24.1,714,0.0,Europa Północna
FI,Finlandia,2023,9,Jesień,o3,47.16769230769231,47.55,39.225,54.8,81.2,390,0.0,Europa Północna
FI,Finlandia,2023,9,Jesień,pm10,8.988769032258064,7.78,5.615,11.5,28.6,775,0.0,Europa Północna
FI,Finlandia,2023,9,Jesień,pm25,4.625139759036145,3.47,2.33,5.945,19.3,415,1.2048192771084338,Europa Północna
FI,Finlandia,2023,10,Jesień,no2,7.891951219512196,6.45,2.1174999999999997,11.5,41.0,738,2.303523035230352,Europa Północna
FI,Finlandia,2023,10,Jesień,o3,45.24332506203474,45.8,37.1,53.4,81.1,403,0.0,Europa Północna
FI,Finlandia,2023,10,Jesień,pm10,7.053131313131313,5.46,3.78,8.122499999999999,49.5,792,0.25252525252525254,Europa Północna
FI,Finlandia,2023,10,Jesień,pm25,2.9321454965357967,2.78,1.75,3.81,10.4,433,0.0,Europa Północna
FI,Finlandia,2023,11,Jesień,no2,9.23228591352859,8.09,3.92,12.4,40.0,717,3.2078103207810322,Europa Północna
FI,Finlandia,2023,11,Jesień,o3,45.21902564102564,43.7,34.175,56.825,84.1,390,0.0,Europa Północna
FI,Finlandia,2023,11,Jesień,pm10,6.360664591439689,5.05,3.38,7.27,51.1,771,0.12970168612191957,Europa Północna
FI,Finlandia,2023,11,Jesień,pm25,3.8011104761904764,3.6100000000000003,2.1550000000000002,4.9825,13.7,420,0.0,Europa Północna
FI,Finlandia,2023,12,Zima,no2,12.359790014684288,11.3,5.85,17.6,42.6,681,8.223201174743025,Europa Północna
FI,Finlandia,2023,12,Zima,o3,36.93158808933003,36.2,23.35,49.25,79.8,403,0.0,Europa Północna
FI,Finlandia,2023,12,Zima,pm10,7.0728462500000004,6.015,3.9250000000000003,9.272499999999999,49.9,800,0.125,Europa Północna
FI,Finlandia,2023,12,Zima,pm25,5.231727058823529,4.68,2.98,7.38,15.6,425,0.2352941176470588,Europa Północna
FI,Finlandia,2024,1,Zima,no2,11.126543703703705,9.21,3.955,16.1,42.4,675,7.555555555555555,Europa Północna
FI,Finlandia,2024,1,Zima,o3,57.76832098765432,58.8,51.3,68.6,88.1,405,0.0,Europa Północna
FI,Finlandia,2024,1,Zima,pm10,6.39114152866242,5.2,3.53,7.91,49.1,785,0.12738853503184713,Europa Północna
FI,Finlandia,2024,1,Zima,pm25,4.201836792452831,3.835,2.1950000000000003,5.702500000000001,14.9,424,0.0,Europa Północna
FI,Finlandia,2024,2,Zima,no2,10.932145569620253,9.335,4.7125,15.025,46.6,632,6.329113924050633,Europa Północna
FI,Finlandia,2024,2,Zima,o3,57.92824933687003,59.4,49.3,68.6,87.0,377,0.0,Europa Północna
FI,Finlandia,2024,2,Zima,pm10,7.26436593059937,5.895,4.2125,8.2975,38.9,634,0.0,Europa Północna
FI,Finlandia,2024,2,Zima,pm25,4.699612903225806,4.085,2.8475,6.25,14.1,372,0.0,Europa Północna
FI,Finlandia,2024,3,Wiosna,no2,9.484178571428572,7.68,3.38,13.425,40.1,476,5.042016806722689,Europa Północna
FI,Finlandia,2024,3,Wiosna,o3,63.03956043956044,62.5,52.4,74.5,91.1,273,0.0,Europa Północna
FI,Finlandia,2024,3,Wiosna,pm10,11.721654778554779,8.91,5.16,15.5,59.2,429,0.9324009324009324,Europa Północna
FI,Finlandia,2024,3,Wiosna,pm25,5.469186813186813,5.14,3.18,7.18,17.3,273,0.7326007326007326,Europa Północna
FI,Finlandia,2024,4,Wiosna,no2,7.016534508076359,5.73,2.45,9.59,38.7,681,1.6152716593245229,Europa Północna
FI,Finlandia,2024,4,Wiosna,o3,68.81439790575917,68.35,61.125,77.57499999999999,95.5,382,0.0,Europa Północna
FI,Finlandia,2024,4,Wiosna,pm10,12.369213804713805,9.75,5.305,17.575000000000003,53.8,594,0.6734006734006733,Europa Północna
FI,Finlandia,2024,4,Wiosna,pm25,4.131871727748691,3.895,2.71,5.15,12.4,382,0.0,Europa Północna
FI,Finlandia,2024,5,Wiosna,no2,7.980013235294117,6.445,3.1025,10.8,40.7,680,1.911764705882353,Europa Północna
FI,Finlandia,2024,5,Wiosna,o3,73.14293478260869,73.69999999999999,65.425,80.2,110.0,368,0.8152173913043478,Europa Północna
FI,Finlandia,2024,5,Wiosna,pm10,16.900236714975847,15.7,9.99,22.6,50.4,621,0.644122383252818,Europa Północna
FI,Finlandia,2024,5,Wiosna,pm25,6.034102564102564,4.95,3.1950000000000003,7.87,18.9,351,2.849002849002849,Europa Północna
FI,Finlandia,2024,6,Lato,no2,5.715979310344828,4.875,2.4325,7.7325,49.1,580,0.5172413793103449,Europa Północna
FI,Finlandia,2024,6,Lato,o3,63.677192982456134,63.3,55.9,70.0,109.0,342,0.5847953216374269,Europa Północna
FI,Finlandia,2024,6,Lato,pm10,9.998364565587734,8.87,6.7,12.2,39.9,587,0.0,Europa Północna
FI,Finlandia,2024,6,Lato,pm25,4.658481268011527,4.22,3.08,5.705,14.8,347,0.0,Europa Północna
FI,Finlandia,2024,7,Lato,no2,5.325239549839228,4.49,2.1325,7.387499999999999,22.5,622,0.0,Europa Północna
FI,Finlandia,2024,7,Lato,o3,52.69237057220708,53.4,44.3,61.2,84.4,367,0.0,Europa Północna
FI,Finlandia,2024,7,Lato,pm10,9.196387096774194,8.32,6.3225,11.2,40.5,620,0.0,Europa Północna
FI,Finlandia,2024,7,Lato,pm25,4.839994565217391,4.525,3.395,6.012499999999999,12.4,368,0.0,Europa Północna
FI,Finlandia,2024,8,Lato,no2,5.941624390243903,5.1,2.495,8.03,41.8,615,0.8130081300813009,Europa Północna
FI,Finlandia,2024,8,Lato,o3,50.42502906976744,50.9,40.475,61.824999999999996,96.4,344,0.0,Europa Północna
FI,Finlandia,2024,8,Lato,pm10,9.67241095890411,8.6,6.45,11.5,44.3,584,0.0,Europa Północna
FI,Finlandia,2024,8,Lato,pm25,5.487709302325581,4.995,3.6875,6.905,17.8,344,0.29069767441860467,Europa Północna
FI,Finlandia,2024,9,Jesień,no2,8.53777229299363,7.155,3.5275,11.825000000000001,44.1,628,2.8662420382165608,Europa Północna
FI,Finlandia,2024,9,Jesień,o3,48.613773638968475,49.8,35.2,61.9,101.0,349,0.28653295128939826,Europa Północna
FI,Finlandia,2024,9,Jesień,pm10,12.30064827586207,9.785,5.6075,17.8,49.2,580,0.1724137931034483,Europa Północna
FI,Finlandia,2024,9,Jesień,pm25,5.963476470588236,4.505,2.555,8.8525,18.9,340,3.2352941176470593,Europa Północna
FI,Finlandia,2024,10,Jesień,no2,7.384598461538461,6.745,3.3125,10.3,36.5,650,0.46153846153846156,Europa Północna
FI,Finlandia,2024,10,Jesień,o3,45.74697802197802,46.0,38.375,53.175,72.7,364,0.0,Europa Północna
FI,Finlandia,2024,10,Jesień,pm10,7.014371266233767,6.055,4.24,8.8225,48.7,616,0.16233766233766234,Europa Północna
FI,Finlandia,2024,10,Jesień,pm25,3.353884139784946,2.8099999999999996,1.9575,4.115,13.9,372,0.0,Europa Północna
FI,Finlandia,2024,11,Jesień,no2,8.100288888888889,6.97,3.35,11.4,36.7,630,2.2222222222222223,Europa Północna
FI,Finlandia,2024,11,Jesień,o3,48.42441926345609,48.9,37.8,57.5,76.2,353,0.0,Europa Północna
FI,Finlandia,2024,11,Jesień,pm10,6.121410942760943,4.58,3.09,7.26,48.5,594,0.16835016835016833,Europa Północna
FI,Finlandia,2024,11,Jesień,pm25,2.8346122222222223,2.5,1.525,3.415,10.4,360,0.0,Europa Północna
FI,Finlandia,2024,12,Zima,no2,8.73763556851312,6.87,3.22,12.6,41.5,343,3.498542274052478,Europa Północna
FI,Finlandia,2024,12,Zima,o3,52.326470588235296,52.6,41.925,63.75,85.3,204,0.0,Europa Północna
FI,Finlandia,2024,12,Zima,pm10,4.923654794520548,3.85,2.67,5.74,32.8,365,0.0,Europa Północna
FI,Finlandia,2024,12,Zima,pm25,2.8671386138613864,2.4450000000000003,1.52,3.735,11.4,202,0.0,Europa Północna
FI,Finlandia,2025,1,Zima,no2,10.28649375,9.75,2.9925,15.5,36.8,176,5.681818181818182,Europa Północna
FI,Finlandia,2025,1,Zima,o3,55.072645161290325,56.6,45.15,66.75,85.9,155,0.0,Europa Północna
FI,Finlandia,2025,1,Zima,pm10,6.17308713692946,5.35,3.62,7.34,39.9,241,0.0,Europa Północna
FI,Finlandia,2025,1,Zima,pm25,3.1736967741935485,2.86,1.2850000000000001,4.675,9.03,155,0.0,Europa Północna
FI,Finlandia,2025,2,Zima,no2,8.872256,8.3,2.84,13.85,31.8,150,1.3333333333333335,Europa Północna
FI,Finlandia,2025,2,Zima,o3,56.86290322580645,57.95,46.575,64.05,78.6,124,0.0,Europa Północna
FI,Finlandia,2025,2,Zima,pm10,8.111825423728813,6.19,3.89,8.92,37.9,177,0.0,Europa Północna
FI,Finlandia,2025,2,Zima,pm25,3.7854225,3.3449999999999998,1.8075,5.705,11.3,120,0.0,Europa Północna
FI,Finlandia,2025,3,Wiosna,no2,6.532979381443298,2.82,0.696,12.1,26.3,97,1.0309278350515463,Europa Północna
FI,Finlandia,2025,3,Wiosna,o3,68.03982300884955,68.9,61.5,75.0,92.8,113,0.0,Europa Północna
FI,Finlandia,2025,3,Wiosna,pm10,9.657356589147287,6.49,3.8,13.2,41.4,129,0.0,Europa Północna
FI,Finlandia,2025,3,Wiosna,pm25,3.3575368421052634,2.68,0.909,4.83,14.0,95,0.0,Europa Północna
FI,Finlandia,2025,4,Wiosna,no2,5.788784269662922,1.24,0.502,12.4,23.1,89,0.0,Europa Północna
FI,Finlandia,2025,4,Wiosna,o3,71.52162162162162,72.44999999999999,66.95,76.9,100.0,74,0.0,Europa Północna
FI,Finlandia,2025,4,Wiosna,pm10,8.205512820512821,5.98,3.61,11.6,34.3,117,0.0,Europa Północna
FI,Finlandia,2025,4,Wiosna,pm25,2.6922555555555556,2.035,1.185,3.8625,9.19,90,0.0,Europa Północna
FI,Finlandia,2025,5,Wiosna,no2,1.4912084745762713,0.586,0.3835,1.26,17.3,59,0.0,Europa Północna
FI,Finlandia,2025,5,Wiosna,o3,67.73492063492064,67.5,61.9,74.69999999999999,91.0,63,0.0,Europa Północna
FI,Finlandia,2025,5,Wiosna,pm10,5.15202380952381,4.46,2.2824999999999998,7.235,15.0,84,0.0,Europa Północna
FI,Finlandia,2025,5,Wiosna,pm25,2.8922777777777777,2.685,1.4649999999999999,4.03,7.28,90,0.0,Europa Północna
FI,Finlandia,2025,6,Lato,no2,0.9536440677966102,0.466,0.27349999999999997,1.275,5.02,59,0.0,Europa Północna
FI,Finlandia,2025,6,Lato,o3,48.885714285714286,46.2,39.650000000000006,57.25,78.0,35,0.0,Europa Północna
FI,Finlandia,2025,6,Lato,pm10,5.124216666666666,4.82,2.73,6.7749999999999995,14.3,60,0.0,Europa Północna
FI,Finlandia,2025,6,Lato,pm25,3.366622222222222,2.9299999999999997,2.0599999999999996,4.342499999999999,13.0,90,0.0,Europa Północna
FI,Finlandia,2025,7,Lato,no2,1.0578387096774193,0.71,0.35975,1.63,4.22,62,0.0,Europa Północna
FI,Finlandia,2025,7,Lato,o3,48.09024390243903,43.5,37.4,54.1,84.2,41,0.0,Europa Północna
FI,Finlandia,2025,7,Lato,pm10,8.559661016949152,7.75,4.5649999999999995,12.5,19.3,59,0.0,Europa Północna
FI,Finlandia,2025,7,Lato,pm25,6.0095833333333335,5.5,3.0275,8.545,13.6,84,0.0,Europa Północna
FI,Finlandia,2025,8,Lato,no2,0.6885741935483871,0.5615,0.19575,0.7997500000000001,3.5,62,0.0,Europa Północna
FI,Finlandia,2025,8,Lato,o3,48.329487179487174,48.349999999999994,42.725,53.75,77.5,78,0.0,Europa Północna
FI,Finlandia,2025,8,Lato,pm10,4.3353,3.995,1.8275000000000001,6.3025,12.2,60,0.0,Europa Północna
FI,Finlandia,2025,8,Lato,pm25,2.707098901098901,2.27,1.2149999999999999,3.81,8.12,91,0.0,Europa Północna
FI,Finlandia,2025,9,Jesień,no2,1.2818166666666668,0.848,0.4855,1.755,4.67,60,0.0,Europa Północna
FI,Finlandia,2025,9,Jesień,o3,45.66166666666666,49.349999999999994,35.375,57.1,76.1,60,0.0,Europa Północna
FI,Finlandia,2025,9,Jesień,pm10,5.9683166666666665,3.915,2.4375,8.31,20.7,60,0.0,Europa Północna
FI,Finlandia,2025,9,Jesień,pm25,3.609966292134831,2.92,1.73,5.04,14.2,89,0.0,Europa Północna
FI,Finlandia,2025,10,Jesień,no2,1.9788064516129034,0.973,0.559,2.9375,8.68,62,0.0,Europa Północna
FI,Finlandia,2025,10,Jesień,o3,41.56612903225806,44.15,32.324999999999996,51.75,67.4,62,0.0,Europa Północna
FI,Finlandia,2025,10,Jesień,pm10,3.447309677419355,3.465,0.672,5.1775,13.0,62,0.0,Europa Północna
FI,Finlandia,2025,10,Jesień,pm25,2.519915053763441,2.36,0.693,3.56,10.8,93,0.0,Europa Północna
FI,Finlandia,2025,11,Jesień,no2,1.9591724137931035,0.9855,0.48775,2.735,9.41,58,0.0,Europa Północna
FI,Finlandia,2025,11,Jesień,o3,52.14,48.3,35.3,69.975,92.3,60,0.0,Europa Północna
FI,Finlandia,2025,11,Jesień,pm10,3.0633733333333333,2.27,0.62075,4.8075,9.45,60,0.0,Europa Północna
FI,Finlandia,2025,11,Jesień,pm25,2.261651111111111,1.775,0.47275,3.2875,8.8,90,0.0,Europa Północna
FI,Finlandia,2025,12,Zima,no2,4.481214285714286,1.69,0.49875,7.83,25.0,84,0.0,Europa Północna
FI,Finlandia,2025,12,Zima,o3,56.711666666666666,57.650000000000006,47.85,70.25,82.9,60,0.0,Europa Północna
FI,Finlandia,2025,12,Zima,pm10,4.557111111111111,3.5,2.05,5.71,34.1,81,0.0,Europa Północna
FI,Finlandia,2025,12,Zima,pm25,2.2541453488372096,1.5950000000000002,0.9615,3.2325,8.37,86,0.0,Europa Północna
FR,Francja,2022,1,Zima,no2,20.044249027237356,17.5,8.8075,28.125,69.8,514,32.295719844357976,Europa Zachodnia
FR,Francja,2022,1,Zima,o3,39.23296853932584,39.0,25.1,53.8,82.6,445,0.0,Europa Zachodnia
FR,Francja,2022,1,Zima,pm10,17.822717770034842,16.3,9.895,23.475,61.9,574,1.5679442508710801,Europa Zachodnia
FR,Francja,2022,1,Zima,pm25,10.55168888888889,8.68,5.46,15.7,32.0,225,27.111111111111114,Europa Zachodnia
FR,Francja,2022,2,Zima,no2,17.386527056277057,12.95,5.7675,24.375,85.3,462,24.458874458874458,Europa Zachodnia
FR,Francja,2022,2,Zima,o3,53.97931472081218,55.7,43.5,66.925,82.6,394,0.0,Europa Zachodnia
FR,Francja,2022,2,Zima,pm10,14.333701923076923,12.95,8.51,18.85,48.3,520,0.38461538461538464,Europa Zachodnia
FR,Francja,2022,2,Zima,pm25,7.245416666666666,6.195,4.1450000000000005,9.695,20.5,216,6.944444444444445,Europa Zachodnia
FR,Francja,2022,3,Wiosna,no2,19.284021696252466,16.2,7.355,27.35,98.5,507,28.994082840236686,Europa Zachodnia
FR,Francja,2022,3,Wiosna,o3,59.21501098901099,60.7,47.1,72.5,112.0,455,2.197802197802198,Europa Zachodnia
FR,Francja,2022,3,Wiosna,pm10,24.059223484848484,23.45,15.775,31.5,57.9,528,4.166666666666666,Europa Zachodnia
FR,Francja,2022,3,Wiosna,pm25,14.328283261802575,13.6,9.32,19.9,32.6,233,42.91845493562232,Europa Zachodnia
FR,Francja,2022,4,Wiosna,no2,13.322476449275362,10.850000000000001,5.7225,17.5,70.2,552,9.057971014492754,Europa Zachodnia
FR,Francja,2022,4,Wiosna,o3,66.47097130242825,68.2,58.6,77.5,99.9,453,0.0,Europa Zachodnia
FR,Francja,2022,4,Wiosna,pm10,13.844991243432574,12.4,8.605,17.8,41.7,571,0.0,Europa Zachodnia
FR,Francja,2022,4,Wiosna,pm25,7.521945945945946,6.52,4.05,9.93,25.9,259,7.722007722007722,Europa Zachodnia
FR,Francja,2022,5,Wiosna,no2,10.952720465890183,8.26,4.44,13.4,75.2,601,6.821963394342761,Europa Zachodnia
FR,Francja,2022,5,Wiosna,o3,67.1596442687747,68.65,58.6,77.675,106.0,506,0.592885375494071,Europa Zachodnia
FR,Francja,2022,5,Wiosna,pm10,14.398937198067632,13.4,9.33,18.5,51.3,621,0.1610305958132045,Europa Zachodnia
FR,Francja,2022,5,Wiosna,pm25,7.3110740740740745,6.845,4.035,9.8975,24.7,270,4.074074074074074,Europa Zachodnia
FR,Francja,2022,6,Lato,no2,11.817783825816486,8.5,4.535,14.7,73.7,643,10.57542768273717,Europa Zachodnia
FR,Francja,2022,6,Lato,o3,68.98813559322033,65.5,55.349999999999994,78.95,134.0,531,8.47457627118644,Europa Zachodnia
FR,Francja,2022,6,Lato,pm10,15.025961844197138,12.9,8.79,19.1,50.1,629,0.47694753577106513,Europa Zachodnia
FR,Francja,2022,6,Lato,pm25,7.250268199233716,6.19,4.08,9.83,19.4,261,6.513409961685824,Europa Zachodnia
FR,Francja,2022,7,Lato,no2,11.782814262023217,8.83,4.745,13.6,82.8,603,8.7893864013267,Europa Zachodnia
FR,Francja,2022,7,Lato,o3,76.2950495049505,75.5,60.4,90.7,132.0,505,10.495049504950495,Europa Zachodnia
FR,Francja,2022,7,Lato,pm10,14.948361204013379,13.9,10.425,17.8,53.5,598,0.33444816053511706,Europa Zachodnia
FR,Francja,2022,7,Lato,pm25,7.281563786008231,5.83,4.245,9.469999999999999,21.0,243,7.4074074074074066,Europa Zachodnia
FR,Francja,2022,8,Lato,no2,12.08843768545994,9.245000000000001,5.215,14.2,90.1,674,9.643916913946587,Europa Zachodnia
FR,Francja,2022,8,Lato,o3,74.55232358003443,74.5,57.9,91.7,166.0,581,13.080895008605854,Europa Zachodnia
FR,Francja,2022,8,Lato,pm10,14.351961367013374,13.4,9.9,17.8,41.9,673,0.0,Europa Zachodnia
FR,Francja,2022,8,Lato,pm25,6.746603174603174,6.75,4.52,8.735,17.0,315,0.9523809523809524,Europa Zachodnia
FR,Francja,2022,9,Jesień,no2,12.867303803486529,9.7,5.235,16.2,76.8,631,11.885895404120443,Europa Zachodnia
FR,Francja,2022,9,Jesień,o3,55.74814126394052,55.95,48.4,63.275,94.9,538,0.0,Europa Zachodnia
FR,Francja,2022,9,Jesień,pm10,11.236805111821086,10.2,7.0725,13.9,45.4,626,0.1597444089456869,Europa Zachodnia
FR,Francja,2022,9,Jesień,pm25,5.037428571428571,4.54,3.335,6.265000000000001,15.0,315,0.0,Europa Zachodnia
FR,Francja,2022,10,Jesień,no2,14.199483816013629,11.0,5.295,19.6,65.4,587,13.458262350936966,Europa Zachodnia
FR,Francja,2022,10,Jesień,o3,43.64153081510934,43.1,33.0,51.650000000000006,90.2,503,0.0,Europa Zachodnia
FR,Francja,2022,10,Jesień,pm10,17.081473684210525,15.3,10.825000000000001,21.275,51.3,570,0.5263157894736842,Europa Zachodnia
FR,Francja,2022,10,Jesień,pm25,7.686643835616438,7.095000000000001,4.797499999999999,9.8325,26.5,292,4.794520547945205,Europa Zachodnia
FR,Francja,2022,11,Jesień,no2,15.945695238095238,13.7,5.8549999999999995,22.075000000000003,69.1,630,19.682539682539684,Europa Zachodnia
FR,Francja,2022,11,Jesień,o3,42.16421818181818,41.95,29.9,55.650000000000006,88.1,550,0.0,Europa Zachodnia
FR,Francja,2022,11,Jesień,pm10,12.485634028892456,11.6,8.27,15.4,41.7,623,0.0,Europa Zachodnia
FR,Francja,2022,11,Jesień,pm25,6.834871165644172,5.93,4.4025,8.4525,24.8,326,3.6809815950920246,Europa Zachodnia
FR,Francja,2022,12,Zima,no2,17.965831973898858,16.0,7.4,24.8,72.4,613,24.306688417618272,Europa Zachodnia
FR,Francja,2022,12,Zima,o3,33.97941379310345,31.5,19.0,47.05,79.8,580,0.0,Europa Zachodnia
FR,Francja,2022,12,Zima,pm10,16.507767441860466,15.2,10.2,21.8,49.6,645,0.46511627906976744,Europa Zachodnia
FR,Francja,2022,12,Zima,pm25,11.317100977198697,9.95,5.695,16.299999999999997,32.0,307,27.68729641693811,Europa Zachodnia
FR,Francja,2023,1,Zima,no2,16.041,13.45,6.6325,21.0,75.6,532,17.293233082706767,Europa Zachodnia
FR,Francja,2023,1,Zima,o3,45.41483168316832,44.4,31.1,60.4,88.7,505,0.0,Europa Zachodnia
FR,Francja,2023,1,Zima,pm10,13.561347826086955,12.8,8.31,18.0,45.3,529,0.1890359168241966,Europa Zachodnia
FR,Francja,2023,1,Zima,pm25,8.72025971731449,8.0,4.645,12.0,25.8,283,11.307420494699647,Europa Zachodnia
FR,Francja,2023,2,Zima,no2,24.958904109589042,18.0,7.29,35.7,89.4,73,43.83561643835616,Europa Zachodnia
FR,Francja,2023,2,Zima,o3,44.73866666666667,51.2,27.85,60.5,91.1,75,0.0,Europa Zachodnia
FR,Francja,2023,2,Zima,pm10,27.564925373134326,25.9,18.75,33.6,58.4,67,11.940298507462686,Europa Zachodnia
FR,Francja,2023,2,Zima,pm25,15.054516129032258,14.2,9.5,18.0,29.6,31,48.38709677419355,Europa Zachodnia
FR,Francja,2023,3,Wiosna,no2,11.517591065292097,7.6,3.395,15.950000000000001,70.0,291,11.34020618556701,Europa Zachodnia
FR,Francja,2023,3,Wiosna,o3,67.53695652173913,69.55,60.475,77.775,96.0,276,0.0,Europa Zachodnia
FR,Francja,2023,3,Wiosna,pm10,12.372148148148149,11.0,7.325,15.7,47.2,270,0.3703703703703704,Europa Zachodnia
FR,Francja,2023,3,Wiosna,pm25,5.936315789473684,5.619999999999999,3.7975,7.435,22.3,152,0.6578947368421052,Europa Zachodnia
FR,Francja,2023,4,Wiosna,no2,12.312261824324326,9.024999999999999,5.245,15.0,78.4,592,10.135135135135135,Europa Zachodnia
FR,Francja,2023,4,Wiosna,o3,65.1059040590406,65.85,56.8,73.95,117.0,542,0.18450184501845018,Europa Zachodnia
FR,Francja,2023,4,Wiosna,pm10,12.19275265017668,10.8,7.172499999999999,15.475,52.9,566,0.35335689045936397,Europa Zachodnia
FR,Francja,2023,4,Wiosna,pm25,6.192002985074627,5.81,3.71,8.065000000000001,17.0,335,1.1940298507462688,Europa Zachodnia
FR,Francja,2023,5,Wiosna,no2,10.380802377414561,7.6,4.93,11.1,61.6,673,8.469539375928678,Europa Zachodnia
FR,Francja,2023,5,Wiosna,o3,68.46428571428571,68.8,58.275000000000006,78.8,105.0,630,0.7936507936507936,Europa Zachodnia
FR,Francja,2023,5,Wiosna,pm10,15.165898617511521,13.8,9.28,19.15,57.9,651,0.9216589861751152,Europa Zachodnia
FR,Francja,2023,5,Wiosna,pm25,7.63139898989899,7.18,4.4725,10.125,25.2,396,5.303030303030303,Europa Zachodnia
FR,Francja,2023,6,Lato,no2,11.690384732824429,8.88,5.49,13.05,80.5,655,8.396946564885496,Europa Zachodnia
FR,Francja,2023,6,Lato,o3,76.57698412698413,76.5,62.925,89.8,125.0,630,9.206349206349207,Europa Zachodnia
FR,Francja,2023,6,Lato,pm10,16.74531746031746,15.2,11.8,20.075000000000003,60.0,630,0.31746031746031744,Europa Zachodnia
FR,Francja,2023,6,Lato,pm25,8.75642673521851,8.56,5.92,11.0,19.3,389,3.5989717223650386,Europa Zachodnia
FR,Francja,2023,7,Lato,no2,9.121324116743471,6.67,3.56,10.350000000000001,56.0,651,7.987711213517665,Europa Zachodnia
FR,Francja,2023,7,Lato,o3,59.80990415335463,59.3,51.324999999999996,67.375,98.6,626,0.0,Europa Zachodnia
FR,Francja,2023,7,Lato,pm10,12.957928221859706,11.0,7.88,15.9,52.4,613,0.9787928221859705,Europa Zachodnia
FR,Francja,2023,7,Lato,pm25,6.01093085106383,4.93,3.7150000000000003,7.5649999999999995,20.1,376,2.393617021276596,Europa Zachodnia
FR,Francja,2023,8,Lato,no2,9.255709627329193,6.9399999999999995,3.225,11.5,61.7,644,6.6770186335403725,Europa Zachodnia
FR,Francja,2023,8,Lato,o3,60.971728000000006,59.8,51.5,71.6,106.0,625,0.64,Europa Zachodnia
FR,Francja,2023,8,Lato,pm10,11.75906584992343,10.1,6.6,15.0,53.4,653,0.45941807044410415,Europa Zachodnia
FR,Francja,2023,8,Lato,pm25,5.481413881748072,4.57,3.1,6.98,18.3,389,2.313624678663239,Europa Zachodnia
FR,Francja,2023,9,Jesień,no2,13.949071317829457,10.8,5.89,17.0,78.3,645,10.852713178294573,Europa Zachodnia
FR,Francja,2023,9,Jesień,o3,59.843290734824286,57.849999999999994,48.7,68.6,114.0,626,1.4376996805111821,Europa Zachodnia
FR,Francja,2023,9,Jesień,pm10,14.373289036544849,12.5,8.7525,17.9,48.9,602,0.33222591362126247,Europa Zachodnia
FR,Francja,2023,9,Jesień,pm25,6.930287958115183,6.25,4.25,9.07,22.5,382,2.8795811518324608,Europa Zachodnia
FR,Francja,2023,10,Jesień,no2,14.072466153846152,10.7,5.5225,19.0,82.9,650,12.307692307692308,Europa Zachodnia
FR,Francja,2023,10,Jesień,o3,50.844913928012524,51.1,40.7,60.95,103.0,639,0.1564945226917058,Europa Zachodnia
FR,Francja,2023,10,Jesień,pm10,13.9220826709062,11.8,8.0,17.7,56.1,629,0.9538950715421303,Europa Zachodnia
FR,Francja,2023,10,Jesień,pm25,6.391932114882507,5.42,3.855,8.125,21.7,383,3.1331592689295036,Europa Zachodnia
FR,Francja,2023,11,Jesień,no2,14.315927018633541,11.8,4.83,19.725,67.8,644,16.77018633540373,Europa Zachodnia
FR,Francja,2023,11,Jesień,o3,45.95679936305732,47.349999999999994,34.9,58.3,81.7,628,0.0,Europa Zachodnia
FR,Francja,2023,11,Jesień,pm10,12.206378716744915,10.8,6.925,15.649999999999999,55.6,639,0.7824726134585289,Europa Zachodnia
FR,Francja,2023,11,Jesień,pm25,6.278005208333333,5.34,3.6574999999999998,7.987500000000001,24.7,384,2.864583333333333,Europa Zachodnia
FR,Francja,2023,12,Zima,no2,15.524348148148148,12.1,4.699999999999999,23.25,70.1,675,21.925925925925927,Europa Zachodnia
FR,Francja,2023,12,Zima,o3,43.557744945567656,43.3,28.799999999999997,59.349999999999994,82.5,643,0.0,Europa Zachodnia
FR,Francja,2023,12,Zima,pm10,13.871754716981131,12.7,7.745,18.1,50.7,636,0.3144654088050315,Europa Zachodnia
FR,Francja,2023,12,Zima,pm25,8.329153266331659,6.36,4.0525,11.2,33.1,398,13.819095477386934,Europa Zachodnia
FR,Francja,2024,1,Zima,no2,18.246288753799394,15.75,7.035,26.2,74.6,658,26.899696048632222,Europa Zachodnia
FR,Francja,2024,1,Zima,o3,40.196489028213165,39.5,27.225,51.775,83.1,638,0.0,Europa Zachodnia
FR,Francja,2024,1,Zima,pm10,17.765743548387096,15.850000000000001,9.754999999999999,24.325,57.9,620,1.7741935483870968,Europa Zachodnia
FR,Francja,2024,1,Zima,pm25,10.46028530259366,8.53,5.265000000000001,14.6,31.8,347,23.919308357348704,Europa Zachodnia
FR,Francja,2024,2,Zima,no2,14.202932604735883,10.2,5.05,20.8,67.1,549,18.397085610200364,Europa Zachodnia
FR,Francja,2024,2,Zima,o3,52.57690140845071,54.3,42.9,64.2,84.4,497,0.0,Europa Zachodnia
FR,Francja,2024,2,Zima,pm10,13.535264187866927,11.3,7.415,17.95,57.3,511,0.9784735812133072,Europa Zachodnia
FR,Francja,2024,2,Zima,pm25,7.230938697318008,5.59,3.61,8.62,29.6,261,9.961685823754788,Europa Zachodnia
FR,Francja,2024,3,Wiosna,no2,13.070030303030302,9.97,5.01,17.8,62.1,396,12.373737373737374,Europa Zachodnia
FR,Francja,2024,3,Wiosna,o3,60.70944751381215,61.95,50.425,73.475,98.7,362,0.0,Europa Zachodnia
FR,Francja,2024,3,Wiosna,pm10,10.99532212885154,9.15,5.3,14.3,53.7,357,0.5602240896358543,Europa Zachodnia
FR,Francja,2024,3,Wiosna,pm25,6.199430939226519,4.5,2.73,7.7,25.4,181,7.18232044198895,Europa Zachodnia
FR,Francja,2024,4,Wiosna,no2,11.07563204225352,7.6850000000000005,4.25,13.850000000000001,78.3,568,9.683098591549296,Europa Zachodnia
FR,Francja,2024,4,Wiosna,o3,69.31358267716536,70.85,60.1,80.2,125.0,508,1.3779527559055118,Europa Zachodnia
FR,Francja,2024,4,Wiosna,pm10,11.886380368098159,10.6,7.2,14.6,49.9,489,0.408997955010225,Europa Zachodnia
FR,Francja,2024,4,Wiosna,pm25,5.088276923076923,4.715,3.11,6.225,21.4,260,0.38461538461538464,Europa Zachodnia
FR,Francja,2024,5,Wiosna,no2,9.69663275862069,7.0600000000000005,4.315,10.9,60.6,580,8.275862068965518,Europa Zachodnia
FR,Francja,2024,5,Wiosna,o3,63.98738049713194,64.0,55.2,73.15,112.0,523,0.3824091778202677,Europa Zachodnia
FR,Francja,2024,5,Wiosna,pm10,10.311914893617022,8.65,5.83,12.8,40.4,517,0.0,Europa Zachodnia
FR,Francja,2024,5,Wiosna,pm25,4.473169811320755,3.75,2.5,5.57,16.1,265,1.509433962264151,Europa Zachodnia
FR,Francja,2024,6,Lato,no2,8.879203422053232,6.43,3.4925,10.5,78.2,526,6.653992395437262,Europa Zachodnia
FR,Francja,2024,6,Lato,o3,61.305307855626324,61.2,52.95,70.3,104.0,471,0.21231422505307856,Europa Zachodnia
FR,Francja,2024,6,Lato,pm10,13.784090909090908,12.649999999999999,8.2475,17.7,53.9,528,0.7575757575757576,Europa Zachodnia
FR,Francja,2024,6,Lato,pm25,6.4874418604651165,5.59,3.5075,8.3375,21.7,258,4.263565891472868,Europa Zachodnia
FR,Francja,2024,7,Lato,no2,9.449632404181184,7.07,3.8625,10.4,69.4,574,7.317073170731707,Europa Zachodnia
FR,Francja,2024,7,Lato,o3,60.55424063116371,58.5,49.55,70.8,130.0,507,1.5779092702169626,Europa Zachodnia
FR,Francja,2024,7,Lato,pm10,13.213187390542906,11.5,8.3,16.6,44.8,571,0.0,Europa Zachodnia
FR,Francja,2024,7,Lato,pm25,5.9063197026022305,5.02,3.69,7.15,19.2,269,2.2304832713754648,Europa Zachodnia
FR,Francja,2024,8,Lato,no2,9.287410681399633,6.53,3.6550000000000002,10.4,77.2,543,7.918968692449356,Europa Zachodnia
FR,Francja,2024,8,Lato,o3,63.993004115226334,63.05,53.324999999999996,74.55,118.0,486,2.4691358024691357,Europa Zachodnia
FR,Francja,2024,8,Lato,pm10,13.69713163064833,12.5,9.13,16.9,47.1,509,0.19646365422396855,Europa Zachodnia
FR,Francja,2024,8,Lato,pm25,6.9075390625,5.79,4.25,8.557500000000001,18.6,256,3.515625,Europa Zachodnia
FR,Francja,2024,9,Jesień,no2,11.287908273381296,8.53,4.6475,14.6,72.1,556,8.093525179856115,Europa Zachodnia
FR,Francja,2024,9,Jesień,o3,58.66707566462168,58.6,50.4,68.7,98.7,489,0.0,Europa Zachodnia
FR,Francja,2024,9,Jesień,pm10,11.204554263565893,9.53,6.4,13.75,59.2,516,0.5813953488372093,Europa Zachodnia
FR,Francja,2024,9,Jesień,pm25,5.4420769230769235,4.390000000000001,2.8275,6.9325,24.8,260,2.6923076923076925,Europa Zachodnia
FR,Francja,2024,10,Jesień,no2,13.710179310344827,11.2,6.8375,17.575,53.1,580,11.724137931034482,Europa Zachodnia
FR,Francja,2024,10,Jesień,o3,38.48504761904762,38.7,26.6,50.1,74.5,525,0.0,Europa Zachodnia
FR,Francja,2024,10,Jesień,pm10,12.971860869565218,11.5,8.335,16.3,54.6,575,0.17391304347826086,Europa Zachodnia
FR,Francja,2024,10,Jesień,pm25,6.287985611510791,5.49,3.7125,8.084999999999999,23.1,278,2.877697841726619,Europa Zachodnia
FR,Francja,2024,11,Jesień,no2,15.631776014109349,13.6,7.59,21.25,75.8,567,17.10758377425044,Europa Zachodnia
FR,Francja,2024,11,Jesień,o3,33.576510204081636,30.35,19.225,46.375,82.8,490,0.0,Europa Zachodnia
FR,Francja,2024,11,Jesień,pm10,15.532071428571431,14.25,9.445,20.1,49.7,560,0.7142857142857143,Europa Zachodnia
FR,Francja,2024,11,Jesień,pm25,10.059550561797753,9.28,5.605,13.850000000000001,31.7,267,19.850187265917604,Europa Zachodnia
FR,Francja,2024,12,Zima,no2,16.568391608391607,13.7,6.83,24.1,67.1,429,23.310023310023308,Europa Zachodnia
FR,Francja,2024,12,Zima,o3,41.45518617021276,39.75,27.349999999999998,57.1,82.5,376,0.0,Europa Zachodnia
FR,Francja,2024,12,Zima,pm10,14.590014462809917,12.9,7.6525,19.4,61.1,484,1.2396694214876034,Europa Zachodnia
FR,Francja,2024,12,Zima,pm25,9.334907407407407,7.22,4.6375,12.9,32.1,216,16.666666666666664,Europa Zachodnia
FR,Francja,2025,1,Zima,no2,16.34979797979798,13.45,7.0825,22.175,59.1,198,22.727272727272727,Europa Zachodnia
FR,Francja,2025,1,Zima,o3,44.72794258373205,46.4,28.4,62.5,86.3,209,0.0,Europa Zachodnia
FR,Francja,2025,1,Zima,pm10,16.431713395638628,13.7,8.48,22.7,59.1,321,0.9345794392523363,Europa Zachodnia
FR,Francja,2025,1,Zima,pm25,10.835694444444444,9.17,4.7125,16.175,31.8,144,27.77777777777778,Europa Zachodnia
FR,Francja,2025,2,Zima,no2,19.60604316546763,18.2,11.25,25.65,48.2,139,26.618705035971225,Europa Zachodnia
FR,Francja,2025,2,Zima,o3,41.23466666666666,40.45,29.325,51.075,78.4,150,0.0,Europa Zachodnia
FR,Francja,2025,2,Zima,pm10,20.821082089552238,20.25,12.5,27.7,53.7,268,1.1194029850746268,Europa Zachodnia
FR,Francja,2025,2,Zima,pm25,15.563394495412846,14.5,9.78,22.0,31.3,109,47.706422018348626,Europa Zachodnia
FR,Francja,2025,3,Wiosna,no2,24.410735294117647,20.3,14.825,29.175,81.6,68,38.23529411764706,Europa Zachodnia
FR,Francja,2025,3,Wiosna,o3,52.608988764044945,51.2,42.4,64.0,77.6,89,0.0,Europa Zachodnia
FR,Francja,2025,3,Wiosna,pm10,22.299014084507043,20.65,13.525,28.65,52.5,142,5.633802816901409,Europa Zachodnia
FR,Francja,2025,3,Wiosna,pm25,13.395918367346939,11.850000000000001,8.809999999999999,17.375,31.0,98,33.6734693877551,Europa Zachodnia
FR,Francja,2025,4,Wiosna,no2,14.605333333333332,13.6,10.450000000000001,18.375,24.1,30,0.0,Europa Zachodnia
FR,Francja,2025,4,Wiosna,o3,62.480000000000004,64.4,53.5,72.5,84.3,55,0.0,Europa Zachodnia
FR,Francja,2025,4,Wiosna,pm10,12.304615384615383,11.8,6.95,15.0,34.2,65,0.0,Europa Zachodnia
FR,Francja,2025,4,Wiosna,pm25,8.457865168539326,7.34,4.5,10.3,25.8,89,8.98876404494382,Europa Zachodnia
FR,Francja,2025,5,Wiosna,no2,11.188333333333333,11.25,8.335,12.975,21.7,30,0.0,Europa Zachodnia
FR,Francja,2025,5,Wiosna,o3,61.82,60.0,56.925,68.55,89.2,30,0.0,Europa Zachodnia
FR,Francja,2025,5,Wiosna,pm10,13.438636363636363,11.75,9.447500000000002,15.55,44.5,88,0.0,Europa Zachodnia
FR,Francja,2025,5,Wiosna,pm25,6.373777777777778,6.045,4.7075000000000005,7.574999999999999,12.3,90,0.0,Europa Zachodnia
FR,Francja,2025,6,Lato,no2,11.794333333333332,11.25,8.1125,14.35,20.5,30,0.0,Europa Zachodnia
FR,Francja,2025,6,Lato,o3,67.61999999999999,64.95,55.425,83.9,98.2,30,0.0,Europa Zachodnia
FR,Francja,2025,6,Lato,pm10,15.26025,15.1,10.022499999999999,19.924999999999997,29.3,80,0.0,Europa Zachodnia
FR,Francja,2025,6,Lato,pm25,7.423222222222223,6.555,4.6825,8.9875,20.7,90,8.88888888888889,Europa Zachodnia
FR,Francja,2025,7,Lato,no2,9.62258064516129,9.21,7.155,11.75,17.5,31,0.0,Europa Zachodnia
FR,Francja,2025,7,Lato,o3,50.6,50.75,46.2,54.4,59.4,8,0.0,Europa Zachodnia
FR,Francja,2025,7,Lato,pm10,11.38879120879121,9.86,7.62,14.350000000000001,30.9,91,0.0,Europa Zachodnia
FR,Francja,2025,7,Lato,pm25,4.764385964912281,4.44,3.51,5.47,11.5,57,0.0,Europa Zachodnia
FR,Francja,2025,8,Lato,no2,11.609655172413794,10.7,8.82,13.9,26.0,29,3.4482758620689653,Europa Zachodnia
FR,Francja,2025,8,Lato,o3,63.864,61.1,53.5,83.0,104.0,25,4.0,Europa Zachodnia
FR,Francja,2025,8,Lato,pm10,14.467222222222222,13.399999999999999,8.4575,19.15,40.6,90,0.0,Europa Zachodnia
FR,Francja,2025,8,Lato,pm25,6.686896551724137,4.84,3.9,10.5,14.3,29,0.0,Europa Zachodnia
FR,Francja,2025,9,Jesień,no2,11.626333333333333,11.8,9.307500000000001,13.8,21.3,30,0.0,Europa Zachodnia
FR,Francja,2025,9,Jesień,pm10,10.774242424242425,8.355,6.0975,13.25,44.5,66,0.0,Europa Zachodnia
FR,Francja,2025,9,Jesień,pm25,4.431333333333333,3.545,2.7225,5.6175,11.9,30,0.0,Europa Zachodnia
FR,Francja,2025,10,Jesień,no2,14.109354838709677,14.4,9.715,19.049999999999997,23.3,31,0.0,Europa Zachodnia
FR,Francja,2025,10,Jesień,pm10,10.76075,11.05,8.34,13.9,21.4,80,0.0,Europa Zachodnia
FR,Francja,2025,10,Jesień,pm25,6.961612903225807,7.2,3.25,9.965,14.0,31,0.0,Europa Zachodnia
FR,Francja,2025,11,Jesień,no2,25.151379310344826,22.4,19.3,32.4,45.7,29,34.48275862068966,Europa Zachodnia
FR,Francja,2025,11,Jesień,pm10,15.8985,15.25,10.7,19.525,34.4,60,0.0,Europa Zachodnia
FR,Francja,2025,11,Jesień,pm25,13.195666666666666,14.1,8.700000000000001,17.1,28.0,30,46.666666666666664,Europa Zachodnia
FR,Francja,2025,12,Zima,no2,21.48896551724138,23.6,18.4,25.4,28.6,29,34.48275862068966,Europa Zachodnia
FR,Francja,2025,12,Zima,pm10,18.270000000000003,17.05,12.1,21.675,38.6,58,0.0,Europa Zachodnia
FR,Francja,2025,12,Zima,pm25,16.24137931034483,16.6,10.8,19.7,31.8,29,58.620689655172406,Europa Zachodnia
GB,Wielka Brytania,2022,1,Zima,no2,28.1722646484375,26.5,15.375,37.75,85.3,1024,53.22265625,Europa Zachodnia
GB,Wielka Brytania,2022,1,Zima,o3,36.86598207171315,36.45,19.424999999999997,52.575,84.7,502,0.0,Europa Zachodnia
GB,Wielka Brytania,2022,1,Zima,pm10,18.731875,16.6,12.1,23.625,67.9,576,1.7361111111111112,Europa Zachodnia
GB,Wielka Brytania,2022,1,Zima,pm25,10.206596638655462,8.645,6.17,13.225,27.1,476,19.11764705882353,Europa Zachodnia
GB,Wielka Brytania,2022,2,Zima,no2,17.231278756476684,14.5,8.7,22.2,82.9,965,20.621761658031087,Europa Zachodnia
GB,Wielka Brytania,2022,2,Zima,o3,57.576718403547666,58.7,49.25,66.65,89.7,451,0.0,Europa Zachodnia
GB,Wielka Brytania,2022,2,Zima,pm10,13.412468007312613,12.0,8.33,16.0,45.3,547,0.18281535648994515,Europa Zachodnia
GB,Wielka Brytania,2022,2,Zima,pm25,6.095081967213115,5.48,3.8775,7.702500000000001,16.4,488,0.6147540983606558,Europa Zachodnia
GB,Wielka Brytania,2022,3,Wiosna,no2,24.2784593837535,21.8,14.0,31.75,93.0,1071,40.80298786181139,Europa Zachodnia
GB,Wielka Brytania,2022,3,Wiosna,o3,51.09137450199203,53.25,37.824999999999996,64.675,95.2,502,0.0,Europa Zachodnia
GB,Wielka Brytania,2022,3,Wiosna,pm10,20.713091247672253,18.9,12.9,27.0,74.0,537,3.35195530726257,Europa Zachodnia
GB,Wielka Brytania,2022,3,Wiosna,pm25,11.112483069977426,10.3,6.734999999999999,14.850000000000001,29.0,443,23.25056433408578,Europa Zachodnia
GB,Wielka Brytania,2022,4,Wiosna,no2,19.114600742804086,17.6,10.8,25.5,86.7,1077,26.18384401114206,Europa Zachodnia
GB,Wielka Brytania,2022,4,Wiosna,o3,60.32008113590263,61.6,50.9,71.3,93.4,493,0.0,Europa Zachodnia
GB,Wielka Brytania,2022,4,Wiosna,pm10,18.43872754491018,17.3,11.975,23.5,51.6,668,0.4491017964071856,Europa Zachodnia
GB,Wielka Brytania,2022,4,Wiosna,pm25,9.245355481727575,8.774999999999999,6.01,11.674999999999999,25.3,602,10.465116279069768,Europa Zachodnia
GB,Wielka Brytania,2022,5,Wiosna,no2,15.652976888888887,13.5,8.3,20.5,59.1,1125,15.466666666666667,Europa Zachodnia
GB,Wielka Brytania,2022,5,Wiosna,o3,54.933457943925234,56.0,45.9,63.75,93.8,535,0.0,Europa Zachodnia
GB,Wielka Brytania,2022,5,Wiosna,pm10,15.536846361185985,13.3,9.1725,18.8,74.8,742,1.6172506738544474,Europa Zachodnia
GB,Wielka Brytania,2022,5,Wiosna,pm25,7.005320895522387,5.77,4.095,8.684999999999999,24.3,670,6.119402985074627,Europa Zachodnia
GB,Wielka Brytania,2022,6,Lato,no2,14.392568402471316,11.5,7.0,19.2,90.5,1133,13.150926743159753,Europa Zachodnia
GB,Wielka Brytania,2022,6,Lato,o3,57.44284790874524,55.5,47.1,65.85000000000001,123.0,526,2.091254752851711,Europa Zachodnia
GB,Wielka Brytania,2022,6,Lato,pm10,15.196477572559367,13.5,10.5,17.775,75.0,758,1.1873350923482848,Europa Zachodnia
GB,Wielka Brytania,2022,6,Lato,pm25,6.874333333333333,6.54,5.0,8.54,17.1,690,0.43478260869565216,Europa Zachodnia
GB,Wielka Brytania,2022,7,Lato,no2,14.181657499999998,11.850000000000001,7.0725,18.625,84.9,1160,12.413793103448276,Europa Zachodnia
GB,Wielka Brytania,2022,7,Lato,o3,53.72562141491396,50.8,42.1,62.05,116.0,523,1.338432122370937,Europa Zachodnia
GB,Wielka Brytania,2022,7,Lato,pm10,13.933257287705958,11.6,8.75,16.0,70.7,789,1.2674271229404308,Europa Zachodnia
GB,Wielka Brytania,2022,7,Lato,pm25,5.307891420911528,4.67,3.2525,6.387499999999999,20.4,746,2.0107238605898123,Europa Zachodnia
GB,Wielka Brytania,2022,8,Lato,no2,15.703493261455527,13.7,7.94,21.2,56.8,1113,16.262353998203054,Europa Zachodnia
GB,Wielka Brytania,2022,8,Lato,o3,51.895766990291264,49.0,39.5,61.0,121.0,515,2.912621359223301,Europa Zachodnia
GB,Wielka Brytania,2022,8,Lato,pm10,16.040503067484664,13.7,10.1,20.3,62.6,815,1.1042944785276074,Europa Zachodnia
GB,Wielka Brytania,2022,8,Lato,pm25,6.404651413189771,5.5,4.0600000000000005,7.9,19.3,743,2.826379542395693,Europa Zachodnia
GB,Wielka Brytania,2022,9,Jesień,no2,18.64245125348189,16.8,10.8,24.5,64.4,1077,23.30547818012999,Europa Zachodnia
GB,Wielka Brytania,2022,9,Jesień,o3,42.60305060728745,42.0,33.525,50.675000000000004,85.8,494,0.0,Europa Zachodnia
GB,Wielka Brytania,2022,9,Jesień,pm10,13.327372654155495,12.0,9.29,16.075000000000003,45.9,746,0.13404825737265416,Europa Zachodnia
GB,Wielka Brytania,2022,9,Jesień,pm25,6.03144319775596,5.58,4.0,7.54,18.4,713,1.262272089761571,Europa Zachodnia
GB,Wielka Brytania,2022,10,Jesień,no2,19.361308943089433,17.2,10.5,25.8,64.4,1107,26.82926829268293,Europa Zachodnia
GB,Wielka Brytania,2022,10,Jesień,o3,38.52108742004264,38.5,27.7,49.6,85.2,469,0.0,Europa Zachodnia
GB,Wielka Brytania,2022,10,Jesień,pm10,14.252997347480106,12.850000000000001,10.3,16.8,50.8,754,0.2652519893899204,Europa Zachodnia
GB,Wielka Brytania,2022,10,Jesień,pm25,7.06054,6.58,5.21,8.67,19.5,700,0.7142857142857143,Europa Zachodnia
GB,Wielka Brytania,2022,11,Jesień,no2,20.869990842490843,19.4,11.9,28.5,62.8,1092,33.60805860805861,Europa Zachodnia
GB,Wielka Brytania,2022,11,Jesień,o3,39.415,40.7,26.325,53.175000000000004,76.6,514,0.0,Europa Zachodnia
GB,Wielka Brytania,2022,11,Jesień,pm10,13.911513583441138,12.6,9.5,16.8,56.9,773,0.517464424320828,Europa Zachodnia
GB,Wielka Brytania,2022,11,Jesień,pm25,8.112738764044945,7.365,5.21,9.8525,25.3,712,6.882022471910113,Europa Zachodnia
GB,Wielka Brytania,2022,12,Zima,no2,25.643970909090907,22.6,12.1,35.775000000000006,79.4,1100,45.09090909090909,Europa Zachodnia
GB,Wielka Brytania,2022,12,Zima,o3,33.447939508506614,31.4,14.6,51.6,83.5,529,0.0,Europa Zachodnia
GB,Wielka Brytania,2022,12,Zima,pm10,16.130326223337516,14.3,9.5,21.1,74.5,797,0.7528230865746549,Europa Zachodnia
GB,Wielka Brytania,2022,12,Zima,pm25,10.189259796806967,8.66,5.33,14.8,27.8,689,23.802612481857764,Europa Zachodnia
GB,Wielka Brytania,2023,1,Zima,no2,24.401159420289854,21.6,11.1,34.5,88.0,966,41.61490683229814,Europa Zachodnia
GB,Wielka Brytania,2023,1,Zima,o3,42.63648275862069,43.5,28.0,57.6,85.1,435,0.0,Europa Zachodnia
GB,Wielka Brytania,2023,1,Zima,pm10,14.729201807228916,12.3,8.8825,17.7,78.3,664,1.2048192771084338,Europa Zachodnia
GB,Wielka Brytania,2023,1,Zima,pm25,8.278510998307953,7.22,5.175,10.25,24.3,591,9.813874788494077,Europa Zachodnia
GB,Wielka Brytania,2023,2,Zima,no2,30.111081081081082,27.6,15.15,40.95,81.8,111,55.85585585585585,Europa Zachodnia
GB,Wielka Brytania,2023,2,Zima,o3,35.221785714285716,29.35,17.0,55.625,84.0,56,0.0,Europa Zachodnia
GB,Wielka Brytania,2023,2,Zima,pm10,25.873958333333334,26.1,17.6,32.525,64.0,48,4.166666666666666,Europa Zachodnia
GB,Wielka Brytania,2023,2,Zima,pm25,9.77107142857143,9.045000000000002,7.805,10.4,22.0,28,10.714285714285714,Europa Zachodnia
GB,Wielka Brytania,2023,3,Wiosna,no2,15.091236203090508,12.7,8.38,19.7,56.3,453,12.141280353200882,Europa Zachodnia
GB,Wielka Brytania,2023,3,Wiosna,o3,62.02553191489362,62.2,53.95,71.65,89.3,235,0.0,Europa Zachodnia
GB,Wielka Brytania,2023,3,Wiosna,pm10,12.784642857142858,11.149999999999999,8.475000000000001,14.3,78.1,336,1.1904761904761905,Europa Zachodnia
GB,Wielka Brytania,2023,3,Wiosna,pm25,5.999495268138801,5.74,4.47,7.09,19.3,317,0.9463722397476341,Europa Zachodnia
GB,Wielka Brytania,2023,4,Wiosna,no2,18.1366966966967,15.8,9.504999999999999,24.35,71.0,999,23.223223223223226,Europa Zachodnia
GB,Wielka Brytania,2023,4,Wiosna,o3,62.21115384615384,61.75,52.775,73.275,103.0,520,0.19230769230769232,Europa Zachodnia
GB,Wielka Brytania,2023,4,Wiosna,pm10,16.98818439716312,15.7,11.0,21.4,64.6,705,0.425531914893617,Europa Zachodnia
GB,Wielka Brytania,2023,4,Wiosna,pm25,9.57124,9.215,5.7875,12.6,21.6,650,14.153846153846153,Europa Zachodnia
GB,Wielka Brytania,2023,5,Wiosna,no2,14.917031007751937,13.0,7.75,19.8,68.0,1161,13.264427217915589,Europa Zachodnia
GB,Wielka Brytania,2023,5,Wiosna,o3,57.86162601626017,59.0,49.6,67.45,88.6,615,0.0,Europa Zachodnia
GB,Wielka Brytania,2023,5,Wiosna,pm10,15.952030162412992,14.9,11.5,19.0,56.2,862,0.23201856148491878,Europa Zachodnia
GB,Wielka Brytania,2023,5,Wiosna,pm25,8.078908406524468,7.79,6.06,9.73,19.6,797,1.3801756587202008,Europa Zachodnia
GB,Wielka Brytania,2023,6,Lato,no2,14.215815577439571,11.7,6.5,18.7,74.0,1117,14.055505819158459,Europa Zachodnia
GB,Wielka Brytania,2023,6,Lato,o3,67.24653130287648,66.9,52.6,80.15,127.0,591,7.952622673434856,Europa Zachodnia
GB,Wielka Brytania,2023,6,Lato,pm10,18.348808353808355,16.4,11.525,23.175,65.2,814,1.9656019656019657,Europa Zachodnia
GB,Wielka Brytania,2023,6,Lato,pm25,8.776606451612903,7.63,5.6,11.1,25.4,775,9.935483870967742,Europa Zachodnia
GB,Wielka Brytania,2023,7,Lato,no2,12.175566222222223,9.96,6.0,16.4,50.0,1125,8.266666666666666,Europa Zachodnia
GB,Wielka Brytania,2023,7,Lato,o3,46.82801652892562,47.0,37.6,55.4,103.0,605,0.3305785123966942,Europa Zachodnia
GB,Wielka Brytania,2023,7,Lato,pm10,12.003560411311055,10.0,7.795,13.775,59.3,778,0.6426735218508998,Europa Zachodnia
GB,Wielka Brytania,2023,7,Lato,pm25,5.111127659574469,4.61,3.495,6.0575,23.0,752,0.13297872340425532,Europa Zachodnia
GB,Wielka Brytania,2023,8,Lato,no2,13.740425714285715,12.0,7.84,18.3,57.9,1050,8.761904761904763,Europa Zachodnia
GB,Wielka Brytania,2023,8,Lato,o3,44.85302491103203,44.9,38.425,53.175000000000004,77.3,562,0.0,Europa Zachodnia
GB,Wielka Brytania,2023,8,Lato,pm10,11.1844459833795,9.445,7.45,13.0,59.6,722,0.554016620498615,Europa Zachodnia
GB,Wielka Brytania,2023,8,Lato,pm25,4.8750712209302325,4.4399999999999995,3.32,5.7925,21.6,688,0.29069767441860467,Europa Zachodnia
GB,Wielka Brytania,2023,9,Jesień,no2,18.47039536954586,15.6,9.51,24.1,92.1,1123,22.707034728406057,Europa Zachodnia
GB,Wielka Brytania,2023,9,Jesień,o3,51.97697160883281,51.95,40.1,62.7,104.0,634,0.15772870662460567,Europa Zachodnia
GB,Wielka Brytania,2023,9,Jesień,pm10,16.47651948051948,13.7,9.86,20.4,64.7,770,1.4285714285714286,Europa Zachodnia
GB,Wielka Brytania,2023,9,Jesień,pm25,8.43171544715447,6.95,4.82,11.174999999999999,25.3,738,13.008130081300814,Europa Zachodnia
GB,Wielka Brytania,2023,10,Jesień,no2,20.39774594078319,18.7,11.2,27.0,73.7,1047,30.08595988538682,Europa Zachodnia
GB,Wielka Brytania,2023,10,Jesień,o3,37.911750433275564,37.9,25.9,50.3,76.6,577,0.0,Europa Zachodnia
GB,Wielka Brytania,2023,10,Jesień,pm10,13.394344262295082,12.25,9.3525,15.8,70.0,732,0.6830601092896175,Europa Zachodnia
GB,Wielka Brytania,2023,10,Jesień,pm25,6.854095473833098,6.27,4.725,8.615,19.4,707,1.272984441301273,Europa Zachodnia
GB,Wielka Brytania,2023,11,Jesień,no2,22.609467613132207,20.8,13.45,30.5,80.9,1127,37.62200532386868,Europa Zachodnia
GB,Wielka Brytania,2023,11,Jesień,o3,37.10324459234609,37.0,25.1,49.9,85.2,601,0.0,Europa Zachodnia
GB,Wielka Brytania,2023,11,Jesień,pm10,12.960025542784164,11.7,9.17,15.4,44.2,783,0.0,Europa Zachodnia
GB,Wielka Brytania,2023,11,Jesień,pm25,7.187760210803689,6.25,4.96,8.620000000000001,26.7,759,3.0303030303030303,Europa Zachodnia
GB,Wielka Brytania,2023,12,Zima,no2,19.286657570422534,16.15,8.735,27.8,64.4,1136,30.985915492957744,Europa Zachodnia
GB,Wielka Brytania,2023,12,Zima,o3,44.63562080536912,48.150000000000006,29.175,60.925,82.7,596,0.0,Europa Zachodnia
GB,Wielka Brytania,2023,12,Zima,pm10,12.120436408977556,11.2,7.9125,15.174999999999999,54.9,802,0.3740648379052369,Europa Zachodnia
GB,Wielka Brytania,2023,12,Zima,pm25,6.914071335927367,6.25,4.255,8.56,24.4,771,4.150453955901426,Europa Zachodnia
GB,Wielka Brytania,2024,1,Zima,no2,20.696968668407308,18.6,11.0,27.6,69.2,1149,29.852045256744997,Europa Zachodnia
GB,Wielka Brytania,2024,1,Zima,o3,46.21811881188119,47.45,33.225,58.9,88.5,606,0.0,Europa Zachodnia
GB,Wielka Brytania,2024,1,Zima,pm10,14.744417413572343,13.6,9.96,17.8,76.3,781,0.6402048655569782,Europa Zachodnia
GB,Wielka Brytania,2024,1,Zima,pm25,7.683169107856192,7.06,5.165,9.594999999999999,19.8,751,4.527296937416778,Europa Zachodnia
GB,Wielka Brytania,2024,2,Zima,no2,18.96807163886163,16.7,10.3,26.0,68.7,1019,27.968596663395484,Europa Zachodnia
GB,Wielka Brytania,2024,2,Zima,o3,50.57742857142858,52.2,39.7,61.7,87.9,525,0.0,Europa Zachodnia
GB,Wielka Brytania,2024,2,Zima,pm10,12.079844632768362,10.6,7.8225,14.925,63.4,708,0.14124293785310735,Europa Zachodnia
GB,Wielka Brytania,2024,2,Zima,pm25,5.962469808541973,5.42,3.92,7.52,20.9,679,1.3254786450662739,Europa Zachodnia
GB,Wielka Brytania,2024,3,Wiosna,no2,18.41002743362832,16.4,10.125,24.5,67.5,1130,24.24778761061947,Europa Zachodnia
GB,Wielka Brytania,2024,3,Wiosna,o3,54.68147512864494,55.4,43.7,66.9,91.3,583,0.0,Europa Zachodnia
GB,Wielka Brytania,2024,3,Wiosna,pm10,15.50912925170068,12.5,8.815000000000001,18.6,60.3,735,0.6802721088435374,Europa Zachodnia
GB,Wielka Brytania,2024,3,Wiosna,pm25,7.606130239520959,5.96,4.38,9.135000000000002,25.6,668,8.532934131736528,Europa Zachodnia
GB,Wielka Brytania,2024,4,Wiosna,no2,14.185609677419356,11.6,7.3875,18.9,65.0,930,12.258064516129032,Europa Zachodnia
GB,Wielka Brytania,2024,4,Wiosna,o3,64.38622129436325,64.9,56.3,74.15,96.4,479,0.0,Europa Zachodnia
GB,Wielka Brytania,2024,4,Wiosna,pm10,12.238791390728476,11.0,7.91,14.7,48.1,604,0.16556291390728478,Europa Zachodnia
GB,Wielka Brytania,2024,4,Wiosna,pm25,5.275215889464594,4.96,3.58,6.43,18.3,579,0.3454231433506045,Europa Zachodnia
GB,Wielka Brytania,2024,5,Wiosna,no2,16.205410729991204,13.6,8.34,22.1,66.8,1137,18.20580474934037,Europa Zachodnia
GB,Wielka Brytania,2024,5,Wiosna,o3,59.23087027914614,59.3,49.9,68.8,104.0,609,0.16420361247947454,Europa Zachodnia
GB,Wielka Brytania,2024,5,Wiosna,pm10,16.296444159178435,15.0,9.8,21.0,46.1,779,0.12836970474967907,Europa Zachodnia
GB,Wielka Brytania,2024,5,Wiosna,pm25,8.987336010709505,8.39,5.41,12.1,23.9,747,10.307898259705489,Europa Zachodnia
GB,Wielka Brytania,2024,6,Lato,no2,12.38678729281768,10.5,6.22,16.875,52.4,1086,7.642725598526703,Europa Zachodnia
GB,Wielka Brytania,2024,6,Lato,o3,56.2726631393298,55.6,48.4,63.2,114.0,567,0.8818342151675485,Europa Zachodnia
GB,Wielka Brytania,2024,6,Lato,pm10,13.481790450928383,11.4,9.09,15.0,80.2,754,1.4588859416445623,Europa Zachodnia
GB,Wielka Brytania,2024,6,Lato,pm25,6.072569060773481,5.59,4.26,7.262499999999999,16.5,724,0.5524861878453038,Europa Zachodnia
GB,Wielka Brytania,2024,7,Lato,no2,13.70520009057971,11.45,7.0,18.5,60.4,1104,11.41304347826087,Europa Zachodnia
GB,Wielka Brytania,2024,7,Lato,o3,47.32464788732395,46.3,37.85,54.45,116.0,568,0.528169014084507,Europa Zachodnia
GB,Wielka Brytania,2024,7,Lato,pm10,12.03392809587217,10.5,8.02,14.05,48.6,751,0.3994673768308922,Europa Zachodnia
GB,Wielka Brytania,2024,7,Lato,pm25,5.548995815899581,5.04,3.75,6.93,17.1,717,0.2789400278940028,Europa Zachodnia
GB,Wielka Brytania,2024,8,Lato,no2,11.67929328621908,9.42,5.665,15.525,53.4,1132,7.508833922261485,Europa Zachodnia
GB,Wielka Brytania,2024,8,Lato,o3,50.287593495934956,51.4,43.75,57.7,93.5,615,0.0,Europa Zachodnia
GB,Wielka Brytania,2024,8,Lato,pm10,14.804474846625768,13.1,10.0,17.9,67.9,815,0.6134969325153374,Europa Zachodnia
GB,Wielka Brytania,2024,8,Lato,pm25,7.065104247104247,6.09,4.73,8.91,23.1,777,2.9601029601029603,Europa Zachodnia
GB,Wielka Brytania,2024,9,Jesień,no2,16.176626702997275,14.3,9.35,21.8,58.3,1101,15.985467756584923,Europa Zachodnia
GB,Wielka Brytania,2024,9,Jesień,o3,49.12816293929713,48.150000000000006,39.1,59.575,89.9,626,0.0,Europa Zachodnia
GB,Wielka Brytania,2024,9,Jesień,pm10,14.439850617283952,11.6,8.395,17.8,55.4,810,0.49382716049382713,Europa Zachodnia
GB,Wielka Brytania,2024,9,Jesień,pm25,7.357589677419354,5.82,3.955,8.855,26.4,775,10.451612903225808,Europa Zachodnia
GB,Wielka Brytania,2024,10,Jesień,no2,19.356687903970453,17.9,11.2,25.7,60.0,1083,26.685133887349956,Europa Zachodnia
GB,Wielka Brytania,2024,10,Jesień,o3,38.872353518821605,39.6,26.65,49.95,79.1,611,0.0,Europa Zachodnia
GB,Wielka Brytania,2024,10,Jesień,pm10,13.887292517006802,12.9,9.57,16.8,51.9,735,0.27210884353741494,Europa Zachodnia
GB,Wielka Brytania,2024,10,Jesień,pm25,6.841427197802198,6.385,4.577500000000001,8.6425,19.1,728,1.6483516483516485,Europa Zachodnia
GB,Wielka Brytania,2024,11,Jesień,no2,24.1649392971246,23.2,14.2,31.9,73.6,939,44.72843450479233,Europa Zachodnia
GB,Wielka Brytania,2024,11,Jesień,o3,32.30023166023166,30.95,19.85,42.25,80.0,518,0.0,Europa Zachodnia
GB,Wielka Brytania,2024,11,Jesień,pm10,17.64701388888889,15.0,9.21,25.2,56.7,144,2.7777777777777777,Europa Zachodnia
GB,Wielka Brytania,2024,11,Jesień,pm25,10.147934782608695,8.670000000000002,5.842499999999999,14.0,26.1,184,20.108695652173914,Europa Zachodnia
GB,Wielka Brytania,2024,12,Zima,no2,17.56105650459921,14.9,8.27,25.4,60.0,761,25.36136662286465,Europa Zachodnia
GB,Wielka Brytania,2024,12,Zima,o3,46.81653846153846,48.55,35.175000000000004,59.625,85.7,468,0.0,Europa Zachodnia
GB,Wielka Brytania,2024,12,Zima,pm10,7.796189473684211,7.03,4.08,10.004999999999999,34.4,95,0.0,Europa Zachodnia
GB,Wielka Brytania,2024,12,Zima,pm25,5.327753012048193,4.96,3.11,6.955,18.9,166,2.4096385542168677,Europa Zachodnia
GB,Wielka Brytania,2025,1,Zima,no2,28.689832869080778,27.3,16.15,39.1,91.0,359,54.874651810584965,Europa Zachodnia
GB,Wielka Brytania,2025,1,Zima,o3,39.99361111111111,40.65,20.95,58.300000000000004,83.7,252,0.0,Europa Zachodnia
GB,Wielka Brytania,2025,1,Zima,pm10,11.42,10.649999999999999,6.245,14.475,31.0,84,0.0,Europa Zachodnia
GB,Wielka Brytania,2025,1,Zima,pm25,9.286449541284405,8.0,3.82,12.7,26.4,109,19.26605504587156,Europa Zachodnia
GB,Wielka Brytania,2025,2,Zima,no2,23.48222929936306,20.7,14.8,32.0,60.2,157,35.6687898089172,Europa Zachodnia
GB,Wielka Brytania,2025,2,Zima,o3,49.5656,51.599999999999994,36.525,63.975,90.6,150,0.0,Europa Zachodnia
GB,Wielka Brytania,2025,2,Zima,pm10,13.847894736842106,12.3,8.94,17.2,32.8,57,0.0,Europa Zachodnia
GB,Wielka Brytania,2025,2,Zima,pm25,6.617,5.96,2.66,9.5,13.9,29,0.0,Europa Zachodnia
GB,Wielka Brytania,2025,3,Wiosna,no2,24.63251256281407,20.5,13.45,34.25,75.9,199,40.7035175879397,Europa Zachodnia
GB,Wielka Brytania,2025,3,Wiosna,o3,52.18571710526316,52.75,41.875,62.724999999999994,89.6,152,0.0,Europa Zachodnia
GB,Wielka Brytania,2025,3,Wiosna,pm10,15.091503759398497,14.5,10.4,18.7,31.5,133,0.0,Europa Zachodnia
GB,Wielka Brytania,2025,3,Wiosna,pm25,6.6681284403669725,6.64,5.0,8.08,14.6,109,0.0,Europa Zachodnia
GB,Wielka Brytania,2025,4,Wiosna,no2,14.444903846153847,13.25,9.275,18.0,49.1,312,8.974358974358974,Europa Zachodnia
GB,Wielka Brytania,2025,4,Wiosna,o3,62.312380952380956,61.349999999999994,55.1,70.05,85.1,210,0.0,Europa Zachodnia
GB,Wielka Brytania,2025,4,Wiosna,pm10,18.454900662251656,17.4,12.5,22.8,44.4,755,0.0,Europa Zachodnia
GB,Wielka Brytania,2025,4,Wiosna,pm25,9.712534059945504,9.15,6.3925,12.5,24.7,734,11.989100817438691,Europa Zachodnia
GB,Wielka Brytania,2025,5,Wiosna,no2,9.38590909090909,8.655,5.359999999999999,13.05,27.2,286,0.34965034965034963,Europa Zachodnia
GB,Wielka Brytania,2025,5,Wiosna,o3,63.74672897196261,63.0,56.025,73.07499999999999,101.0,214,0.46728971962616817,Europa Zachodnia
GB,Wielka Brytania,2025,5,Wiosna,pm10,15.649294117647058,15.2,11.3,19.0,36.3,765,0.0,Europa Zachodnia
GB,Wielka Brytania,2025,5,Wiosna,pm25,7.340730337078652,6.96,5.0,9.35,21.1,801,1.1235955056179776,Europa Zachodnia
GB,Wielka Brytania,2025,6,Lato,no2,8.4378125,7.82,5.85,10.3,21.1,128,0.0,Europa Zachodnia
GB,Wielka Brytania,2025,6,Lato,o3,59.08904761904762,58.2,49.5,66.45,102.0,210,0.4761904761904762,Europa Zachodnia
GB,Wielka Brytania,2025,6,Lato,pm10,12.753962264150942,12.0,8.91,15.8,36.0,636,0.0,Europa Zachodnia
GB,Wielka Brytania,2025,6,Lato,pm25,6.562032110091744,5.91,4.26,8.695,18.0,654,1.834862385321101,Europa Zachodnia
GB,Wielka Brytania,2025,7,Lato,no2,8.384032258064515,7.925000000000001,5.2075000000000005,11.0,25.1,124,0.8064516129032258,Europa Zachodnia
GB,Wielka Brytania,2025,7,Lato,o3,46.537810945273634,46.0,38.9,52.4,91.9,201,0.0,Europa Zachodnia
GB,Wielka Brytania,2025,7,Lato,pm10,11.56262114537445,10.5,8.62,13.9,28.0,454,0.0,Europa Zachodnia
GB,Wielka Brytania,2025,7,Lato,pm25,5.494481617647059,4.98,3.91,6.595,17.8,544,0.7352941176470588,Europa Zachodnia
GB,Wielka Brytania,2025,8,Lato,no2,10.201129032258065,8.975000000000001,6.3,13.2,25.3,124,0.8064516129032258,Europa Zachodnia
GB,Wielka Brytania,2025,8,Lato,o3,50.92604166666666,48.55,43.275,56.2,114.0,192,0.5208333333333333,Europa Zachodnia
GB,Wielka Brytania,2025,8,Lato,pm10,13.823349397590361,12.6,9.795,16.7,36.3,415,0.0,Europa Zachodnia
GB,Wielka Brytania,2025,8,Lato,pm25,6.486273291925466,5.57,4.305,7.57,22.2,483,2.898550724637681,Europa Zachodnia
GB,Wielka Brytania,2025,9,Jesień,no2,13.905652173913042,12.8,8.39,19.45,29.6,92,9.782608695652174,Europa Zachodnia
GB,Wielka Brytania,2025,9,Jesień,o3,39.887081339712914,39.9,32.2,47.4,66.1,209,0.0,Europa Zachodnia
GB,Wielka Brytania,2025,9,Jesień,pm10,10.156599423631125,9.56,7.595000000000001,12.1,28.1,347,0.0,Europa Zachodnia
GB,Wielka Brytania,2025,9,Jesień,pm25,4.769419664268585,4.14,3.26,5.83,15.3,417,0.2398081534772182,Europa Zachodnia
GB,Wielka Brytania,2025,10,Jesień,no2,14.13264367816092,13.2,8.635,19.200000000000003,31.9,87,8.045977011494253,Europa Zachodnia
GB,Wielka Brytania,2025,10,Jesień,o3,42.314516129032256,43.55,32.925000000000004,51.025,72.7,186,0.0,Europa Zachodnia
GB,Wielka Brytania,2025,10,Jesień,pm10,10.90453488372093,10.25,7.6425,13.3,32.7,258,0.0,Europa Zachodnia
GB,Wielka Brytania,2025,10,Jesień,pm25,6.161727810650889,5.255,3.65,7.57,18.7,338,2.9585798816568047,Europa Zachodnia
GB,Wielka Brytania,2025,11,Jesień,no2,17.214333333333332,16.65,11.875,22.349999999999998,38.2,90,12.222222222222221,Europa Zachodnia
GB,Wielka Brytania,2025,11,Jesień,o3,41.256589147286824,44.2,31.3,50.6,72.3,129,0.0,Europa Zachodnia
GB,Wielka Brytania,2025,11,Jesień,pm10,9.418475609756097,9.33,6.9275,11.225,28.1,164,0.0,Europa Zachodnia
GB,Wielka Brytania,2025,11,Jesień,pm25,5.395763546798029,4.96,3.79,6.5,16.1,203,0.9852216748768473,Europa Zachodnia
GB,Wielka Brytania,2025,12,Zima,no2,19.08411111111111,19.1,11.625,25.475,41.9,90,28.888888888888886,Europa Zachodnia
GB,Wielka Brytania,2025,12,Zima,o3,43.36709497206704,44.3,32.55,55.6,76.4,179,0.0,Europa Zachodnia
GB,Wielka Brytania,2025,12,Zima,pm10,11.818486055776892,11.6,8.129999999999999,14.8,27.7,251,0.0,Europa Zachodnia
GB,Wielka Brytania,2025,12,Zima,pm25,6.947222222222222,6.215,4.805,8.415,18.8,360,2.5,Europa Zachodnia
GR,Grecja,2022,1,Zima,no2,27.22810101010101,24.5,12.3,38.650000000000006,91.3,495,49.292929292929294,Europa Południowa
GR,Grecja,2022,1,Zima,o3,42.42622270742358,43.0,25.1,60.224999999999994,93.4,458,0.0,Europa Południowa
GR,Grecja,2022,1,Zima,pm10,30.432521186440677,27.3,17.875,38.375,86.5,472,17.372881355932204,Europa Południowa
GR,Grecja,2022,1,Zima,pm25,18.098702290076336,15.9,11.125,23.625,50.0,262,54.961832061068705,Europa Południowa
GR,Grecja,2022,2,Zima,no2,29.086674473067916,25.4,11.1,41.2,100.0,427,50.81967213114754,Europa Południowa
GR,Grecja,2022,2,Zima,o3,47.84893719806763,47.8,33.15,65.15,91.5,414,0.0,Europa Południowa
GR,Grecja,2022,2,Zima,pm10,30.469420289855073,26.55,17.75,38.875,96.2,414,17.632850241545896,Europa Południowa
GR,Grecja,2022,2,Zima,pm25,16.836434782608695,14.0,9.872499999999999,20.95,46.8,230,43.47826086956522,Europa Południowa
GR,Grecja,2022,3,Wiosna,no2,23.961200980392157,18.85,7.4775,33.75,118.0,408,36.76470588235294,Europa Południowa
GR,Grecja,2022,3,Wiosna,o3,65.50209026128266,67.5,50.6,83.3,126.0,421,4.513064133016627,Europa Południowa
GR,Grecja,2022,3,Wiosna,pm10,31.22391923990499,26.9,18.0,38.3,111.0,421,18.76484560570071,Europa Południowa
GR,Grecja,2022,3,Wiosna,pm25,17.7753531598513,15.8,11.1,23.0,51.0,269,50.92936802973978,Europa Południowa
GR,Grecja,2022,4,Wiosna,no2,28.42564738292011,21.3,12.0,36.4,127.0,363,43.80165289256198,Europa Południowa
GR,Grecja,2022,4,Wiosna,o3,68.02311653116531,70.5,52.9,89.2,128.0,369,9.214092140921409,Europa Południowa
GR,Grecja,2022,4,Wiosna,pm10,31.74052777777778,26.95,19.9,41.7,105.0,360,21.11111111111111,Europa Południowa
GR,Grecja,2022,4,Wiosna,pm25,13.548803827751195,12.3,9.46,17.5,32.7,209,34.92822966507177,Europa Południowa
GR,Grecja,2022,5,Wiosna,no2,33.35241813602015,27.0,15.7,42.4,133.0,397,55.16372795969773,Europa Południowa
GR,Grecja,2022,5,Wiosna,o3,64.97776119402985,68.4,47.475,85.175,144.0,402,9.950248756218906,Europa Południowa
GR,Grecja,2022,5,Wiosna,pm10,28.95667506297229,27.7,20.4,37.2,70.4,397,6.297229219143577,Europa Południowa
GR,Grecja,2022,5,Wiosna,pm25,13.499380952380951,12.55,9.02,17.0,35.7,210,35.714285714285715,Europa Południowa
GR,Grecja,2022,6,Lato,no2,26.737786885245903,20.0,10.3,36.8,111.0,366,39.07103825136612,Europa Południowa
GR,Grecja,2022,6,Lato,o3,69.25408740359897,75.9,54.0,92.5,113.0,389,8.483290488431876,Europa Południowa
GR,Grecja,2022,6,Lato,pm10,27.94602209944751,26.05,19.8,34.175000000000004,99.6,362,6.077348066298343,Europa Południowa
GR,Grecja,2022,6,Lato,pm25,13.64993865030675,13.0,10.8,16.05,26.6,163,30.67484662576687,Europa Południowa
GR,Grecja,2022,7,Lato,no2,22.99137254901961,14.3,6.42,33.8,121.0,357,32.49299719887955,Europa Południowa
GR,Grecja,2022,7,Lato,o3,85.99111801242236,91.5,77.775,103.0,141.0,322,29.81366459627329,Europa Południowa
GR,Grecja,2022,7,Lato,pm10,24.000714285714285,22.3,18.6,27.575000000000003,90.9,350,2.0,Europa Południowa
GR,Grecja,2022,7,Lato,pm25,12.081212121212122,11.3,8.92,14.1,27.2,165,18.181818181818183,Europa Południowa
GR,Grecja,2022,8,Lato,no2,25.391964285714284,18.8,9.1775,32.95,106.0,392,38.775510204081634,Europa Południowa
GR,Grecja,2022,8,Lato,o3,75.50991354466858,80.3,59.45,96.3,127.0,347,17.29106628242075,Europa Południowa
GR,Grecja,2022,8,Lato,pm10,27.662585751978895,24.9,19.95,32.0,70.4,379,8.970976253298153,Europa Południowa
GR,Grecja,2022,8,Lato,pm25,14.483595505617977,13.25,10.525,17.349999999999998,29.7,178,38.20224719101123,Europa Południowa
GR,Grecja,2022,9,Jesień,no2,27.142721382289416,20.3,10.45,38.05,122.0,463,43.628509719222464,Europa Południowa
GR,Grecja,2022,9,Jesień,o3,58.65163414634146,62.4,43.75,78.875,109.0,410,0.975609756097561,Europa Południowa
GR,Grecja,2022,9,Jesień,pm10,23.736142506142507,22.9,17.6,29.4,57.0,407,0.9828009828009828,Europa Południowa
GR,Grecja,2022,9,Jesień,pm25,11.402337962962964,10.2,7.99,14.4,31.3,216,22.22222222222222,Europa Południowa
GR,Grecja,2022,10,Jesień,no2,29.354122621564482,25.1,10.3,45.7,101.0,473,50.10570824524313,Europa Południowa
GR,Grecja,2022,10,Jesień,o3,55.01554245283019,58.8,36.95,72.525,103.0,424,0.2358490566037736,Europa Południowa
GR,Grecja,2022,10,Jesień,pm10,28.292565789473684,24.5,18.075000000000003,34.8,79.3,456,12.5,Europa Południowa
GR,Grecja,2022,10,Jesień,pm25,14.001195219123506,12.3,9.305,17.05,50.1,251,37.84860557768924,Europa Południowa
GR,Grecja,2022,11,Jesień,no2,26.501733333333334,20.8,10.0,38.8,106.0,525,43.61904761904762,Europa Południowa
GR,Grecja,2022,11,Jesień,o3,43.436838709677424,43.8,27.5,61.0,89.0,465,0.0,Europa Południowa
GR,Grecja,2022,11,Jesień,pm10,30.420715630885123,27.2,19.45,39.5,98.4,531,15.819209039548024,Europa Południowa
GR,Grecja,2022,11,Jesień,pm25,16.42339869281046,15.6,9.83,20.675,81.5,306,53.92156862745098,Europa Południowa
GR,Grecja,2022,12,Zima,no2,27.786168384879723,24.95,13.025,39.8,79.1,582,49.48453608247423,Europa Południowa
GR,Grecja,2022,12,Zima,o3,29.793470588235294,26.85,13.9,44.2,79.3,510,0.0,Europa Południowa
GR,Grecja,2022,12,Zima,pm10,38.16410839160839,34.150000000000006,23.5,50.375,107.0,572,31.993006993006993,Europa Południowa
GR,Grecja,2022,12,Zima,pm25,21.795678233438483,18.0,12.4,29.0,69.4,317,60.88328075709779,Europa Południowa
GR,Grecja,2023,1,Zima,no2,26.886680412371135,22.5,11.6,38.5,80.0,485,45.154639175257735,Europa Południowa
GR,Grecja,2023,1,Zima,o3,41.42783964365256,41.0,23.6,58.8,95.8,449,0.0,Europa Południowa
GR,Grecja,2023,1,Zima,pm10,35.0627027027027,30.8,20.0,44.9,101.0,481,24.94802494802495,Europa Południowa
GR,Grecja,2023,1,Zima,pm25,20.09578947368421,17.0,11.0,24.3,95.5,285,53.333333333333336,Europa Południowa
GR,Grecja,2023,2,Zima,no2,37.51397058823529,34.65,16.125,58.125,89.5,68,64.70588235294117,Europa Południowa
GR,Grecja,2023,2,Zima,o3,38.86421875,42.95,6.625,63.7,94.0,64,0.0,Europa Południowa
GR,Grecja,2023,2,Zima,pm10,42.19230769230769,37.0,28.4,52.0,93.5,65,33.84615384615385,Europa Południowa
GR,Grecja,2023,2,Zima,pm25,25.929411764705883,25.0,18.825,31.799999999999997,53.0,34,85.29411764705883,Europa Południowa
GR,Grecja,2023,3,Wiosna,no2,29.552573839662447,21.8,11.1,43.7,99.2,237,45.56962025316456,Europa Południowa
GR,Grecja,2023,3,Wiosna,o3,57.83763636363636,60.45,46.375,76.19999999999999,101.0,220,0.45454545454545453,Europa Południowa
GR,Grecja,2023,3,Wiosna,pm10,25.501244019138756,23.8,18.0,32.7,62.5,209,3.349282296650718,Europa Południowa
GR,Grecja,2023,3,Wiosna,pm25,14.272184873949579,13.3,9.565000000000001,18.0,36.6,119,39.49579831932773,Europa Południowa
GR,Grecja,2023,4,Wiosna,no2,25.06334719334719,18.6,10.1,34.6,96.1,481,38.25363825363826,Europa Południowa
GR,Grecja,2023,4,Wiosna,o3,63.57266666666667,66.6,53.0,78.05,106.0,435,0.45977011494252873,Europa Południowa
GR,Grecja,2023,4,Wiosna,pm10,21.0945584725537,20.4,15.45,25.6,60.9,419,1.431980906921241,Europa Południowa
GR,Grecja,2023,4,Wiosna,pm25,12.802629482071714,12.0,9.15,16.15,34.0,251,29.08366533864542,Europa Południowa
GR,Grecja,2023,5,Wiosna,no2,25.50703007518797,20.0,9.26,36.525,111.0,532,40.97744360902256,Europa Południowa
GR,Grecja,2023,5,Wiosna,o3,65.80800847457627,68.95,54.875,80.825,114.0,472,2.11864406779661,Europa Południowa
GR,Grecja,2023,5,Wiosna,pm10,23.094893162393163,22.25,17.5,27.625,49.4,468,1.4957264957264957,Europa Południowa
GR,Grecja,2023,5,Wiosna,pm25,12.798982300884957,12.25,9.68,14.95,39.2,226,23.008849557522122,Europa Południowa
GR,Grecja,2023,6,Lato,no2,25.67630560928433,19.0,8.5,36.7,108.0,517,41.77949709864603,Europa Południowa
GR,Grecja,2023,6,Lato,o3,73.75086444007859,75.9,60.3,89.9,129.0,509,12.180746561886052,Europa Południowa
GR,Grecja,2023,6,Lato,pm10,22.912811881188116,22.3,18.3,27.1,45.7,505,0.19801980198019803,Europa Południowa
GR,Grecja,2023,6,Lato,pm25,11.824312977099236,11.6,9.799999999999999,13.3,26.0,262,12.213740458015266,Europa Południowa
GR,Grecja,2023,7,Lato,no2,30.771642512077293,22.25,11.225,44.875,150.0,414,45.65217391304348,Europa Południowa
GR,Grecja,2023,7,Lato,o3,80.35769417475728,86.4,68.85000000000001,99.275,153.0,412,22.330097087378643,Europa Południowa
GR,Grecja,2023,7,Lato,pm10,30.171138211382114,28.15,22.5,35.25,85.2,492,10.772357723577237,Europa Południowa
GR,Grecja,2023,7,Lato,pm25,14.813720930232558,13.7,11.425,16.8,36.7,258,37.2093023255814,Europa Południowa
GR,Grecja,2023,8,Lato,no2,21.594731182795698,15.95,6.0,31.75,102.0,372,33.60215053763441,Europa Południowa
GR,Grecja,2023,8,Lato,o3,81.37260752688172,86.25,71.675,101.0,127.0,372,25.806451612903224,Europa Południowa
GR,Grecja,2023,8,Lato,pm10,26.851019108280255,25.3,20.3,31.85,110.0,471,4.8832271762208075,Europa Południowa
GR,Grecja,2023,8,Lato,pm25,12.678410041841003,11.7,9.370000000000001,15.149999999999999,36.6,239,25.94142259414226,Europa Południowa
GR,Grecja,2023,9,Jesień,no2,27.653847826086956,21.35,8.8125,41.6,131.0,460,44.130434782608695,Europa Południowa
GR,Grecja,2023,9,Jesień,o3,65.42945054945055,68.3,48.1,84.7,121.0,455,3.7362637362637363,Europa Południowa
GR,Grecja,2023,9,Jesień,pm10,30.603619246861925,27.45,20.6,36.275,108.0,478,13.389121338912133,Europa Południowa
GR,Grecja,2023,9,Jesień,pm25,13.66172131147541,12.45,9.8975,15.425,39.5,244,28.688524590163933,Europa Południowa
GR,Grecja,2023,10,Jesień,no2,28.967414075286417,25.8,12.6,41.0,109.0,611,50.736497545008184,Europa Południowa
GR,Grecja,2023,10,Jesień,o3,49.53416819012797,47.2,32.8,65.35,107.0,547,1.4625228519195612,Europa Południowa
GR,Grecja,2023,10,Jesień,pm10,33.18224489795918,31.7,24.9,40.0,93.5,539,14.285714285714285,Europa Południowa
GR,Grecja,2023,10,Jesień,pm25,14.46751655629139,14.3,10.925,17.175,30.0,302,41.05960264900662,Europa Południowa
GR,Grecja,2023,11,Jesień,no2,29.495460992907798,25.6,12.575,42.425,101.0,564,50.70921985815603,Europa Południowa
GR,Grecja,2023,11,Jesień,o3,39.545492424242425,37.75,23.725,57.425000000000004,87.1,528,0.0,Europa Południowa
GR,Grecja,2023,11,Jesień,pm10,28.02728280961183,24.7,17.2,34.5,99.2,541,13.67837338262477,Europa Południowa
GR,Grecja,2023,11,Jesień,pm25,12.64766323024055,11.1,8.25,15.75,46.0,291,28.52233676975945,Europa Południowa
GR,Grecja,2023,12,Zima,no2,31.33614601018676,28.8,14.7,45.2,103.0,589,54.66893039049236,Europa Południowa
GR,Grecja,2023,12,Zima,o3,31.523942133815556,26.5,15.5,48.3,82.0,553,0.0,Europa Południowa
GR,Grecja,2023,12,Zima,pm10,35.1862273476112,33.0,20.05,46.5,125.0,607,27.84184514003295,Europa Południowa
GR,Grecja,2023,12,Zima,pm25,21.536574923547402,18.8,11.05,28.450000000000003,95.5,327,59.9388379204893,Europa Południowa
GR,Grecja,2024,1,Zima,no2,29.198080808080807,23.9,11.7,42.875,96.6,594,48.148148148148145,Europa Południowa
GR,Grecja,2024,1,Zima,o3,40.64283950617284,40.8,21.35,60.2,84.7,567,0.0,Europa Południowa
GR,Grecja,2024,1,Zima,pm10,28.615973154362415,23.75,15.375,37.5,107.0,596,16.44295302013423,Europa Południowa
GR,Grecja,2024,1,Zima,pm25,16.969941002949852,14.0,9.25,22.25,64.2,339,45.72271386430678,Europa Południowa
GR,Grecja,2024,2,Zima,no2,29.478793418647165,25.0,12.6,42.95,105.0,547,49.90859232175503,Europa Południowa
GR,Grecja,2024,2,Zima,o3,45.20213017751479,43.8,29.1,61.85,101.0,507,0.19723865877712032,Europa Południowa
GR,Grecja,2024,2,Zima,pm10,31.38865168539326,29.35,20.725,38.475,88.1,534,13.295880149812733,Europa Południowa
GR,Grecja,2024,2,Zima,pm25,17.257585034013605,15.45,11.325000000000001,21.9,42.8,294,52.721088435374156,Europa Południowa
GR,Grecja,2024,3,Wiosna,no2,29.495454545454542,24.450000000000003,12.075,41.625,115.0,484,49.3801652892562,Europa Południowa
GR,Grecja,2024,3,Wiosna,o3,50.8791415313225,53.1,37.3,68.0,101.0,431,0.23201856148491878,Europa Południowa
GR,Grecja,2024,3,Wiosna,pm10,32.87572093023255,27.0,18.150000000000002,43.8,84.5,430,23.72093023255814,Europa Południowa
GR,Grecja,2024,3,Wiosna,pm25,15.630126582278482,14.5,10.0,20.4,41.0,237,47.67932489451477,Europa Południowa
GR,Grecja,2024,4,Wiosna,no2,28.561141439205954,21.65,9.535,39.575,116.0,806,44.66501240694789,Europa Południowa
GR,Grecja,2024,4,Wiosna,o3,64.92032544378698,67.69999999999999,48.775,85.125,124.0,676,4.881656804733728,Europa Południowa
GR,Grecja,2024,4,Wiosna,pm10,27.4316973125884,24.9,17.1,34.95,102.0,707,9.476661951909476,Europa Południowa
GR,Grecja,2024,4,Wiosna,pm25,10.828245614035088,9.75,7.25,13.3,31.9,399,17.042606516290725,Europa Południowa
GR,Grecja,2024,5,Wiosna,no2,24.99413793103448,19.9,8.74,33.849999999999994,112.0,696,39.36781609195402,Europa Południowa
GR,Grecja,2024,5,Wiosna,o3,66.865,70.5,53.725,83.57499999999999,108.0,582,1.3745704467353952,Europa Południowa
GR,Grecja,2024,5,Wiosna,pm10,23.706247987117553,21.2,16.5,28.3,71.9,621,6.119162640901772,Europa Południowa
GR,Grecja,2024,5,Wiosna,pm25,11.472222222222221,9.62,7.6,13.149999999999999,36.2,351,18.51851851851852,Europa Południowa
GR,Grecja,2024,6,Lato,no2,31.366784810126582,23.6,10.4,41.075,161.0,790,47.59493670886076,Europa Południowa
GR,Grecja,2024,6,Lato,o3,69.65464285714286,75.9,51.5,92.625,132.0,700,12.571428571428573,Europa Południowa
GR,Grecja,2024,6,Lato,pm10,31.389702300405958,29.1,22.3,37.849999999999994,88.0,739,13.261163734776726,Europa Południowa
GR,Grecja,2024,6,Lato,pm25,12.04394540942928,11.0,8.8,14.0,33.0,403,18.11414392059553,Europa Południowa
GR,Grecja,2024,7,Lato,no2,26.612323699421964,20.2,7.93,37.1,135.0,865,40.69364161849711,Europa Południowa
GR,Grecja,2024,7,Lato,o3,83.93698113207547,87.85,66.3,104.0,150.0,742,32.61455525606469,Europa Południowa
GR,Grecja,2024,7,Lato,pm10,27.35276923076923,26.4,19.8,32.8,69.3,845,5.9171597633136095,Europa Południowa
GR,Grecja,2024,7,Lato,pm25,10.97744769874477,10.7,8.9225,12.7,22.8,478,7.740585774058577,Europa Południowa
GR,Grecja,2024,8,Lato,no2,26.538809849521204,18.3,8.0,35.400000000000006,123.0,731,37.34610123119015,Europa Południowa
GR,Grecja,2024,8,Lato,o3,78.00075384615384,83.8,58.9,102.0,149.0,650,26.923076923076923,Europa Południowa
GR,Grecja,2024,8,Lato,pm10,24.519249291784703,23.45,19.025,28.6,85.0,706,1.5580736543909348,Europa Południowa
GR,Grecja,2024,8,Lato,pm25,10.69467469879518,10.3,8.350000000000001,12.55,26.0,415,10.361445783132531,Europa Południowa
GR,Grecja,2024,9,Jesień,no2,31.196314496314496,26.5,10.425,43.1,138.0,814,52.825552825552826,Europa Południowa
GR,Grecja,2024,9,Jesień,o3,58.836563342318065,61.7,42.0,78.175,120.0,742,3.3692722371967654,Europa Południowa
GR,Grecja,2024,9,Jesień,pm10,26.178422360248447,24.0,17.7,33.5,74.5,805,7.329192546583851,Europa Południowa
GR,Grecja,2024,9,Jesień,pm25,10.973452631578947,10.5,7.4,14.0,30.5,475,18.10526315789474,Europa Południowa
GR,Grecja,2024,10,Jesień,no2,32.37710306406685,31.3,16.1,43.2,106.0,359,61.28133704735376,Europa Południowa
GR,Grecja,2024,10,Jesień,o3,45.20239644970414,43.8,27.924999999999997,64.475,108.0,338,0.591715976331361,Europa Południowa
GR,Grecja,2024,10,Jesień,pm10,25.440925373134327,23.0,18.35,29.8,71.7,335,6.26865671641791,Europa Południowa
GR,Grecja,2024,10,Jesień,pm25,10.510234146341464,9.5,7.75,12.2,27.3,205,14.146341463414632,Europa Południowa
GR,Grecja,2024,11,Jesień,no2,30.157437888198757,27.95,12.475,44.15,78.7,644,55.74534161490683,Europa Południowa
GR,Grecja,2024,11,Jesień,o3,34.281593695271454,31.0,15.2,53.75,81.1,571,0.0,Europa Południowa
GR,Grecja,2024,11,Jesień,pm10,27.49977853492334,23.7,16.5,34.349999999999994,86.4,587,12.947189097103918,Europa Południowa
GR,Grecja,2024,11,Jesień,pm25,15.838173076923077,13.45,9.212499999999999,19.924999999999997,49.7,312,42.30769230769231,Europa Południowa
GR,Grecja,2024,12,Zima,no2,29.690509849362687,28.2,13.5,40.4,92.8,863,55.73580533024334,Europa Południowa
GR,Grecja,2024,12,Zima,o3,33.17335071707953,32.3,15.3,50.150000000000006,76.0,767,0.0,Europa Południowa
GR,Grecja,2024,12,Zima,pm10,25.977083870967743,23.0,14.1,32.8,98.5,775,11.483870967741936,Europa Południowa
GR,Grecja,2024,12,Zima,pm25,16.302374100719426,14.6,8.7,20.8,48.8,417,48.201438848920866,Europa Południowa
GR,Grecja,2025,1,Zima,no2,34.65383136094675,34.8,18.8,46.8,85.7,676,65.08875739644971,Europa Południowa
GR,Grecja,2025,1,Zima,o3,29.32842105263158,24.4,13.2,45.824999999999996,94.0,684,0.0,Europa Południowa
GR,Grecja,2025,1,Zima,pm10,33.36639601139601,32.05,19.0,43.475,100.0,702,22.507122507122507,Europa Południowa
GR,Grecja,2025,1,Zima,pm25,20.502681564245812,19.5,12.350000000000001,27.575000000000003,49.3,358,64.24581005586593,Europa Południowa
GR,Grecja,2025,2,Zima,no2,28.622339743589745,28.1,11.8,41.324999999999996,88.7,624,54.64743589743589,Europa Południowa
GR,Grecja,2025,2,Zima,o3,40.68405498281787,39.05,26.0,56.4,88.3,582,0.0,Europa Południowa
GR,Grecja,2025,2,Zima,pm10,26.317024221453288,25.05,18.025,32.25,73.0,578,6.5743944636678195,Europa Południowa
GR,Grecja,2025,2,Zima,pm25,16.045863095238094,14.25,10.174999999999999,20.25,44.5,336,45.535714285714285,Europa Południowa
GR,Grecja,2025,3,Wiosna,no2,27.657981330221702,23.3,10.3,39.0,101.0,857,46.55775962660444,Europa Południowa
GR,Grecja,2025,3,Wiosna,o3,50.71673306772908,50.2,36.0,67.5,115.0,753,0.5312084993359893,Europa Południowa
GR,Grecja,2025,3,Wiosna,pm10,31.93807584269663,29.0,19.775,41.125,101.0,712,18.679775280898877,Europa Południowa
GR,Grecja,2025,3,Wiosna,pm25,15.385464601769911,14.45,10.275,19.424999999999997,43.0,452,45.35398230088495,Europa Południowa
GR,Grecja,2025,4,Wiosna,no2,26.482019498607244,21.9,9.4175,37.075,117.0,718,42.4791086350975,Europa Południowa
GR,Grecja,2025,4,Wiosna,o3,55.27398360655737,53.349999999999994,39.525,73.475,124.0,610,3.4426229508196724,Europa Południowa
GR,Grecja,2025,4,Wiosna,pm10,21.984694915254238,20.3,15.625,27.2,79.0,590,2.2033898305084745,Europa Południowa
GR,Grecja,2025,4,Wiosna,pm25,10.178649350649351,9.83,7.41,12.1,27.0,385,9.87012987012987,Europa Południowa
GR,Grecja,2025,5,Wiosna,no2,25.70836787564767,20.25,9.13,34.324999999999996,106.0,772,39.37823834196891,Europa Południowa
GR,Grecja,2025,5,Wiosna,o3,58.62337007874015,60.1,42.849999999999994,77.05000000000001,119.0,635,2.677165354330709,Europa Południowa
GR,Grecja,2025,5,Wiosna,pm10,22.25706624605678,19.4,14.3,27.3,79.7,634,4.889589905362776,Europa Południowa
GR,Grecja,2025,5,Wiosna,pm25,9.333772609819121,8.2,6.640000000000001,11.3,38.1,387,8.785529715762273,Europa Południowa
GR,Grecja,2025,6,Lato,no2,28.032461964038728,20.8,8.535,36.5,142.0,723,42.738589211618255,Europa Południowa
GR,Grecja,2025,6,Lato,o3,64.84,64.0,43.7,86.57499999999999,139.0,574,10.104529616724738,Europa Południowa
GR,Grecja,2025,6,Lato,pm10,29.74378194207836,28.1,22.8,35.05,76.8,587,6.984667802385008,Europa Południowa
GR,Grecja,2025,6,Lato,pm25,11.83003205128205,11.7,8.725,14.0,27.5,312,19.230769230769234,Europa Południowa
GR,Grecja,2025,7,Lato,no2,27.213986928104575,19.4,8.82,35.5,118.0,765,35.03267973856209,Europa Południowa
GR,Grecja,2025,7,Lato,o3,64.9393954248366,61.25,45.275,89.14999999999999,117.0,612,11.76470588235294,Europa Południowa
GR,Grecja,2025,7,Lato,pm10,27.855652841781872,26.6,21.7,32.45,61.4,651,4.6082949308755765,Europa Południowa
GR,Grecja,2025,7,Lato,pm25,9.963515850144093,9.68,7.57,12.1,21.5,347,9.221902017291066,Europa Południowa
GR,Grecja,2025,8,Lato,no2,19.92286089238845,13.3,5.83,26.849999999999998,92.5,762,27.296587926509186,Europa Południowa
GR,Grecja,2025,8,Lato,o3,73.34772036474165,74.1,52.8,96.8,127.0,658,16.565349544072948,Europa Południowa
GR,Grecja,2025,8,Lato,pm10,22.213920972644377,21.0,17.7,26.2,53.9,658,0.1519756838905775,Europa Południowa
GR,Grecja,2025,8,Lato,pm25,9.0929,8.735,7.07,11.025,21.1,400,3.75,Europa Południowa
GR,Grecja,2025,9,Jesień,no2,24.173429394812683,16.7,8.0,33.075,128.0,694,38.328530259366,Europa Południowa
GR,Grecja,2025,9,Jesień,o3,61.40380327868852,58.349999999999994,43.65,80.85000000000001,118.0,610,6.229508196721312,Europa Południowa
GR,Grecja,2025,9,Jesień,pm10,24.414565217391303,23.5,18.025,29.675,75.8,598,2.842809364548495,Europa Południowa
GR,Grecja,2025,9,Jesień,pm25,8.533359173126614,8.1,6.23,10.649999999999999,22.0,387,5.684754521963824,Europa Południowa
GR,Grecja,2025,10,Jesień,no2,25.83853437094682,21.9,9.6,37.9,81.4,771,44.09857328145266,Europa Południowa
GR,Grecja,2025,10,Jesień,o3,38.6450756302521,38.6,24.05,53.1,82.0,595,0.0,Europa Południowa
GR,Grecja,2025,10,Jesień,pm10,20.767243975903614,19.25,13.975,25.424999999999997,100.0,664,2.5602409638554215,Europa Południowa
GR,Grecja,2025,10,Jesień,pm25,9.069495798319327,8.25,6.21,11.3,28.1,357,7.8431372549019605,Europa Południowa
GR,Grecja,2025,11,Jesień,no2,27.59113888888889,23.25,11.7,39.1,98.6,720,47.22222222222222,Europa Południowa
GR,Grecja,2025,11,Jesień,o3,35.60019298245614,32.6,18.474999999999998,49.475,86.4,570,0.0,Europa Południowa
GR,Grecja,2025,11,Jesień,pm10,25.572378640776698,23.0,16.3,31.675,89.9,618,7.766990291262135,Europa Południowa
GR,Grecja,2025,11,Jesień,pm25,11.965298507462688,10.25,7.46,14.9,35.5,402,24.62686567164179,Europa Południowa
GR,Grecja,2025,12,Zima,no2,27.920086206896553,25.1,11.7,41.5,78.2,696,50.287356321839084,Europa Południowa
GR,Grecja,2025,12,Zima,o3,30.532674199623354,26.3,15.149999999999999,43.65,79.4,531,0.0,Europa Południowa
GR,Grecja,2025,12,Zima,pm10,30.276783333333334,27.7,17.9,38.6,111.0,600,15.666666666666668,Europa Południowa
GR,Grecja,2025,12,Zima,pm25,18.032972972972974,15.95,11.2,23.3,47.3,370,54.054054054054056,Europa Południowa
HR,Chorwacja,2022,1,Zima,no2,22.961770833333333,20.45,9.97,35.3,58.7,192,40.10416666666667,Europa Środkowa
HR,Chorwacja,2022,1,Zima,o3,41.33223140495868,39.0,26.75,56.375,91.8,242,0.0,Europa Środkowa
HR,Chorwacja,2022,1,Zima,pm10,31.496297029702973,26.7,10.8,46.925,119.0,202,27.22772277227723,Europa Środkowa
HR,Chorwacja,2022,1,Zima,pm25,19.732690476190477,13.5,5.435,26.85,101.0,126,46.03174603174603,Europa Środkowa
HR,Chorwacja,2022,2,Zima,no2,18.409421965317918,16.6,4.59,29.6,60.9,173,32.947976878612714,Europa Środkowa
HR,Chorwacja,2022,2,Zima,o3,55.20135746606335,53.0,42.2,68.7,106.0,221,0.904977375565611,Europa Środkowa
HR,Chorwacja,2022,2,Zima,pm10,21.101823529411764,15.7,7.4775,28.85,89.5,170,11.176470588235295,Europa Środkowa
HR,Chorwacja,2022,2,Zima,pm25,16.403684210526315,10.4,5.66,17.2,94.4,133,33.83458646616541,Europa Środkowa
HR,Chorwacja,2022,3,Wiosna,no2,23.37565445026178,22.2,8.93,33.5,86.5,191,42.40837696335078,Europa Środkowa
HR,Chorwacja,2022,3,Wiosna,o3,64.1126984126984,62.8,50.6,72.92500000000001,139.0,252,5.952380952380952,Europa Środkowa
HR,Chorwacja,2022,3,Wiosna,pm10,36.51565217391305,29.85,18.575,52.925,91.5,184,30.978260869565215,Europa Środkowa
HR,Chorwacja,2022,3,Wiosna,pm25,23.71042372881356,19.4,13.425,28.65,77.5,118,67.79661016949152,Europa Środkowa
HR,Chorwacja,2022,4,Wiosna,no2,13.628706467661692,11.1,4.41,21.5,46.8,201,15.422885572139302,Europa Środkowa
HR,Chorwacja,2022,4,Wiosna,o3,67.11825203252033,66.5,55.225,77.2,122.0,246,8.94308943089431,Europa Środkowa
HR,Chorwacja,2022,4,Wiosna,pm10,17.99387283236994,14.3,9.61,23.2,85.2,173,2.312138728323699,Europa Środkowa
HR,Chorwacja,2022,4,Wiosna,pm25,11.673982300884957,9.98,5.65,14.8,45.2,113,24.778761061946902,Europa Środkowa
HR,Chorwacja,2022,5,Wiosna,no2,15.121037735849056,11.05,4.345,24.35,47.5,212,24.528301886792452,Europa Środkowa
HR,Chorwacja,2022,5,Wiosna,o3,68.99166666666667,65.9,54.175000000000004,81.05,135.0,276,11.231884057971014,Europa Środkowa
HR,Chorwacja,2022,5,Wiosna,pm10,18.163265306122447,16.65,11.1,24.025,46.8,196,1.530612244897959,Europa Środkowa
HR,Chorwacja,2022,5,Wiosna,pm25,9.844701492537315,9.395,6.7524999999999995,12.25,26.1,134,15.671641791044777,Europa Środkowa
HR,Chorwacja,2022,6,Lato,no2,13.445885167464114,9.3,3.72,22.0,40.1,209,16.74641148325359,Europa Środkowa
HR,Chorwacja,2022,6,Lato,o3,73.6,71.6,60.8,86.5,140.0,265,12.075471698113208,Europa Środkowa
HR,Chorwacja,2022,6,Lato,pm10,17.31268156424581,15.5,8.905000000000001,23.549999999999997,61.7,179,2.2346368715083798,Europa Środkowa
HR,Chorwacja,2022,6,Lato,pm25,8.214,7.6,5.57,10.6,19.6,97,6.185567010309279,Europa Środkowa
HR,Chorwacja,2022,7,Lato,no2,14.93020618556701,10.7,3.98,22.475,52.0,194,20.618556701030926,Europa Środkowa
HR,Chorwacja,2022,7,Lato,o3,73.59345454545455,70.85,59.475,84.2,169.0,220,9.545454545454547,Europa Środkowa
HR,Chorwacja,2022,7,Lato,pm10,15.092732919254658,10.8,6.87,17.5,61.5,161,4.3478260869565215,Europa Środkowa
HR,Chorwacja,2022,7,Lato,pm25,5.961204819277109,5.4,3.725,7.65,23.8,83,2.4096385542168677,Europa Środkowa
HR,Chorwacja,2022,8,Lato,no2,14.157860696517414,10.4,4.2,21.3,43.2,201,22.388059701492537,Europa Środkowa
HR,Chorwacja,2022,8,Lato,o3,61.72599118942731,62.0,50.7,75.75,118.0,227,4.405286343612335,Europa Środkowa
HR,Chorwacja,2022,8,Lato,pm10,13.724172661870504,9.46,7.32,15.850000000000001,68.0,139,1.4388489208633095,Europa Środkowa
HR,Chorwacja,2022,8,Lato,pm25,6.4632098765432096,6.05,4.55,7.88,15.8,81,1.2345679012345678,Europa Środkowa
HR,Chorwacja,2022,9,Jesień,no2,16.475584158415842,12.9,3.5250000000000004,26.075000000000003,55.9,202,27.722772277227726,Europa Środkowa
HR,Chorwacja,2022,9,Jesień,o3,49.47170124481328,43.9,34.1,61.0,106.0,241,1.2448132780082988,Europa Środkowa
HR,Chorwacja,2022,9,Jesień,pm10,8.3555,6.279999999999999,4.255,9.987499999999999,44.0,100,0.0,Europa Środkowa
HR,Chorwacja,2022,9,Jesień,pm25,5.074916666666667,4.64,3.09,6.720000000000001,13.1,60,0.0,Europa Środkowa
HR,Chorwacja,2022,10,Jesień,no2,20.473830708661417,17.7,7.83,26.799999999999997,63.9,127,28.346456692913385,Europa Środkowa
HR,Chorwacja,2022,10,Jesień,o3,38.18755,31.35,19.975,48.449999999999996,105.0,200,1.0,Europa Środkowa
HR,Chorwacja,2022,10,Jesień,pm10,19.54493670886076,17.9,11.95,25.3,49.0,79,1.2658227848101267,Europa Środkowa
HR,Chorwacja,2022,10,Jesień,pm25,13.84744680851064,12.7,8.115,17.299999999999997,31.8,47,36.17021276595745,Europa Środkowa
HR,Chorwacja,2022,11,Jesień,no2,15.715444444444445,12.0,6.0975,23.35,56.8,180,22.22222222222222,Europa Środkowa
HR,Chorwacja,2022,11,Jesień,o3,28.45505617977528,21.3,12.3,40.35,91.9,267,0.0,Europa Środkowa
HR,Chorwacja,2022,11,Jesień,pm10,13.952475,12.7,6.0775,20.275000000000002,40.8,120,0.0,Europa Środkowa
HR,Chorwacja,2022,11,Jesień,pm25,10.603898305084746,9.2,4.965,15.3,31.8,59,27.11864406779661,Europa Środkowa
HR,Chorwacja,2022,12,Zima,no2,18.232820359281437,16.6,4.95,27.45,61.0,167,29.94011976047904,Europa Środkowa
HR,Chorwacja,2022,12,Zima,o3,28.426236559139785,19.9,10.5,40.7,82.6,279,0.0,Europa Środkowa
HR,Chorwacja,2022,12,Zima,pm10,16.702704918032786,13.600000000000001,6.0675,24.3,51.8,122,1.639344262295082,Europa Środkowa
HR,Chorwacja,2022,12,Zima,pm25,14.554385964912282,12.8,5.64,19.8,42.3,57,43.859649122807014,Europa Środkowa
HR,Chorwacja,2023,1,Zima,no2,16.092016666666666,12.9,6.2375,22.3,58.9,120,19.166666666666668,Europa Środkowa
HR,Chorwacja,2023,1,Zima,o3,38.66452261306532,34.1,20.85,53.15,87.4,199,0.0,Europa Środkowa
HR,Chorwacja,2023,1,Zima,pm10,11.481087912087911,8.54,5.244999999999999,17.75,32.4,91,0.0,Europa Środkowa
HR,Chorwacja,2023,1,Zima,pm25,10.394782608695653,7.71,5.1975,16.325,27.7,46,30.434782608695656,Europa Środkowa
HR,Chorwacja,2023,2,Zima,no2,29.67391304347826,28.2,11.004999999999999,41.75,90.8,23,60.86956521739131,Europa Środkowa
HR,Chorwacja,2023,2,Zima,o3,40.205882352941174,33.5,15.8,71.475,97.7,34,0.0,Europa Środkowa
HR,Chorwacja,2023,2,Zima,pm10,25.407142857142855,26.25,19.45,32.175,44.8,14,0.0,Europa Środkowa
HR,Chorwacja,2023,2,Zima,pm25,28.21666666666667,29.85,21.7,31.475,40.6,6,100.0,Europa Środkowa
HR,Chorwacja,2023,3,Wiosna,no2,18.229508196721312,16.1,7.25,24.7,65.7,61,24.59016393442623,Europa Środkowa
HR,Chorwacja,2023,3,Wiosna,o3,65.95934065934067,66.8,47.95,90.85,117.0,91,15.384615384615385,Europa Środkowa
HR,Chorwacja,2023,3,Wiosna,pm10,9.804285714285713,8.255,5.755,14.450000000000001,24.0,56,0.0,Europa Środkowa
HR,Chorwacja,2023,3,Wiosna,pm25,6.708749999999999,5.615,4.3725,7.205,21.3,24,4.166666666666666,Europa Środkowa
HR,Chorwacja,2023,4,Wiosna,no2,17.40044776119403,15.05,9.9725,22.775,50.3,134,20.149253731343283,Europa Środkowa
HR,Chorwacja,2023,4,Wiosna,o3,63.878074866310165,63.3,48.25,77.65,123.0,187,6.951871657754011,Europa Środkowa
HR,Chorwacja,2023,4,Wiosna,pm10,11.528383838383839,10.8,7.26,13.850000000000001,29.3,99,0.0,Europa Środkowa
HR,Chorwacja,2023,4,Wiosna,pm25,12.934814814814816,10.8,8.280000000000001,17.75,25.1,27,37.03703703703704,Europa Środkowa
HR,Chorwacja,2023,5,Wiosna,no2,14.636030927835051,11.7,7.27,19.675,47.0,194,17.010309278350515,Europa Środkowa
HR,Chorwacja,2023,5,Wiosna,o3,62.61040650406504,60.2,48.175,75.225,127.0,246,8.94308943089431,Europa Środkowa
HR,Chorwacja,2023,5,Wiosna,pm10,12.294691666666667,13.8,8.6875,16.8,22.3,120,0.0,Europa Środkowa
HR,Chorwacja,2023,5,Wiosna,pm25,10.681999999999999,11.05,9.915,11.8,17.6,30,3.3333333333333335,Europa Środkowa
HR,Chorwacja,2023,6,Lato,no2,15.069190476190478,11.1,5.8125,21.575000000000003,47.1,210,20.0,Europa Środkowa
HR,Chorwacja,2023,6,Lato,o3,69.2631970260223,65.3,55.3,80.2,148.0,269,11.152416356877323,Europa Środkowa
HR,Chorwacja,2023,6,Lato,pm10,12.048376068376069,11.0,9.12,13.6,31.8,117,0.0,Europa Środkowa
HR,Chorwacja,2023,6,Lato,pm25,8.033333333333333,7.59,5.9925,8.74,16.9,30,6.666666666666667,Europa Środkowa
HR,Chorwacja,2023,7,Lato,no2,13.790368421052632,10.4,5.8149999999999995,19.475,53.1,190,15.263157894736842,Europa Środkowa
HR,Chorwacja,2023,7,Lato,o3,71.36460905349793,68.6,56.3,89.65,140.0,243,15.22633744855967,Europa Środkowa
HR,Chorwacja,2023,7,Lato,pm10,11.278301886792454,10.7,8.135,14.725000000000001,20.1,106,0.0,Europa Środkowa
HR,Chorwacja,2023,7,Lato,pm25,8.256428571428572,7.1,6.5525,9.2925,15.4,28,3.571428571428571,Europa Środkowa
HR,Chorwacja,2023,8,Lato,no2,15.578775510204082,11.5,6.9175,22.275,56.7,196,19.897959183673468,Europa Środkowa
HR,Chorwacja,2023,8,Lato,o3,65.47721115537848,61.8,49.25,79.55,132.0,251,11.553784860557768,Europa Środkowa
HR,Chorwacja,2023,8,Lato,pm10,12.047321428571427,11.55,6.635,17.1,24.8,112,0.0,Europa Środkowa
HR,Chorwacja,2023,8,Lato,pm25,10.531428571428572,9.61,6.045,15.125,22.7,28,25.0,Europa Środkowa
HR,Chorwacja,2023,9,Jesień,no2,17.330610454545454,12.5,4.8525,26.025,66.6,220,28.636363636363637,Europa Środkowa
HR,Chorwacja,2023,9,Jesień,o3,60.766035087719295,58.1,42.7,77.4,124.0,285,9.12280701754386,Europa Środkowa
HR,Chorwacja,2023,9,Jesień,pm10,13.601599122807018,12.0,9.21,19.575000000000003,28.5,114,0.0,Europa Środkowa
HR,Chorwacja,2023,9,Jesień,pm25,8.68730769230769,8.25,6.09,11.0,21.0,65,9.230769230769232,Europa Środkowa
HR,Chorwacja,2023,10,Jesień,no2,19.10842105263158,16.85,6.484999999999999,29.625,61.9,228,33.771929824561404,Europa Środkowa
HR,Chorwacja,2023,10,Jesień,o3,48.86862542955327,45.7,30.4,63.5,130.0,291,2.7491408934707904,Europa Środkowa
HR,Chorwacja,2023,10,Jesień,pm10,12.055862068965517,9.04,6.41,15.0,34.9,145,0.0,Europa Środkowa
HR,Chorwacja,2023,10,Jesień,pm25,7.378026315789474,5.795,2.665,11.024999999999999,26.0,114,11.403508771929824,Europa Środkowa
HR,Chorwacja,2023,11,Jesień,no2,19.658441064638783,18.4,7.619999999999999,27.85,63.5,263,33.07984790874524,Europa Środkowa
HR,Chorwacja,2023,11,Jesień,o3,44.34328767123288,39.849999999999994,21.975,64.0,127.0,292,2.054794520547945,Europa Środkowa
HR,Chorwacja,2023,11,Jesień,pm10,14.553853535353536,10.8,5.4425,19.4,60.6,198,3.0303030303030303,Europa Środkowa
HR,Chorwacja,2023,11,Jesień,pm25,6.774228571428572,4.96,1.7850000000000001,10.299999999999999,29.0,140,10.0,Europa Środkowa
HR,Chorwacja,2023,12,Zima,no2,23.1873007518797,20.75,10.2,32.550000000000004,81.1,266,39.849624060150376,Europa Środkowa
HR,Chorwacja,2023,12,Zima,o3,36.1520202020202,31.3,16.6,52.6,84.9,297,0.0,Europa Środkowa
HR,Chorwacja,2023,12,Zima,pm10,22.6427619047619,17.7,8.3725,31.675,93.5,210,11.428571428571429,Europa Środkowa
HR,Chorwacja,2023,12,Zima,pm25,11.501744966442953,9.76,4.48,15.8,38.5,149,28.187919463087248,Europa Środkowa
HR,Chorwacja,2024,1,Zima,no2,24.64602777777778,22.65,9.27,34.275,89.3,288,45.13888888888889,Europa Środkowa
HR,Chorwacja,2024,1,Zima,o3,41.792118380062306,37.7,24.7,57.6,98.0,321,0.0,Europa Środkowa
HR,Chorwacja,2024,1,Zima,pm10,23.957149321266968,18.2,10.6,33.4,87.3,221,14.027149321266968,Europa Środkowa
HR,Chorwacja,2024,1,Zima,pm25,13.011388535031847,10.9,5.32,17.6,57.3,157,33.75796178343949,Europa Środkowa
HR,Chorwacja,2024,2,Zima,no2,20.338522222222224,18.95,9.0025,26.924999999999997,75.0,180,31.11111111111111,Europa Środkowa
HR,Chorwacja,2024,2,Zima,o3,49.6738219895288,45.3,33.85,63.3,105.0,191,1.0471204188481675,Europa Środkowa
HR,Chorwacja,2024,2,Zima,pm10,21.96276119402985,18.4,10.125,30.375,66.6,134,7.462686567164178,Europa Środkowa
HR,Chorwacja,2024,2,Zima,pm25,15.369973684210526,12.95,6.5825,20.6,59.8,114,41.228070175438596,Europa Środkowa
HR,Chorwacja,2024,3,Wiosna,no2,15.979740259740261,11.7,3.4,24.6,73.6,77,23.376623376623375,Europa Środkowa
HR,Chorwacja,2024,3,Wiosna,o3,69.24705882352941,72.3,49.0,88.6,120.0,85,9.411764705882353,Europa Środkowa
HR,Chorwacja,2024,3,Wiosna,pm10,15.816428571428572,11.1,6.915,19.799999999999997,101.0,56,1.7857142857142856,Europa Środkowa
HR,Chorwacja,2024,3,Wiosna,pm25,11.21854716981132,7.5,4.2,15.1,55.8,53,26.41509433962264,Europa Środkowa
HR,Chorwacja,2024,4,Wiosna,no2,13.006915204678362,9.370000000000001,4.345,17.625,62.7,342,17.251461988304094,Europa Środkowa
HR,Chorwacja,2024,4,Wiosna,o3,70.96005509641873,68.7,55.4,83.7,128.0,363,11.294765840220386,Europa Środkowa
HR,Chorwacja,2024,4,Wiosna,pm10,12.996349442379183,11.4,7.24,16.7,61.5,269,0.7434944237918215,Europa Środkowa
HR,Chorwacja,2024,4,Wiosna,pm25,6.42371615720524,5.56,3.5,8.55,21.3,229,3.9301310043668125,Europa Środkowa
HR,Chorwacja,2024,5,Wiosna,no2,11.297031073446327,8.105,3.7849999999999997,16.025000000000002,53.2,354,12.146892655367232,Europa Środkowa
HR,Chorwacja,2024,5,Wiosna,o3,67.98551554404145,66.2,55.9,79.825,127.0,386,10.103626943005182,Europa Środkowa
HR,Chorwacja,2024,5,Wiosna,pm10,11.461345454545453,10.1,7.44,13.9,38.1,275,0.0,Europa Środkowa
HR,Chorwacja,2024,5,Wiosna,pm25,5.88255918367347,5.2,3.11,7.48,22.6,245,2.0408163265306123,Europa Środkowa
HR,Chorwacja,2024,6,Lato,no2,10.94435223880597,7.7,3.31,14.649999999999999,47.9,335,11.940298507462686,Europa Środkowa
HR,Chorwacja,2024,6,Lato,o3,66.35626822157434,68.0,50.0,84.4,128.0,343,9.620991253644315,Europa Środkowa
HR,Chorwacja,2024,6,Lato,pm10,14.80271653543307,13.2,8.565,17.375,69.5,254,2.3622047244094486,Europa Środkowa
HR,Chorwacja,2024,6,Lato,pm25,7.937256637168141,7.484999999999999,4.645,10.14,28.7,226,6.637168141592921,Europa Środkowa
HR,Chorwacja,2024,7,Lato,no2,11.175255376344085,8.515,3.515,15.625,67.4,372,9.67741935483871,Europa Środkowa
HR,Chorwacja,2024,7,Lato,o3,76.7905612244898,74.05000000000001,58.325,94.125,146.0,392,18.877551020408163,Europa Środkowa
HR,Chorwacja,2024,7,Lato,pm10,15.545563636363635,14.1,9.975,19.1,43.2,275,0.0,Europa Środkowa
HR,Chorwacja,2024,7,Lato,pm25,8.318284552845528,7.665,5.125,10.575,23.4,246,9.34959349593496,Europa Środkowa
HR,Chorwacja,2024,8,Lato,no2,12.363393939393939,9.045,4.8475,16.0,81.1,330,9.696969696969697,Europa Środkowa
HR,Chorwacja,2024,8,Lato,o3,78.12825484764542,77.0,61.4,93.9,145.0,361,19.113573407202217,Europa Środkowa
HR,Chorwacja,2024,8,Lato,pm10,16.961626984126983,14.649999999999999,10.775,20.775,49.8,252,1.1904761904761905,Europa Środkowa
HR,Chorwacja,2024,8,Lato,pm25,9.339596412556054,8.6,6.095000000000001,11.8,29.4,223,9.865470852017937,Europa Środkowa
HR,Chorwacja,2024,9,Jesień,no2,13.439221088435374,10.149999999999999,3.4175,19.25,66.0,294,14.625850340136054,Europa Środkowa
HR,Chorwacja,2024,9,Jesień,o3,61.57920886075949,58.400000000000006,44.175000000000004,79.1,137.0,316,8.227848101265822,Europa Środkowa
HR,Chorwacja,2024,9,Jesień,pm10,14.384577777777778,12.4,5.95,21.2,50.2,225,0.4444444444444444,Europa Środkowa
HR,Chorwacja,2024,9,Jesień,pm25,7.946989361702128,7.555,3.5425,11.2,26.7,188,11.170212765957446,Europa Środkowa
HR,Chorwacja,2024,10,Jesień,no2,12.344628048780487,8.920000000000002,4.3575,19.825,47.4,164,12.195121951219512,Europa Środkowa
HR,Chorwacja,2024,10,Jesień,o3,48.170731707317074,43.650000000000006,32.675,61.225,108.0,164,0.6097560975609756,Europa Środkowa
HR,Chorwacja,2024,10,Jesień,pm10,11.307857142857143,8.9,4.5475,14.375,54.4,154,1.2987012987012987,Europa Środkowa
HR,Chorwacja,2024,10,Jesień,pm25,5.401638888888889,4.18,1.7975,6.8175,33.3,108,4.62962962962963,Europa Środkowa
HR,Chorwacja,2024,11,Jesień,no2,16.216465465465465,13.5,7.87,21.4,54.6,333,20.42042042042042,Europa Środkowa
HR,Chorwacja,2024,11,Jesień,o3,35.599256198347106,33.5,19.700000000000003,46.55,91.0,363,0.0,Europa Środkowa
HR,Chorwacja,2024,11,Jesień,pm10,24.243396825396825,19.2,11.3,32.349999999999994,97.1,315,12.698412698412698,Europa Środkowa
HR,Chorwacja,2024,11,Jesień,pm25,15.443968609865472,12.9,5.575,21.799999999999997,55.7,223,39.46188340807175,Europa Środkowa
HR,Chorwacja,2024,12,Zima,no2,18.367023460410557,15.5,7.5,25.2,96.7,341,25.806451612903224,Europa Środkowa
HR,Chorwacja,2024,12,Zima,o3,36.578477690288715,31.6,18.2,55.6,86.1,381,0.0,Europa Środkowa
HR,Chorwacja,2024,12,Zima,pm10,21.46312274368231,18.5,6.27,30.9,85.7,277,10.830324909747292,Europa Środkowa
HR,Chorwacja,2024,12,Zima,pm25,13.899269565217391,10.02,3.6575,20.975,56.7,230,39.130434782608695,Europa Środkowa
HR,Chorwacja,2025,1,Zima,no2,15.233428961748634,13.05,6.2524999999999995,22.075000000000003,63.0,366,18.30601092896175,Europa Środkowa
HR,Chorwacja,2025,1,Zima,o3,46.47692307692308,39.7,25.3,68.4,83.7,13,0.0,Europa Środkowa
HR,Chorwacja,2025,1,Zima,pm10,19.15614243323442,15.7,8.91,26.3,79.4,337,4.451038575667656,Europa Środkowa
HR,Chorwacja,2025,1,Zima,pm25,13.636378600823045,10.0,4.855,18.4,62.2,243,31.68724279835391,Europa Środkowa
HR,Chorwacja,2025,2,Zima,no2,20.3177950310559,18.15,10.625,26.2,66.8,322,27.32919254658385,Europa Środkowa
HR,Chorwacja,2025,2,Zima,pm10,32.04568493150685,25.799999999999997,16.2,43.8,133.0,292,22.945205479452056,Europa Środkowa
HR,Chorwacja,2025,2,Zima,pm25,21.520211822660098,18.0,9.83,30.9,60.0,203,54.679802955665025,Europa Środkowa
HR,Chorwacja,2025,3,Wiosna,no2,13.340649402390438,8.3,4.225,16.85,75.6,251,13.545816733067728,Europa Środkowa
HR,Chorwacja,2025,3,Wiosna,pm10,21.394577464788735,14.55,9.045,25.125,112.0,284,10.211267605633804,Europa Środkowa
HR,Chorwacja,2025,3,Wiosna,pm25,12.280945945945945,9.265,5.1775,15.975,55.2,222,27.927927927927925,Europa Środkowa
HR,Chorwacja,2025,4,Wiosna,no2,10.33711267605634,6.85,3.6625,14.575000000000001,58.1,142,5.633802816901409,Europa Środkowa
HR,Chorwacja,2025,4,Wiosna,pm10,19.129464285714285,15.399999999999999,11.075,23.775,93.4,168,2.976190476190476,Europa Środkowa
HR,Chorwacja,2025,4,Wiosna,pm25,8.957592592592594,7.655,5.035,11.275,36.6,162,12.962962962962962,Europa Środkowa
HR,Chorwacja,2025,5,Wiosna,no2,10.055076923076923,8.07,4.36,14.65,39.0,208,5.288461538461538,Europa Środkowa
HR,Chorwacja,2025,5,Wiosna,pm10,14.416100476190476,12.9,7.8125,17.8,64.7,210,1.4285714285714286,Europa Środkowa
HR,Chorwacja,2025,5,Wiosna,pm25,5.868791739130435,5.045,3.2699999999999996,7.9125,18.3,230,0.8695652173913043,Europa Środkowa
HR,Chorwacja,2025,6,Lato,no2,10.323305555555555,8.309999999999999,3.8625,15.1,37.1,180,5.555555555555555,Europa Środkowa
HR,Chorwacja,2025,6,Lato,pm10,20.300391061452515,18.2,13.6,24.45,67.1,179,2.793296089385475,Europa Środkowa
HR,Chorwacja,2025,6,Lato,pm25,8.688834951456311,8.21,5.985,10.975,19.7,206,5.825242718446602,Europa Środkowa
HR,Chorwacja,2025,7,Lato,no2,10.850793650793651,9.6,5.07,14.1,39.7,189,6.878306878306878,Europa Środkowa
HR,Chorwacja,2025,7,Lato,o3,66.035,65.45,49.55,81.85000000000001,113.0,40,5.0,Europa Środkowa
HR,Chorwacja,2025,7,Lato,pm10,17.301490384615384,14.9,10.375,21.650000000000002,72.7,208,2.403846153846154,Europa Środkowa
HR,Chorwacja,2025,7,Lato,pm25,6.1552198275862064,5.745,3.95,7.915,23.9,232,1.293103448275862,Europa Środkowa
HR,Chorwacja,2025,8,Lato,no2,9.801507537688442,8.11,4.65,13.850000000000001,29.9,199,3.5175879396984926,Europa Środkowa
HR,Chorwacja,2025,8,Lato,o3,69.99677419354839,69.4,48.25,87.69999999999999,133.0,155,12.903225806451612,Europa Środkowa
HR,Chorwacja,2025,8,Lato,pm10,21.306317535545023,18.3,11.25,28.25,74.3,211,7.109004739336493,Europa Środkowa
HR,Chorwacja,2025,8,Lato,pm25,8.190524017467249,7.47,4.99,10.5,28.0,229,8.296943231441048,Europa Środkowa
HR,Chorwacja,2025,9,Jesień,no2,7.6954769230769235,5.625,3.2075,10.174999999999999,34.0,130,5.384615384615385,Europa Środkowa
HR,Chorwacja,2025,9,Jesień,o3,44.46969724770642,44.5,25.8,66.1,92.3,109,0.0,Europa Środkowa
HR,Chorwacja,2025,9,Jesień,pm10,15.491184049079756,13.5,9.3,19.05,72.1,163,1.2269938650306749,Europa Środkowa
HR,Chorwacja,2025,9,Jesień,pm25,5.600689655172414,4.78,3.13,7.5,15.0,145,0.0,Europa Środkowa
HR,Chorwacja,2025,10,Jesień,no2,10.904859154929577,8.969999999999999,4.9625,15.375,33.2,142,7.042253521126761,Europa Środkowa
HR,Chorwacja,2025,10,Jesień,o3,46.13390410958904,47.65,28.125,61.525000000000006,96.0,146,0.0,Europa Środkowa
HR,Chorwacja,2025,10,Jesień,pm10,19.737990573770492,16.55,7.1,29.35,73.0,244,8.19672131147541,Europa Środkowa
HR,Chorwacja,2025,10,Jesień,pm25,7.897112994350282,6.01,3.02,10.9,30.6,177,13.559322033898304,Europa Środkowa
HR,Chorwacja,2025,11,Jesień,no2,13.03265306122449,12.0,6.01,19.200000000000003,40.5,147,9.523809523809524,Europa Środkowa
HR,Chorwacja,2025,11,Jesień,o3,43.88704225352113,48.9,21.65,64.35,92.7,142,0.0,Europa Środkowa
HR,Chorwacja,2025,11,Jesień,pm10,24.48434599156118,21.0,8.63,35.7,92.1,237,14.345991561181433,Europa Środkowa
HR,Chorwacja,2025,11,Jesień,pm25,11.443839160839161,7.25,3.125,14.45,57.7,143,23.776223776223777,Europa Środkowa
HR,Chorwacja,2025,12,Zima,no2,13.369326388888888,12.95,8.17,17.924999999999997,33.2,144,4.861111111111112,Europa Środkowa
HR,Chorwacja,2025,12,Zima,o3,25.256581196581198,17.4,7.21,40.3,75.8,117,0.0,Europa Środkowa
HR,Chorwacja,2025,12,Zima,pm10,28.185954545454546,24.7,12.225000000000001,39.2,120.0,220,17.272727272727273,Europa Środkowa
HR,Chorwacja,2025,12,Zima,pm25,14.590650406504066,8.97,4.02,24.299999999999997,58.5,123,40.65040650406504,Europa Środkowa
HU,Węgry,2022,1,Zima,no2,19.94584392014519,17.8,10.75,26.85,84.8,551,29.58257713248639,Europa Środkowa
HU,Węgry,2022,1,Zima,o3,38.50798657718121,36.9,26.45,48.7,86.6,447,0.0,Europa Środkowa
HU,Węgry,2022,1,Zima,pm10,23.833775167785234,19.45,12.2,31.825,84.9,596,9.731543624161073,Europa Środkowa
HU,Węgry,2022,1,Zima,pm25,17.47345864661654,14.7,8.802499999999998,22.275,71.7,266,48.49624060150376,Europa Środkowa
HU,Węgry,2022,2,Zima,no2,19.77726923076923,17.45,11.8,24.924999999999997,67.1,520,24.807692307692307,Europa Środkowa
HU,Węgry,2022,2,Zima,o3,46.60586776859504,46.7,37.45,58.2,91.9,363,0.0,Europa Środkowa
HU,Węgry,2022,2,Zima,pm10,19.20324275362319,16.95,11.4,24.1,61.8,552,2.536231884057971,Europa Środkowa
HU,Węgry,2022,2,Zima,pm25,13.3800796812749,10.7,8.195,16.6,49.4,251,30.677290836653388,Europa Środkowa
HU,Węgry,2022,3,Wiosna,no2,24.909767025089604,22.75,15.7,32.375,75.0,558,42.11469534050179,Europa Środkowa
HU,Węgry,2022,3,Wiosna,o3,53.18847235023041,53.1,41.7,66.07499999999999,118.0,434,1.1520737327188941,Europa Środkowa
HU,Węgry,2022,3,Wiosna,pm10,34.35340501792115,33.7,25.525,42.875,68.9,558,19.892473118279568,Europa Środkowa
HU,Węgry,2022,3,Wiosna,pm25,21.482377358490567,19.8,16.2,25.9,48.7,265,80.37735849056604,Europa Środkowa
HU,Węgry,2022,4,Wiosna,no2,18.521734982332156,16.0,10.4,24.175,61.1,566,22.968197879858657,Europa Środkowa
HU,Węgry,2022,4,Wiosna,o3,60.5207126948775,59.5,50.3,70.6,105.0,449,0.6681514476614699,Europa Środkowa
HU,Węgry,2022,4,Wiosna,pm10,17.688056951423786,16.6,11.8,22.0,60.5,597,0.33500837520938026,Europa Środkowa
HU,Węgry,2022,4,Wiosna,pm25,11.50067415730337,11.0,8.04,14.3,25.6,267,21.722846441947567,Europa Środkowa
HU,Węgry,2022,5,Wiosna,no2,14.672877192982455,11.8,8.0,18.7,58.4,285,15.087719298245613,Europa Środkowa
HU,Węgry,2022,5,Wiosna,o3,63.019354838709674,62.85,51.65,73.7,117.0,248,2.82258064516129,Europa Środkowa
HU,Węgry,2022,5,Wiosna,pm10,15.395835403726707,13.6,10.2,19.5,42.0,322,0.0,Europa Środkowa
HU,Węgry,2022,5,Wiosna,pm25,7.882171052631579,7.465,5.53,9.685,20.6,152,2.631578947368421,Europa Środkowa
HU,Węgry,2022,6,Lato,no2,13.867178947368421,11.5,8.31,17.5,47.6,475,11.157894736842106,Europa Środkowa
HU,Węgry,2022,6,Lato,o3,69.68852873563218,71.3,59.650000000000006,80.55,129.0,435,1.839080459770115,Europa Środkowa
HU,Węgry,2022,6,Lato,pm10,16.977047101449276,15.6,12.3,19.825,70.3,552,0.36231884057971014,Europa Środkowa
HU,Węgry,2022,6,Lato,pm25,8.965300751879699,8.465,7.0125,10.375,24.3,266,3.7593984962406015,Europa Środkowa
HU,Węgry,2022,7,Lato,no2,13.446263657957246,10.5,7.27,17.1,54.8,421,12.351543942992874,Europa Środkowa
HU,Węgry,2022,7,Lato,o3,73.46524296675192,77.7,63.5,88.9,142.0,391,9.718670076726342,Europa Środkowa
HU,Węgry,2022,7,Lato,pm10,15.857025862068966,14.850000000000001,11.275,19.8,42.3,464,0.0,Europa Środkowa
HU,Węgry,2022,7,Lato,pm25,7.3069999999999995,7.34,5.4225,9.4325,20.1,230,2.608695652173913,Europa Środkowa
HU,Węgry,2022,8,Lato,no2,14.543493273542602,13.1,7.9325,19.375,57.1,446,12.556053811659194,Europa Środkowa
HU,Węgry,2022,8,Lato,o3,65.21206349206349,67.9,53.3,80.2,117.0,441,2.947845804988662,Europa Środkowa
HU,Węgry,2022,8,Lato,pm10,18.222495088408646,16.8,12.6,22.0,49.4,509,0.7858546168958742,Europa Środkowa
HU,Węgry,2022,8,Lato,pm25,9.379360730593607,8.68,7.115,11.1,30.9,219,5.47945205479452,Europa Środkowa
HU,Węgry,2022,9,Jesień,no2,13.95799073275862,12.7,7.5874999999999995,18.025,49.3,464,12.931034482758621,Europa Środkowa
HU,Węgry,2022,9,Jesień,o3,42.985218137254904,45.5,30.775,55.65,93.8,408,0.0,Europa Środkowa
HU,Węgry,2022,9,Jesień,pm10,13.307277397260274,12.2,8.4275,17.0,49.0,584,0.17123287671232876,Europa Środkowa
HU,Węgry,2022,9,Jesień,pm25,8.129018867924529,7.29,5.34,9.82,24.0,265,6.415094339622642,Europa Środkowa
HU,Węgry,2022,10,Jesień,no2,17.874388302752294,17.1,11.075,23.3,51.2,436,21.788990825688074,Europa Środkowa
HU,Węgry,2022,10,Jesień,o3,30.016800539083558,29.9,21.5,38.45,64.8,371,0.0,Europa Środkowa
HU,Węgry,2022,10,Jesień,pm10,24.38383742911153,24.1,16.8,31.9,62.4,529,2.2684310018903595,Europa Środkowa
HU,Węgry,2022,10,Jesień,pm25,14.854421487603306,14.9,10.15,19.1,37.3,242,49.17355371900827,Europa Środkowa
HU,Węgry,2022,11,Jesień,no2,17.54055603960396,17.2,13.2,21.9,41.5,505,16.03960396039604,Europa Środkowa
HU,Węgry,2022,11,Jesień,o3,18.498978208232447,17.2,11.3,24.6,56.6,413,0.0,Europa Środkowa
HU,Węgry,2022,11,Jesień,pm10,25.566780303030303,24.8,18.6,31.625,60.5,528,5.303030303030303,Europa Środkowa
HU,Węgry,2022,11,Jesień,pm25,19.899709543568463,19.0,14.6,23.2,49.1,241,71.36929460580913,Europa Środkowa
HU,Węgry,2022,12,Zima,no2,17.972687603305786,17.8,12.5,22.9,52.0,605,17.520661157024794,Europa Środkowa
HU,Węgry,2022,12,Zima,o3,19.308519736842104,17.35,9.8575,27.225,61.1,456,0.0,Europa Środkowa
HU,Węgry,2022,12,Zima,pm10,29.581576923076923,26.95,18.6,38.125,79.7,520,14.423076923076922,Europa Środkowa
HU,Węgry,2022,12,Zima,pm25,22.481931330472104,19.4,13.7,30.8,62.5,233,68.24034334763948,Europa Środkowa
HU,Węgry,2023,1,Zima,no2,15.718607214428857,14.4,9.625,20.45,50.5,499,14.02805611222445,Europa Środkowa
HU,Węgry,2023,1,Zima,o3,30.046448362720405,30.7,19.5,41.5,68.9,397,0.0,Europa Środkowa
HU,Węgry,2023,1,Zima,pm10,18.832898230088492,17.55,11.575,24.424999999999997,67.3,452,1.991150442477876,Europa Środkowa
HU,Węgry,2023,1,Zima,pm25,15.630747663551402,14.45,9.6475,20.375,50.3,214,47.19626168224299,Europa Środkowa
HU,Węgry,2023,2,Zima,no2,22.621901408450704,20.5,8.719999999999999,33.95,58.3,71,42.25352112676056,Europa Środkowa
HU,Węgry,2023,2,Zima,o3,29.278536507936508,28.0,15.75,42.15,76.3,63,0.0,Europa Środkowa
HU,Węgry,2023,2,Zima,pm10,30.646349206349207,29.9,12.2,46.75,80.5,63,26.984126984126984,Europa Środkowa
HU,Węgry,2023,2,Zima,pm25,23.315,21.700000000000003,10.1525,30.45,71.2,30,66.66666666666666,Europa Środkowa
HU,Węgry,2023,3,Wiosna,no2,17.11106896551724,14.95,9.37,22.0,60.2,290,19.310344827586206,Europa Środkowa
HU,Węgry,2023,3,Wiosna,o3,55.060776951672864,56.1,44.1,67.1,96.9,269,0.0,Europa Środkowa
HU,Węgry,2023,3,Wiosna,pm10,17.234139072847682,14.3,8.8525,23.0,54.6,302,3.3112582781456954,Europa Środkowa
HU,Węgry,2023,3,Wiosna,pm25,11.314736842105262,9.295,6.3825,14.5,35.0,152,23.684210526315788,Europa Środkowa
HU,Węgry,2023,4,Wiosna,no2,13.8996261682243,12.3,8.4,18.1,60.0,963,8.826583592938734,Europa Środkowa
HU,Węgry,2023,4,Wiosna,o3,55.459098532494764,55.849999999999994,42.824999999999996,68.55,134.0,954,1.9916142557651992,Europa Środkowa
HU,Węgry,2023,4,Wiosna,pm10,16.156797927461138,14.9,10.7,20.1,60.3,965,0.7253886010362695,Europa Środkowa
HU,Węgry,2023,4,Wiosna,pm25,12.16377659574468,11.0,8.2275,15.3,41.0,564,25.70921985815603,Europa Środkowa
HU,Węgry,2023,5,Wiosna,no2,12.977030303030302,10.4,6.4399999999999995,17.95,64.0,1155,9.956709956709958,Europa Środkowa
HU,Węgry,2023,5,Wiosna,o3,56.215421800947865,57.3,43.5,69.2,137.0,1055,1.2322274881516588,Europa Środkowa
HU,Węgry,2023,5,Wiosna,pm10,15.438459435626102,15.45,11.5,19.0,46.5,1134,0.08818342151675485,Europa Środkowa
HU,Węgry,2023,5,Wiosna,pm25,10.158861337683524,10.0,7.77,12.5,31.7,613,7.504078303425775,Europa Środkowa
HU,Węgry,2023,6,Lato,no2,11.835247377622377,9.49,6.11,15.8,46.8,1144,7.77972027972028,Europa Środkowa
HU,Węgry,2023,6,Lato,o3,62.42168099331423,62.9,49.25,76.6,133.0,1047,3.2473734479465137,Europa Środkowa
HU,Węgry,2023,6,Lato,pm10,15.8430796460177,14.7,11.3,19.0,55.3,1130,0.4424778761061947,Europa Środkowa
HU,Węgry,2023,6,Lato,pm25,9.649405537459282,9.085,7.0,11.6,25.3,614,8.306188925081432,Europa Środkowa
HU,Węgry,2023,7,Lato,no2,11.167133624454149,8.89,6.06,15.4,41.6,1145,5.93886462882096,Europa Środkowa
HU,Węgry,2023,7,Lato,o3,60.293029739776955,61.5,45.1,77.6,142.0,1076,3.8104089219330852,Europa Środkowa
HU,Węgry,2023,7,Lato,pm10,14.827570175438597,14.0,10.0,18.9,50.0,1140,0.2631578947368421,Europa Środkowa
HU,Węgry,2023,7,Lato,pm25,8.701428571428572,8.02,6.0,11.0,25.0,665,5.714285714285714,Europa Środkowa
HU,Węgry,2023,8,Lato,no2,12.304972850678734,9.53,6.28,16.3,52.9,1105,9.592760180995477,Europa Środkowa
HU,Węgry,2023,8,Lato,o3,54.03916018957346,56.4,41.2,68.15,128.0,1055,1.1374407582938388,Europa Środkowa
HU,Węgry,2023,8,Lato,pm10,16.12875238095238,15.350000000000001,9.0,22.0,75.1,1050,0.19047619047619047,Europa Środkowa
HU,Węgry,2023,8,Lato,pm25,9.931692047377327,9.97,6.005,13.1,33.7,591,13.705583756345177,Europa Środkowa
HU,Węgry,2023,9,Jesień,no2,15.131489762489762,12.3,7.57,19.7,63.6,1221,15.806715806715808,Europa Środkowa
HU,Węgry,2023,9,Jesień,o3,51.71826643894107,51.5,40.849999999999994,62.75,119.0,1171,0.25619128949615716,Europa Środkowa
HU,Węgry,2023,9,Jesień,pm10,19.76429211469534,17.6,11.8,25.5,73.4,1116,2.6881720430107525,Europa Środkowa
HU,Węgry,2023,9,Jesień,pm25,10.679890859481581,10.2,7.07,13.4,40.0,733,16.371077762619375,Europa Środkowa
HU,Węgry,2023,10,Jesień,no2,16.262785431512274,14.2,8.93,21.5,64.0,1263,17.339667458432302,Europa Środkowa
HU,Węgry,2023,10,Jesień,o3,41.42596067917784,41.6,30.95,52.0,96.1,1119,0.0,Europa Środkowa
HU,Węgry,2023,10,Jesień,pm10,18.487409010600707,16.8,10.975,24.325,64.4,1132,1.76678445229682,Europa Środkowa
HU,Węgry,2023,10,Jesień,pm25,10.952384105960263,9.57,6.775,14.2,62.3,755,21.192052980132452,Europa Środkowa
HU,Węgry,2023,11,Jesień,no2,17.619299913569577,15.9,10.2,23.5,51.5,1157,20.743301642178047,Europa Środkowa
HU,Węgry,2023,11,Jesień,o3,33.16954635108481,32.2,22.225,42.675000000000004,74.9,1014,0.0,Europa Środkowa
HU,Węgry,2023,11,Jesień,pm10,15.832911816578484,14.350000000000001,9.4325,20.575000000000003,59.0,1134,0.4409171075837742,Europa Środkowa
HU,Węgry,2023,11,Jesień,pm25,12.200121212121212,10.9,7.04,16.0,41.5,726,29.201101928374655,Europa Środkowa
HU,Węgry,2023,12,Zima,no2,19.469705298013245,18.35,11.6,25.5,64.6,1208,26.32450331125828,Europa Środkowa
HU,Węgry,2023,12,Zima,o3,26.92136722173532,22.6,14.1,35.4,80.1,1141,0.0,Europa Środkowa
HU,Węgry,2023,12,Zima,pm10,24.229793637145313,21.9,14.05,32.0,86.0,1163,8.340498710232158,Europa Środkowa
HU,Węgry,2023,12,Zima,pm25,20.30811204481793,18.55,11.3,27.575000000000003,68.7,714,63.305322128851536,Europa Środkowa
HU,Węgry,2024,1,Zima,no2,19.82776380368098,18.1,10.7,26.4,66.0,1304,28.680981595092025,Europa Środkowa
HU,Węgry,2024,1,Zima,o3,36.95037391304348,36.05,26.2,46.975,84.2,1150,0.0,Europa Środkowa
HU,Węgry,2024,1,Zima,pm10,25.661295843520783,21.7,13.8,34.349999999999994,87.4,1227,12.061939690301548,Europa Środkowa
HU,Węgry,2024,1,Zima,pm25,20.278879892037786,16.5,11.0,27.1,72.3,741,56.00539811066126,Europa Środkowa
HU,Węgry,2024,2,Zima,no2,16.801176843774783,14.9,9.01,22.0,56.3,1261,18.87390959555908,Europa Środkowa
HU,Węgry,2024,2,Zima,o3,43.24998062015504,42.5,32.7,53.7,90.4,1032,0.0,Europa Środkowa
HU,Węgry,2024,2,Zima,pm10,21.35424603174603,17.9,11.6,28.0,86.8,1260,6.111111111111111,Europa Środkowa
HU,Węgry,2024,2,Zima,pm25,15.984303621169916,12.9,8.64,22.075000000000003,78.0,718,41.5041782729805,Europa Środkowa
HU,Węgry,2024,3,Wiosna,no2,13.683906810035841,11.75,7.4375,17.7,59.5,1116,10.931899641577061,Europa Środkowa
HU,Węgry,2024,3,Wiosna,o3,50.94209452201933,49.6,37.75,63.4,106.0,931,0.10741138560687433,Europa Środkowa
HU,Węgry,2024,3,Wiosna,pm10,21.818709770114943,20.1,13.575,27.924999999999997,69.2,1044,4.022988505747127,Europa Środkowa
HU,Węgry,2024,3,Wiosna,pm25,15.755262345679013,14.7,8.8675,20.325,58.8,648,47.99382716049383,Europa Środkowa
HU,Węgry,2024,4,Wiosna,no2,12.754477394636016,10.4,6.6,17.3,62.2,1305,9.272030651340996,Europa Środkowa
HU,Węgry,2024,4,Wiosna,o3,61.381180811808115,60.2,51.6,69.92500000000001,118.0,1084,1.7527675276752765,Europa Środkowa
HU,Węgry,2024,4,Wiosna,pm10,14.866125984251967,13.8,9.21,19.3,57.9,1270,0.39370078740157477,Europa Środkowa
HU,Węgry,2024,4,Wiosna,pm25,8.404895561357701,8.0,6.0525,10.5,27.4,766,3.6553524804177546,Europa Środkowa
HU,Węgry,2024,5,Wiosna,no2,11.363780612244899,9.59,5.9375,14.8,49.2,1372,6.2682215743440235,Europa Środkowa
HU,Węgry,2024,5,Wiosna,o3,64.7358981001727,65.45,55.3,74.4,133.0,1158,1.9861830742659756,Europa Środkowa
HU,Węgry,2024,5,Wiosna,pm10,14.160393046107332,14.0,10.9,17.15,50.6,1323,0.15117157974300832,Europa Środkowa
HU,Węgry,2024,5,Wiosna,pm25,7.709006711409396,7.39,5.79,9.46,16.3,745,1.2080536912751678,Europa Środkowa
HU,Węgry,2024,6,Lato,no2,9.871820258948972,7.73,4.62,12.9,53.8,1313,5.102817974105102,Europa Środkowa
HU,Węgry,2024,6,Lato,o3,63.045263157894745,62.1,52.9,73.025,121.0,1140,1.7543859649122806,Europa Środkowa
HU,Węgry,2024,6,Lato,pm10,15.138963855421686,13.9,10.5,18.5,57.1,1245,0.7228915662650602,Europa Środkowa
HU,Węgry,2024,6,Lato,pm25,8.793032069970845,8.26,6.4125,10.5,29.7,686,4.373177842565598,Europa Środkowa
HU,Węgry,2024,7,Lato,no2,9.908684131736527,7.77,4.9275,12.825000000000001,54.2,1336,5.089820359281437,Europa Środkowa
HU,Węgry,2024,7,Lato,o3,75.01306913996628,75.65,63.324999999999996,87.0,135.0,1186,7.251264755480608,Europa Środkowa
HU,Węgry,2024,7,Lato,pm10,16.495213483146067,15.3,11.25,20.5,58.0,1335,0.5243445692883896,Europa Środkowa
HU,Węgry,2024,7,Lato,pm25,8.946684005201561,8.17,6.0,11.3,40.0,769,8.452535760728217,Europa Środkowa
HU,Węgry,2024,8,Lato,no2,11.98126712328767,9.594999999999999,5.8175,14.375,72.0,1022,8.610567514677104,Europa Środkowa
HU,Węgry,2024,8,Lato,o3,77.27012738853504,77.2,64.825,88.7,136.0,942,10.615711252653929,Europa Środkowa
HU,Węgry,2024,8,Lato,pm10,18.167158570119156,17.2,12.1,23.3,50.4,1091,0.18331805682859761,Europa Środkowa
HU,Węgry,2024,8,Lato,pm25,9.656791044776119,9.055,6.7325,11.9,31.1,670,10.298507462686567,Europa Środkowa
HU,Węgry,2024,9,Jesień,no2,15.154234704112337,11.8,7.39,19.4,74.1,997,13.941825476429287,Europa Środkowa
HU,Węgry,2024,9,Jesień,o3,57.12816156282999,56.1,41.25,72.7,121.0,947,2.428722280887012,Europa Środkowa
HU,Węgry,2024,9,Jesień,pm10,19.596534432589717,18.4,9.03,28.1,72.3,1031,3.2977691561590685,Europa Środkowa
HU,Węgry,2024,9,Jesień,pm25,9.943402317880794,9.5,5.9750000000000005,13.5,33.8,604,16.05960264900662,Europa Środkowa
HU,Węgry,2024,10,Jesień,no2,16.062861040068203,14.0,8.72,20.9,61.5,1173,16.624040920716112,Europa Środkowa
HU,Węgry,2024,10,Jesień,o3,33.760596330275234,32.05,23.75,42.3,87.4,1090,0.0,Europa Środkowa
HU,Węgry,2024,10,Jesień,pm10,21.004374520337684,17.9,11.649999999999999,28.1,72.0,1303,5.218726016884114,Europa Środkowa
HU,Węgry,2024,10,Jesień,pm25,15.227591836734694,12.1,8.04,20.3,52.1,735,41.08843537414966,Europa Środkowa
HU,Węgry,2024,11,Jesień,no2,19.880063985374772,17.85,12.4,24.9,75.7,1094,24.862888482632542,Europa Środkowa
HU,Węgry,2024,11,Jesień,o3,27.192306143001005,24.9,17.0,36.4,95.9,993,0.0,Europa Środkowa
HU,Węgry,2024,11,Jesień,pm10,28.538281381634373,25.3,16.0,39.05,89.2,1187,16.427969671440607,Europa Środkowa
HU,Węgry,2024,11,Jesień,pm25,24.10645680819912,21.8,14.1,32.2,87.8,683,70.86383601756955,Europa Środkowa
HU,Węgry,2024,12,Zima,no2,17.18743925233645,15.75,10.7,22.2,57.0,1070,17.38317757009346,Europa Środkowa
HU,Węgry,2024,12,Zima,o3,25.827828106852497,23.1,13.4,35.6,93.7,861,0.0,Europa Środkowa
HU,Węgry,2024,12,Zima,pm10,24.426952380952383,21.6,13.2,32.75,83.6,1155,9.696969696969697,Europa Środkowa
HU,Węgry,2024,12,Zima,pm25,20.839827232796488,18.8,11.75,28.0,61.4,683,64.27525622254758,Europa Środkowa
HU,Węgry,2025,1,Zima,no2,15.867099697885196,15.1,9.03,21.1,54.2,993,13.695871097683787,Europa Środkowa
HU,Węgry,2025,1,Zima,o3,35.47929487179487,34.2,22.9,46.9,86.0,780,0.0,Europa Środkowa
HU,Węgry,2025,1,Zima,pm10,21.424233644859815,19.3,12.125,27.375,77.7,1070,5.514018691588785,Europa Środkowa
HU,Węgry,2025,1,Zima,pm25,19.683333333333334,17.6,10.7,25.2,63.7,672,59.375,Europa Środkowa
HU,Węgry,2025,2,Zima,no2,21.64171784232365,19.6,12.5,29.200000000000003,74.1,723,35.131396957123094,Europa Środkowa
HU,Węgry,2025,2,Zima,o3,39.51437587657784,37.3,29.7,47.9,98.1,713,0.0,Europa Środkowa
HU,Węgry,2025,2,Zima,pm10,36.42498127340824,33.2,25.3,44.9,93.4,801,24.968789013732835,Europa Środkowa
HU,Węgry,2025,2,Zima,pm25,29.7332044198895,27.0,20.0,35.75,79.9,543,87.66114180478822,Europa Środkowa
HU,Węgry,2025,3,Wiosna,no2,18.62008865248227,15.4,9.137500000000001,25.924999999999997,65.5,564,26.24113475177305,Europa Środkowa
HU,Węgry,2025,3,Wiosna,o3,51.771958762886605,51.1,39.4,62.8,133.0,679,1.6200294550810017,Europa Środkowa
HU,Węgry,2025,3,Wiosna,pm10,23.36512048192771,19.4,12.625,30.0,79.0,830,8.795180722891565,Europa Środkowa
HU,Węgry,2025,3,Wiosna,pm25,19.183486088379706,16.0,11.0,24.15,80.4,611,54.828150572831426,Europa Środkowa
HU,Węgry,2025,4,Wiosna,no2,12.065078007518798,10.649999999999999,6.385,15.8,56.1,532,6.954887218045112,Europa Środkowa
HU,Węgry,2025,4,Wiosna,o3,62.98291366906475,63.5,51.0,75.9,123.0,556,2.158273381294964,Europa Środkowa
HU,Węgry,2025,4,Wiosna,pm10,16.616273427471118,15.3,12.2,19.5,70.3,779,0.8985879332477535,Europa Środkowa
HU,Węgry,2025,4,Wiosna,pm25,10.33243100189036,9.63,7.39,12.7,37.7,529,11.153119092627598,Europa Środkowa
HU,Węgry,2025,5,Wiosna,no2,9.693984639016897,8.2,5.33,12.2,37.7,651,3.3794162826420893,Europa Środkowa
HU,Węgry,2025,5,Wiosna,o3,61.435126760563385,61.5,51.7,69.95,135.0,639,1.0954616588419406,Europa Środkowa
HU,Węgry,2025,5,Wiosna,pm10,10.93019397993311,10.4,7.79,13.2,41.9,897,0.0,Europa Środkowa
HU,Węgry,2025,5,Wiosna,pm25,6.964295532646048,6.525,5.005,8.665,30.5,582,1.0309278350515463,Europa Środkowa
HU,Węgry,2025,6,Lato,no2,9.375679748822606,7.13,4.31,11.9,42.0,637,4.866562009419153,Europa Środkowa
HU,Węgry,2025,6,Lato,o3,74.71454248366014,73.65,65.6,83.525,128.0,612,4.901960784313726,Europa Środkowa
HU,Węgry,2025,6,Lato,pm10,13.711231370192309,13.4,9.950000000000001,17.025,36.2,832,0.0,Europa Środkowa
HU,Węgry,2025,6,Lato,pm25,7.847127071823204,7.3,5.5649999999999995,9.65,27.5,543,2.209944751381215,Europa Środkowa
HU,Węgry,2025,7,Lato,no2,8.754501607717042,6.98,4.9125000000000005,10.875,40.2,622,2.7331189710610935,Europa Środkowa
HU,Węgry,2025,7,Lato,o3,68.66099843993759,68.3,57.8,78.5,135.0,641,3.74414976599064,Europa Środkowa
HU,Węgry,2025,7,Lato,pm10,11.41072729498164,10.8,7.79,14.3,48.2,817,0.12239902080783352,Europa Środkowa
HU,Węgry,2025,7,Lato,pm25,6.683094795539033,6.255,4.5649999999999995,8.4175,24.8,538,1.3011152416356877,Europa Środkowa
HU,Węgry,2025,8,Lato,no2,10.557987220447284,7.745,5.29,12.0,60.5,626,7.987220447284344,Europa Środkowa
HU,Węgry,2025,8,Lato,o3,72.44258373205741,72.0,61.1,83.15,135.0,627,4.944178628389154,Europa Środkowa
HU,Węgry,2025,8,Lato,pm10,14.542074582338902,13.55,9.29,18.875,46.3,838,0.11933174224343676,Europa Środkowa
HU,Węgry,2025,8,Lato,pm25,7.595018450184502,7.38,4.97,9.3475,28.6,542,2.7675276752767526,Europa Środkowa
HU,Węgry,2025,9,Jesień,no2,11.835421903052065,9.6,7.0,14.0,61.1,557,7.001795332136446,Europa Środkowa
HU,Węgry,2025,9,Jesień,o3,49.127571189279735,48.2,38.7,58.0,121.0,597,0.6700167504187605,Europa Środkowa
HU,Węgry,2025,9,Jesień,pm10,13.214980996068153,12.4,8.875,16.65,76.0,763,0.39318479685452157,Europa Środkowa
HU,Węgry,2025,9,Jesień,pm25,7.986515837104072,7.4399999999999995,5.465,10.1,33.9,442,2.941176470588235,Europa Środkowa
HU,Węgry,2025,10,Jesień,no2,12.818759316770187,10.9,6.9925,16.525,49.2,644,10.248447204968944,Europa Środkowa
HU,Węgry,2025,10,Jesień,o3,39.626310679611656,38.8,30.424999999999997,47.675000000000004,78.5,618,0.0,Europa Środkowa
HU,Węgry,2025,10,Jesień,pm10,14.540830855855855,12.4,8.2425,18.424999999999997,68.5,888,0.6756756756756757,Europa Środkowa
HU,Węgry,2025,10,Jesień,pm25,10.817753222836096,9.29,6.33,14.1,34.6,543,21.54696132596685,Europa Środkowa
HU,Węgry,2025,11,Jesień,no2,15.652413354531003,14.1,10.5,19.0,50.0,629,13.513513513513514,Europa Środkowa
HU,Węgry,2025,11,Jesień,o3,28.54015789473684,25.15,17.8,36.875,83.8,570,0.0,Europa Środkowa
HU,Węgry,2025,11,Jesień,pm10,20.77226107226107,18.6,12.45,27.2,58.5,858,3.146853146853147,Europa Środkowa
HU,Węgry,2025,11,Jesień,pm25,18.46177777777778,17.1,11.174999999999999,24.3,50.3,540,58.333333333333336,Europa Środkowa
HU,Węgry,2025,12,Zima,no2,14.996699507389161,14.0,10.9,18.6,41.5,609,8.045977011494253,Europa Środkowa
HU,Węgry,2025,12,Zima,o3,25.521615245009073,22.1,14.75,31.65,84.4,551,0.0,Europa Środkowa
HU,Węgry,2025,12,Zima,pm10,22.49173835125448,19.1,12.7,28.5,79.4,837,7.526881720430108,Europa Środkowa
HU,Węgry,2025,12,Zima,pm25,20.332977186311787,17.799999999999997,11.525,25.375,67.3,526,61.97718631178707,Europa Środkowa
IE,Irlandia,2022,1,Zima,no2,17.976579925650558,14.3,7.92,25.3,64.9,269,25.650557620817843,Europa Zachodnia
IE,Irlandia,2022,1,Zima,o3,55.65793103448276,60.2,39.5,71.85,101.0,203,0.49261083743842365,Europa Zachodnia
IE,Irlandia,2022,1,Zima,pm10,17.866826035502957,15.850000000000001,11.6,23.075000000000003,44.8,338,0.0,Europa Zachodnia
IE,Irlandia,2022,1,Zima,pm25,11.779817872340425,10.0,7.515,15.2,37.3,235,25.53191489361702,Europa Zachodnia
IE,Irlandia,2022,2,Zima,no2,9.702811538461539,8.035,5.0825,12.8,41.9,260,3.076923076923077,Europa Zachodnia
IE,Irlandia,2022,2,Zima,o3,75.31219101123595,75.55,68.7,84.57499999999999,110.0,178,5.056179775280898,Europa Zachodnia
IE,Irlandia,2022,2,Zima,pm10,12.598567335243551,11.1,8.0,15.7,39.5,349,0.0,Europa Zachodnia
IE,Irlandia,2022,2,Zima,pm25,7.313754356846474,5.73,4.49,8.41,36.4,241,7.053941908713693,Europa Zachodnia
IE,Irlandia,2022,3,Wiosna,no2,15.552637630662021,12.3,7.93,20.85,64.0,287,17.073170731707318,Europa Zachodnia
IE,Irlandia,2022,3,Wiosna,o3,62.7813829787234,65.4,55.475,72.8,107.0,188,0.5319148936170213,Europa Zachodnia
IE,Irlandia,2022,3,Wiosna,pm10,18.13311614730878,15.9,11.1,23.7,53.8,353,0.56657223796034,Europa Zachodnia
IE,Irlandia,2022,3,Wiosna,pm25,10.503946428571428,8.805,6.157500000000001,14.350000000000001,34.0,224,23.214285714285715,Europa Zachodnia
IE,Irlandia,2022,4,Wiosna,no2,15.178103053435114,11.6,6.925,19.849999999999998,69.6,262,16.030534351145036,Europa Zachodnia
IE,Irlandia,2022,4,Wiosna,o3,67.55752688172043,70.05,60.625,76.3,90.3,186,0.0,Europa Zachodnia
IE,Irlandia,2022,4,Wiosna,pm10,13.775945205479452,12.9,8.92,18.2,40.2,365,0.0,Europa Zachodnia
IE,Irlandia,2022,4,Wiosna,pm25,9.235872340425532,8.36,5.175000000000001,13.0,38.5,235,15.319148936170212,Europa Zachodnia
IE,Irlandia,2022,5,Wiosna,no2,9.4654440433213,6.53,4.14,11.9,48.0,277,6.4981949458483745,Europa Zachodnia
IE,Irlandia,2022,5,Wiosna,o3,65.25888324873097,65.1,58.0,72.8,93.7,197,0.0,Europa Zachodnia
IE,Irlandia,2022,5,Wiosna,pm10,10.158257575757576,9.085,6.83,12.425,37.2,396,0.0,Europa Zachodnia
IE,Irlandia,2022,5,Wiosna,pm25,5.351216730038022,4.45,3.285,6.915,18.0,263,0.38022813688212925,Europa Zachodnia
IE,Irlandia,2022,6,Lato,no2,10.285377358490566,6.81,3.76,13.4,56.4,265,6.7924528301886795,Europa Zachodnia
IE,Irlandia,2022,6,Lato,o3,55.071502590673575,55.1,47.6,61.7,83.3,193,0.0,Europa Zachodnia
IE,Irlandia,2022,6,Lato,pm10,10.19070496083551,9.51,7.335,12.55,26.5,383,0.0,Europa Zachodnia
IE,Irlandia,2022,6,Lato,pm25,4.852870588235294,4.87,3.1950000000000003,6.16,12.4,255,0.0,Europa Zachodnia
IE,Irlandia,2022,7,Lato,no2,10.871493775933612,6.68,3.37,14.7,66.9,241,9.12863070539419,Europa Zachodnia
IE,Irlandia,2022,7,Lato,o3,48.11714285714286,46.1,36.75,54.65,108.0,175,1.1428571428571428,Europa Zachodnia
IE,Irlandia,2022,7,Lato,pm10,8.109032258064516,6.94,5.29,9.53,33.8,341,0.0,Europa Zachodnia
IE,Irlandia,2022,7,Lato,pm25,3.551521739130435,3.075,2.34,4.2575,11.9,230,0.0,Europa Zachodnia
IE,Irlandia,2022,8,Lato,no2,10.229267080745341,6.53,3.415,13.375,59.8,322,8.074534161490684,Europa Zachodnia
IE,Irlandia,2022,8,Lato,o3,49.50604651162791,47.650000000000006,42.175,53.6,108.0,258,0.7751937984496124,Europa Zachodnia
IE,Irlandia,2022,8,Lato,pm10,10.313603133159269,9.22,7.22,12.0,36.8,383,0.0,Europa Zachodnia
IE,Irlandia,2022,8,Lato,pm25,4.757028112449799,4.29,3.16,5.7,16.7,249,1.6064257028112447,Europa Zachodnia
IE,Irlandia,2022,9,Jesień,no2,10.879507507507508,7.63,3.82,14.9,60.8,333,8.408408408408409,Europa Zachodnia
IE,Irlandia,2022,9,Jesień,o3,49.35037878787879,49.25,42.375,56.8,73.6,264,0.0,Europa Zachodnia
IE,Irlandia,2022,9,Jesień,pm10,10.334482552083333,9.55,7.1975,12.325000000000001,39.6,384,0.0,Europa Zachodnia
IE,Irlandia,2022,9,Jesień,pm25,5.327750212765957,5.12,3.5149999999999997,6.765,13.9,235,0.0,Europa Zachodnia
IE,Irlandia,2022,10,Jesień,no2,9.740716216216216,8.01,3.6625,13.225,54.1,296,6.081081081081082,Europa Zachodnia
IE,Irlandia,2022,10,Jesień,o3,52.941484716157206,52.6,45.8,60.7,76.8,229,0.0,Europa Zachodnia
IE,Irlandia,2022,10,Jesień,pm10,11.80557636887608,10.8,8.54,14.3,36.8,347,0.0,Europa Zachodnia
IE,Irlandia,2022,10,Jesień,pm25,6.647034259259259,5.9350000000000005,4.36,8.0825,32.3,216,3.2407407407407405,Europa Zachodnia
IE,Irlandia,2022,11,Jesień,no2,13.2037928802589,9.48,4.28,17.7,73.0,309,15.210355987055015,Europa Zachodnia
IE,Irlandia,2022,11,Jesień,o3,54.82067307692308,58.05,45.525,65.45,84.0,208,0.0,Europa Zachodnia
IE,Irlandia,2022,11,Jesień,pm10,13.32653631284916,12.2,9.4475,15.674999999999999,49.5,358,0.27932960893854747,Europa Zachodnia
IE,Irlandia,2022,11,Jesień,pm25,8.54359649122807,7.41,5.335,10.3,30.0,228,9.649122807017543,Europa Zachodnia
IE,Irlandia,2022,12,Zima,no2,17.6113875739645,13.25,6.2225,25.75,69.2,338,26.627218934911244,Europa Zachodnia
IE,Irlandia,2022,12,Zima,o3,47.29621513944223,45.6,32.4,62.5,95.8,251,0.0,Europa Zachodnia
IE,Irlandia,2022,12,Zima,pm10,15.32472440944882,14.2,9.89,18.9,44.6,381,0.0,Europa Zachodnia
IE,Irlandia,2022,12,Zima,pm25,10.585679012345679,9.41,6.175,13.850000000000001,40.3,243,18.51851851851852,Europa Zachodnia
IE,Irlandia,2023,1,Zima,no2,11.864829787234044,9.39,4.4375,16.0,62.7,282,10.638297872340425,Europa Zachodnia
IE,Irlandia,2023,1,Zima,o3,55.267534883720934,59.4,45.599999999999994,67.35,92.3,215,0.0,Europa Zachodnia
IE,Irlandia,2023,1,Zima,pm10,13.921493506493505,11.7,8.195,17.75,53.0,308,1.2987012987012987,Europa Zachodnia
IE,Irlandia,2023,1,Zima,pm25,9.387912621359224,7.7,5.36,11.174999999999999,42.0,206,13.592233009708737,Europa Zachodnia
IE,Irlandia,2023,2,Zima,no2,8.958424242424242,8.49,4.25,11.9,26.1,33,3.0303030303030303,Europa Zachodnia
IE,Irlandia,2023,2,Zima,o3,69.43333333333334,68.8,64.75,73.1,80.6,27,0.0,Europa Zachodnia
IE,Irlandia,2023,2,Zima,pm10,18.58236842105263,18.1,13.525,22.8,33.2,38,0.0,Europa Zachodnia
IE,Irlandia,2023,2,Zima,pm25,10.28,8.82,6.685,13.725,18.2,26,19.230769230769234,Europa Zachodnia
IE,Irlandia,2023,3,Wiosna,no2,9.323818181818183,7.69,3.66,12.350000000000001,41.9,143,6.293706293706294,Europa Zachodnia
IE,Irlandia,2023,3,Wiosna,o3,68.55130434782609,68.2,60.5,76.95,98.1,115,0.0,Europa Zachodnia
IE,Irlandia,2023,3,Wiosna,pm10,10.950650887573964,10.6,8.09,14.0,26.8,169,0.0,Europa Zachodnia
IE,Irlandia,2023,3,Wiosna,pm25,6.661452991452991,6.55,4.26,8.5,24.6,117,0.8547008547008548,Europa Zachodnia
IE,Irlandia,2023,4,Wiosna,no2,10.982876623376624,8.93,3.6425,15.5,45.5,308,9.090909090909092,Europa Zachodnia
IE,Irlandia,2023,4,Wiosna,o3,67.9407114624506,69.1,59.5,78.9,103.0,253,0.7905138339920948,Europa Zachodnia
IE,Irlandia,2023,4,Wiosna,pm10,12.709494680851066,11.2,7.92,15.9,35.7,376,0.0,Europa Zachodnia
IE,Irlandia,2023,4,Wiosna,pm25,8.15,7.06,4.79,9.88,25.9,261,11.494252873563218,Europa Zachodnia
IE,Irlandia,2023,5,Wiosna,no2,11.15183185840708,8.07,3.69,16.15,47.0,339,9.734513274336283,Europa Zachodnia
IE,Irlandia,2023,5,Wiosna,o3,56.72536885245901,56.75,49.7,62.5,88.6,244,0.0,Europa Zachodnia
IE,Irlandia,2023,5,Wiosna,pm10,12.73972010178117,12.1,8.54,16.3,41.6,393,0.0,Europa Zachodnia
IE,Irlandia,2023,5,Wiosna,pm25,7.572222222222222,7.015000000000001,4.922499999999999,9.3575,21.3,270,5.555555555555555,Europa Zachodnia
IE,Irlandia,2023,6,Lato,no2,10.680324324324324,6.94,4.04,13.1,62.4,333,9.90990990990991,Europa Zachodnia
IE,Irlandia,2023,6,Lato,o3,58.67096341463415,57.75,46.824999999999996,67.85000000000001,110.0,246,2.4390243902439024,Europa Zachodnia
IE,Irlandia,2023,6,Lato,pm10,12.954919743589745,11.25,8.5025,16.775,33.3,390,0.0,Europa Zachodnia
IE,Irlandia,2023,6,Lato,pm25,7.794601851851852,6.92,4.569999999999999,11.0,21.0,270,6.666666666666667,Europa Zachodnia
IE,Irlandia,2023,7,Lato,no2,6.48681981981982,4.73,2.3,8.95,37.9,333,1.8018018018018018,Europa Zachodnia
IE,Irlandia,2023,7,Lato,o3,46.39243027888446,46.3,41.05,52.599999999999994,81.9,251,0.0,Europa Zachodnia
IE,Irlandia,2023,7,Lato,pm10,7.288613333333333,6.68,5.43,8.955,29.0,375,0.0,Europa Zachodnia
IE,Irlandia,2023,7,Lato,pm25,3.693127413127413,3.44,2.74,4.465,7.79,259,0.0,Europa Zachodnia
IE,Irlandia,2023,8,Lato,no2,7.302769911504425,4.66,2.435,10.5,38.6,339,2.949852507374631,Europa Zachodnia
IE,Irlandia,2023,8,Lato,o3,47.720948616600786,48.3,41.4,54.8,71.1,253,0.0,Europa Zachodnia
IE,Irlandia,2023,8,Lato,pm10,8.211909814323606,7.23,5.61,9.66,26.4,377,0.0,Europa Zachodnia
IE,Irlandia,2023,8,Lato,pm25,4.035632183908046,3.53,2.78,4.75,11.8,261,0.0,Europa Zachodnia
IE,Irlandia,2023,9,Jesień,no2,10.54882122905028,7.32,3.505,14.725000000000001,55.4,358,8.100558659217876,Europa Zachodnia
IE,Irlandia,2023,9,Jesień,o3,49.09055762081785,50.4,39.1,57.7,93.3,269,0.0,Europa Zachodnia
IE,Irlandia,2023,9,Jesień,pm10,11.440981432360743,9.2,7.32,14.0,41.8,377,0.0,Europa Zachodnia
IE,Irlandia,2023,9,Jesień,pm25,6.330038461538462,5.245,3.79,8.622499999999999,16.9,260,1.5384615384615385,Europa Zachodnia
IE,Irlandia,2023,10,Jesień,no2,13.144486111111112,10.4,4.955,19.4,46.8,360,15.277777777777779,Europa Zachodnia
IE,Irlandia,2023,10,Jesień,o3,44.695584905660375,44.6,36.1,52.7,75.4,265,0.0,Europa Zachodnia
IE,Irlandia,2023,10,Jesień,pm10,11.75522346368715,10.5,8.112499999999999,14.3,37.4,358,0.0,Europa Zachodnia
IE,Irlandia,2023,10,Jesień,pm25,6.909803921568628,5.97,4.61,8.7,29.3,255,3.1372549019607843,Europa Zachodnia
IE,Irlandia,2023,11,Jesień,no2,13.519924418604653,11.45,5.455,19.8,47.9,344,14.534883720930234,Europa Zachodnia
IE,Irlandia,2023,11,Jesień,o3,50.34714828897338,51.0,39.75,60.650000000000006,86.9,263,0.0,Europa Zachodnia
IE,Irlandia,2023,11,Jesień,pm10,12.677044242424243,10.95,8.33,16.0,51.5,330,0.6060606060606061,Europa Zachodnia
IE,Irlandia,2023,11,Jesień,pm25,8.794894514767932,6.98,5.33,10.9,36.2,237,11.39240506329114,Europa Zachodnia
IE,Irlandia,2023,12,Zima,no2,9.814146706586827,6.735,3.4699999999999998,14.0,43.8,334,8.08383233532934,Europa Zachodnia
IE,Irlandia,2023,12,Zima,o3,57.3171052631579,62.45,45.849999999999994,70.7,91.3,266,0.0,Europa Zachodnia
IE,Irlandia,2023,12,Zima,pm10,11.457634730538922,9.955,7.1175,13.8,49.1,334,0.29940119760479045,Europa Zachodnia
IE,Irlandia,2023,12,Zima,pm25,7.697477477477477,6.29,4.7275,8.8325,31.4,222,8.558558558558559,Europa Zachodnia
IE,Irlandia,2024,1,Zima,no2,14.556289893617022,11.9,5.235,20.3,76.9,376,14.095744680851062,Europa Zachodnia
IE,Irlandia,2024,1,Zima,o3,56.197445255474456,59.2,45.1,67.57499999999999,92.0,274,0.0,Europa Zachodnia
IE,Irlandia,2024,1,Zima,pm10,13.891390052356021,12.1,9.0075,16.6,53.6,382,0.5235602094240838,Europa Zachodnia
IE,Irlandia,2024,1,Zima,pm25,8.755984615384616,7.12,5.057499999999999,10.5,36.1,260,11.538461538461538,Europa Zachodnia
IE,Irlandia,2024,2,Zima,no2,14.178691387559809,10.9,5.81,19.975,76.0,418,14.114832535885165,Europa Zachodnia
IE,Irlandia,2024,2,Zima,o3,58.333195020746885,59.4,50.3,66.9,97.2,241,0.0,Europa Zachodnia
IE,Irlandia,2024,2,Zima,pm10,11.31827797979798,10.3,6.79,15.149999999999999,34.1,495,0.0,Europa Zachodnia
IE,Irlandia,2024,2,Zima,pm25,6.846613711583925,6.3,3.725,9.015,28.5,423,3.7825059101654848,Europa Zachodnia
IE,Irlandia,2024,3,Wiosna,no2,12.06120731707317,9.3,5.0375,17.125,75.2,328,9.75609756097561,Europa Zachodnia
IE,Irlandia,2024,3,Wiosna,o3,64.98,65.1,58.8,73.125,88.7,200,0.0,Europa Zachodnia
IE,Irlandia,2024,3,Wiosna,pm10,14.767051779935276,12.5,8.87,18.3,47.0,309,0.3236245954692557,Europa Zachodnia
IE,Irlandia,2024,3,Wiosna,pm25,9.062748858447488,6.92,4.734999999999999,11.4,37.9,219,16.894977168949772,Europa Zachodnia
IE,Irlandia,2024,4,Wiosna,no2,13.489039748953976,8.625,4.609999999999999,18.625,61.0,478,15.899581589958158,Europa Zachodnia
IE,Irlandia,2024,4,Wiosna,o3,66.32724014336917,66.8,58.05,75.1,93.2,279,0.0,Europa Zachodnia
IE,Irlandia,2024,4,Wiosna,pm10,10.482350119904078,9.93,7.55,12.8,36.4,417,0.0,Europa Zachodnia
IE,Irlandia,2024,4,Wiosna,pm25,5.687550000000001,5.155,3.755,7.37,19.0,300,0.6666666666666667,Europa Zachodnia
IE,Irlandia,2024,5,Wiosna,no2,18.98,10.1,5.98,23.675,85.2,476,23.319327731092436,Europa Zachodnia
IE,Irlandia,2024,5,Wiosna,o3,62.49294117647059,62.3,55.45,70.19999999999999,91.4,255,0.0,Europa Zachodnia
IE,Irlandia,2024,5,Wiosna,pm10,13.58121756487026,12.1,8.06,17.5,38.1,501,0.0,Europa Zachodnia
IE,Irlandia,2024,5,Wiosna,pm25,8.300426666666667,6.92,4.29,11.35,25.4,375,11.466666666666667,Europa Zachodnia
IE,Irlandia,2024,6,Lato,no2,10.509198841698842,7.3100000000000005,3.3625,13.775,41.1,518,11.389961389961389,Europa Zachodnia
IE,Irlandia,2024,6,Lato,o3,52.0983922829582,53.3,46.55,59.1,76.1,311,0.0,Europa Zachodnia
IE,Irlandia,2024,6,Lato,pm10,9.650227272727273,9.24,7.48,11.325000000000001,33.5,484,0.0,Europa Zachodnia
IE,Irlandia,2024,6,Lato,pm25,5.1051232876712325,4.83,3.87,6.05,12.1,365,0.0,Europa Zachodnia
IE,Irlandia,2024,7,Lato,no2,10.198214015151516,6.805,3.47,13.925,44.4,528,10.416666666666668,Europa Zachodnia
IE,Irlandia,2024,7,Lato,o3,43.737084745762715,43.9,39.3,48.9,61.0,295,0.0,Europa Zachodnia
IE,Irlandia,2024,7,Lato,pm10,7.946319845857419,7.38,5.48,9.015,35.9,519,0.0,Europa Zachodnia
IE,Irlandia,2024,7,Lato,pm25,4.126518987341772,3.82,2.92,5.055,9.49,395,0.0,Europa Zachodnia
IE,Irlandia,2024,8,Lato,no2,8.129713983050847,5.49,2.7474999999999996,10.8,49.0,472,5.084745762711865,Europa Zachodnia
IE,Irlandia,2024,8,Lato,o3,51.900080321285145,53.3,46.5,58.5,74.4,249,0.0,Europa Zachodnia
IE,Irlandia,2024,8,Lato,pm10,12.816974789915967,11.4,8.61,16.5,34.1,476,0.0,Europa Zachodnia
IE,Irlandia,2024,8,Lato,pm25,7.588204419889502,5.965,4.4025,9.295,22.1,362,11.878453038674033,Europa Zachodnia
IE,Irlandia,2024,9,Jesień,no2,16.095320166320167,11.4,5.86,23.2,64.7,481,21.82952182952183,Europa Zachodnia
IE,Irlandia,2024,9,Jesień,o3,51.990970149253734,52.2,41.9,62.275000000000006,88.6,268,0.0,Europa Zachodnia
IE,Irlandia,2024,9,Jesień,pm10,14.381167315175098,10.7,7.824999999999999,19.0,46.6,514,0.19455252918287938,Europa Zachodnia
IE,Irlandia,2024,9,Jesień,pm25,8.349356435643564,5.48,4.0075,10.95,26.2,404,20.2970297029703,Europa Zachodnia
IE,Irlandia,2024,10,Jesień,no2,13.972467196819085,10.0,5.3149999999999995,20.0,67.9,503,15.904572564612327,Europa Zachodnia
IE,Irlandia,2024,10,Jesień,o3,50.56938775510204,50.7,40.5,60.675,83.9,294,0.0,Europa Zachodnia
IE,Irlandia,2024,10,Jesień,pm10,11.898836772983115,11.3,8.53,14.2,40.8,533,0.0,Europa Zachodnia
IE,Irlandia,2024,10,Jesień,pm25,6.7417067307692315,6.44,4.85,8.05,36.0,416,1.6826923076923077,Europa Zachodnia
IE,Irlandia,2024,11,Jesień,no2,17.55771919191919,13.4,6.575,25.700000000000003,68.8,495,27.27272727272727,Europa Zachodnia
IE,Irlandia,2024,11,Jesień,o3,39.52250847457627,38.1,26.9,49.95,87.0,295,0.0,Europa Zachodnia
IE,Irlandia,2024,11,Jesień,pm10,14.693902723735409,13.7,9.887500000000001,18.175,49.4,514,0.19455252918287938,Europa Zachodnia
IE,Irlandia,2024,11,Jesień,pm25,10.085467005076142,9.559999999999999,6.1825,12.3,39.3,394,12.436548223350254,Europa Zachodnia
IE,Irlandia,2024,12,Zima,no2,14.858403397027601,10.3,4.88,21.9,61.0,471,19.53290870488323,Europa Zachodnia
IE,Irlandia,2024,12,Zima,o3,52.928892857142856,55.25,41.975,63.7,96.3,280,0.0,Europa Zachodnia
IE,Irlandia,2024,12,Zima,pm10,10.881259047619048,9.68,6.26,13.0,47.7,525,0.5714285714285714,Europa Zachodnia
IE,Irlandia,2024,12,Zima,pm25,6.974458233890215,5.74,3.85,8.305,26.9,419,9.307875894988067,Europa Zachodnia
IE,Irlandia,2025,1,Zima,no2,21.556992628992628,18.8,7.970000000000001,31.299999999999997,77.5,407,36.36363636363637,Europa Zachodnia
IE,Irlandia,2025,1,Zima,o3,47.709150943396224,49.05,37.1,58.5,80.5,212,0.0,Europa Zachodnia
IE,Irlandia,2025,1,Zima,pm10,13.74955947136564,12.149999999999999,8.3025,17.325,53.1,454,0.22026431718061676,Europa Zachodnia
IE,Irlandia,2025,1,Zima,pm25,10.049664948453609,8.555,5.4975000000000005,13.225,39.3,388,19.329896907216497,Europa Zachodnia
IE,Irlandia,2025,2,Zima,no2,12.175783653846155,9.120000000000001,4.55,15.7,59.8,208,12.5,Europa Zachodnia
IE,Irlandia,2025,2,Zima,o3,56.423529411764704,56.9,46.9,68.225,90.5,204,0.0,Europa Zachodnia
IE,Irlandia,2025,2,Zima,pm10,16.40902985074627,15.2,11.55,20.5,38.7,268,0.0,Europa Zachodnia
IE,Irlandia,2025,2,Zima,pm25,11.531490384615385,10.7,7.0,15.1,28.2,208,25.48076923076923,Europa Zachodnia
IE,Irlandia,2025,3,Wiosna,no2,13.395507177033494,10.9,4.75,20.2,47.9,209,14.354066985645932,Europa Zachodnia
IE,Irlandia,2025,3,Wiosna,o3,62.305059760956176,62.8,53.2,72.2,96.0,251,0.0,Europa Zachodnia
IE,Irlandia,2025,3,Wiosna,pm10,14.71615671641791,12.1,9.3425,19.650000000000002,42.3,268,0.0,Europa Zachodnia
IE,Irlandia,2025,3,Wiosna,pm25,9.475319148936169,7.38,5.279999999999999,12.75,26.8,235,18.72340425531915,Europa Zachodnia
IE,Irlandia,2025,4,Wiosna,no2,11.683730538922156,7.66,3.395,14.55,62.4,167,12.574850299401197,Europa Zachodnia
IE,Irlandia,2025,4,Wiosna,o3,66.8606334841629,67.7,56.3,75.9,121.0,221,1.809954751131222,Europa Zachodnia
IE,Irlandia,2025,4,Wiosna,pm10,14.645436440677965,13.850000000000001,7.6425,20.675,34.7,236,0.0,Europa Zachodnia
IE,Irlandia,2025,4,Wiosna,pm25,9.316869346733668,8.76,4.675000000000001,13.3,21.0,199,17.08542713567839,Europa Zachodnia
IE,Irlandia,2025,5,Wiosna,no2,8.617934579439252,5.645,2.8725,10.35,42.4,214,7.943925233644859,Europa Zachodnia
IE,Irlandia,2025,5,Wiosna,o3,61.16637168141593,62.2,51.525,71.4,96.9,226,0.0,Europa Zachodnia
IE,Irlandia,2025,5,Wiosna,pm10,10.709569377990432,10.05,7.2425,13.9,25.6,418,0.0,Europa Zachodnia
IE,Irlandia,2025,5,Wiosna,pm25,5.94048275862069,5.3,3.855,8.045,18.3,435,0.45977011494252873,Europa Zachodnia
IE,Irlandia,2025,6,Lato,no2,8.94553305785124,5.085,2.3649999999999998,11.25,57.8,242,9.090909090909092,Europa Zachodnia
IE,Irlandia,2025,6,Lato,o3,53.44245614035088,55.2,41.9,64.4,89.6,285,0.0,Europa Zachodnia
IE,Irlandia,2025,6,Lato,pm10,9.912765151515151,9.45,6.3675,12.425,32.9,528,0.0,Europa Zachodnia
IE,Irlandia,2025,6,Lato,pm25,5.596743044189853,4.91,3.08,7.4,22.5,611,0.9819967266775778,Europa Zachodnia
IE,Irlandia,2025,7,Lato,no2,9.078046332046332,5.86,3.115,10.7,43.9,259,9.266409266409266,Europa Zachodnia
IE,Irlandia,2025,7,Lato,o3,44.21785714285714,42.5,34.875,52.2,117.0,280,0.7142857142857143,Europa Zachodnia
IE,Irlandia,2025,7,Lato,pm10,8.6610625,7.375,5.3475,10.2,32.9,640,0.0,Europa Zachodnia
IE,Irlandia,2025,7,Lato,pm25,4.4793389592123765,3.62,2.58,5.27,25.3,711,1.969057665260197,Europa Zachodnia
IE,Irlandia,2025,8,Lato,no2,10.158478260869565,7.08,3.21,13.1,53.5,253,8.695652173913043,Europa Zachodnia
IE,Irlandia,2025,8,Lato,o3,47.46212624584718,47.3,39.7,54.8,87.2,301,0.0,Europa Zachodnia
IE,Irlandia,2025,8,Lato,pm10,11.774646153846154,10.9,8.0425,14.5,33.0,650,0.0,Europa Zachodnia
IE,Irlandia,2025,8,Lato,pm25,6.651891891891891,6.085,4.3675,8.1025,27.5,740,2.4324324324324325,Europa Zachodnia
IE,Irlandia,2025,9,Jesień,no2,12.643035019455255,9.53,4.88,16.9,61.1,257,12.840466926070038,Europa Zachodnia
IE,Irlandia,2025,9,Jesień,o3,45.024912280701756,45.8,35.574999999999996,55.625,71.3,228,0.0,Europa Zachodnia
IE,Irlandia,2025,9,Jesień,pm10,8.861246056782335,8.21,6.25,10.3,38.0,634,0.0,Europa Zachodnia
IE,Irlandia,2025,9,Jesień,pm25,4.436979166666666,4.175,3.14,5.35,13.3,720,0.0,Europa Zachodnia
IE,Irlandia,2025,10,Jesień,no2,15.622949367088607,13.7,6.65,22.125,50.2,158,17.088607594936708,Europa Zachodnia
IE,Irlandia,2025,10,Jesień,o3,49.596808510638304,52.0,40.5,59.525,83.7,188,0.0,Europa Zachodnia
IE,Irlandia,2025,10,Jesień,pm10,10.968995983935743,10.3,7.86,13.2,39.6,498,0.0,Europa Zachodnia
IE,Irlandia,2025,10,Jesień,pm25,6.287625899280576,5.615,4.265,7.3825,25.9,556,1.9784172661870503,Europa Zachodnia
IE,Irlandia,2025,11,Jesień,no2,18.714347826086957,14.7,8.795,24.05,69.4,207,23.67149758454106,Europa Zachodnia
IE,Irlandia,2025,11,Jesień,o3,45.897969543147205,47.6,33.3,59.1,82.6,197,0.0,Europa Zachodnia
IE,Irlandia,2025,11,Jesień,pm10,10.102825719120137,9.45,6.64,12.8,40.4,591,0.0,Europa Zachodnia
IE,Irlandia,2025,11,Jesień,pm25,6.248412673879444,5.58,3.91,7.585,21.8,647,2.936630602782071,Europa Zachodnia
IE,Irlandia,2025,12,Zima,no2,17.065735294117648,12.9,6.67,25.325,74.8,204,25.98039215686275,Europa Zachodnia
IE,Irlandia,2025,12,Zima,o3,51.993435897435894,55.6,38.05,68.25,81.7,195,0.0,Europa Zachodnia
IE,Irlandia,2025,12,Zima,pm10,13.137676419965576,12.4,8.63,17.2,36.6,581,0.0,Europa Zachodnia
IE,Irlandia,2025,12,Zima,pm25,8.334935483870968,7.3,5.2275,10.6,29.1,620,9.032258064516128,Europa Zachodnia
IS,Islandia,2022,3,Wiosna,no2,5.549333333333333,4.11,3.4,6.99,13.2,9,0.0,Europa Północna
IS,Islandia,2022,3,Wiosna,pm10,6.437142857142858,5.05,4.130000000000001,8.22,12.8,7,0.0,Europa Północna
IS,Islandia,2022,3,Wiosna,pm25,2.0028571428571427,2.03,1.845,2.145,2.46,7,0.0,Europa Północna
IS,Islandia,2022,10,Jesień,no2,17.905555555555555,14.600000000000001,8.1925,21.275000000000002,72.1,18,16.666666666666664,Europa Północna
IS,Islandia,2022,10,Jesień,pm10,5.754625,3.925,2.0949999999999998,7.13,22.3,24,0.0,Europa Północna
IS,Islandia,2022,10,Jesień,pm25,2.4259999999999997,1.895,1.61,2.4575,4.97,10,0.0,Europa Północna
IS,Islandia,2022,11,Jesień,no2,11.796316911764706,7.105,3.0175,15.275,65.7,136,13.23529411764706,Europa Północna
IS,Islandia,2022,11,Jesień,pm10,8.15151811023622,5.48,2.575,9.81,46.5,127,0.7874015748031495,Europa Północna
IS,Islandia,2022,11,Jesień,pm25,2.0947879310344826,1.79,0.9655,3.1225,6.99,58,0.0,Europa Północna
IS,Islandia,2022,12,Zima,no2,14.965600934579438,12.3,5.455,19.15,71.8,107,14.953271028037381,Europa Północna
IS,Islandia,2022,12,Zima,pm10,7.4005603448275865,5.46,2.9050000000000002,9.3475,36.6,116,0.0,Europa Północna
IS,Islandia,2022,12,Zima,pm25,2.8910493827160497,2.75,1.67,3.84,7.8,81,0.0,Europa Północna
IS,Islandia,2023,1,Zima,no2,14.686684782608696,10.23,4.885,20.025,57.3,92,18.478260869565215,Europa Północna
IS,Islandia,2023,1,Zima,pm10,7.0304518518518515,6.15,3.09,9.04,25.4,81,0.0,Europa Północna
IS,Islandia,2023,1,Zima,pm25,3.242527027027027,2.96,2.1174999999999997,3.9375,12.8,74,0.0,Europa Północna
IS,Islandia,2023,2,Zima,no2,15.466714285714286,12.55,6.5249999999999995,25.099999999999998,39.2,14,28.57142857142857,Europa Północna
IS,Islandia,2023,2,Zima,pm10,6.45,7.04,3.395,9.245,12.3,11,0.0,Europa Północna
IS,Islandia,2023,2,Zima,pm25,3.353846153846154,2.63,1.66,4.36,7.07,13,0.0,Europa Północna
IS,Islandia,2023,3,Wiosna,no2,8.440416666666666,6.404999999999999,4.7700000000000005,11.9,25.7,48,2.083333333333333,Europa Północna
IS,Islandia,2023,3,Wiosna,pm10,12.655166666666664,8.149999999999999,4.07,19.175,42.0,42,0.0,Europa Północna
IS,Islandia,2023,3,Wiosna,pm25,4.593333333333333,3.62,2.32,5.18,22.5,33,6.0606060606060606,Europa Północna
IS,Islandia,2023,4,Wiosna,no2,6.496570967741936,5.245,2.1975,8.445,33.7,124,2.4193548387096775,Europa Północna
IS,Islandia,2023,4,Wiosna,pm10,7.549254098360656,5.33,2.3899999999999997,10.3,32.7,122,0.0,Europa Północna
IS,Islandia,2023,4,Wiosna,pm25,3.7026250000000003,3.1500000000000004,1.5725,4.7,23.3,112,0.8928571428571428,Europa Północna
IS,Islandia,2023,5,Wiosna,no2,6.090948407643312,5.08,1.74,7.71,32.5,157,1.910828025477707,Europa Północna
IS,Islandia,2023,5,Wiosna,pm10,8.26129479768786,6.43,3.41,11.4,32.7,173,0.0,Europa Północna
IS,Islandia,2023,5,Wiosna,pm25,4.248690322580646,3.67,2.45,5.595,19.9,155,0.6451612903225806,Europa Północna
IS,Islandia,2023,6,Lato,no2,8.245151315789473,6.68,2.34,11.825000000000001,32.7,152,3.289473684210526,Europa Północna
IS,Islandia,2023,6,Lato,pm10,7.9606752577319595,6.845,4.4475,10.55,23.7,194,0.0,Europa Północna
IS,Islandia,2023,6,Lato,pm25,4.2302608695652175,3.92,2.7,5.535,12.0,184,0.0,Europa Północna
IS,Islandia,2023,7,Lato,no2,8.91441212121212,8.07,4.555,12.4,24.3,132,0.0,Europa Północna
IS,Islandia,2023,7,Lato,pm10,9.089506329113924,8.155,4.8475,11.5,30.6,158,0.0,Europa Północna
IS,Islandia,2023,7,Lato,pm25,4.374639097744361,3.6,2.18,5.51,22.0,133,2.2556390977443606,Europa Północna
IS,Islandia,2023,8,Lato,no2,10.0654,8.315,6.5675,12.025,39.2,100,3.0,Europa Północna
IS,Islandia,2023,8,Lato,pm10,6.749269841269841,6.57,3.9025,8.565000000000001,16.8,126,0.0,Europa Północna
IS,Islandia,2023,8,Lato,pm25,3.3827884615384614,2.88,2.33,3.96,10.7,104,0.0,Europa Północna
IS,Islandia,2023,9,Jesień,no2,12.113833333333334,8.935,6.6175,13.5,45.2,120,9.166666666666666,Europa Północna
IS,Islandia,2023,9,Jesień,pm10,6.499785714285714,4.365,2.895,7.5,30.8,140,0.0,Europa Północna
IS,Islandia,2023,9,Jesień,pm25,3.3307333333333333,2.57,1.5350000000000001,4.02,13.2,135,0.0,Europa Północna
IS,Islandia,2023,10,Jesień,no2,13.64111111111111,11.1,7.380000000000001,15.65,68.3,135,12.592592592592592,Europa Północna
IS,Islandia,2023,10,Jesień,pm10,7.434615384615385,6.17,3.98,9.61,31.1,117,0.0,Europa Północna
IS,Islandia,2023,10,Jesień,pm25,4.1811643835616445,3.2350000000000003,2.17,4.6975,28.9,146,2.054794520547945,Europa Północna
IS,Islandia,2023,11,Jesień,no2,13.337032967032968,10.149999999999999,6.6475,16.775,55.4,182,11.538461538461538,Europa Północna
IS,Islandia,2023,11,Jesień,pm10,8.466907142857142,6.365,4.035,11.325000000000001,38.1,140,0.0,Europa Północna
IS,Islandia,2023,11,Jesień,pm25,4.096265151515151,2.76,1.9175,4.734999999999999,33.6,132,2.272727272727273,Europa Północna
IS,Islandia,2023,12,Zima,no2,13.228174887892376,9.37,4.984999999999999,16.65,68.6,223,12.10762331838565,Europa Północna
IS,Islandia,2023,12,Zima,pm10,6.646161572052402,5.12,2.71,8.47,33.5,229,0.0,Europa Północna
IS,Islandia,2023,12,Zima,pm25,3.2777098214285716,2.685,1.5975000000000001,3.8850000000000002,24.7,224,0.4464285714285714,Europa Północna
IS,Islandia,2024,1,Zima,no2,11.21870202020202,9.71,4.5475,14.6,46.1,198,8.080808080808081,Europa Północna
IS,Islandia,2024,1,Zima,pm10,7.264723756906077,6.04,3.65,9.96,43.7,181,0.0,Europa Północna
IS,Islandia,2024,1,Zima,pm25,3.2488923076923077,2.91,1.645,4.42,12.4,195,0.0,Europa Północna
IS,Islandia,2024,2,Zima,no2,13.398241025641026,10.8,6.255,17.6,60.9,195,10.256410256410255,Europa Północna
IS,Islandia,2024,2,Zima,pm10,7.34767027027027,6.27,4.01,9.7,31.0,185,0.0,Europa Północna
IS,Islandia,2024,2,Zima,pm25,3.5538404255319147,2.93,2.0075,4.725,20.5,188,0.5319148936170213,Europa Północna
IS,Islandia,2024,3,Wiosna,no2,7.148418807339449,6.76,3.4125,9.4875,31.7,218,0.9174311926605505,Europa Północna
IS,Islandia,2024,3,Wiosna,pm10,10.55916844919786,8.09,5.574999999999999,14.75,45.6,187,0.53475935828877,Europa Północna
IS,Islandia,2024,3,Wiosna,pm25,4.343694300518135,2.98,2.16,4.28,36.1,193,4.66321243523316,Europa Północna
IS,Islandia,2024,4,Wiosna,no2,5.97272974137931,4.975,1.8775,8.9025,32.6,232,0.43103448275862066,Europa Północna
IS,Islandia,2024,4,Wiosna,o3,31.718181818181815,32.599999999999994,30.25,34.575,37.8,22,0.0,Europa Północna
IS,Islandia,2024,4,Wiosna,pm10,12.305966101694915,10.6,7.18,14.8,43.3,177,0.0,Europa Północna
IS,Islandia,2024,4,Wiosna,pm25,5.548867579908676,3.44,2.29,5.529999999999999,37.3,219,9.1324200913242,Europa Północna
IS,Islandia,2024,5,Wiosna,no2,5.3152190697674415,4.36,1.5,8.059999999999999,40.9,215,0.46511627906976744,Europa Północna
IS,Islandia,2024,5,Wiosna,o3,30.94193548387097,31.4,29.25,32.55,36.6,31,0.0,Europa Północna
IS,Islandia,2024,5,Wiosna,pm10,6.583532994923857,6.35,4.45,8.44,16.9,197,0.0,Europa Północna
IS,Islandia,2024,5,Wiosna,pm25,4.222832,3.0549999999999997,2.1425,4.8925,18.5,250,0.4,Europa Północna
IS,Islandia,2024,6,Lato,no2,4.589857368421053,2.955,1.245,7.41,16.2,190,0.0,Europa Północna
IS,Islandia,2024,6,Lato,o3,25.04074074074074,24.6,22.05,27.75,35.0,27,0.0,Europa Północna
IS,Islandia,2024,6,Lato,pm10,8.540437837837837,6.88,4.58,10.6,28.6,185,0.0,Europa Północna
IS,Islandia,2024,6,Lato,pm25,5.229481981981982,3.46,2.1275,6.97,30.4,222,3.6036036036036037,Europa Północna
IS,Islandia,2024,7,Lato,no2,6.197448780487806,5.74,2.57,9.66,20.5,205,0.0,Europa Północna
IS,Islandia,2024,7,Lato,o3,21.141935483870967,21.3,18.05,23.5,27.7,31,0.0,Europa Północna
IS,Islandia,2024,7,Lato,pm10,6.789241206030151,5.95,4.465,8.765,24.4,199,0.0,Europa Północna
IS,Islandia,2024,7,Lato,pm25,4.455473251028807,3.33,2.32,4.87,18.2,243,1.2345679012345678,Europa Północna
IS,Islandia,2024,8,Lato,no2,6.809759259259259,6.0649999999999995,3.165,10.2,20.6,216,0.0,Europa Północna
IS,Islandia,2024,8,Lato,o3,20.896774193548385,21.8,18.1,23.6,26.4,31,0.0,Europa Północna
IS,Islandia,2024,8,Lato,pm10,5.880093023255814,4.88,2.73,7.890000000000001,34.8,215,0.0,Europa Północna
IS,Islandia,2024,8,Lato,pm25,4.005942084942085,2.85,1.63,4.93,17.6,259,1.5444015444015444,Europa Północna
IS,Islandia,2024,9,Jesień,no2,8.543843859649122,7.359999999999999,3.425,11.525,36.2,228,3.070175438596491,Europa Północna
IS,Islandia,2024,9,Jesień,o3,23.504545454545454,23.549999999999997,21.525,25.299999999999997,29.4,22,0.0,Europa Północna
IS,Islandia,2024,9,Jesień,pm10,7.081137777777778,6.3,4.18,9.58,26.3,225,0.0,Europa Północna
IS,Islandia,2024,9,Jesień,pm25,4.173508771929825,2.95,2.02,5.7,14.5,285,0.0,Europa Północna
IS,Islandia,2024,10,Jesień,no2,10.984663551401868,9.575,5.390000000000001,14.2,48.2,214,6.074766355140187,Europa Północna
IS,Islandia,2024,10,Jesień,pm10,7.59226267281106,5.93,3.23,9.36,45.5,217,0.4608294930875576,Europa Północna
IS,Islandia,2024,10,Jesień,pm25,4.349797570850202,2.82,1.75,4.96,34.8,247,3.643724696356275,Europa Północna
IS,Islandia,2024,11,Jesień,no2,11.01353727810651,7.16,4.3,13.8,54.6,169,11.242603550295858,Europa Północna
IS,Islandia,2024,11,Jesień,o3,23.875,24.15,20.2,27.825,34.3,12,0.0,Europa Północna
IS,Islandia,2024,11,Jesień,pm10,12.151479289940827,9.46,6.99,16.9,39.3,169,0.0,Europa Północna
IS,Islandia,2024,11,Jesień,pm25,5.116631284916201,3.95,2.5,6.74,15.4,179,0.5586592178770949,Europa Północna
IS,Islandia,2024,12,Zima,no2,16.044095890410958,11.3,4.825,31.15,49.9,146,29.45205479452055,Europa Północna
IS,Islandia,2024,12,Zima,o3,23.44516129032258,23.9,20.15,27.05,32.5,31,0.0,Europa Północna
IS,Islandia,2024,12,Zima,pm10,8.737078431372549,8.13,4.98,11.3,35.9,153,0.0,Europa Północna
IS,Islandia,2024,12,Zima,pm25,5.193402843601896,4.16,2.705,6.73,26.6,211,1.4218009478672986,Europa Północna
IS,Islandia,2025,1,Zima,no2,17.56828260869565,12.45,5.68,33.8,71.6,138,29.71014492753623,Europa Północna
IS,Islandia,2025,1,Zima,o3,22.148387096774194,22.9,18.3,26.450000000000003,29.5,31,0.0,Europa Północna
IS,Islandia,2025,1,Zima,pm10,6.900601265822785,5.155,3.03,9.1275,23.5,158,0.0,Europa Północna
IS,Islandia,2025,1,Zima,pm25,4.031652631578948,2.78,1.4,5.5325,18.3,190,1.0526315789473684,Europa Północna
IS,Islandia,2025,2,Zima,no2,13.20351376146789,6.92,4.14,25.3,44.3,109,25.688073394495415,Europa Północna
IS,Islandia,2025,2,Zima,o3,25.089285714285715,25.75,23.95,26.825,28.7,28,0.0,Europa Północna
IS,Islandia,2025,2,Zima,pm10,9.14111111111111,7.625,5.2525,12.425,33.3,126,0.0,Europa Północna
IS,Islandia,2025,2,Zima,pm25,4.714408045977011,3.335,2.3625,6.65,15.2,174,0.5747126436781609,Europa Północna
IS,Islandia,2025,3,Wiosna,no2,15.71920909090909,11.600000000000001,5.2,29.775,41.6,110,30.909090909090907,Europa Północna
IS,Islandia,2025,3,Wiosna,o3,24.316129032258065,24.2,22.549999999999997,26.5,28.8,31,0.0,Europa Północna
IS,Islandia,2025,3,Wiosna,pm10,9.947481481481482,8.63,5.445,13.399999999999999,36.1,135,0.0,Europa Północna
IS,Islandia,2025,3,Wiosna,pm25,5.422000000000001,4.42,2.74,7.68,14.6,153,0.0,Europa Północna
IS,Islandia,2025,4,Wiosna,no2,4.711357718120805,3.37,1.54,6.26,33.8,149,2.013422818791946,Europa Północna
IS,Islandia,2025,4,Wiosna,o3,24.52,25.2,23.2,25.7,25.8,5,0.0,Europa Północna
IS,Islandia,2025,4,Wiosna,pm10,10.236976923076924,9.065,6.45,13.35,26.7,130,0.0,Europa Północna
IS,Islandia,2025,4,Wiosna,pm25,5.568062111801242,4.06,2.67,7.05,19.6,161,5.590062111801243,Europa Północna
IS,Islandia,2025,5,Wiosna,no2,5.004519230769231,3.045,1.8075,6.7425,18.2,156,0.0,Europa Północna
IS,Islandia,2025,5,Wiosna,pm10,8.796267605633803,7.29,5.46,11.4,32.9,142,0.0,Europa Północna
IS,Islandia,2025,5,Wiosna,pm25,5.0969411764705885,3.66,2.225,6.8575,19.2,170,2.941176470588235,Europa Północna
IS,Islandia,2025,6,Lato,no2,4.987753333333333,3.2750000000000004,1.8375,7.8175,17.0,150,0.0,Europa Północna
IS,Islandia,2025,6,Lato,o3,17.580000000000002,16.6,15.9,19.8,20.0,5,0.0,Europa Północna
IS,Islandia,2025,6,Lato,pm10,8.372464788732396,6.48,4.085,11.075,28.2,142,0.0,Europa Północna
IS,Islandia,2025,6,Lato,pm25,4.614158536585366,3.135,1.935,5.7325,18.5,164,1.8292682926829267,Europa Północna
IS,Islandia,2025,7,Lato,no2,4.560264848484849,2.98,1.63,6.7,17.4,165,0.0,Europa Północna
IS,Islandia,2025,7,Lato,o3,17.959999999999997,18.1,16.9,19.925,23.4,30,0.0,Europa Północna
IS,Islandia,2025,7,Lato,pm10,8.071843478260869,5.61,3.79,10.5,36.5,115,0.0,Europa Północna
IS,Islandia,2025,7,Lato,pm25,4.752755555555555,3.22,2.02,7.49,16.8,135,0.7407407407407408,Europa Północna
IS,Islandia,2025,8,Lato,no2,4.450397435897436,3.54,1.5775000000000001,5.8425,19.2,156,0.0,Europa Północna
IS,Islandia,2025,8,Lato,o3,18.603225806451615,19.1,17.25,20.15,24.0,31,0.0,Europa Północna
IS,Islandia,2025,8,Lato,pm10,5.92094964028777,4.84,3.315,7.4,21.2,139,0.0,Europa Północna
IS,Islandia,2025,8,Lato,pm25,4.141734567901235,3.0149999999999997,1.7675,4.765,15.8,162,0.6172839506172839,Europa Północna
IS,Islandia,2025,9,Jesień,no2,3.964307142857143,2.665,1.42,4.83,22.3,168,0.0,Europa Północna
IS,Islandia,2025,9,Jesień,o3,19.18,19.25,16.575,21.4,26.1,30,0.0,Europa Północna
IS,Islandia,2025,9,Jesień,pm10,5.882586206896551,5.17,3.56,7.362500000000001,18.6,116,0.0,Europa Północna
IS,Islandia,2025,9,Jesień,pm25,2.552167938931298,2.26,1.28,3.12,15.4,131,0.7633587786259541,Europa Północna
IS,Islandia,2025,10,Jesień,no2,3.61690303030303,2.93,0.6305000000000001,4.965,22.4,99,0.0,Europa Północna
IS,Islandia,2025,10,Jesień,o3,20.080645161290324,20.0,18.700000000000003,22.4,26.0,31,0.0,Europa Północna
IS,Islandia,2025,10,Jesień,pm10,4.616178217821782,3.81,2.22,5.77,17.7,101,0.0,Europa Północna
IS,Islandia,2025,10,Jesień,pm25,4.437390625,2.61,1.4475,6.9975,19.7,128,2.34375,Europa Północna
IS,Islandia,2025,11,Jesień,no2,8.117856730769232,6.164999999999999,1.4575,12.425,50.2,104,2.8846153846153846,Europa Północna
IS,Islandia,2025,11,Jesień,o3,14.646666666666667,13.25,11.9,18.05,26.8,30,0.0,Europa Północna
IS,Islandia,2025,11,Jesień,pm10,5.939292134831461,4.73,2.9,7.56,24.7,89,0.0,Europa Północna
IS,Islandia,2025,11,Jesień,pm25,4.2525702479338845,2.28,1.36,7.74,13.2,121,0.0,Europa Północna
IS,Islandia,2025,12,Zima,no2,5.499241414141414,2.64,0.868,6.8149999999999995,31.4,99,4.040404040404041,Europa Północna
IS,Islandia,2025,12,Zima,o3,18.135483870967743,18.5,14.6,21.9,26.2,31,0.0,Europa Północna
IS,Islandia,2025,12,Zima,pm10,7.3365824175824175,6.0,3.575,10.024999999999999,24.3,91,0.0,Europa Północna
IS,Islandia,2025,12,Zima,pm25,4.4753561643835615,3.01,1.47,6.297499999999999,15.0,146,0.0,Europa Północna
IT,Włochy,2022,1,Zima,no2,27.37990328820116,25.35,10.925,39.5,84.6,1034,50.38684719535783,Europa Południowa
IT,Włochy,2022,1,Zima,o3,42.57693110647181,42.8,27.9,57.6,82.6,479,0.0,Europa Południowa
IT,Włochy,2022,2,Zima,no2,25.387928648648646,22.7,10.4,37.0,80.2,925,46.054054054054056,Europa Południowa
IT,Włochy,2022,2,Zima,o3,55.287528868360276,54.7,41.9,70.4,120.0,433,0.4618937644341801,Europa Południowa
IT,Włochy,2022,3,Wiosna,no2,24.378753424657535,22.9,12.0,33.55,78.4,730,45.06849315068493,Europa Południowa
IT,Włochy,2022,3,Wiosna,o3,66.81114369501466,67.9,51.2,82.1,118.0,341,1.466275659824047,Europa Południowa
IT,Włochy,2022,4,Wiosna,no2,17.158932611311673,14.2,7.445,23.9,72.6,831,22.503008423586042,Europa Południowa
IT,Włochy,2022,4,Wiosna,o3,77.55979112271541,79.2,63.2,90.45,132.0,383,10.182767624020887,Europa Południowa
IT,Włochy,2022,5,Wiosna,no2,17.439498530852106,15.3,7.27,24.0,81.0,1021,23.310479921645445,Europa Południowa
IT,Włochy,2022,5,Wiosna,o3,76.6664570230608,75.9,61.3,90.0,142.0,477,11.530398322851152,Europa Południowa
IT,Włochy,2022,6,Lato,no2,16.831535240040857,15.6,7.61,23.1,67.9,979,19.30541368743616,Europa Południowa
IT,Włochy,2022,6,Lato,o3,74.64276457883369,75.6,59.5,88.25,129.0,463,8.423326133909287,Europa Południowa
IT,Włochy,2022,7,Lato,no2,14.635667351129364,13.4,6.922499999999999,20.2,65.0,974,12.320328542094455,Europa Południowa
IT,Włochy,2022,7,Lato,o3,81.55852631578948,81.1,67.7,94.15,135.0,475,16.210526315789473,Europa Południowa
IT,Włochy,2022,8,Lato,no2,14.104271835132483,13.0,6.865,19.75,46.4,1019,11.481844946025516,Europa Południowa
IT,Włochy,2022,8,Lato,o3,82.7064049586777,84.85,68.975,97.42500000000001,143.0,484,19.00826446280992,Europa Południowa
IT,Włochy,2022,9,Jesień,no2,16.538132994923856,14.1,7.68,23.5,72.0,985,21.725888324873097,Europa Południowa
IT,Włochy,2022,9,Jesień,o3,64.31745689655172,65.45,52.175000000000004,76.6,130.0,464,1.7241379310344827,Europa Południowa
IT,Włochy,2022,9,Jesień,pm10,13.818181818181818,13.0,11.0,15.0,27.0,132,0.0,Europa Południowa
IT,Włochy,2022,9,Jesień,pm25,5.177215189873418,5.0,4.0,6.0,17.0,79,1.2658227848101267,Europa Południowa
IT,Włochy,2022,10,Jesień,no2,21.59483747609943,20.8,11.125,30.375,63.4,1046,37.76290630975143,Europa Południowa
IT,Włochy,2022,10,Jesień,o3,43.95095141700405,40.75,28.325,56.224999999999994,122.0,494,0.20242914979757085,Europa Południowa
IT,Włochy,2022,10,Jesień,pm10,22.19284940411701,20.0,16.0,25.0,80.0,923,4.333694474539545,Europa Południowa
IT,Włochy,2022,10,Jesień,pm25,12.280357142857143,12.0,9.0,15.0,27.0,560,18.928571428571427,Europa Południowa
IT,Włochy,2022,11,Jesień,no2,22.256964356435642,21.0,10.6,32.8,69.2,1010,40.69306930693069,Europa Południowa
IT,Włochy,2022,11,Jesień,o3,38.08575,38.3,20.8,53.925,81.6,480,0.0,Europa Południowa
IT,Włochy,2022,11,Jesień,pm10,18.364217252396166,16.0,11.0,24.0,77.0,939,2.1299254526091587,Europa Południowa
IT,Włochy,2022,11,Jesień,pm25,12.603383458646617,10.0,6.0,16.25,51.0,532,27.631578947368425,Europa Południowa
IT,Włochy,2022,12,Zima,no2,23.875637065637065,22.05,10.9,34.5,77.0,1036,43.33976833976834,Europa Południowa
IT,Włochy,2022,12,Zima,o3,29.926220588235292,26.55,11.875,45.0,76.8,476,0.0,Europa Południowa
IT,Włochy,2022,12,Zima,pm10,27.95837780149413,26.0,16.0,36.0,90.0,937,10.88580576307364,Europa Południowa
IT,Włochy,2022,12,Zima,pm25,16.972602739726028,14.0,9.0,22.0,56.0,511,45.40117416829745,Europa Południowa
IT,Włochy,2023,1,Zima,no2,22.719550947867297,21.9,9.7,33.0,82.5,844,43.838862559241704,Europa Południowa
IT,Włochy,2023,1,Zima,o3,36.56636842105263,36.0,18.9,51.5,88.3,323,0.0,Europa Południowa
IT,Włochy,2023,1,Zima,pm10,22.80461329715061,20.0,13.0,30.0,89.0,737,4.74898236092266,Europa Południowa
IT,Włochy,2023,1,Zima,pm25,15.644444444444444,13.0,8.0,22.0,57.0,405,40.98765432098765,Europa Południowa
IT,Włochy,2023,2,Zima,no2,32.69952,35.0,14.0,45.1,80.0,125,62.4,Europa Południowa
IT,Włochy,2023,2,Zima,o3,34.498039215686276,38.5,10.5,49.85,91.0,51,0.0,Europa Południowa
IT,Włochy,2023,2,Zima,pm10,39.80357142857143,40.5,27.75,49.25,78.0,56,33.92857142857143,Europa Południowa
IT,Włochy,2023,2,Zima,pm25,23.41176470588235,19.0,18.0,27.0,56.0,17,94.11764705882352,Europa Południowa
IT,Włochy,2023,3,Wiosna,no2,18.414737704918032,15.6,8.625,25.55,77.0,427,26.697892271662766,Europa Południowa
IT,Włochy,2023,3,Wiosna,o3,59.45740740740741,62.2,42.65,74.075,98.0,162,0.0,Europa Południowa
IT,Włochy,2023,3,Wiosna,pm10,18.64589235127479,18.0,14.0,23.0,47.0,353,0.28328611898017,Europa Południowa
IT,Włochy,2023,3,Wiosna,pm25,9.72636815920398,8.0,6.0,12.0,33.0,201,12.437810945273633,Europa Południowa
IT,Włochy,2023,4,Wiosna,no2,16.13743025751073,14.2,7.1775,21.9,86.0,932,18.025751072961373,Europa Południowa
IT,Włochy,2023,4,Wiosna,o3,60.774157303370785,62.9,46.875,75.47500000000001,103.0,356,0.8426966292134831,Europa Południowa
IT,Włochy,2023,4,Wiosna,pm10,12.901190476190477,12.0,10.0,16.0,33.0,840,0.0,Europa Południowa
IT,Włochy,2023,4,Wiosna,pm25,8.192946058091286,8.0,6.0,10.0,22.0,482,4.356846473029045,Europa Południowa
IT,Włochy,2023,5,Wiosna,no2,15.832812274368232,14.6,7.91,21.4,61.2,1108,18.050541516245488,Europa Południowa
IT,Włochy,2023,5,Wiosna,o3,55.66581047381546,56.2,40.8,68.3,117.0,401,2.7431421446384037,Europa Południowa
IT,Włochy,2023,5,Wiosna,pm10,13.958984375,14.0,11.0,17.0,43.0,1024,0.0,Europa Południowa
IT,Włochy,2023,5,Wiosna,pm25,7.618968386023295,8.0,5.0,10.0,18.0,601,0.16638935108153077,Europa Południowa
IT,Włochy,2023,6,Lato,no2,14.568796641791044,13.2,7.199999999999999,20.0,65.6,1072,11.194029850746269,Europa Południowa
IT,Włochy,2023,6,Lato,o3,66.76365979381443,67.5,50.675000000000004,80.8,123.0,388,6.185567010309279,Europa Południowa
IT,Włochy,2023,6,Lato,pm10,16.809621289662232,16.0,13.0,20.0,51.0,977,0.3070624360286591,Europa Południowa
IT,Włochy,2023,6,Lato,pm25,9.03287197231834,9.0,7.0,11.0,29.0,578,3.1141868512110724,Europa Południowa
IT,Włochy,2023,7,Lato,no2,14.232994402985074,12.5,6.51,19.0,78.2,1072,12.5,Europa Południowa
IT,Włochy,2023,7,Lato,o3,63.95162094763092,63.0,52.8,75.4,116.0,401,3.7406483790523692,Europa Południowa
IT,Włochy,2023,7,Lato,pm10,25.551724137931036,24.0,18.0,31.0,63.0,957,3.9707419017763845,Europa Południowa
IT,Włochy,2023,7,Lato,pm25,10.978476821192054,11.0,8.0,14.0,25.0,604,13.57615894039735,Europa Południowa
IT,Włochy,2023,8,Lato,no2,13.95071219512195,12.5,6.57,19.5,45.1,1025,12.682926829268293,Europa Południowa
IT,Włochy,2023,8,Lato,o3,69.68845144356955,67.2,56.6,81.0,130.0,381,8.661417322834646,Europa Południowa
IT,Włochy,2023,8,Lato,pm10,19.84814398200225,19.0,15.0,24.0,49.0,889,0.22497187851518563,Europa Południowa
IT,Włochy,2023,8,Lato,pm25,9.945111492281304,8.0,6.0,13.0,40.0,583,18.181818181818183,Europa Południowa
IT,Włochy,2023,9,Jesień,no2,18.064985645933014,16.3,8.42,25.9,63.6,1045,26.98564593301435,Europa Południowa
IT,Włochy,2023,9,Jesień,o3,66.1708762886598,62.8,50.150000000000006,80.5,144.0,388,6.958762886597938,Europa Południowa
IT,Włochy,2023,9,Jesień,pm10,21.158811475409838,21.0,16.0,26.0,49.0,976,0.5122950819672131,Europa Południowa
IT,Włochy,2023,9,Jesień,pm25,10.942635658914728,11.0,8.0,14.0,22.0,645,14.418604651162791,Europa Południowa
IT,Włochy,2023,10,Jesień,no2,19.24031388888889,17.4,8.215,27.7,65.8,1080,30.925925925925924,Europa Południowa
IT,Włochy,2023,10,Jesień,o3,56.093516209476306,53.2,40.8,69.9,136.0,401,4.239401496259352,Europa Południowa
IT,Włochy,2023,10,Jesień,pm10,22.281443298969073,21.0,16.0,28.0,67.0,970,2.268041237113402,Europa Południowa
IT,Włochy,2023,10,Jesień,pm25,9.466141732283464,8.0,5.0,13.0,23.0,635,13.543307086614172,Europa Południowa
IT,Włochy,2023,11,Jesień,no2,20.23159635666347,18.3,7.324999999999999,30.15,87.2,1043,36.33748801534036,Europa Południowa
IT,Włochy,2023,11,Jesień,o3,44.768659793814436,44.9,27.9,62.075,84.5,388,0.0,Europa Południowa
IT,Włochy,2023,11,Jesień,pm10,20.251783893985728,18.0,13.0,25.0,87.0,981,2.54841997961264,Europa Południowa
IT,Włochy,2023,11,Jesień,pm25,9.60777957860616,8.0,5.0,12.0,51.0,617,13.290113452188008,Europa Południowa
IT,Włochy,2023,12,Zima,no2,25.9330740393627,24.5,10.649999999999999,37.349999999999994,80.2,1067,49.48453608247423,Europa Południowa
IT,Włochy,2023,12,Zima,o3,38.59129675810474,37.4,19.7,58.9,103.0,401,0.24937655860349126,Europa Południowa
IT,Włochy,2023,12,Zima,pm10,27.31704885343968,25.0,16.0,36.0,89.0,1003,11.06679960119641,Europa Południowa
IT,Włochy,2023,12,Zima,pm25,15.064784053156146,12.0,7.0,20.0,54.0,602,38.372093023255815,Europa Południowa
IT,Włochy,2024,1,Zima,no2,24.339903075489282,23.7,10.4,34.6,76.2,1073,47.43709226467847,Europa Południowa
IT,Włochy,2024,1,Zima,o3,41.069323308270675,39.0,23.0,56.599999999999994,85.6,399,0.0,Europa Południowa
IT,Włochy,2024,1,Zima,pm10,26.288201160541586,24.0,16.0,34.0,89.0,1034,8.994197292069632,Europa Południowa
IT,Włochy,2024,1,Zima,pm25,15.848062015503876,13.0,8.0,21.0,57.0,645,39.84496124031008,Europa Południowa
IT,Włochy,2024,2,Zima,no2,23.33353081510934,20.4,9.504999999999999,33.175000000000004,85.9,1006,39.662027833001986,Europa Południowa
IT,Włochy,2024,2,Zima,o3,50.88122994652406,50.9,34.5,67.57499999999999,115.0,374,0.267379679144385,Europa Południowa
IT,Włochy,2024,2,Zima,pm10,24.72008547008547,22.0,15.0,32.0,78.0,936,7.585470085470085,Europa Południowa
IT,Włochy,2024,2,Zima,pm25,13.962774957698816,11.0,8.0,18.0,54.0,591,31.810490693739425,Europa Południowa
IT,Włochy,2024,3,Wiosna,no2,19.053437086092714,15.5,7.52,24.8,95.8,1057,24.503311258278146,Europa Południowa
IT,Włochy,2024,3,Wiosna,o3,60.01974358974359,59.5,47.849999999999994,71.275,97.7,390,0.0,Europa Południowa
IT,Włochy,2024,3,Wiosna,pm10,17.97159090909091,17.0,13.0,23.0,75.0,880,0.22727272727272727,Europa Południowa
IT,Włochy,2024,3,Wiosna,pm25,10.139280125195619,9.0,6.0,13.0,36.0,639,16.275430359937403,Europa Południowa
IT,Włochy,2024,4,Wiosna,no2,17.825368217054262,15.850000000000001,7.565,23.225,88.4,1032,20.930232558139537,Europa Południowa
IT,Włochy,2024,4,Wiosna,o3,66.75375647668395,65.75,53.725,77.0,129.0,386,3.8860103626943006,Europa Południowa
IT,Włochy,2024,4,Wiosna,pm10,17.919338159255428,17.0,12.0,23.0,56.0,967,0.4136504653567736,Europa Południowa
IT,Włochy,2024,4,Wiosna,pm25,8.125806451612902,7.0,5.0,10.0,34.0,620,6.290322580645161,Europa Południowa
IT,Włochy,2024,5,Wiosna,no2,15.398913662239089,14.0,7.3,20.8,78.6,1054,15.749525616698293,Europa Południowa
IT,Włochy,2024,5,Wiosna,o3,61.27397193877551,60.7,49.5,71.7,114.0,392,1.7857142857142856,Europa Południowa
IT,Włochy,2024,5,Wiosna,pm10,16.633109619686802,14.0,11.0,18.0,67.0,894,3.5794183445190155,Europa Południowa
IT,Włochy,2024,5,Wiosna,pm25,6.974619289340102,6.0,5.0,8.0,35.0,591,3.5532994923857872,Europa Południowa
IT,Włochy,2024,6,Lato,no2,15.89725527831094,14.3,7.702500000000001,21.7,76.0,1042,16.794625719769673,Europa Południowa
IT,Włochy,2024,6,Lato,o3,62.72622107969152,62.0,50.8,72.3,115.0,389,3.0848329048843186,Europa Południowa
IT,Włochy,2024,6,Lato,pm10,18.696747114375654,17.0,13.0,22.0,83.0,953,1.6789087093389297,Europa Południowa
IT,Włochy,2024,6,Lato,pm25,7.445300462249615,7.0,5.0,9.0,27.0,649,3.389830508474576,Europa Południowa
IT,Włochy,2024,7,Lato,no2,16.395145756457563,16.3,9.03,22.7,50.6,1084,17.15867158671587,Europa Południowa
IT,Włochy,2024,7,Lato,o3,64.18977556109725,62.9,49.5,76.8,121.0,401,6.483790523690773,Europa Południowa
IT,Włochy,2024,7,Lato,pm10,22.577560975609757,22.0,18.0,26.0,52.0,1025,0.0975609756097561,Europa Południowa
IT,Włochy,2024,7,Lato,pm25,10.530674846625766,10.0,8.0,12.0,29.0,652,8.742331288343557,Europa Południowa
IT,Włochy,2024,8,Lato,no2,14.893625235404897,14.6,8.5725,20.5,39.0,1062,10.64030131826742,Europa Południowa
IT,Włochy,2024,8,Lato,o3,63.266666666666666,60.95,49.65,74.4,129.0,402,6.7164179104477615,Europa Południowa
IT,Włochy,2024,8,Lato,pm10,20.28235294117647,20.0,16.0,24.0,51.0,1020,0.29411764705882354,Europa Południowa
IT,Włochy,2024,8,Lato,pm25,10.592879256965944,10.0,9.0,13.0,31.0,646,6.811145510835913,Europa Południowa
IT,Włochy,2024,9,Jesień,no2,16.9932099609375,16.55,7.96,24.3,46.0,1024,22.8515625,Europa Południowa
IT,Włochy,2024,9,Jesień,o3,54.83564102564103,54.05,42.5,66.0,108.0,390,1.0256410256410255,Europa Południowa
IT,Włochy,2024,9,Jesień,pm10,16.861490031479537,15.0,11.0,21.0,64.0,953,1.5739769150052465,Europa Południowa
IT,Włochy,2024,9,Jesień,pm25,6.764415156507414,6.0,4.0,8.5,21.0,607,2.14168039538715,Europa Południowa
IT,Włochy,2024,10,Jesień,no2,18.477420650095603,17.65,9.2525,26.275,54.7,1046,27.915869980879542,Europa Południowa
IT,Włochy,2024,10,Jesień,o3,40.5468,39.3,26.1,53.625,82.5,400,0.0,Europa Południowa
IT,Włochy,2024,10,Jesień,pm10,19.345151199165798,18.0,13.0,23.0,73.0,959,1.6684045881126173,Europa Południowa
IT,Włochy,2024,10,Jesień,pm25,7.9504950495049505,7.0,5.0,10.0,24.0,606,4.455445544554455,Europa Południowa
IT,Włochy,2024,11,Jesień,no2,22.825504782146652,22.3,9.91,33.3,64.3,941,43.57066950053135,Europa Południowa
IT,Włochy,2024,11,Jesień,o3,36.565835616438356,33.8,21.0,52.5,78.1,365,0.0,Europa Południowa
IT,Włochy,2024,11,Jesień,pm10,23.73913043478261,23.0,17.0,29.0,75.0,943,2.651113467656416,Europa Południowa
IT,Włochy,2024,11,Jesień,pm25,14.448392554991539,13.0,8.0,18.0,54.0,591,38.24027072758037,Europa Południowa
IT,Włochy,2024,12,Zima,no2,21.547261157024796,20.3,8.0,33.0,59.5,605,39.66942148760331,Europa Południowa
IT,Włochy,2024,12,Zima,o3,37.192882096069866,34.1,20.2,52.5,101.0,229,1.3100436681222707,Europa Południowa
IT,Włochy,2024,12,Zima,pm10,22.153684210526315,18.0,11.0,29.0,90.0,950,9.368421052631579,Europa Południowa
IT,Włochy,2024,12,Zima,pm25,14.359570661896242,12.0,6.0,19.0,56.0,559,36.314847942754916,Europa Południowa
IT,Włochy,2025,1,Zima,no2,17.696753246753246,16.5,5.43,28.3,45.8,77,33.76623376623377,Europa Południowa
IT,Włochy,2025,1,Zima,pm10,22.65289256198347,20.0,13.0,30.0,89.0,968,5.06198347107438,Europa Południowa
IT,Włochy,2025,1,Zima,pm25,13.095726495726495,10.0,7.0,17.0,53.0,585,28.717948717948715,Europa Południowa
IT,Włochy,2025,2,Zima,no2,7.909999999999999,7.26,5.737500000000001,7.975,19.7,28,0.0,Europa Południowa
IT,Włochy,2025,2,Zima,pm10,23.123853211009173,22.0,16.0,30.0,82.0,872,2.86697247706422,Europa Południowa
IT,Włochy,2025,2,Zima,pm25,15.83658969804618,14.0,10.0,21.0,48.0,563,45.64831261101243,Europa Południowa
IT,Włochy,2025,3,Wiosna,no2,6.648387096774194,5.83,4.5,8.13,17.5,31,0.0,Europa Południowa
IT,Włochy,2025,3,Wiosna,pm10,21.19090909090909,19.0,13.0,28.0,73.0,990,3.535353535353535,Europa Południowa
IT,Włochy,2025,3,Wiosna,pm25,10.973186119873818,9.0,6.0,15.0,37.0,634,21.92429022082019,Europa Południowa
IT,Włochy,2025,4,Wiosna,no2,7.242,6.5649999999999995,4.71,8.33,14.5,30,0.0,Europa Południowa
IT,Włochy,2025,4,Wiosna,pm10,17.682572614107883,17.0,13.0,20.0,57.0,964,0.8298755186721992,Europa Południowa
IT,Włochy,2025,4,Wiosna,pm25,8.359223300970873,8.0,6.0,10.0,17.0,618,1.6181229773462782,Europa Południowa
IT,Włochy,2025,5,Wiosna,no2,6.473870967741935,5.33,3.705,9.02,14.7,31,0.0,Europa Południowa
IT,Włochy,2025,5,Wiosna,pm10,14.120812182741117,14.0,11.0,17.0,33.0,985,0.0,Europa Południowa
IT,Włochy,2025,5,Wiosna,pm25,6.875399361022364,7.0,5.0,8.0,16.0,626,0.1597444089456869,Europa Południowa
IT,Włochy,2025,6,Lato,no2,8.7815,8.370000000000001,3.3625000000000003,13.174999999999999,21.0,30,0.0,Europa Południowa
IT,Włochy,2025,6,Lato,pm10,23.504228329809724,23.0,18.0,29.0,51.0,946,0.3171247357293869,Europa Południowa
IT,Włochy,2025,6,Lato,pm25,12.86863711001642,12.0,9.0,15.0,33.0,609,23.973727422003286,Europa Południowa
IT,Włochy,2025,7,Lato,no2,7.440766666666667,5.835,3.7075,9.7725,21.3,30,0.0,Europa Południowa
IT,Włochy,2025,7,Lato,pm10,17.517766497461928,17.0,13.0,21.0,52.0,985,0.3045685279187817,Europa Południowa
IT,Włochy,2025,7,Lato,pm25,8.183254344391786,8.0,6.0,10.0,24.0,633,2.3696682464454977,Europa Południowa
IT,Włochy,2025,8,Lato,no2,7.8103225806451615,6.75,3.355,12.3,18.9,31,0.0,Europa Południowa
IT,Włochy,2025,8,Lato,pm10,18.793877551020408,18.0,14.75,22.0,43.0,980,0.0,Europa Południowa
IT,Włochy,2025,8,Lato,pm25,9.67716535433071,9.0,7.0,12.0,25.0,635,8.976377952755906,Europa Południowa
IT,Włochy,2025,9,Jesień,no2,5.773666666666667,5.125,3.9699999999999998,7.3975,14.1,30,0.0,Europa Południowa
IT,Włochy,2025,9,Jesień,pm10,15.602883355176933,15.0,12.0,19.0,46.0,763,0.1310615989515072,Europa Południowa
IT,Włochy,2025,9,Jesień,pm25,6.6195028680688335,6.0,5.0,8.0,15.0,523,0.0,Europa Południowa
IT,Włochy,2025,10,Jesień,no2,6.343548387096774,5.46,3.67,7.535,19.0,31,0.0,Europa Południowa
IT,Włochy,2025,10,Jesień,pm10,14.746212121212121,14.0,11.0,18.0,36.0,264,0.0,Europa Południowa
IT,Włochy,2025,10,Jesień,pm25,7.256281407035176,7.0,5.0,9.0,15.0,199,0.0,Europa Południowa
IT,Włochy,2025,11,Jesień,no2,6.027333333333333,5.455,3.6125,8.2375,14.2,30,0.0,Europa Południowa
IT,Włochy,2025,11,Jesień,pm10,14.51908396946565,14.0,11.0,18.0,35.0,131,0.0,Europa Południowa
IT,Włochy,2025,11,Jesień,pm25,9.01863354037267,8.0,5.0,12.0,32.0,161,13.043478260869565,Europa Południowa
IT,Włochy,2025,12,Zima,no2,8.408,8.195,5.172499999999999,11.6,22.6,30,0.0,Europa Południowa
IT,Włochy,2025,12,Zima,pm10,18.650793650793652,18.0,13.0,25.0,34.0,63,0.0,Europa Południowa
IT,Włochy,2025,12,Zima,pm25,14.50943396226415,12.5,8.0,19.0,40.0,106,39.62264150943396,Europa Południowa
LT,Litwa,2022,1,Zima,no2,8.3138,5.625,2.49,10.9,66.0,324,5.246913580246913,Europa Północna
LT,Litwa,2022,1,Zima,o3,51.93253333333333,54.5,40.125,64.1,104.0,300,0.33333333333333337,Europa Północna
LT,Litwa,2022,1,Zima,pm10,14.213413194444446,11.1,7.9925,18.125,58.1,288,0.6944444444444444,Europa Północna
LT,Litwa,2022,1,Zima,pm25,9.27478640776699,6.47,3.99,12.45,35.4,103,19.41747572815534,Europa Północna
LT,Litwa,2022,2,Zima,no2,8.293334201954398,5.31,2.84,10.2,71.9,307,5.863192182410423,Europa Północna
LT,Litwa,2022,2,Zima,o3,54.02175627240143,57.9,48.1,64.3,75.3,279,0.0,Europa Północna
LT,Litwa,2022,2,Zima,pm10,15.11702205882353,13.1,8.5075,18.924999999999997,47.2,272,1.1029411764705883,Europa Północna
LT,Litwa,2022,2,Zima,pm25,9.173049504950495,7.11,4.1,11.4,31.7,101,16.831683168316832,Europa Północna
LT,Litwa,2022,3,Wiosna,no2,13.505625570776255,7.77,4.125,17.3,74.6,219,17.35159817351598,Europa Północna
LT,Litwa,2022,3,Wiosna,o3,47.15253393665158,51.5,31.0,63.6,91.8,221,0.0,Europa Północna
LT,Litwa,2022,3,Wiosna,pm10,22.95,18.0,11.6,32.4,64.8,197,11.6751269035533,Europa Północna
LT,Litwa,2022,3,Wiosna,pm25,13.418709677419356,10.85,5.0,20.225,40.0,62,35.483870967741936,Europa Północna
LT,Litwa,2022,4,Wiosna,no2,9.486565656565656,5.93,3.25,10.5,70.4,198,8.080808080808081,Europa Północna
LT,Litwa,2022,4,Wiosna,o3,61.50244680851063,63.599999999999994,51.45,72.6,92.6,188,0.0,Europa Północna
LT,Litwa,2022,4,Wiosna,pm10,18.131843575418994,15.4,11.2,21.85,63.3,179,2.793296089385475,Europa Północna
LT,Litwa,2022,4,Wiosna,pm25,9.051176470588235,6.535,4.3225,12.025,27.2,68,22.058823529411764,Europa Północna
LT,Litwa,2022,5,Wiosna,no2,9.926486631016042,5.04,2.68,13.85,54.5,187,9.090909090909092,Europa Północna
LT,Litwa,2022,5,Wiosna,o3,51.768764705882354,53.25,43.95,63.25,98.2,170,0.0,Europa Północna
LT,Litwa,2022,5,Wiosna,pm10,15.313204419889503,14.4,10.2,18.6,37.0,181,0.0,Europa Północna
LT,Litwa,2022,5,Wiosna,pm25,5.526346153846154,4.880000000000001,2.3975,7.2475000000000005,26.0,52,3.8461538461538463,Europa Północna
LT,Litwa,2022,6,Lato,no2,10.304662424242423,6.515000000000001,2.505,15.174999999999999,50.3,330,11.212121212121213,Europa Północna
LT,Litwa,2022,6,Lato,o3,44.07212903225807,42.15,27.725,56.075,151.0,310,2.258064516129032,Europa Północna
LT,Litwa,2022,6,Lato,pm10,19.04886075949367,18.0,12.9,23.825,51.8,316,0.31645569620253167,Europa Północna
LT,Litwa,2022,6,Lato,pm25,7.861010101010101,6.25,4.175000000000001,10.350000000000001,40.3,99,10.1010101010101,Europa Północna
LT,Litwa,2022,7,Lato,no2,7.509293333333333,5.1,2.3,9.85,39.5,285,3.508771929824561,Europa Północna
LT,Litwa,2022,7,Lato,o3,43.168846153846154,41.55,30.35,51.225,114.0,260,0.7692307692307693,Europa Północna
LT,Litwa,2022,7,Lato,pm10,14.353992537313433,13.5,10.1,18.125,40.1,268,0.0,Europa Północna
LT,Litwa,2022,7,Lato,pm25,4.225,2.96,1.9575,5.28,17.6,92,1.0869565217391304,Europa Północna
LT,Litwa,2022,8,Lato,no2,12.813324675324676,8.61,4.445,17.45,68.9,308,12.662337662337661,Europa Północna
LT,Litwa,2022,8,Lato,o3,45.453614035087725,45.1,29.3,58.1,129.0,285,0.7017543859649122,Europa Północna
LT,Litwa,2022,8,Lato,pm10,27.419657534246575,26.5,17.675,36.0,70.1,292,10.616438356164384,Europa Północna
LT,Litwa,2022,8,Lato,pm25,9.650673076923077,9.035,4.0375,13.6,32.7,104,18.269230769230766,Europa Północna
LT,Litwa,2022,9,Jesień,no2,9.550057992565057,5.83,2.68,12.2,63.1,269,7.806691449814126,Europa Północna
LT,Litwa,2022,9,Jesień,o3,32.03153846153846,31.3,21.6,40.55,93.4,247,0.0,Europa Północna
LT,Litwa,2022,9,Jesień,pm10,14.275758754863812,12.5,8.67,17.1,59.9,257,0.7782101167315175,Europa Północna
LT,Litwa,2022,9,Jesień,pm25,4.642978723404255,3.95,2.3075,5.9475,21.3,94,3.1914893617021276,Europa Północna
LT,Litwa,2022,10,Jesień,no2,8.504424657534246,6.31,3.84,11.75,35.0,146,3.4246575342465753,Europa Północna
LT,Litwa,2022,10,Jesień,o3,40.17338582677166,42.1,32.3,49.2,70.4,127,0.0,Europa Północna
LT,Litwa,2022,10,Jesień,pm10,17.33787234042553,17.4,11.9,21.7,37.9,141,0.0,Europa Północna
LT,Litwa,2022,10,Jesień,pm25,7.804705882352941,6.94,3.75,11.15,19.0,51,15.686274509803921,Europa Północna
LT,Litwa,2022,11,Jesień,no2,8.907586626139818,7.01,4.21,11.9,50.6,329,3.0395136778115504,Europa Północna
LT,Litwa,2022,11,Jesień,o3,29.625856164383563,29.85,17.675,40.7,69.1,292,0.0,Europa Północna
LT,Litwa,2022,11,Jesień,pm10,15.550099009900991,14.9,9.5,20.35,48.6,303,0.33003300330033003,Europa Północna
LT,Litwa,2022,11,Jesień,pm25,8.749201834862385,7.9,4.42,12.2,27.0,109,11.926605504587156,Europa Północna
LT,Litwa,2022,12,Zima,no2,10.623595307917888,9.37,6.12,13.2,48.6,341,3.812316715542522,Europa Północna
LT,Litwa,2022,12,Zima,o3,41.130259740259746,41.3,31.575000000000003,50.95,83.6,308,0.0,Europa Północna
LT,Litwa,2022,12,Zima,pm10,18.604651898734176,17.35,12.5,22.825,69.5,316,0.949367088607595,Europa Północna
LT,Litwa,2022,12,Zima,pm25,11.341652173913044,10.2,5.995,15.75,35.2,115,27.82608695652174,Europa Północna
LT,Litwa,2023,1,Zima,no2,6.84358984375,5.36,3.25,8.657499999999999,44.2,256,1.171875,Europa Północna
LT,Litwa,2023,1,Zima,o3,53.24576271186441,54.0,41.375,64.625,97.6,236,0.0,Europa Północna
LT,Litwa,2023,1,Zima,pm10,13.545166666666667,12.3,8.2025,17.525,56.5,240,0.8333333333333334,Europa Północna
LT,Litwa,2023,1,Zima,pm25,7.564614457831326,6.21,3.645,9.155000000000001,43.4,83,9.63855421686747,Europa Północna
LT,Litwa,2023,2,Zima,no2,13.780625,10.2,4.8325,21.45,47.3,48,12.5,Europa Północna
LT,Litwa,2023,2,Zima,o3,57.62093023255814,55.0,48.95,64.15,98.2,43,0.0,Europa Północna
LT,Litwa,2023,2,Zima,pm10,13.781627906976745,13.2,8.19,17.9,37.5,43,0.0,Europa Północna
LT,Litwa,2023,2,Zima,pm25,4.930666666666666,4.25,3.475,5.785,10.1,15,0.0,Europa Północna
LT,Litwa,2023,3,Wiosna,no2,14.063180722891564,12.649999999999999,7.5649999999999995,18.375,47.3,166,11.44578313253012,Europa Północna
LT,Litwa,2023,3,Wiosna,o3,67.60264900662251,68.5,57.7,78.25,99.6,151,0.0,Europa Północna
LT,Litwa,2023,3,Wiosna,pm10,18.204701986754966,15.4,11.55,22.9,54.1,151,1.9867549668874174,Europa Północna
LT,Litwa,2023,3,Wiosna,pm25,7.692384615384616,4.59,2.765,10.3,24.9,52,17.307692307692307,Europa Północna
LT,Litwa,2023,4,Wiosna,no2,13.716952380952382,11.5,5.95,18.6,72.7,273,12.454212454212454,Europa Północna
LT,Litwa,2023,4,Wiosna,o3,71.29547325102881,72.9,61.0,82.1,118.0,243,2.05761316872428,Europa Północna
LT,Litwa,2023,4,Wiosna,pm10,20.546972111553785,19.6,13.9,25.6,55.9,251,1.1952191235059761,Europa Północna
LT,Litwa,2023,4,Wiosna,pm25,7.728658536585366,7.265000000000001,4.07,10.9,21.7,82,4.878048780487805,Europa Północna
LT,Litwa,2023,5,Wiosna,no2,15.876612709832134,13.9,6.45,21.3,84.5,417,17.505995203836928,Europa Północna
LT,Litwa,2023,5,Wiosna,o3,73.66288659793814,73.75,64.9,82.0,124.0,388,4.123711340206185,Europa Północna
LT,Litwa,2023,5,Wiosna,pm10,23.705634146341463,21.85,16.6,29.825,56.8,410,1.707317073170732,Europa Północna
LT,Litwa,2023,5,Wiosna,pm25,7.498650306748466,7.04,4.625,9.54,21.7,163,4.294478527607362,Europa Północna
LT,Litwa,2023,6,Lato,no2,12.782195683453237,10.4,5.25,17.0,64.6,417,10.551558752997602,Europa Północna
LT,Litwa,2023,6,Lato,o3,68.54444444444445,67.2,59.9,77.30000000000001,106.0,387,2.0671834625323,Europa Północna
LT,Litwa,2023,6,Lato,pm10,18.885734939759036,17.9,13.350000000000001,23.25,49.1,415,0.24096385542168677,Europa Północna
LT,Litwa,2023,6,Lato,pm25,8.675738636363636,8.29,5.1,11.125,21.9,176,11.363636363636363,Europa Północna
LT,Litwa,2023,7,Lato,no2,10.490143243243244,7.43,4.4350000000000005,13.575,62.9,370,8.378378378378379,Europa Północna
LT,Litwa,2023,7,Lato,o3,58.84439093484419,62.3,47.8,72.0,107.0,353,0.56657223796034,Europa Północna
LT,Litwa,2023,7,Lato,pm10,13.706535433070865,13.0,9.43,17.4,45.8,381,0.26246719160104987,Europa Północna
LT,Litwa,2023,7,Lato,pm25,6.845886075949368,6.51,4.49,8.670000000000002,17.7,158,1.89873417721519,Europa Północna
LT,Litwa,2023,8,Lato,no2,13.700985915492957,10.25,5.2125,18.45,81.9,284,13.380281690140844,Europa Północna
LT,Litwa,2023,8,Lato,o3,53.73710424710425,53.1,35.45,67.30000000000001,156.0,259,5.019305019305019,Europa Północna
LT,Litwa,2023,8,Lato,pm10,20.031447811447812,16.4,11.5,26.7,62.8,297,3.7037037037037033,Europa Północna
LT,Litwa,2023,8,Lato,pm25,9.08262295081967,7.79,5.195,11.875,26.0,122,15.573770491803279,Europa Północna
LT,Litwa,2023,9,Jesień,no2,14.047878504672896,9.95,5.35,19.4,90.5,321,17.133956386292834,Europa Północna
LT,Litwa,2023,9,Jesień,o3,40.99796721311475,42.2,29.2,54.3,90.1,305,0.0,Europa Północna
LT,Litwa,2023,9,Jesień,pm10,17.732743902439026,15.75,9.942499999999999,23.3,62.3,328,2.1341463414634148,Europa Północna
LT,Litwa,2023,9,Jesień,pm25,7.467260869565218,6.26,3.775,9.1675,28.6,138,9.420289855072465,Europa Północna
LT,Litwa,2023,10,Jesień,no2,11.547961130742049,7.97,4.955,13.9,51.5,283,10.60070671378092,Europa Północna
LT,Litwa,2023,10,Jesień,o3,34.56610038610039,31.7,22.75,45.3,83.4,259,0.0,Europa Północna
LT,Litwa,2023,10,Jesień,pm10,11.457999999999998,10.5,7.3875,14.6,36.8,280,0.0,Europa Północna
LT,Litwa,2023,10,Jesień,pm25,6.278706896551724,5.470000000000001,3.995,8.155,15.9,116,1.7241379310344827,Europa Północna
LT,Litwa,2023,11,Jesień,no2,15.42075980392157,13.05,8.1175,20.424999999999997,60.1,408,13.970588235294118,Europa Północna
LT,Litwa,2023,11,Jesień,o3,35.94072164948454,35.3,28.05,42.974999999999994,72.2,388,0.0,Europa Północna
LT,Litwa,2023,11,Jesień,pm10,16.37905569007264,15.1,10.2,19.9,50.7,413,0.48426150121065376,Europa Północna
LT,Litwa,2023,11,Jesień,pm25,9.995522988505748,8.695,5.6975,12.6,34.2,174,14.942528735632186,Europa Północna
LT,Litwa,2023,12,Zima,no2,15.242203791469194,13.4,7.3525,21.325,56.5,422,15.876777251184834,Europa Północna
LT,Litwa,2023,12,Zima,o3,41.29946564885496,42.1,28.8,54.0,75.9,393,0.0,Europa Północna
LT,Litwa,2023,12,Zima,pm10,14.221744471744472,12.1,7.3149999999999995,19.65,45.9,407,0.2457002457002457,Europa Północna
LT,Litwa,2023,12,Zima,pm25,9.641134146341463,6.445,4.315,13.65,38.5,164,21.951219512195124,Europa Północna
LT,Litwa,2024,1,Zima,no2,17.48096976744186,15.8,8.925,23.6,53.6,430,22.093023255813954,Europa Północna
LT,Litwa,2024,1,Zima,o3,52.028784119106696,53.0,41.9,62.150000000000006,89.1,403,0.0,Europa Północna
LT,Litwa,2024,1,Zima,pm10,15.314475524475524,13.4,9.57,18.8,58.6,429,1.3986013986013985,Europa Północna
LT,Litwa,2024,1,Zima,pm25,11.408322222222223,9.745000000000001,6.2225,14.4,38.3,180,23.88888888888889,Europa Północna
LT,Litwa,2024,2,Zima,no2,16.589751861042185,14.6,8.46,22.5,52.2,403,20.34739454094293,Europa Północna
LT,Litwa,2024,2,Zima,o3,48.55186991869918,48.3,36.4,60.8,87.6,369,0.0,Europa Północna
LT,Litwa,2024,2,Zima,pm10,14.79734335839599,13.1,9.68,18.4,53.7,399,0.2506265664160401,Europa Północna
LT,Litwa,2024,2,Zima,pm25,10.085090909090908,9.19,5.9,13.4,30.1,165,16.363636363636363,Europa Północna
LT,Litwa,2024,3,Wiosna,no2,16.16493165467626,13.149999999999999,7.25,21.9,57.6,278,18.705035971223023,Europa Północna
LT,Litwa,2024,3,Wiosna,o3,60.627265917603,62.5,53.0,71.0,93.4,267,0.0,Europa Północna
LT,Litwa,2024,3,Wiosna,pm10,21.92526923076923,19.1,13.0,26.625,71.3,260,5.769230769230769,Europa Północna
LT,Litwa,2024,3,Wiosna,pm25,11.818034188034188,10.2,6.75,15.6,37.5,117,27.350427350427353,Europa Północna
LT,Litwa,2024,4,Wiosna,no2,13.89125,10.8,5.96,18.525,61.8,400,13.5,Europa Północna
LT,Litwa,2024,4,Wiosna,o3,66.39175531914893,64.69999999999999,55.4,74.95,125.0,376,2.393617021276596,Europa Północna
LT,Litwa,2024,4,Wiosna,pm10,15.893856041131105,13.0,8.6,20.4,68.5,389,2.056555269922879,Europa Północna
LT,Litwa,2024,4,Wiosna,pm25,7.74766081871345,6.94,4.405,9.605,32.8,171,6.432748538011696,Europa Północna
LT,Litwa,2024,5,Wiosna,no2,15.071313225058004,13.2,6.18,20.3,57.5,431,16.473317865429234,Europa Północna
LT,Litwa,2024,5,Wiosna,o3,72.95949999999999,72.30000000000001,64.2,81.025,136.0,400,3.0,Europa Północna
LT,Litwa,2024,5,Wiosna,pm10,22.5818115942029,21.9,16.1,27.775,54.5,414,2.898550724637681,Europa Północna
LT,Litwa,2024,5,Wiosna,pm25,9.678461538461539,9.035,6.4225,12.3,28.4,182,11.538461538461538,Europa Północna
LT,Litwa,2024,6,Lato,no2,11.90708661417323,9.11,5.1,16.0,44.8,381,8.923884514435695,Europa Północna
LT,Litwa,2024,6,Lato,o3,67.66290858725762,67.0,58.0,76.8,143.0,361,2.21606648199446,Europa Północna
LT,Litwa,2024,6,Lato,pm10,15.64844827586207,14.1,10.2,18.9,63.6,377,1.0610079575596816,Europa Północna
LT,Litwa,2024,6,Lato,pm25,7.480090361445782,7.33,5.202500000000001,9.1425,15.9,166,1.2048192771084338,Europa Północna
LT,Litwa,2024,7,Lato,no2,11.979726851851852,8.61,5.35,14.725,56.2,432,10.87962962962963,Europa Północna
LT,Litwa,2024,7,Lato,o3,63.02775,63.349999999999994,52.375,71.375,138.0,400,2.0,Europa Północna
LT,Litwa,2024,7,Lato,pm10,14.416626506024096,12.8,9.32,17.4,60.1,415,0.9638554216867471,Europa Północna
LT,Litwa,2024,7,Lato,pm25,5.95280701754386,5.45,4.375,7.324999999999999,13.8,171,0.0,Europa Północna
LT,Litwa,2024,8,Lato,no2,14.108403508771929,10.3,6.1850000000000005,19.05,61.4,399,14.035087719298245,Europa Północna
LT,Litwa,2024,8,Lato,o3,52.71352150537634,51.75,42.925,61.925,135.0,372,1.0752688172043012,Europa Północna
LT,Litwa,2024,8,Lato,pm10,17.380902255639096,15.8,11.05,21.45,60.8,399,1.5037593984962405,Europa Północna
LT,Litwa,2024,8,Lato,pm25,8.132380952380952,7.04,4.9,10.1,23.8,168,10.119047619047619,Europa Północna
LT,Litwa,2024,9,Jesień,no2,17.724740740740742,14.0,7.9,24.1,60.8,405,23.703703703703706,Europa Północna
LT,Litwa,2024,9,Jesień,o3,50.534684210526315,49.2,36.75,63.349999999999994,114.0,380,1.0526315789473684,Europa Północna
LT,Litwa,2024,9,Jesień,pm10,26.754192708333335,25.35,14.575,36.45,68.7,384,13.020833333333334,Europa Północna
LT,Litwa,2024,9,Jesień,pm25,13.64886904761905,13.6,7.5825,18.125,37.3,168,40.476190476190474,Europa Północna
LT,Litwa,2024,10,Jesień,no2,15.97162937062937,12.2,7.61,20.4,77.0,429,15.384615384615385,Europa Północna
LT,Litwa,2024,10,Jesień,o3,36.564825870646764,36.25,26.424999999999997,45.175000000000004,72.0,402,0.0,Europa Północna
LT,Litwa,2024,10,Jesień,pm10,17.409483568075117,15.05,10.8,21.55,61.1,426,1.8779342723004695,Europa Północna
LT,Litwa,2024,10,Jesień,pm25,9.804378698224852,8.25,5.49,11.8,35.8,169,14.792899408284024,Europa Północna
LT,Litwa,2024,11,Jesień,no2,10.861210382513661,7.46,4.69,13.375,67.8,366,7.923497267759563,Europa Północna
LT,Litwa,2024,11,Jesień,o3,41.22151162790698,40.5,30.175,52.05,84.5,344,0.0,Europa Północna
LT,Litwa,2024,11,Jesień,pm10,12.208279891304347,10.95,6.5249999999999995,16.6,49.3,368,0.2717391304347826,Europa Północna
LT,Litwa,2024,11,Jesień,pm25,9.009411764705883,7.9,4.035,12.725,36.6,136,13.970588235294118,Europa Północna
LT,Litwa,2024,12,Zima,no2,12.64371270718232,9.285,5.8325,14.75,75.2,362,10.773480662983426,Europa Północna
LT,Litwa,2024,12,Zima,o3,38.40103550295858,37.0,28.1,47.25,83.6,338,0.0,Europa Północna
LT,Litwa,2024,12,Zima,pm10,12.735409836065573,11.5,7.31,16.775,49.5,366,0.546448087431694,Europa Północna
LT,Litwa,2024,12,Zima,pm25,10.063474576271187,8.425,5.529999999999999,13.674999999999999,43.0,118,17.796610169491526,Europa Północna
LT,Litwa,2025,1,Zima,no2,11.390440677966101,8.48,4.97,14.600000000000001,74.4,295,7.457627118644068,Europa Północna
LT,Litwa,2025,1,Zima,o3,46.274982206405696,45.8,34.9,56.7,108.0,281,0.3558718861209964,Europa Północna
LT,Litwa,2025,1,Zima,pm10,13.60944055944056,12.5,8.1775,19.0,42.7,286,0.0,Europa Północna
LT,Litwa,2025,1,Zima,pm25,11.976728971962617,10.9,7.045,17.05,31.5,107,30.8411214953271,Europa Północna
LT,Litwa,2025,2,Zima,no2,14.931608,9.945,5.16,20.5,76.2,250,20.8,Europa Północna
LT,Litwa,2025,2,Zima,o3,45.05798387096774,45.2,31.0,59.55,94.9,248,0.0,Europa Północna
LT,Litwa,2025,2,Zima,pm10,22.606048387096774,19.5,9.825,32.65,67.7,248,10.887096774193548,Europa Północna
LT,Litwa,2025,2,Zima,pm25,14.664125000000002,14.65,7.415,22.025,40.6,80,47.5,Europa Północna
LT,Litwa,2025,3,Wiosna,no2,13.6202100456621,8.42,5.305,16.25,76.6,219,14.61187214611872,Europa Północna
LT,Litwa,2025,3,Wiosna,o3,58.48690763052209,62.3,44.9,74.8,111.0,249,1.6064257028112447,Europa Północna
LT,Litwa,2025,3,Wiosna,pm10,21.476724137931036,19.200000000000003,11.1,28.825,69.0,232,8.620689655172415,Europa Północna
LT,Litwa,2025,3,Wiosna,pm25,14.667954545454545,13.0,8.0075,20.1,42.7,88,43.18181818181818,Europa Północna
LT,Litwa,2025,4,Wiosna,no2,18.170344827586206,12.8,6.31,22.5,86.1,145,24.82758620689655,Europa Północna
LT,Litwa,2025,4,Wiosna,o3,63.35612244897959,66.4,55.400000000000006,73.625,97.4,196,0.0,Europa Północna
LT,Litwa,2025,4,Wiosna,pm10,15.960987654320986,13.0,8.8375,18.475,61.6,162,4.320987654320987,Europa Północna
LT,Litwa,2025,4,Wiosna,pm25,8.514036697247706,6.4,3.54,12.5,27.2,109,13.761467889908257,Europa Północna
LT,Litwa,2025,5,Wiosna,no2,15.46037037037037,13.35,6.3625,19.275,57.6,108,14.814814814814813,Europa Północna
LT,Litwa,2025,5,Wiosna,o3,53.2127027027027,56.2,42.65,64.95,85.5,148,0.0,Europa Północna
LT,Litwa,2025,5,Wiosna,pm10,12.88929203539823,11.0,7.88,15.9,65.4,113,1.7699115044247788,Europa Północna
LT,Litwa,2025,5,Wiosna,pm25,5.272380952380952,4.470000000000001,3.035,6.83,20.1,84,2.380952380952381,Europa Północna
LT,Litwa,2025,6,Lato,no2,11.317903614457832,9.18,4.119999999999999,16.05,37.7,83,9.63855421686747,Europa Północna
LT,Litwa,2025,6,Lato,o3,57.90413043478261,59.55,49.475,66.3,102.0,92,1.0869565217391304,Europa Północna
LT,Litwa,2025,6,Lato,pm10,12.360275229357798,11.5,8.43,14.6,28.3,109,0.0,Europa Północna
LT,Litwa,2025,6,Lato,pm25,6.387926829268292,5.630000000000001,4.2125,7.95,15.7,82,1.2195121951219512,Europa Północna
LT,Litwa,2025,7,Lato,no2,14.16047619047619,11.45,5.7575,19.675,43.6,84,15.476190476190476,Europa Północna
LT,Litwa,2025,7,Lato,o3,58.247058823529414,58.7,46.1,71.0,100.0,85,0.0,Europa Północna
LT,Litwa,2025,7,Lato,pm10,16.014684684684685,14.6,11.6,17.65,58.3,111,1.8018018018018018,Europa Północna
LT,Litwa,2025,7,Lato,pm25,7.175749999999999,6.6,4.6475,8.5825,30.1,80,2.5,Europa Północna
LT,Litwa,2025,8,Lato,no2,13.197857142857144,10.75,5.5024999999999995,19.125,37.9,70,10.0,Europa Północna
LT,Litwa,2025,8,Lato,o3,52.309999999999995,52.2,43.95,57.825,92.1,70,0.0,Europa Północna
LT,Litwa,2025,8,Lato,pm10,14.56546218487395,13.7,9.955,17.1,44.0,119,0.0,Europa Północna
LT,Litwa,2025,8,Lato,pm25,5.663033707865169,5.54,2.73,8.13,12.9,89,0.0,Europa Północna
LT,Litwa,2025,9,Jesień,no2,13.97591836734694,11.1,5.55,22.9,35.6,49,22.448979591836736,Europa Północna
LT,Litwa,2025,9,Jesień,o3,42.097500000000004,46.7,30.175,52.5,82.3,48,0.0,Europa Północna
LT,Litwa,2025,9,Jesień,pm10,14.321044776119402,12.9,9.02,18.4,30.3,67,0.0,Europa Północna
LT,Litwa,2025,9,Jesień,pm25,6.550147058823529,6.115,3.5975,8.802499999999998,17.2,68,1.4705882352941175,Europa Północna
LT,Litwa,2025,10,Jesień,no2,15.164347826086958,13.75,7.175,20.05,48.2,46,10.869565217391305,Europa Północna
LT,Litwa,2025,10,Jesień,o3,36.73777777777778,39.3,29.9,46.1,60.3,45,0.0,Europa Północna
LT,Litwa,2025,10,Jesień,pm10,12.937971014492755,11.2,6.22,17.5,43.7,69,0.0,Europa Północna
LT,Litwa,2025,10,Jesień,pm25,7.673235294117647,5.984999999999999,3.165,10.9,20.5,68,14.705882352941178,Europa Północna
LT,Litwa,2025,11,Jesień,no2,10.385781249999999,9.165,1.6875,15.5,31.4,32,3.125,Europa Północna
LT,Litwa,2025,11,Jesień,o3,21.09402564102564,15.4,3.945,31.9,72.0,39,0.0,Europa Północna
LT,Litwa,2025,11,Jesień,pm10,9.188458333333333,8.46,1.965,13.125,43.0,48,0.0,Europa Północna
LT,Litwa,2025,11,Jesień,pm25,7.37409375,6.675,1.535,12.65,20.8,32,18.75,Europa Północna
LT,Litwa,2025,12,Zima,no2,9.444932258064517,7.27,2.55,10.495000000000001,35.6,31,9.67741935483871,Europa Północna
LT,Litwa,2025,12,Zima,o3,28.627268292682928,22.0,3.02,52.5,78.8,41,0.0,Europa Północna
LT,Litwa,2025,12,Zima,pm10,7.156979166666667,4.945,1.3624999999999998,9.370000000000001,31.7,48,0.0,Europa Północna
LT,Litwa,2025,12,Zima,pm25,5.61634375,3.38,1.01425,7.33,27.0,32,9.375,Europa Północna
LU,Luksemburg,2022,1,Zima,no2,16.090734463276835,13.8,7.28,22.5,53.9,177,20.903954802259886,Europa Środkowa
LU,Luksemburg,2022,1,Zima,o3,39.35916129032258,40.1,24.1,54.349999999999994,78.9,155,0.0,Europa Środkowa
LU,Luksemburg,2022,1,Zima,pm10,18.482741935483872,18.0,13.0,22.625,42.8,124,0.0,Europa Środkowa
LU,Luksemburg,2022,1,Zima,pm25,10.15709677419355,9.469999999999999,6.2775,13.15,25.9,124,13.709677419354838,Europa Środkowa
LU,Luksemburg,2022,2,Zima,no2,13.70132530120482,10.4,5.8975,19.475,51.4,166,13.855421686746988,Europa Środkowa
LU,Luksemburg,2022,2,Zima,o3,55.583453237410076,58.7,47.3,66.85,79.0,139,0.0,Europa Środkowa
LU,Luksemburg,2022,2,Zima,pm10,18.239909909909912,18.1,13.350000000000001,21.4,45.9,111,0.9009009009009009,Europa Środkowa
LU,Luksemburg,2022,2,Zima,pm25,7.966964285714285,7.1899999999999995,5.86,9.532499999999999,16.8,112,6.25,Europa Środkowa
LU,Luksemburg,2022,3,Wiosna,no2,19.631349693251533,17.7,9.195,26.85,49.5,163,27.607361963190186,Europa Środkowa
LU,Luksemburg,2022,3,Wiosna,o3,54.269444444444446,54.599999999999994,41.125,68.925,106.0,144,1.3888888888888888,Europa Środkowa
LU,Luksemburg,2022,3,Wiosna,pm10,27.06494845360825,26.3,21.3,33.2,45.7,97,1.0309278350515463,Europa Środkowa
LU,Luksemburg,2022,3,Wiosna,pm25,15.853425925925926,15.3,12.674999999999999,19.525,28.5,108,54.629629629629626,Europa Środkowa
LU,Luksemburg,2022,4,Wiosna,no2,13.542586206896551,11.4,7.155,18.575,34.8,174,12.068965517241379,Europa Środkowa
LU,Luksemburg,2022,4,Wiosna,o3,65.69793103448276,65.6,57.0,74.2,101.0,145,0.6896551724137931,Europa Środkowa
LU,Luksemburg,2022,4,Wiosna,pm10,19.435327102803736,18.5,14.2,22.95,46.7,107,0.9345794392523363,Europa Środkowa
LU,Luksemburg,2022,4,Wiosna,pm25,9.839310344827584,9.66,7.345000000000001,12.5,18.0,116,6.0344827586206895,Europa Środkowa
LU,Luksemburg,2022,5,Wiosna,no2,11.414748603351955,9.02,5.48,17.0,28.8,179,4.4692737430167595,Europa Środkowa
LU,Luksemburg,2022,5,Wiosna,o3,69.83154362416107,67.6,59.7,79.4,115.0,149,2.684563758389262,Europa Środkowa
LU,Luksemburg,2022,5,Wiosna,pm10,22.82955357142857,21.05,17.375,28.6,50.4,112,0.8928571428571428,Europa Środkowa
LU,Luksemburg,2022,5,Wiosna,pm25,9.506465517241379,8.94,6.7025,11.8,19.0,116,8.620689655172415,Europa Środkowa
LU,Luksemburg,2022,6,Lato,no2,10.955086705202312,8.31,5.27,16.2,29.4,173,5.202312138728324,Europa Środkowa
LU,Luksemburg,2022,6,Lato,o3,66.6048275862069,61.7,52.9,79.1,127.0,145,7.586206896551724,Europa Środkowa
LU,Luksemburg,2022,6,Lato,pm10,20.11603448275862,18.95,15.475,23.9,41.2,116,0.0,Europa Środkowa
LU,Luksemburg,2022,6,Lato,pm25,8.585945945945946,7.82,6.140000000000001,9.95,24.0,111,4.504504504504505,Europa Środkowa
LU,Luksemburg,2022,7,Lato,no2,10.215928143712574,7.72,4.125,15.05,34.1,167,5.389221556886228,Europa Środkowa
LU,Luksemburg,2022,7,Lato,o3,72.83669064748202,71.4,58.2,85.30000000000001,140.0,139,9.352517985611511,Europa Środkowa
LU,Luksemburg,2022,7,Lato,pm10,19.4318018018018,18.3,14.350000000000001,23.0,42.9,111,0.0,Europa Środkowa
LU,Luksemburg,2022,7,Lato,pm25,7.042090909090909,7.14,5.0325,8.425,17.0,110,0.9090909090909091,Europa Środkowa
LU,Luksemburg,2022,8,Lato,no2,10.817166666666667,9.649999999999999,5.38,14.825000000000001,26.3,180,2.2222222222222223,Europa Środkowa
LU,Luksemburg,2022,8,Lato,o3,79.15599999999999,78.55,65.225,91.57499999999999,128.0,150,13.333333333333334,Europa Środkowa
LU,Luksemburg,2022,8,Lato,pm10,18.92016806722689,19.1,15.8,21.1,36.4,119,0.0,Europa Środkowa
LU,Luksemburg,2022,8,Lato,pm25,7.942621359223302,7.55,6.385,9.095,18.9,103,2.912621359223301,Europa Środkowa
LU,Luksemburg,2022,9,Jesień,no2,12.200581395348838,9.465,5.0975,19.225,31.3,172,8.720930232558139,Europa Środkowa
LU,Luksemburg,2022,9,Jesień,o3,51.07482517482517,51.0,40.4,58.95,107.0,143,1.3986013986013985,Europa Środkowa
LU,Luksemburg,2022,9,Jesień,pm10,14.729385964912282,14.55,11.825000000000001,17.375,31.1,114,0.0,Europa Środkowa
LU,Luksemburg,2022,9,Jesień,pm25,6.1700952380952385,6.14,5.11,7.29,10.5,105,0.0,Europa Środkowa
LU,Luksemburg,2022,10,Jesień,no2,13.675161290322581,11.6,5.875,21.3,29.3,155,11.612903225806452,Europa Środkowa
LU,Luksemburg,2022,10,Jesień,o3,33.70461538461539,31.25,22.4,43.925,69.3,130,0.0,Europa Środkowa
LU,Luksemburg,2022,10,Jesień,pm10,19.865865384615386,18.799999999999997,14.55,24.3,44.7,104,0.0,Europa Środkowa
LU,Luksemburg,2022,10,Jesień,pm25,7.449423076923077,6.975,5.285,9.445,14.7,104,0.0,Europa Środkowa
LU,Luksemburg,2022,11,Jesień,no2,13.639431818181817,11.9,6.505,20.650000000000002,30.6,176,6.8181818181818175,Europa Środkowa
LU,Luksemburg,2022,11,Jesień,o3,35.011275167785236,36.4,25.1,46.8,61.7,149,0.0,Europa Środkowa
LU,Luksemburg,2022,11,Jesień,pm10,15.834188034188033,15.8,12.5,18.3,26.7,117,0.0,Europa Środkowa
LU,Luksemburg,2022,11,Jesień,pm25,7.127394957983193,6.7,5.140000000000001,8.940000000000001,13.4,119,0.0,Europa Środkowa
LU,Luksemburg,2022,12,Zima,no2,14.184161849710984,10.6,5.87,19.6,42.8,173,17.91907514450867,Europa Środkowa
LU,Luksemburg,2022,12,Zima,o3,34.09512987012987,32.25,18.225,48.3,72.0,154,0.0,Europa Środkowa
LU,Luksemburg,2022,12,Zima,pm10,18.48917355371901,16.6,11.9,22.4,42.8,121,0.0,Europa Środkowa
LU,Luksemburg,2022,12,Zima,pm25,11.214770642201836,10.5,6.0,15.7,27.5,109,26.605504587155966,Europa Środkowa
LU,Luksemburg,2023,1,Zima,no2,11.044,8.754999999999999,4.805,15.025,40.0,160,7.5,Europa Środkowa
LU,Luksemburg,2023,1,Zima,o3,47.381818181818176,47.55,36.25,58.324999999999996,82.5,132,0.0,Europa Środkowa
LU,Luksemburg,2023,1,Zima,pm10,15.202407407407406,14.75,11.0,18.2,30.6,108,0.0,Europa Środkowa
LU,Luksemburg,2023,1,Zima,pm25,8.469150943396226,8.3,5.5,11.0,21.5,106,3.7735849056603774,Europa Środkowa
LU,Luksemburg,2023,2,Zima,no2,22.5415,18.35,6.5475,37.4,46.6,20,45.0,Europa Środkowa
LU,Luksemburg,2023,2,Zima,o3,27.808,21.45,6.5024999999999995,51.5,76.0,20,0.0,Europa Środkowa
LU,Luksemburg,2023,2,Zima,pm10,31.66923076923077,35.0,25.0,38.7,41.0,13,0.0,Europa Środkowa
LU,Luksemburg,2023,2,Zima,pm25,18.130000000000003,19.5,12.5,22.75,27.0,10,60.0,Europa Środkowa
LU,Luksemburg,2023,3,Wiosna,no2,11.899047619047618,7.92,3.875,15.325000000000001,41.7,84,17.857142857142858,Europa Środkowa
LU,Luksemburg,2023,3,Wiosna,o3,63.79428571428572,66.2,56.625,72.725,82.0,70,0.0,Europa Środkowa
LU,Luksemburg,2023,3,Wiosna,pm10,14.34732142857143,13.6,11.15,17.575,27.6,56,0.0,Europa Środkowa
LU,Luksemburg,2023,3,Wiosna,pm25,5.946666666666666,5.48,4.529999999999999,7.425,10.7,51,0.0,Europa Środkowa
LU,Luksemburg,2023,4,Wiosna,no2,10.944739884393064,7.88,4.23,15.9,40.5,173,6.9364161849710975,Europa Środkowa
LU,Luksemburg,2023,4,Wiosna,o3,62.434137931034485,61.6,51.4,75.8,93.9,145,0.0,Europa Środkowa
LU,Luksemburg,2023,4,Wiosna,pm10,15.548839285714285,15.4,11.8,18.5,24.0,112,0.0,Europa Środkowa
LU,Luksemburg,2023,4,Wiosna,pm25,8.326666666666666,7.62,6.0825,10.475,16.4,114,0.8771929824561403,Europa Środkowa
LU,Luksemburg,2023,5,Wiosna,no2,8.726902173913043,7.52,3.9325,12.575,24.9,184,0.0,Europa Środkowa
LU,Luksemburg,2023,5,Wiosna,o3,68.7169934640523,69.1,56.5,82.1,112.0,153,5.228758169934641,Europa Środkowa
LU,Luksemburg,2023,5,Wiosna,pm10,19.109035087719295,18.5,16.025,21.275,42.5,114,0.0,Europa Środkowa
LU,Luksemburg,2023,5,Wiosna,pm25,10.213008849557522,9.71,7.88,11.5,23.3,113,10.619469026548673,Europa Środkowa
LU,Luksemburg,2023,6,Lato,no2,10.335555555555556,8.735,4.5825,15.525,28.5,180,0.5555555555555556,Europa Środkowa
LU,Luksemburg,2023,6,Lato,o3,88.29333333333334,85.85,75.45,101.75,142.0,150,26.666666666666668,Europa Środkowa
LU,Luksemburg,2023,6,Lato,pm10,22.02689075630252,21.6,18.95,25.1,41.0,119,0.0,Europa Środkowa
LU,Luksemburg,2023,6,Lato,pm25,11.272162162162163,11.5,9.184999999999999,12.95,21.5,111,7.207207207207207,Europa Środkowa
LU,Luksemburg,2023,7,Lato,no2,8.400919540229886,6.285,3.3625,12.0,27.9,174,1.1494252873563218,Europa Środkowa
LU,Luksemburg,2023,7,Lato,o3,62.772413793103446,61.8,54.9,71.4,117.0,145,1.3793103448275863,Europa Środkowa
LU,Luksemburg,2023,7,Lato,pm10,17.76790909090909,17.6,13.7,21.349999999999998,30.8,110,0.0,Europa Środkowa
LU,Luksemburg,2023,7,Lato,pm25,7.828981481481481,7.5600000000000005,5.9325,9.245000000000001,16.8,108,2.7777777777777777,Europa Środkowa
LU,Luksemburg,2023,8,Lato,no2,7.933699421965318,6.66,4.04,11.7,20.0,173,0.0,Europa Środkowa
LU,Luksemburg,2023,8,Lato,o3,56.80486111111111,56.75,47.875,64.92500000000001,101.0,144,0.6944444444444444,Europa Środkowa
LU,Luksemburg,2023,8,Lato,pm10,14.631826086956522,13.5,11.350000000000001,17.45,40.1,115,0.0,Europa Środkowa
LU,Luksemburg,2023,8,Lato,pm25,5.782429906542056,5.53,4.44,7.195,12.8,107,0.0,Europa Środkowa
LU,Luksemburg,2023,9,Jesień,no2,11.283206106870228,8.51,5.08,17.15,31.2,131,6.106870229007633,Europa Środkowa
LU,Luksemburg,2023,9,Jesień,o3,60.68590909090909,58.2,49.15,70.80000000000001,120.0,110,4.545454545454546,Europa Środkowa
LU,Luksemburg,2023,9,Jesień,pm10,18.205402298850572,16.9,13.399999999999999,21.200000000000003,39.8,87,0.0,Europa Środkowa
LU,Luksemburg,2023,9,Jesień,pm25,7.606883116883117,7.53,4.62,9.89,15.4,77,1.2987012987012987,Europa Środkowa
LU,Luksemburg,2023,10,Jesień,no2,9.90276923076923,6.74,5.05,14.6,26.0,65,1.5384615384615385,Europa Środkowa
LU,Luksemburg,2023,10,Jesień,o3,40.155454545454546,46.3,27.15,57.599999999999994,82.0,55,0.0,Europa Środkowa
LU,Luksemburg,2023,10,Jesień,pm10,14.0325,13.2,10.700000000000001,15.625,26.1,44,0.0,Europa Środkowa
LU,Luksemburg,2023,10,Jesień,pm25,4.967499999999999,3.94,2.3200000000000003,6.5,18.0,40,2.5,Europa Środkowa
LU,Luksemburg,2023,11,Jesień,no2,9.61346153846154,7.515000000000001,4.345,14.05,30.9,78,5.128205128205128,Europa Środkowa
LU,Luksemburg,2023,11,Jesień,o3,44.8,43.6,32.5,57.9,73.9,65,0.0,Europa Środkowa
LU,Luksemburg,2023,11,Jesień,pm10,14.134807692307692,13.0,11.2,17.5,22.1,52,0.0,Europa Środkowa
LU,Luksemburg,2023,11,Jesień,pm25,6.207083333333333,5.88,4.685,8.18,12.1,48,0.0,Europa Środkowa
LU,Luksemburg,2023,12,Zima,no2,10.623825136612023,8.27,3.925,14.9,31.2,183,7.650273224043716,Europa Środkowa
LU,Luksemburg,2023,12,Zima,o3,48.08207792207792,52.599999999999994,33.25,64.85000000000001,74.8,154,0.0,Europa Środkowa
LU,Luksemburg,2023,12,Zima,pm10,14.201926605504587,13.2,10.0,16.7,30.4,109,0.0,Europa Środkowa
LU,Luksemburg,2023,12,Zima,pm25,7.451123595505618,6.28,4.42,9.54,21.5,89,7.865168539325842,Europa Środkowa
LU,Luksemburg,2024,1,Zima,no2,17.508324607329843,13.5,6.975,27.45,55.8,191,28.79581151832461,Europa Środkowa
LU,Luksemburg,2024,1,Zima,o3,45.21896103896104,44.900000000000006,32.525,61.775,80.8,154,0.0,Europa Środkowa
LU,Luksemburg,2024,1,Zima,pm10,16.630967741935482,16.35,12.275,20.85,34.2,124,0.0,Europa Środkowa
LU,Luksemburg,2024,1,Zima,pm25,10.45439024390244,9.82,5.605,14.1,27.3,123,20.32520325203252,Europa Środkowa
LU,Luksemburg,2024,2,Zima,no2,12.966666666666667,11.2,5.61,18.3,38.8,261,8.42911877394636,Europa Środkowa
LU,Luksemburg,2024,2,Zima,o3,52.23517241379311,53.8,44.4,60.5,78.8,145,0.0,Europa Środkowa
LU,Luksemburg,2024,2,Zima,pm10,14.008392857142857,13.45,9.0025,18.424999999999997,32.8,112,0.0,Europa Środkowa
LU,Luksemburg,2024,2,Zima,pm25,7.034736842105263,6.225,4.165,8.450000000000001,23.5,114,7.017543859649122,Europa Środkowa
LU,Luksemburg,2024,3,Wiosna,no2,15.978981481481481,14.2,6.81,22.675,44.6,216,22.22222222222222,Europa Środkowa
LU,Luksemburg,2024,3,Wiosna,o3,57.40190476190476,58.3,48.6,68.6,85.7,105,0.0,Europa Środkowa
LU,Luksemburg,2024,3,Wiosna,pm10,14.910119047619048,15.3,9.559999999999999,18.95,34.0,84,0.0,Europa Środkowa
LU,Luksemburg,2024,3,Wiosna,pm25,7.990714285714286,7.885,4.375,10.425,19.2,84,7.142857142857142,Europa Środkowa
LU,Luksemburg,2024,4,Wiosna,no2,15.7925,13.55,6.5200000000000005,23.1,50.8,360,19.166666666666668,Europa Środkowa
LU,Luksemburg,2024,4,Wiosna,o3,66.24733333333333,66.4,58.85,75.775,100.0,150,0.0,Europa Środkowa
LU,Luksemburg,2024,4,Wiosna,pm10,14.686890756302521,13.3,11.2,16.85,33.1,119,0.0,Europa Środkowa
LU,Luksemburg,2024,4,Wiosna,pm25,6.665583333333333,6.29,5.0375,7.8825,15.2,120,0.8333333333333334,Europa Środkowa
LU,Luksemburg,2024,5,Wiosna,no2,14.176866485013624,12.4,6.34,19.15,44.5,367,14.713896457765669,Europa Środkowa
LU,Luksemburg,2024,5,Wiosna,o3,61.587741935483876,58.3,51.4,68.75,111.0,155,2.5806451612903225,Europa Środkowa
LU,Luksemburg,2024,5,Wiosna,pm10,13.03483870967742,12.3,9.725,15.6,28.0,124,0.0,Europa Środkowa
LU,Luksemburg,2024,5,Wiosna,pm25,7.559024390243902,6.9,5.26,8.844999999999999,20.0,123,3.2520325203252036,Europa Środkowa
LU,Luksemburg,2024,6,Lato,no2,12.734074999999999,10.7,5.0125,18.0,45.2,360,11.38888888888889,Europa Środkowa
LU,Luksemburg,2024,6,Lato,o3,62.11356164383562,62.5,51.3,73.02499999999999,135.0,146,2.73972602739726,Europa Środkowa
LU,Luksemburg,2024,6,Lato,pm10,15.184237288135593,14.45,11.025,18.475,31.1,118,0.0,Europa Środkowa
LU,Luksemburg,2024,6,Lato,pm25,7.510593220338983,7.025,5.3325,9.14,22.6,118,1.694915254237288,Europa Środkowa
LU,Luksemburg,2024,7,Lato,no2,14.045675675675675,12.850000000000001,5.4825,20.95,49.1,370,14.054054054054054,Europa Środkowa
LU,Luksemburg,2024,7,Lato,o3,58.09870967741935,55.3,46.45,65.1,137.0,155,3.225806451612903,Europa Środkowa
LU,Luksemburg,2024,7,Lato,pm10,14.32524193548387,13.75,10.575,17.225,37.1,124,0.0,Europa Środkowa
LU,Luksemburg,2024,7,Lato,pm25,6.085645161290323,5.8149999999999995,4.4875,7.2524999999999995,14.0,124,0.0,Europa Środkowa
LU,Luksemburg,2024,8,Lato,no2,12.638856209150326,11.25,5.202500000000001,17.5,51.3,306,9.15032679738562,Europa Środkowa
LU,Luksemburg,2024,8,Lato,o3,58.446538461538466,58.0,45.974999999999994,73.175,135.0,130,3.076923076923077,Europa Środkowa
LU,Luksemburg,2024,8,Lato,pm10,15.555051546391752,15.0,12.4,18.3,34.8,97,0.0,Europa Środkowa
LU,Luksemburg,2024,8,Lato,pm25,7.4823157894736845,6.8,5.245,8.815000000000001,23.0,95,2.1052631578947367,Europa Środkowa
LU,Luksemburg,2024,9,Jesień,no2,14.440428571428571,14.4,5.82,20.0,53.4,350,12.571428571428573,Europa Środkowa
LU,Luksemburg,2024,9,Jesień,o3,53.62054794520548,53.2,41.1,63.45,106.0,146,0.684931506849315,Europa Środkowa
LU,Luksemburg,2024,9,Jesień,pm10,13.8334,12.25,8.754999999999999,16.5,40.7,100,0.0,Europa Środkowa
LU,Luksemburg,2024,9,Jesień,pm25,7.3128125,5.29,3.6725000000000003,8.265,25.2,96,11.458333333333332,Europa Środkowa
LU,Luksemburg,2024,10,Jesień,no2,17.621908602150537,16.85,8.61,24.2,62.4,372,21.774193548387096,Europa Środkowa
LU,Luksemburg,2024,10,Jesień,o3,30.315290322580644,28.9,19.75,41.8,68.1,155,0.0,Europa Środkowa
LU,Luksemburg,2024,10,Jesień,pm10,14.400413223140497,13.4,10.7,17.7,27.7,121,0.0,Europa Środkowa
LU,Luksemburg,2024,10,Jesień,pm25,6.924285714285714,6.2,4.975,8.195,17.8,119,1.680672268907563,Europa Środkowa
LU,Luksemburg,2024,11,Jesień,no2,18.52607843137255,18.3,9.71,24.9,48.5,357,24.92997198879552,Europa Środkowa
LU,Luksemburg,2024,11,Jesień,o3,34.06693333333333,35.5,19.150000000000002,49.525000000000006,69.5,150,0.0,Europa Środkowa
LU,Luksemburg,2024,11,Jesień,pm10,14.367542372881354,14.45,11.3,17.15,27.7,118,0.0,Europa Środkowa
LU,Luksemburg,2024,11,Jesień,pm25,8.641176470588235,7.9,6.34,10.4,21.1,119,4.201680672268908,Europa Środkowa
LU,Luksemburg,2024,12,Zima,no2,16.82651226158038,15.1,9.120000000000001,22.549999999999997,66.3,367,19.891008174386922,Europa Środkowa
LU,Luksemburg,2024,12,Zima,o3,37.63532894736842,35.8,24.7,51.324999999999996,74.8,152,0.0,Europa Środkowa
LU,Luksemburg,2024,12,Zima,pm10,12.356486486486485,11.0,8.095,15.9,29.6,111,0.0,Europa Środkowa
LU,Luksemburg,2024,12,Zima,pm25,7.956728971962617,7.0,5.199999999999999,9.33,23.2,107,8.411214953271028,Europa Środkowa
LU,Luksemburg,2025,1,Zima,no2,20.97564738292011,19.5,9.945,29.05,56.8,363,36.08815426997245,Europa Środkowa
LU,Luksemburg,2025,1,Zima,o3,43.297548387096775,48.7,26.75,59.95,77.1,155,0.0,Europa Środkowa
LU,Luksemburg,2025,1,Zima,pm10,14.482521008403362,13.5,8.379999999999999,18.6,38.3,119,0.0,Europa Środkowa
LU,Luksemburg,2025,1,Zima,pm25,8.835818181818182,7.98,4.515,11.75,25.7,110,12.727272727272727,Europa Środkowa
LU,Luksemburg,2025,2,Zima,no2,24.527629441624367,25.8,15.7,33.3,50.6,197,52.79187817258884,Europa Środkowa
LU,Luksemburg,2025,2,Zima,o3,42.58837209302325,48.4,29.299999999999997,56.3,71.8,43,0.0,Europa Środkowa
LU,Luksemburg,2025,2,Zima,pm10,21.644933333333334,22.0,14.600000000000001,28.6,40.6,75,0.0,Europa Środkowa
LU,Luksemburg,2025,2,Zima,pm25,13.036891891891893,13.15,7.0225,16.975,25.8,74,39.189189189189186,Europa Środkowa
LU,Luksemburg,2025,3,Wiosna,no2,28.46325581395349,27.9,17.700000000000003,40.15,67.9,215,60.46511627906976,Europa Środkowa
LU,Luksemburg,2025,3,Wiosna,o3,70.22258064516129,74.5,65.05,77.55000000000001,85.0,31,0.0,Europa Środkowa
LU,Luksemburg,2025,3,Wiosna,pm10,20.37035714285714,21.35,15.225,24.150000000000002,36.5,28,0.0,Europa Środkowa
LU,Luksemburg,2025,3,Wiosna,pm25,11.502083333333333,10.5,7.665,15.65,24.0,72,27.77777777777778,Europa Środkowa
LU,Luksemburg,2025,4,Wiosna,no2,22.658714285714286,23.25,14.125,31.6,49.3,210,44.285714285714285,Europa Środkowa
LU,Luksemburg,2025,4,Wiosna,o3,86.77,84.6,77.05000000000001,94.60000000000001,130.0,30,20.0,Europa Środkowa
LU,Luksemburg,2025,4,Wiosna,pm25,7.627105263157894,7.6,5.0125,8.7125,24.0,38,5.263157894736842,Europa Środkowa
LU,Luksemburg,2025,5,Wiosna,no2,17.790555555555557,17.9,8.51,25.2,43.7,189,25.396825396825395,Europa Środkowa
LU,Luksemburg,2025,5,Wiosna,o3,83.65185185185184,80.4,70.35,95.4,131.0,27,22.22222222222222,Europa Środkowa
LU,Luksemburg,2025,5,Wiosna,pm25,8.674,6.35,5.85,8.3625,26.2,10,10.0,Europa Środkowa
LU,Luksemburg,2025,6,Lato,no2,18.275122549019606,17.6,10.4,26.325,58.5,204,27.450980392156865,Europa Środkowa
LU,Luksemburg,2025,6,Lato,o3,85.92333333333333,81.75,73.075,99.1,132.0,30,23.333333333333332,Europa Środkowa
LU,Luksemburg,2025,7,Lato,no2,16.829078341013822,15.3,10.1,23.9,42.8,217,20.276497695852534,Europa Środkowa
LU,Luksemburg,2025,7,Lato,o3,77.27741935483871,70.9,64.2,87.30000000000001,120.0,31,9.67741935483871,Europa Środkowa
LU,Luksemburg,2025,8,Lato,no2,15.809768361581922,15.9,7.21,21.4,44.5,177,19.2090395480226,Europa Środkowa
LU,Luksemburg,2025,8,Lato,o3,81.23870967741935,79.8,64.25,94.15,121.0,31,22.58064516129032,Europa Środkowa
LU,Luksemburg,2025,9,Jesień,no2,16.969481707317073,17.2,10.067499999999999,23.1,36.8,164,18.902439024390244,Europa Środkowa
LU,Luksemburg,2025,9,Jesień,o3,59.85,60.400000000000006,54.825,63.625,82.0,30,0.0,Europa Środkowa
LU,Luksemburg,2025,10,Jesień,no2,19.815681159420294,20.9,9.094999999999999,28.2,46.8,207,37.68115942028986,Europa Środkowa
LU,Luksemburg,2025,10,Jesień,o3,57.53333333333333,60.75,49.85,65.25,71.1,30,0.0,Europa Środkowa
LU,Luksemburg,2025,11,Jesień,no2,24.897980769230767,24.95,17.349999999999998,33.324999999999996,54.0,208,49.519230769230774,Europa Środkowa
LU,Luksemburg,2025,11,Jesień,o3,51.75333333333333,52.55,44.825,57.475,67.3,30,0.0,Europa Środkowa
LU,Luksemburg,2025,12,Zima,no2,22.14701923076923,22.5,12.85,30.025,47.1,208,39.90384615384615,Europa Środkowa
LU,Luksemburg,2025,12,Zima,o3,49.224666666666664,46.7,37.25,63.475,76.8,30,0.0,Europa Środkowa
LV,Łotwa,2022,1,Zima,no2,26.623333333333335,22.75,15.675,34.175,54.6,6,50.0,Europa Północna
LV,Łotwa,2022,1,Zima,o3,36.65,38.55,28.325,45.325,56.8,6,0.0,Europa Północna
LV,Łotwa,2022,2,Zima,no2,14.243529411764706,8.445,2.925,20.099999999999998,51.7,34,20.588235294117645,Europa Północna
LV,Łotwa,2022,2,Zima,o3,60.044444444444444,59.55,51.650000000000006,72.25,83.1,36,0.0,Europa Północna
LV,Łotwa,2022,2,Zima,pm10,15.107962962962963,12.95,7.577500000000001,19.325,39.6,54,0.0,Europa Północna
LV,Łotwa,2022,2,Zima,pm25,9.249056603773585,7.31,4.63,13.7,25.7,53,15.09433962264151,Europa Północna
LV,Łotwa,2022,3,Wiosna,no2,16.12839285714286,8.93,4.19,26.15,56.4,56,26.785714285714285,Europa Północna
LV,Łotwa,2022,3,Wiosna,o3,60.63275862068965,63.45,53.625,70.45,84.8,58,0.0,Europa Północna
LV,Łotwa,2022,3,Wiosna,pm10,21.660365853658536,18.85,11.425,28.75,50.1,82,1.2195121951219512,Europa Północna
LV,Łotwa,2022,3,Wiosna,pm25,11.271951219512195,9.379999999999999,5.645,16.15,28.7,82,30.48780487804878,Europa Północna
LV,Łotwa,2022,4,Wiosna,no2,10.408333333333333,6.675000000000001,2.71,15.524999999999999,55.1,60,10.0,Europa Północna
LV,Łotwa,2022,4,Wiosna,o3,74.51833333333335,74.94999999999999,68.975,82.525,95.9,60,0.0,Europa Północna
LV,Łotwa,2022,4,Wiosna,pm10,15.14159090909091,13.6,10.700000000000001,18.200000000000003,43.8,88,0.0,Europa Północna
LV,Łotwa,2022,4,Wiosna,pm25,6.192954545454546,5.43,4.12,7.4625,18.9,88,1.1363636363636365,Europa Północna
LV,Łotwa,2022,5,Wiosna,no2,10.394096774193548,5.275,2.525,15.95,38.9,62,11.29032258064516,Europa Północna
LV,Łotwa,2022,5,Wiosna,o3,68.34193548387097,68.75,61.550000000000004,77.5,93.9,62,0.0,Europa Północna
LV,Łotwa,2022,5,Wiosna,pm10,14.638152173913044,13.0,9.6675,17.75,38.6,92,0.0,Europa Północna
LV,Łotwa,2022,5,Wiosna,pm25,6.0210869565217395,5.57,3.9475,7.76,18.1,92,2.1739130434782608,Europa Północna
LV,Łotwa,2022,6,Lato,no2,10.50645,6.095,1.93,18.025,35.0,40,10.0,Europa Północna
LV,Łotwa,2022,6,Lato,o3,63.185,63.1,54.775,69.275,105.0,40,2.5,Europa Północna
LV,Łotwa,2022,6,Lato,pm10,16.56,14.95,12.7,19.0,32.7,60,0.0,Europa Północna
LV,Łotwa,2022,6,Lato,pm25,7.450333333333333,6.7,5.365,9.030000000000001,17.0,60,3.3333333333333335,Europa Północna
LV,Łotwa,2022,7,Lato,no2,7.9725625,3.135,1.05925,14.525,29.6,32,3.125,Europa Północna
LV,Łotwa,2022,7,Lato,o3,60.059375,59.599999999999994,50.125,67.375,88.0,32,0.0,Europa Północna
LV,Łotwa,2022,7,Lato,pm10,12.615208333333333,10.9,8.6775,14.325000000000001,32.3,48,0.0,Europa Północna
LV,Łotwa,2022,7,Lato,pm25,4.4075,3.575,2.6375,5.24,12.9,48,0.0,Europa Północna
LV,Łotwa,2022,8,Lato,no2,11.918129032258063,6.005,2.1675,20.975,45.1,62,14.516129032258066,Europa Północna
LV,Łotwa,2022,8,Lato,o3,53.641935483870974,52.349999999999994,46.475,58.95,86.6,62,0.0,Europa Północna
LV,Łotwa,2022,8,Lato,pm10,24.18931818181818,21.75,13.3,34.875,49.8,88,4.545454545454546,Europa Północna
LV,Łotwa,2022,8,Lato,pm25,8.2175,7.715,4.195,11.6,21.8,92,8.695652173913043,Europa Północna
LV,Łotwa,2022,9,Jesień,no2,10.2961,6.945,2.0999999999999996,18.650000000000002,34.1,60,3.3333333333333335,Europa Północna
LV,Łotwa,2022,9,Jesień,o3,36.347166666666666,37.0,30.725,42.225,71.0,60,0.0,Europa Północna
LV,Łotwa,2022,9,Jesień,pm10,11.055,9.155,6.3725000000000005,15.075,25.0,90,0.0,Europa Północna
LV,Łotwa,2022,9,Jesień,pm25,5.357555555555556,4.41,3.175,6.2475000000000005,16.9,90,1.1111111111111112,Europa Północna
LV,Łotwa,2022,10,Jesień,no2,11.601071428571428,6.98,3.4875000000000003,19.2,33.2,56,12.5,Europa Północna
LV,Łotwa,2022,10,Jesień,o3,33.29696428571428,32.2,22.7,41.5,64.0,56,0.0,Europa Północna
LV,Łotwa,2022,10,Jesień,pm10,15.713452380952381,15.45,10.975,19.525,40.4,84,0.0,Europa Północna
LV,Łotwa,2022,10,Jesień,pm25,7.9245238095238095,7.115,5.1025,9.594999999999999,26.9,84,7.142857142857142,Europa Północna
LV,Łotwa,2022,11,Jesień,no2,12.208499999999999,9.01,5.3375,20.95,33.6,60,3.3333333333333335,Europa Północna
LV,Łotwa,2022,11,Jesień,o3,17.66048780487805,13.9,7.54,26.8,79.0,41,0.0,Europa Północna
LV,Łotwa,2022,11,Jesień,pm10,14.556222222222221,14.6,11.025,17.475,30.4,90,0.0,Europa Północna
LV,Łotwa,2022,11,Jesień,pm25,9.90788888888889,9.54,5.71,13.075,22.8,90,13.333333333333334,Europa Północna
LV,Łotwa,2022,12,Zima,no2,15.911016949152541,12.5,6.16,27.25,35.2,59,27.11864406779661,Europa Północna
LV,Łotwa,2022,12,Zima,o3,41.210204081632654,40.2,29.4,50.2,117.0,49,2.0408163265306123,Europa Północna
LV,Łotwa,2022,12,Zima,pm10,16.86172043010753,14.5,10.3,21.5,43.1,93,0.0,Europa Północna
LV,Łotwa,2022,12,Zima,pm25,12.42625,11.0,7.595,16.75,29.1,88,36.36363636363637,Europa Północna
LV,Łotwa,2023,1,Zima,no2,12.245000000000001,8.03,3.7800000000000002,19.575,41.0,54,7.4074074074074066,Europa Północna
LV,Łotwa,2023,1,Zima,o3,42.80166666666667,42.9,30.8,55.725,80.4,54,0.0,Europa Północna
LV,Łotwa,2023,1,Zima,pm10,12.590617283950618,12.0,9.13,15.3,25.3,81,0.0,Europa Północna
LV,Łotwa,2023,1,Zima,pm25,9.180987654320987,8.58,5.73,12.1,21.9,81,11.11111111111111,Europa Północna
LV,Łotwa,2023,2,Zima,no2,13.52625,8.09,4.2225,18.0,39.1,8,25.0,Europa Północna
LV,Łotwa,2023,2,Zima,o3,50.125,57.4,33.05,68.7,71.7,8,0.0,Europa Północna
LV,Łotwa,2023,2,Zima,pm10,16.366666666666667,15.15,10.5675,20.85,27.6,12,0.0,Europa Północna
LV,Łotwa,2023,2,Zima,pm25,11.406666666666666,10.19,7.8225,14.3,21.9,12,25.0,Europa Północna
LV,Łotwa,2023,3,Wiosna,no2,15.89,12.3,8.75,20.4,44.3,21,19.047619047619047,Europa Północna
LV,Łotwa,2023,3,Wiosna,o3,61.31071428571429,62.099999999999994,48.875,74.1,90.8,28,0.0,Europa Północna
LV,Łotwa,2023,3,Wiosna,pm10,15.538536585365854,12.7,6.55,18.8,52.8,41,4.878048780487805,Europa Północna
LV,Łotwa,2023,3,Wiosna,pm25,8.35578947368421,6.855,4.2625,11.35,21.3,38,13.157894736842104,Europa Północna
LV,Łotwa,2023,4,Wiosna,no2,12.269387755102041,10.5,5.72,16.9,41.2,49,4.081632653061225,Europa Północna
LV,Łotwa,2023,4,Wiosna,o3,69.59310344827587,67.75,60.05,81.775,103.0,58,3.4482758620689653,Europa Północna
LV,Łotwa,2023,4,Wiosna,pm10,20.811494252873562,19.4,12.6,27.45,49.8,87,3.4482758620689653,Europa Północna
LV,Łotwa,2023,4,Wiosna,pm25,8.884597701149426,7.91,5.51,11.9,19.2,87,11.494252873563218,Europa Północna
LV,Łotwa,2023,5,Wiosna,no2,12.006935483870967,6.5649999999999995,5.2625,14.925,46.6,62,16.129032258064516,Europa Północna
LV,Łotwa,2023,5,Wiosna,o3,69.45322580645161,69.6,57.3,79.15,103.0,62,1.6129032258064515,Europa Północna
LV,Łotwa,2023,5,Wiosna,pm10,23.84717391304348,21.1,15.075,33.525,49.4,92,7.608695652173914,Europa Północna
LV,Łotwa,2023,5,Wiosna,pm25,7.936236559139785,6.83,5.01,10.1,21.8,93,4.301075268817205,Europa Północna
LV,Łotwa,2023,6,Lato,no2,10.504259259259259,6.84,5.08,16.325,28.8,54,3.7037037037037033,Europa Północna
LV,Łotwa,2023,6,Lato,o3,64.65666666666667,62.95,53.925,75.05,96.0,60,0.0,Europa Północna
LV,Łotwa,2023,6,Lato,pm10,18.397666666666666,18.1,12.2,23.875,40.8,90,0.0,Europa Północna
LV,Łotwa,2023,6,Lato,pm25,8.166777777777778,6.945,4.2525,10.059999999999999,22.0,90,13.333333333333334,Europa Północna
LV,Łotwa,2023,7,Lato,no2,9.433827586206897,3.785,1.7225,15.65,36.0,58,10.344827586206897,Europa Północna
LV,Łotwa,2023,7,Lato,o3,57.76428571428572,58.25,45.9,70.525,83.9,56,0.0,Europa Północna
LV,Łotwa,2023,7,Lato,pm10,13.395747126436783,12.8,10.75,15.6,32.0,87,0.0,Europa Północna
LV,Łotwa,2023,7,Lato,pm25,4.65367816091954,4.59,3.43,5.48,10.3,87,0.0,Europa Północna
LV,Łotwa,2023,8,Lato,no2,10.199103448275862,6.095,1.665,16.575,33.6,58,6.896551724137931,Europa Północna
LV,Łotwa,2023,8,Lato,o3,50.99818181818182,47.6,37.5,63.0,77.4,55,0.0,Europa Północna
LV,Łotwa,2023,8,Lato,pm10,13.99878048780488,12.55,9.502500000000001,17.175,39.8,82,0.0,Europa Północna
LV,Łotwa,2023,8,Lato,pm25,5.2142168674698794,4.8,3.39,6.335,13.0,83,0.0,Europa Północna
LV,Łotwa,2023,9,Jesień,no2,14.35135185185185,10.75,2.6525,24.425,44.6,54,24.074074074074073,Europa Północna
LV,Łotwa,2023,9,Jesień,o3,47.208333333333336,45.3,34.65,59.75,82.4,60,0.0,Europa Północna
LV,Łotwa,2023,9,Jesień,pm10,17.553595505617977,15.6,10.8,20.8,51.8,89,1.1235955056179776,Europa Północna
LV,Łotwa,2023,9,Jesień,pm25,7.4265168539325845,5.86,4.56,10.0,20.3,89,6.741573033707865,Europa Północna
LV,Łotwa,2023,10,Jesień,no2,9.613967741935484,4.585,2.1225,15.149999999999999,34.8,62,4.838709677419355,Europa Północna
LV,Łotwa,2023,10,Jesień,o3,39.93709677419355,37.650000000000006,25.474999999999998,52.95,72.7,62,0.0,Europa Północna
LV,Łotwa,2023,10,Jesień,pm10,9.007078651685394,8.38,6.0,11.0,34.8,89,0.0,Europa Północna
LV,Łotwa,2023,10,Jesień,pm25,5.155494505494505,5.22,3.39,6.4350000000000005,10.6,91,0.0,Europa Północna
LV,Łotwa,2023,11,Jesień,no2,13.3975,10.649999999999999,3.1325,23.474999999999998,40.0,60,13.333333333333334,Europa Północna
LV,Łotwa,2023,11,Jesień,o3,33.3205,30.85,23.375,41.15,73.5,60,0.0,Europa Północna
LV,Łotwa,2023,11,Jesień,pm10,13.469666666666667,13.3,9.0,16.35,34.0,90,0.0,Europa Północna
LV,Łotwa,2023,11,Jesień,pm25,9.29211111111111,7.960000000000001,6.0,11.9,28.7,90,7.777777777777778,Europa Północna
LV,Łotwa,2023,12,Zima,no2,16.31311475409836,9.49,6.15,26.6,54.6,61,27.86885245901639,Europa Północna
LV,Łotwa,2023,12,Zima,o3,33.315862068965515,34.9,17.924999999999997,44.375,71.9,58,0.0,Europa Północna
LV,Łotwa,2023,12,Zima,pm10,13.03032608695652,11.05,8.1875,17.075,33.1,92,0.0,Europa Północna
LV,Łotwa,2023,12,Zima,pm25,9.961222222222222,7.27,5.67,14.775,24.8,90,23.333333333333332,Europa Północna
LV,Łotwa,2024,1,Zima,no2,14.758000000000001,12.4,3.44,20.9,43.9,80,18.75,Europa Północna
LV,Łotwa,2024,1,Zima,o3,46.10356164383562,43.2,33.2,60.8,90.1,73,0.0,Europa Północna
LV,Łotwa,2024,1,Zima,pm10,16.40017543859649,14.05,10.225,19.125,54.1,114,1.7543859649122806,Europa Północna
LV,Łotwa,2024,1,Zima,pm25,10.860404040404042,9.2,6.77,13.95,28.3,99,16.161616161616163,Europa Północna
LV,Łotwa,2024,2,Zima,no2,17.400000000000002,14.8,7.9025,24.525,58.4,172,23.837209302325583,Europa Północna
LV,Łotwa,2024,2,Zima,o3,49.11942857142857,50.0,37.1,61.25,84.4,175,0.0,Europa Północna
LV,Łotwa,2024,2,Zima,pm10,13.814564102564104,13.1,10.55,16.95,38.8,195,0.0,Europa Północna
LV,Łotwa,2024,2,Zima,pm25,10.87811475409836,10.95,7.525,13.275,21.4,122,14.754098360655737,Europa Północna
LV,Łotwa,2024,3,Wiosna,no2,17.33662857142857,15.0,6.67,25.0,56.7,175,25.142857142857146,Europa Północna
LV,Łotwa,2024,3,Wiosna,o3,57.297382198952874,59.7,48.25,68.44999999999999,83.6,191,0.0,Europa Północna
LV,Łotwa,2024,3,Wiosna,pm10,26.018324324324325,24.2,17.5,31.5,61.2,185,9.18918918918919,Europa Północna
LV,Łotwa,2024,3,Wiosna,pm25,12.895754716981132,11.75,9.01,15.95,28.2,106,28.30188679245283,Europa Północna
LV,Łotwa,2024,4,Wiosna,no2,13.770526162790697,10.649999999999999,6.715,17.825,51.8,344,14.534883720930234,Europa Północna
LV,Łotwa,2024,4,Wiosna,o3,63.23771428571429,63.05,52.925,74.9,96.5,350,0.0,Europa Północna
LV,Łotwa,2024,4,Wiosna,pm10,18.652407407407406,15.8,10.8,23.0,57.0,378,2.6455026455026456,Europa Północna
LV,Łotwa,2024,4,Wiosna,pm25,9.760240384615384,8.92,6.495,11.7,27.7,208,11.538461538461538,Europa Północna
LV,Łotwa,2024,5,Wiosna,no2,14.283494623655914,11.6,7.325,20.525,44.4,372,14.516129032258066,Europa Północna
LV,Łotwa,2024,5,Wiosna,o3,69.15833333333333,68.95,60.1,78.2,108.0,372,1.881720430107527,Europa Północna
LV,Łotwa,2024,5,Wiosna,pm10,25.987007874015745,26.3,20.0,31.9,58.9,381,1.0498687664041995,Europa Północna
LV,Łotwa,2024,5,Wiosna,pm25,9.556728110599078,9.6,7.65,11.7,17.8,217,2.7649769585253456,Europa Północna
LV,Łotwa,2024,6,Lato,no2,11.585194444444445,10.1,5.574999999999999,16.25,37.2,360,6.944444444444445,Europa Północna
LV,Łotwa,2024,6,Lato,o3,64.31444444444445,62.5,54.05,73.05,102.0,360,0.8333333333333334,Europa Północna
LV,Łotwa,2024,6,Lato,pm10,17.266820512820512,16.5,13.225,19.875,42.5,390,0.0,Europa Północna
LV,Łotwa,2024,6,Lato,pm25,7.676047619047619,7.46,6.195,9.05,16.0,210,0.9523809523809524,Europa Północna
LV,Łotwa,2024,7,Lato,no2,11.376889784946238,9.175,3.9875000000000003,16.725,32.9,372,8.064516129032258,Europa Północna
LV,Łotwa,2024,7,Lato,o3,61.49650537634409,60.9,52.775,68.225,102.0,372,0.2688172043010753,Europa Północna
LV,Łotwa,2024,7,Lato,pm10,14.308982630272954,13.5,10.2,16.85,55.6,403,0.49627791563275436,Europa Północna
LV,Łotwa,2024,7,Lato,pm25,5.557926267281106,5.58,4.05,6.86,10.0,217,0.0,Europa Północna
LV,Łotwa,2024,8,Lato,no2,13.188539936102236,9.22,4.9,20.0,56.3,313,13.099041533546327,Europa Północna
LV,Łotwa,2024,8,Lato,o3,53.62405063291139,53.5,41.35,63.8,100.0,316,0.0,Europa Północna
LV,Łotwa,2024,8,Lato,pm10,16.37938596491228,14.3,10.525,19.9,54.5,342,2.046783625730994,Europa Północna
LV,Łotwa,2024,8,Lato,pm25,6.776387434554974,5.92,4.165,8.575,20.3,191,3.1413612565445024,Europa Północna
LV,Łotwa,2024,9,Jesień,no2,15.063905325443788,10.149999999999999,5.075,23.075000000000003,55.9,338,20.710059171597635,Europa Północna
LV,Łotwa,2024,9,Jesień,o3,54.1141011235955,52.3,41.75,66.5,102.0,356,0.2808988764044944,Europa Północna
LV,Łotwa,2024,9,Jesień,pm10,25.255932203389833,23.35,12.0,37.25,58.0,354,12.429378531073446,Europa Północna
LV,Łotwa,2024,9,Jesień,pm25,10.825074626865673,9.75,6.0,15.3,26.0,201,25.870646766169152,Europa Północna
LV,Łotwa,2024,10,Jesień,no2,14.797705382436261,10.2,5.55,21.0,65.9,353,16.997167138810198,Europa Północna
LV,Łotwa,2024,10,Jesień,o3,41.85783197831979,39.6,29.3,54.2,82.4,369,0.0,Europa Północna
LV,Łotwa,2024,10,Jesień,pm10,18.399526184538654,16.3,12.2,22.0,59.4,401,1.99501246882793,Europa Północna
LV,Łotwa,2024,10,Jesień,pm25,9.803627906976745,8.0,5.705,11.95,28.3,215,17.674418604651162,Europa Północna
LV,Łotwa,2024,11,Jesień,no2,10.37425,8.46,4.66,14.925,33.6,360,3.3333333333333335,Europa Północna
LV,Łotwa,2024,11,Jesień,o3,46.36611111111111,45.45,34.05,57.225,83.7,360,0.0,Europa Północna
LV,Łotwa,2024,11,Jesień,pm10,12.658358974358976,11.45,8.434999999999999,15.9,35.4,390,0.0,Europa Północna
LV,Łotwa,2024,11,Jesień,pm25,8.666428571428572,7.6850000000000005,5.2175,11.2,24.2,210,7.6190476190476195,Europa Północna
LV,Łotwa,2024,12,Zima,no2,10.938409703504043,9.39,5.890000000000001,14.8,40.8,371,4.5822102425876015,Europa Północna
LV,Łotwa,2024,12,Zima,o3,45.1002688172043,43.349999999999994,33.85,57.55,81.1,372,0.0,Europa Północna
LV,Łotwa,2024,12,Zima,pm10,12.359057071960297,11.4,8.309999999999999,15.1,48.4,403,0.49627791563275436,Europa Północna
LV,Łotwa,2024,12,Zima,pm25,9.471198156682028,8.9,6.29,12.6,26.0,217,10.138248847926267,Europa Północna
LV,Łotwa,2025,1,Zima,no2,12.90736559139785,11.1,7.47,16.25,37.4,372,8.60215053763441,Europa Północna
LV,Łotwa,2025,1,Zima,o3,49.5741847826087,50.849999999999994,37.575,59.5,83.1,184,0.0,Europa Północna
LV,Łotwa,2025,1,Zima,pm10,13.934739454094291,12.9,10.2,17.7,40.3,403,0.0,Europa Północna
LV,Łotwa,2025,1,Zima,pm25,11.338341013824886,10.3,7.54,14.4,26.0,217,20.737327188940093,Europa Północna
LV,Łotwa,2025,2,Zima,no2,17.359617647058823,14.9,8.485,23.4,52.1,306,21.895424836601308,Europa Północna
LV,Łotwa,2025,2,Zima,o3,2.227222222222222,2.14,1.67,3.1075,3.22,18,0.0,Europa Północna
LV,Łotwa,2025,2,Zima,pm10,24.220787671232877,20.7,14.75,33.95,62.6,292,8.561643835616438,Europa Północna
LV,Łotwa,2025,2,Zima,pm25,16.293203125,16.1,11.5,20.974999999999998,29.2,128,53.90625,Europa Północna
LV,Łotwa,2025,3,Wiosna,no2,16.824772727272727,14.25,9.6725,21.8,59.7,308,18.181818181818183,Europa Północna
LV,Łotwa,2025,3,Wiosna,o3,2.8641666666666663,2.865,2.3475,3.58,3.6,12,0.0,Europa Północna
LV,Łotwa,2025,3,Wiosna,pm10,26.306654275092935,24.0,17.0,33.9,64.0,269,7.806691449814126,Europa Północna
LV,Łotwa,2025,3,Wiosna,pm25,15.527254901960784,13.4,10.75,20.175,29.7,102,43.13725490196079,Europa Północna
LV,Łotwa,2025,4,Wiosna,no2,13.31267558528428,11.7,7.5649999999999995,16.6,44.0,299,8.361204013377927,Europa Północna
LV,Łotwa,2025,4,Wiosna,o3,1.9132500000000001,2.0599999999999996,0.8795,2.4375,3.54,8,0.0,Europa Północna
LV,Łotwa,2025,4,Wiosna,pm10,22.769520547945206,20.1,15.275,28.125,55.4,292,4.10958904109589,Europa Północna
LV,Łotwa,2025,4,Wiosna,pm25,11.285166666666667,9.95,7.9875,12.95,28.8,120,15.0,Europa Północna
LV,Łotwa,2025,5,Wiosna,no2,10.948966666666667,9.61,6.29,14.2,32.1,300,4.333333333333334,Europa Północna
LV,Łotwa,2025,5,Wiosna,pm10,16.376066666666667,15.350000000000001,11.5,19.9,38.5,300,0.0,Europa Północna
LV,Łotwa,2025,5,Wiosna,pm25,9.243,8.940000000000001,7.515,10.65,14.9,120,0.0,Europa Północna
LV,Łotwa,2025,6,Lato,no2,8.6548322147651,6.74,4.285,11.0,30.0,298,3.3557046979865772,Europa Północna
LV,Łotwa,2025,6,Lato,pm10,14.266476510067113,14.2,10.425,17.3,32.0,298,0.0,Europa Północna
LV,Łotwa,2025,6,Lato,pm25,7.843500000000001,7.5,5.8,9.5075,17.5,120,1.6666666666666667,Europa Północna
LV,Łotwa,2025,7,Lato,no2,10.660193548387097,8.96,4.87,15.375,34.4,310,4.516129032258064,Europa Północna
LV,Łotwa,2025,7,Lato,o3,50.944153846153846,55.8,49.3,60.7,91.1,65,0.0,Europa Północna
LV,Łotwa,2025,7,Lato,pm10,15.046387096774193,14.3,11.325000000000001,18.1,35.5,310,0.0,Europa Północna
LV,Łotwa,2025,7,Lato,pm25,7.85008064516129,7.61,6.415,8.962499999999999,13.5,124,0.0,Europa Północna
LV,Łotwa,2025,8,Lato,no2,10.489967741935484,7.5649999999999995,4.797499999999999,14.6,41.4,310,5.483870967741936,Europa Północna
LV,Łotwa,2025,8,Lato,o3,54.22612903225806,53.0,43.2,63.6,108.0,310,0.6451612903225806,Europa Północna
LV,Łotwa,2025,8,Lato,pm10,13.879193548387097,12.6,8.97,17.2,47.3,310,0.6451612903225806,Europa Północna
LV,Łotwa,2025,8,Lato,pm25,6.450725806451612,5.85,4.6925,8.0825,14.1,124,0.0,Europa Północna
LV,Łotwa,2025,9,Jesień,no2,10.745666666666667,8.29,4.7325,14.95,36.1,300,5.333333333333334,Europa Północna
LV,Łotwa,2025,9,Jesień,o3,49.678666666666665,47.65,36.975,61.225,90.0,300,0.0,Europa Północna
LV,Łotwa,2025,9,Jesień,pm10,16.662133333333333,15.55,12.0,20.85,48.0,300,0.6666666666666667,Europa Północna
LV,Łotwa,2025,9,Jesień,pm25,7.85225,7.859999999999999,5.965,9.6625,14.4,120,0.0,Europa Północna
LV,Łotwa,2025,10,Jesień,no2,13.46624183006536,9.765,5.695,18.275,50.0,306,11.11111111111111,Europa Północna
LV,Łotwa,2025,10,Jesień,o3,39.72451612903226,38.4,29.025,47.475,76.2,310,0.0,Europa Północna
LV,Łotwa,2025,10,Jesień,pm10,16.048071895424837,13.6,10.4,18.95,54.9,306,2.287581699346405,Europa Północna
LV,Łotwa,2025,10,Jesień,pm25,10.177627118644068,9.375,6.73,12.725000000000001,27.0,118,13.559322033898304,Europa Północna
LV,Łotwa,2025,11,Jesień,no2,13.39214876033058,11.45,8.0725,17.475,44.3,242,6.6115702479338845,Europa Północna
LV,Łotwa,2025,11,Jesień,o3,37.723796610169494,37.6,28.55,44.849999999999994,76.7,295,0.0,Europa Północna
LV,Łotwa,2025,11,Jesień,pm10,15.960542372881354,15.0,11.8,19.4,33.2,295,0.0,Europa Północna
LV,Łotwa,2025,11,Jesień,pm25,12.607796610169492,11.05,9.192499999999999,15.5,30.0,118,26.27118644067797,Europa Północna
LV,Łotwa,2025,12,Zima,no2,12.62023890784983,11.8,7.03,16.4,37.0,293,6.143344709897611,Europa Północna
LV,Łotwa,2025,12,Zima,o3,43.782333333333334,43.2,29.7,57.425,84.5,300,0.0,Europa Północna
LV,Łotwa,2025,12,Zima,pm10,15.317090301003345,13.7,10.4,18.6,59.2,299,0.33444816053511706,Europa Północna
LV,Łotwa,2025,12,Zima,pm25,11.564033613445377,10.3,7.905,13.5,28.9,119,16.80672268907563,Europa Północna
MD,Mołdawia,2022,1,Zima,pm25,23.0,23.950000000000003,16.95,29.3,31.1,6,83.33333333333334,
MD,Mołdawia,2022,2,Zima,pm25,25.384615384615383,22.549999999999997,18.174999999999997,29.7,47.7,26,92.3076923076923,
MD,Mołdawia,2022,3,Wiosna,pm25,26.96666666666667,23.2,20.299999999999997,32.35,46.5,27,100.0,
MD,Mołdawia,2022,4,Wiosna,pm25,17.29310344827586,16.5,14.8,20.7,24.8,29,65.51724137931035,
MD,Mołdawia,2022,5,Wiosna,pm25,17.0258064516129,14.7,12.75,18.45,39.0,31,48.38709677419355,
MD,Mołdawia,2022,6,Lato,pm25,16.152,15.3,14.2,17.0,35.1,25,52.0,
MD,Mołdawia,2022,7,Lato,pm25,14.612903225806452,14.3,12.9,16.299999999999997,21.1,31,41.935483870967744,
MD,Mołdawia,2022,8,Lato,pm25,20.177419354838708,20.2,16.799999999999997,21.05,44.7,31,80.64516129032258,
MD,Mołdawia,2022,9,Jesień,pm25,14.910666666666666,13.95,12.15,17.75,23.2,30,40.0,
MD,Mołdawia,2022,10,Jesień,pm25,22.649677419354838,21.2,18.200000000000003,26.1,40.1,31,83.87096774193549,
MD,Mołdawia,2022,11,Jesień,pm25,26.016666666666666,22.7,19.0,31.025,50.2,24,91.66666666666666,
MD,Mołdawia,2022,12,Zima,pm25,27.933333333333334,27.1,22.95,32.1,40.3,15,100.0,
MD,Mołdawia,2023,1,Zima,pm25,24.442307692307693,21.9,19.625,28.3,50.9,26,92.3076923076923,
MD,Mołdawia,2023,2,Zima,pm25,21.7,21.15,17.85,25.0,28.0,4,100.0,
MD,Mołdawia,2023,3,Wiosna,pm25,26.676923076923078,22.9,19.8,30.7,47.9,13,92.3076923076923,
MD,Mołdawia,2023,4,Wiosna,pm25,18.033333333333335,19.4,14.5,21.0,24.3,9,66.66666666666666,
MD,Mołdawia,2024,8,Lato,pm25,16.025,16.15,15.524999999999999,16.650000000000002,16.8,4,75.0,
ME,Czarnogóra,2022,3,Wiosna,no2,14.528245614035088,14.7,9.13,19.2,26.2,57,7.017543859649122,Europa Środkowa
ME,Czarnogóra,2022,3,Wiosna,o3,61.171875,59.3,51.05,72.0,89.6,32,0.0,Europa Środkowa
ME,Czarnogóra,2022,3,Wiosna,pm10,37.925000000000004,32.9,30.35,44.7,64.3,12,25.0,Europa Środkowa
ME,Czarnogóra,2022,3,Wiosna,pm25,22.17214285714286,22.200000000000003,17.55,25.0,43.7,14,85.71428571428571,Europa Środkowa
ME,Czarnogóra,2022,4,Wiosna,no2,10.327540983606557,10.1,6.470000000000001,13.95,25.9,183,0.546448087431694,Europa Środkowa
ME,Czarnogóra,2022,4,Wiosna,o3,60.58487394957984,59.4,50.1,70.80000000000001,90.8,119,0.0,Europa Środkowa
ME,Czarnogóra,2022,4,Wiosna,pm10,34.65893617021276,28.9,19.5,49.4,89.0,141,27.659574468085108,Europa Środkowa
ME,Czarnogóra,2022,4,Wiosna,pm25,18.848794326241133,13.4,8.85,24.6,63.1,141,44.680851063829785,Europa Środkowa
ME,Czarnogóra,2022,5,Wiosna,no2,8.917714285714286,7.965,6.02,11.225000000000001,21.2,210,0.0,Europa Środkowa
ME,Czarnogóra,2022,5,Wiosna,o3,51.791803278688526,50.400000000000006,40.95,61.3,94.1,122,0.0,Europa Środkowa
ME,Czarnogóra,2022,5,Wiosna,pm10,24.542066666666667,24.4,19.1,29.225,56.8,150,3.3333333333333335,Europa Środkowa
ME,Czarnogóra,2022,5,Wiosna,pm25,10.293933333333333,9.254999999999999,6.1625,12.05,33.3,150,14.666666666666666,Europa Środkowa
ME,Czarnogóra,2022,6,Lato,no2,8.859480519480519,7.24,4.775,11.95,26.8,231,1.2987012987012987,Europa Środkowa
ME,Czarnogóra,2022,6,Lato,o3,57.44576271186441,57.400000000000006,41.375,75.675,101.0,118,0.847457627118644,Europa Środkowa
ME,Czarnogóra,2022,6,Lato,pm10,25.56695035460993,23.1,15.8,34.2,69.9,141,9.219858156028367,Europa Środkowa
ME,Czarnogóra,2022,6,Lato,pm25,9.68567375886525,9.31,6.29,12.0,20.4,141,9.219858156028367,Europa Środkowa
ME,Czarnogóra,2022,7,Lato,no2,10.36610655737705,8.0,4.9425,13.8,40.3,244,6.147540983606557,Europa Środkowa
ME,Czarnogóra,2022,7,Lato,o3,70.17642276422765,71.5,51.4,93.95,127.0,123,16.260162601626014,Europa Środkowa
ME,Czarnogóra,2022,7,Lato,pm10,22.274285714285714,20.3,12.75,29.299999999999997,65.9,147,5.442176870748299,Europa Środkowa
ME,Czarnogóra,2022,7,Lato,pm25,10.607074829931973,9.37,6.65,12.0,48.7,147,14.965986394557824,Europa Środkowa
ME,Czarnogóra,2022,8,Lato,no2,10.114430894308944,7.975,5.4,12.875,40.2,246,3.2520325203252036,Europa Środkowa
ME,Czarnogóra,2022,8,Lato,o3,64.21951219512195,66.4,48.2,81.45,125.0,123,6.504065040650407,Europa Środkowa
ME,Czarnogóra,2022,8,Lato,pm10,24.588345864661655,20.4,15.1,30.7,115.0,133,7.518796992481203,Europa Środkowa
ME,Czarnogóra,2022,8,Lato,pm25,10.875407407407408,10.6,7.095000000000001,13.45,27.7,135,17.77777777777778,Europa Środkowa
ME,Czarnogóra,2022,9,Jesień,no2,7.976943231441048,7.25,4.27,10.4,27.7,229,0.8733624454148471,Europa Środkowa
ME,Czarnogóra,2022,9,Jesień,o3,51.81017699115044,55.2,42.2,63.2,85.5,113,0.0,Europa Środkowa
ME,Czarnogóra,2022,9,Jesień,pm10,18.948986486486486,15.1,11.5,22.4,108.0,148,4.054054054054054,Europa Środkowa
ME,Czarnogóra,2022,9,Jesień,pm25,11.528040540540541,8.075,5.4174999999999995,12.125,99.8,148,16.89189189189189,Europa Środkowa
ME,Czarnogóra,2022,10,Jesień,no2,11.07266393442623,10.5,4.265000000000001,16.225,38.3,244,6.147540983606557,Europa Środkowa
ME,Czarnogóra,2022,10,Jesień,o3,36.751693548387095,39.150000000000006,22.5,48.4,74.6,124,0.0,Europa Środkowa
ME,Czarnogóra,2022,10,Jesień,pm10,42.10574193548387,38.0,26.0,55.4,124.0,155,38.70967741935484,Europa Środkowa
ME,Czarnogóra,2022,10,Jesień,pm25,25.916516129032257,18.4,8.355,42.2,83.0,155,56.12903225806451,Europa Środkowa
ME,Czarnogóra,2022,11,Jesień,no2,10.793488372093023,8.47,4.4350000000000005,16.15,34.7,215,5.5813953488372094,Europa Środkowa
ME,Czarnogóra,2022,11,Jesień,o3,35.84297297297297,36.8,23.3,46.5,82.5,111,0.0,Europa Środkowa
ME,Czarnogóra,2022,11,Jesień,pm10,55.25858267716536,52.9,18.35,83.0,172.0,127,55.90551181102362,Europa Środkowa
ME,Czarnogóra,2022,11,Jesień,pm25,38.60192,25.6,6.74,69.2,157.0,125,55.2,Europa Środkowa
ME,Czarnogóra,2022,12,Zima,no2,14.15420600858369,12.1,5.86,20.3,50.8,233,15.450643776824036,Europa Środkowa
ME,Czarnogóra,2022,12,Zima,o3,27.705042016806722,25.4,17.4,36.7,70.7,119,0.0,Europa Środkowa
ME,Czarnogóra,2022,12,Zima,pm10,66.59952380952382,57.45,22.974999999999998,98.15,189.0,126,57.936507936507944,Europa Środkowa
ME,Czarnogóra,2022,12,Zima,pm25,43.483666666666664,21.2,6.49,70.8,171.0,120,55.833333333333336,Europa Środkowa
ME,Czarnogóra,2023,1,Zima,no2,13.802337662337662,10.4,3.85,20.0,46.6,77,19.480519480519483,Europa Środkowa
ME,Czarnogóra,2023,1,Zima,o3,32.332499999999996,30.65,20.75,43.025,61.7,40,0.0,Europa Środkowa
ME,Czarnogóra,2023,1,Zima,pm10,66.58292682926829,48.2,19.2,111.0,178.0,41,53.65853658536586,Europa Środkowa
ME,Czarnogóra,2023,1,Zima,pm25,42.07589743589744,20.0,5.26,69.15,148.0,39,58.97435897435898,Europa Środkowa
ME,Czarnogóra,2023,7,Lato,no2,12.767520661157024,11.5,5.87,17.8,44.9,121,12.396694214876034,Europa Środkowa
ME,Czarnogóra,2023,7,Lato,o3,72.75555555555556,76.55000000000001,66.05,82.675,107.0,54,3.7037037037037033,Europa Środkowa
ME,Czarnogóra,2023,7,Lato,pm10,25.214523809523808,22.2,14.75,31.475,67.3,84,10.714285714285714,Europa Środkowa
ME,Czarnogóra,2023,7,Lato,pm25,11.267882352941177,11.4,9.23,13.8,20.1,85,10.588235294117647,Europa Środkowa
ME,Czarnogóra,2023,8,Lato,no2,13.742601156069366,12.1,6.25,16.6,46.8,173,13.872832369942195,Europa Środkowa
ME,Czarnogóra,2023,8,Lato,o3,61.15280898876405,64.1,52.5,73.1,107.0,89,1.1235955056179776,Europa Środkowa
ME,Czarnogóra,2023,8,Lato,pm10,18.441732283464567,15.7,10.8,23.75,57.7,127,3.937007874015748,Europa Środkowa
ME,Czarnogóra,2023,8,Lato,pm25,11.534803149606299,10.0,6.55,14.8,27.6,127,24.409448818897637,Europa Środkowa
ME,Czarnogóra,2023,9,Jesień,no2,15.203804878048782,13.9,7.98,20.3,43.4,205,16.585365853658537,Europa Środkowa
ME,Czarnogóra,2023,9,Jesień,o3,60.38181818181818,62.7,47.6,73.25,95.2,88,0.0,Europa Środkowa
ME,Czarnogóra,2023,9,Jesień,pm10,19.324421768707484,16.4,13.05,22.1,54.7,147,5.442176870748299,Europa Środkowa
ME,Czarnogóra,2023,9,Jesień,pm25,10.631632653061224,10.4,8.695,11.7,23.4,147,6.802721088435375,Europa Środkowa
ME,Czarnogóra,2023,10,Jesień,no2,15.060271739130435,13.6,4.9875,23.200000000000003,43.5,184,21.73913043478261,Europa Środkowa
ME,Czarnogóra,2023,10,Jesień,o3,37.191511627906976,36.650000000000006,23.3,49.475,78.7,86,0.0,Europa Środkowa
ME,Czarnogóra,2023,10,Jesień,pm10,22.582846153846155,21.05,16.2,27.875,63.8,130,3.076923076923077,Europa Środkowa
ME,Czarnogóra,2023,10,Jesień,pm25,14.219846153846154,12.7,8.46,17.7,60.3,130,40.76923076923077,Europa Środkowa
ME,Czarnogóra,2023,11,Jesień,no2,11.524847161572053,10.2,3.54,16.6,45.6,229,9.170305676855897,Europa Środkowa
ME,Czarnogóra,2023,11,Jesień,o3,33.11974789915966,30.0,23.700000000000003,42.9,71.9,119,0.0,Europa Środkowa
ME,Czarnogóra,2023,11,Jesień,pm10,33.58125,24.25,11.275,43.025,171.0,144,25.0,Europa Środkowa
ME,Czarnogóra,2023,11,Jesień,pm25,25.575323741007193,14.7,6.2,31.65,146.0,139,49.64028776978417,Europa Środkowa
ME,Czarnogóra,2023,12,Zima,no2,14.152173913043478,11.5,3.7300000000000004,21.9,53.8,207,18.84057971014493,Europa Środkowa
ME,Czarnogóra,2023,12,Zima,o3,27.43873949579832,24.8,16.1,36.05,72.2,119,0.0,Europa Środkowa
ME,Czarnogóra,2023,12,Zima,pm10,55.43783333333333,50.4,21.2,84.32499999999999,176.0,120,53.333333333333336,Europa Środkowa
ME,Czarnogóra,2023,12,Zima,pm25,41.57640000000001,22.3,10.17,63.1,155.0,100,63.0,Europa Środkowa
ME,Czarnogóra,2024,1,Zima,no2,15.060717488789237,14.0,4.255,23.15,52.8,223,18.385650224215247,Europa Środkowa
ME,Czarnogóra,2024,1,Zima,o3,39.635,37.5,28.675,46.775000000000006,74.7,120,0.0,Europa Środkowa
ME,Czarnogóra,2024,1,Zima,pm10,48.65335616438357,40.95,15.6,66.325,195.0,146,45.20547945205479,Europa Środkowa
ME,Czarnogóra,2024,1,Zima,pm25,39.09173913043478,33.0,9.195,52.9,185.0,138,66.66666666666666,Europa Środkowa
ME,Czarnogóra,2024,2,Zima,no2,20.2024375,19.6,13.45,24.525,57.9,160,23.125,Europa Środkowa
ME,Czarnogóra,2024,2,Zima,o3,43.81551724137931,42.15,33.45,53.300000000000004,82.2,116,0.0,Europa Środkowa
ME,Czarnogóra,2024,2,Zima,pm10,43.28358620689655,34.6,18.6,62.1,159.0,145,37.93103448275862,Europa Środkowa
ME,Czarnogóra,2024,2,Zima,pm25,35.426788321167884,28.8,11.4,54.0,145.0,137,70.07299270072993,Europa Środkowa
ME,Czarnogóra,2024,3,Wiosna,no2,14.874175824175824,14.0,11.3,18.4,33.0,91,3.296703296703297,Europa Środkowa
ME,Czarnogóra,2024,3,Wiosna,o3,43.03055555555555,40.9,33.699999999999996,50.45,72.2,72,0.0,Europa Środkowa
ME,Czarnogóra,2024,3,Wiosna,pm10,25.46466666666667,23.65,15.45,32.175,62.9,90,10.0,Europa Środkowa
ME,Czarnogóra,2024,3,Wiosna,pm25,21.80377777777778,20.4,11.925,28.175,60.4,90,68.88888888888889,Europa Środkowa
ME,Czarnogóra,2024,12,Zima,no2,16.247391304347826,12.9,6.67,23.45,49.0,92,22.82608695652174,Europa Środkowa
ME,Czarnogóra,2024,12,Zima,o3,43.12895833333334,43.95,27.5,54.8,81.0,48,0.0,Europa Środkowa
ME,Czarnogóra,2025,1,Zima,no2,17.284291666666668,15.1,8.557500000000001,23.8,58.0,168,22.61904761904762,Europa Środkowa
ME,Czarnogóra,2025,1,Zima,o3,38.94705882352941,38.3,27.1,50.1,68.7,85,0.0,Europa Środkowa
ME,Czarnogóra,2025,2,Zima,no2,14.0625,13.5,8.385,19.1,30.4,12,8.333333333333332,Europa Środkowa
ME,Czarnogóra,2025,2,Zima,o3,30.483333333333334,31.599999999999998,21.5,39.0,42.5,6,0.0,Europa Środkowa
ME,Czarnogóra,2025,4,Wiosna,no2,11.531223021582733,11.4,6.6850000000000005,16.25,31.8,139,1.4388489208633095,Europa Środkowa
ME,Czarnogóra,2025,4,Wiosna,o3,54.692499999999995,51.95,43.275,61.925,106.0,80,1.25,Europa Środkowa
ME,Czarnogóra,2025,5,Wiosna,no2,10.629657142857143,10.6,6.62,14.6,26.6,175,1.1428571428571428,Europa Środkowa
ME,Czarnogóra,2025,5,Wiosna,o3,57.248999999999995,54.4,45.95,66.075,114.0,100,1.0,Europa Środkowa
ME,Czarnogóra,2025,6,Lato,no2,14.302775119617225,11.1,8.24,19.4,48.4,209,14.354066985645932,Europa Środkowa
ME,Czarnogóra,2025,6,Lato,o3,66.75333333333333,61.45,44.5,86.225,122.0,120,10.833333333333334,Europa Środkowa
ME,Czarnogóra,2025,7,Lato,no2,14.997685185185185,12.8,9.227500000000001,18.45,39.7,216,13.425925925925927,Europa Środkowa
ME,Czarnogóra,2025,7,Lato,o3,66.96016260162602,66.0,46.650000000000006,85.85,116.0,123,7.317073170731707,Europa Środkowa
ME,Czarnogóra,2025,8,Lato,no2,17.0846192893401,14.7,10.0,22.1,46.1,197,20.304568527918782,Europa Środkowa
ME,Czarnogóra,2025,8,Lato,o3,64.74857142857144,58.9,44.4,85.2,121.0,105,7.6190476190476195,Europa Środkowa
ME,Czarnogóra,2025,9,Jesień,no2,13.789032258064514,12.4,8.93,18.0,36.7,217,5.529953917050691,Europa Środkowa
ME,Czarnogóra,2025,9,Jesień,o3,45.2436974789916,43.6,32.1,58.65,97.9,119,0.0,Europa Środkowa
ME,Czarnogóra,2025,9,Jesień,pm10,9.691725925925926,9.16,6.465,12.8,42.1,135,0.0,Europa Środkowa
ME,Czarnogóra,2025,9,Jesień,pm25,6.188721804511278,6.24,4.32,7.92,13.6,133,0.0,Europa Środkowa
ME,Czarnogóra,2025,10,Jesień,no2,13.842418604651161,13.2,8.46,18.5,32.1,215,6.511627906976744,Europa Środkowa
ME,Czarnogóra,2025,10,Jesień,o3,35.81618181818182,33.45,22.049999999999997,49.5,72.1,110,0.0,Europa Środkowa
ME,Czarnogóra,2025,10,Jesień,pm10,18.72487012987013,13.6,8.9225,25.35,63.0,154,8.441558441558442,Europa Środkowa
ME,Czarnogóra,2025,10,Jesień,pm25,13.482532467532467,10.55,5.797499999999999,18.425,55.2,154,31.16883116883117,Europa Środkowa
ME,Czarnogóra,2025,11,Jesień,no2,10.338134328358208,10.3,4.077500000000001,15.325,26.4,134,2.2388059701492535,Europa Środkowa
ME,Czarnogóra,2025,11,Jesień,o3,31.488392857142856,26.8,18.325,37.85,70.4,56,0.0,Europa Środkowa
ME,Czarnogóra,2025,11,Jesień,pm10,27.532132352941176,18.4,10.35,35.175,143.0,136,19.852941176470587,Europa Środkowa
ME,Czarnogóra,2025,11,Jesień,pm25,20.67919117647059,13.0,6.1775,27.125,122.0,136,43.38235294117647,Europa Środkowa
ME,Czarnogóra,2025,12,Zima,no2,16.296008733624454,15.1,7.63,24.4,52.3,229,24.017467248908297,Europa Środkowa
ME,Czarnogóra,2025,12,Zima,o3,26.66147826086957,24.3,14.2,38.25,72.8,115,0.0,Europa Środkowa
ME,Czarnogóra,2025,12,Zima,pm10,49.55320610687023,39.5,21.9,67.55,179.0,131,43.51145038167939,Europa Środkowa
ME,Czarnogóra,2025,12,Zima,pm25,37.244180327868854,30.6,10.45,55.325,155.0,122,65.57377049180327,Europa Środkowa
MK,Macedonia Północna,2022,1,Zima,no2,21.890923076923077,19.7,11.1,30.6,66.1,429,36.36363636363637,Europa Południowa
MK,Macedonia Północna,2022,1,Zima,o3,25.609582089552237,22.0,11.125,36.099999999999994,86.2,402,0.0,Europa Południowa
MK,Macedonia Północna,2022,1,Zima,pm10,52.382812201591506,47.2,24.3,74.9,146.0,377,52.51989389920424,Europa Południowa
MK,Macedonia Północna,2022,1,Zima,pm25,19.758446774193548,16.1,8.959999999999999,28.525,51.5,62,51.61290322580645,Europa Południowa
MK,Macedonia Północna,2022,2,Zima,no2,20.707201954397394,19.8,11.45,28.9,61.4,307,33.55048859934853,Europa Południowa
MK,Macedonia Północna,2022,2,Zima,o3,27.044916387959866,22.6,12.4,35.0,86.4,299,0.0,Europa Południowa
MK,Macedonia Północna,2022,2,Zima,pm10,50.926770833333336,47.8,29.5,70.3,139.0,288,51.041666666666664,Europa Południowa
MK,Macedonia Północna,2022,2,Zima,pm25,15.447111111111111,13.1,8.75,19.3,49.7,45,42.22222222222222,Europa Południowa
MK,Macedonia Północna,2022,3,Wiosna,no2,18.871445623342176,16.9,9.22,25.6,60.9,377,26.525198938992045,Europa Południowa
MK,Macedonia Północna,2022,3,Wiosna,o3,41.656286472148544,37.9,24.5,56.2,110.0,377,0.5305039787798408,Europa Południowa
MK,Macedonia Północna,2022,3,Wiosna,pm10,44.877420212765955,42.0,29.9,59.2,112.0,376,44.148936170212764,Europa Południowa
MK,Macedonia Północna,2022,3,Wiosna,pm25,13.41344827586207,10.7,7.42,16.0,42.2,58,29.310344827586203,Europa Południowa
MK,Macedonia Północna,2022,4,Wiosna,no2,15.241265463917525,11.850000000000001,5.827500000000001,19.8,55.7,388,17.783505154639176,Europa Południowa
MK,Macedonia Północna,2022,4,Wiosna,o3,43.87743076923077,40.45,27.025,58.8,106.0,390,0.7692307692307693,Europa Południowa
MK,Macedonia Północna,2022,4,Wiosna,pm10,26.679768637532135,25.5,16.1,36.6,94.6,389,11.825192802056556,Europa Południowa
MK,Macedonia Północna,2022,4,Wiosna,pm25,8.772033898305084,5.86,3.635,9.635,35.3,59,11.864406779661017,Europa Południowa
MK,Macedonia Północna,2022,5,Wiosna,no2,15.590680203045686,12.2,8.33,18.25,77.3,394,17.258883248730964,Europa Południowa
MK,Macedonia Północna,2022,5,Wiosna,o3,43.75704303797468,42.1,27.6,60.2,95.1,395,0.0,Europa Południowa
MK,Macedonia Północna,2022,5,Wiosna,pm10,28.12311392405063,27.4,20.85,34.1,54.8,395,5.822784810126582,Europa Południowa
MK,Macedonia Północna,2022,5,Wiosna,pm25,9.783333333333333,8.915,6.1275,11.725,54.2,60,5.0,Europa Południowa
MK,Macedonia Północna,2022,6,Lato,no2,14.089653846153846,11.0,7.9625,21.0,47.6,338,16.86390532544379,Europa Południowa
MK,Macedonia Północna,2022,6,Lato,o3,44.38590598290598,43.5,26.85,61.85,91.6,351,0.0,Europa Południowa
MK,Macedonia Północna,2022,6,Lato,pm10,26.22550724637681,25.2,18.4,32.4,64.1,345,4.3478260869565215,Europa Południowa
MK,Macedonia Północna,2022,6,Lato,pm25,11.725106382978725,8.42,7.195,9.969999999999999,42.6,47,14.893617021276595,Europa Południowa
MK,Macedonia Północna,2022,7,Lato,no2,12.298153846153847,11.4,5.91,16.8,46.1,299,9.364548494983277,Europa Południowa
MK,Macedonia Północna,2022,7,Lato,o3,55.1595593220339,54.1,36.4,74.45,117.0,295,3.728813559322034,Europa Południowa
MK,Macedonia Północna,2022,7,Lato,pm10,23.23224832214765,22.25,17.1,29.475,61.1,298,1.6778523489932886,Europa Południowa
MK,Macedonia Północna,2022,7,Lato,pm25,12.533399999999999,10.7,6.9675,15.575,36.8,50,28.000000000000004,Europa Południowa
MK,Macedonia Północna,2022,8,Lato,no2,13.205258575197888,12.1,7.0649999999999995,18.299999999999997,54.3,379,10.026385224274406,Europa Południowa
MK,Macedonia Północna,2022,8,Lato,o3,47.09875989445911,47.9,27.85,64.05,106.0,379,0.5277044854881267,Europa Południowa
MK,Macedonia Północna,2022,8,Lato,pm10,24.85220338983051,23.3,16.4,30.7,118.0,413,6.5375302663438255,Europa Południowa
MK,Macedonia Północna,2022,8,Lato,pm25,13.594102564102563,11.600000000000001,7.9575,16.525000000000002,41.1,78,30.76923076923077,Europa Południowa
MK,Macedonia Północna,2022,9,Jesień,no2,12.45596408839779,11.2,6.8325,17.975,41.6,362,7.734806629834254,Europa Południowa
MK,Macedonia Północna,2022,9,Jesień,o3,30.83647222222222,28.799999999999997,14.475,47.65,79.7,360,0.0,Europa Południowa
MK,Macedonia Północna,2022,9,Jesień,pm10,20.775644329896906,20.35,13.2,27.35,49.7,388,1.804123711340206,Europa Południowa
MK,Macedonia Północna,2022,9,Jesień,pm25,10.077714285714285,7.9,6.6375,12.875,36.6,70,15.714285714285714,Europa Południowa
MK,Macedonia Północna,2022,10,Jesień,no2,13.763020618556702,13.1,8.275,19.799999999999997,42.3,291,9.965635738831615,Europa Południowa
MK,Macedonia Północna,2022,10,Jesień,o3,21.209999999999997,17.5,9.315000000000001,30.95,75.0,291,0.0,Europa Południowa
MK,Macedonia Północna,2022,10,Jesień,pm10,33.967193548387094,32.1,20.5,46.875,107.0,310,27.741935483870968,Europa Południowa
MK,Macedonia Północna,2022,10,Jesień,pm25,18.6588,18.7,13.1,23.4,36.4,25,68.0,Europa Południowa
MK,Macedonia Północna,2022,11,Jesień,no2,13.441843670886074,12.8,7.765000000000001,17.8,45.2,316,8.860759493670885,Europa Południowa
MK,Macedonia Północna,2022,11,Jesień,o3,17.726797385620912,10.9,5.055,25.349999999999998,89.8,306,0.0,Europa Południowa
MK,Macedonia Północna,2022,11,Jesień,pm10,46.182388059701495,45.9,22.25,67.15,155.0,335,51.64179104477612,Europa Południowa
MK,Macedonia Północna,2022,11,Jesień,pm25,32.35703703703704,34.0,21.049999999999997,39.7,73.1,27,85.18518518518519,Europa Południowa
MK,Macedonia Północna,2022,12,Zima,no2,14.894527638190954,14.4,7.51,21.1,51.5,199,15.07537688442211,Europa Południowa
MK,Macedonia Północna,2022,12,Zima,o3,12.461581920903953,9.5,5.22,17.3,54.7,177,0.0,Europa Południowa
MK,Macedonia Północna,2022,12,Zima,pm10,50.15227218934911,48.7,22.6,74.5,150.0,169,53.84615384615385,Europa Południowa
MK,Macedonia Północna,2022,12,Zima,pm25,44.03333333333333,45.400000000000006,32.0,53.475,80.5,24,91.66666666666666,Europa Południowa
MK,Macedonia Północna,2023,1,Zima,no2,16.064124590163935,14.0,7.71,22.8,56.0,305,19.34426229508197,Europa Południowa
MK,Macedonia Północna,2023,1,Zima,o3,23.092926045016075,15.5,7.68,31.0,95.9,311,0.0,Europa Południowa
MK,Macedonia Północna,2023,1,Zima,pm10,46.62015209125475,38.1,20.85,65.2,171.0,263,39.92395437262358,Europa Południowa
MK,Macedonia Północna,2023,1,Zima,pm25,39.235,35.1,24.6,56.8,77.4,20,90.0,Europa Południowa
MK,Macedonia Północna,2023,2,Zima,no2,16.741041666666668,18.05,10.3,21.85,36.5,48,14.583333333333334,Europa Południowa
MK,Macedonia Północna,2023,2,Zima,o3,25.301346153846154,17.049999999999997,6.95,31.675,104.0,52,1.9230769230769231,Europa Południowa
MK,Macedonia Północna,2023,2,Zima,pm10,63.997441860465116,58.5,37.8,91.3,154.0,43,69.76744186046511,Europa Południowa
MK,Macedonia Północna,2023,2,Zima,pm25,23.832500000000003,24.55,18.4825,29.900000000000002,37.7,4,75.0,Europa Południowa
MK,Macedonia Północna,2023,3,Wiosna,no2,13.249386740331492,15.1,3.48,19.2,36.3,181,9.94475138121547,Europa Południowa
MK,Macedonia Północna,2023,3,Wiosna,o3,38.19659340659341,32.45,17.4,55.675000000000004,108.0,182,1.6483516483516485,Europa Południowa
MK,Macedonia Północna,2023,3,Wiosna,pm10,31.95398773006135,30.9,14.149999999999999,43.45,125.0,163,22.085889570552148,Europa Południowa
MK,Macedonia Północna,2023,3,Wiosna,pm25,10.457857142857142,8.18,5.720000000000001,12.2,29.8,14,14.285714285714285,Europa Południowa
MK,Macedonia Północna,2023,4,Wiosna,no2,9.156298969072164,6.4,1.7425,16.849999999999998,36.5,194,5.154639175257731,Europa Południowa
MK,Macedonia Północna,2023,4,Wiosna,o3,43.317282051282056,37.1,20.5,66.05,123.0,195,4.102564102564102,Europa Południowa
MK,Macedonia Północna,2023,4,Wiosna,pm10,20.593192771084336,19.2,12.525,26.875,66.6,166,3.614457831325301,Europa Południowa
MK,Macedonia Północna,2023,4,Wiosna,pm25,9.746,9.81,6.654999999999999,12.75,16.4,15,6.666666666666667,Europa Południowa
MK,Macedonia Północna,2023,5,Wiosna,no2,6.915347826086957,4.57,1.4675,10.425,32.4,92,3.260869565217391,Europa Południowa
MK,Macedonia Północna,2023,5,Wiosna,o3,30.844042553191493,26.4,15.075,43.325,98.3,94,0.0,Europa Południowa
MK,Macedonia Północna,2023,5,Wiosna,pm10,19.52688888888889,19.0,12.774999999999999,25.725,50.3,90,2.2222222222222223,Europa Południowa
MK,Macedonia Północna,2023,5,Wiosna,pm25,9.741428571428571,9.65,4.03,13.9,21.6,7,28.57142857142857,Europa Południowa
MK,Macedonia Północna,2023,6,Lato,no2,8.5129609375,9.08,1.8450000000000002,12.325000000000001,27.1,128,1.5625,Europa Południowa
MK,Macedonia Północna,2023,6,Lato,o3,46.55730158730159,47.55,27.45,63.05,87.4,126,0.0,Europa Południowa
MK,Macedonia Północna,2023,6,Lato,pm10,20.8708,21.8,16.075000000000003,26.025,39.5,100,0.0,Europa Południowa
MK,Macedonia Północna,2023,6,Lato,pm25,10.050178571428573,9.985,7.5649999999999995,11.925,20.0,56,7.142857142857142,Europa Południowa
MK,Macedonia Północna,2023,7,Lato,no2,9.971016438356164,9.76,2.46,14.5,30.4,365,4.657534246575342,Europa Południowa
MK,Macedonia Północna,2023,7,Lato,o3,52.88597260273973,52.9,37.2,68.7,116.0,365,0.547945205479452,Europa Południowa
MK,Macedonia Północna,2023,7,Lato,pm10,25.815992779783393,24.2,17.4,32.9,71.7,277,6.859205776173286,Europa Południowa
MK,Macedonia Północna,2023,7,Lato,pm25,10.122578125,9.594999999999999,7.057499999999999,12.9,22.0,256,14.84375,Europa Południowa
MK,Macedonia Północna,2023,8,Lato,no2,8.969481994459834,8.87,1.86,13.8,31.7,361,1.3850415512465373,Europa Południowa
MK,Macedonia Północna,2023,8,Lato,o3,56.40956284153006,55.55,40.325,72.775,133.0,366,1.092896174863388,Europa Południowa
MK,Macedonia Północna,2023,8,Lato,pm10,21.526436363636364,20.5,14.0,28.05,75.1,275,3.6363636363636362,Europa Południowa
MK,Macedonia Północna,2023,8,Lato,pm25,10.163746987951807,9.7,6.37,13.6,51.2,249,17.269076305220885,Europa Południowa
MK,Macedonia Północna,2023,9,Jesień,no2,11.059904761904763,10.649999999999999,1.835,16.025,45.9,252,7.142857142857142,Europa Południowa
MK,Macedonia Północna,2023,9,Jesień,o3,52.1869111969112,53.9,36.8,66.85,112.0,259,1.5444015444015444,Europa Południowa
MK,Macedonia Północna,2023,9,Jesień,pm10,26.590437158469946,27.1,20.75,33.45,54.1,183,2.73224043715847,Europa Południowa
MK,Macedonia Północna,2023,9,Jesień,pm25,11.057724867724867,10.9,7.99,14.4,24.2,189,21.164021164021165,Europa Południowa
MK,Macedonia Północna,2023,10,Jesień,no2,12.989523415977962,12.7,4.475,19.3,47.0,363,10.46831955922865,Europa Południowa
MK,Macedonia Północna,2023,10,Jesień,o3,30.889148936170212,28.05,13.9,45.0,104.0,376,0.26595744680851063,Europa Południowa
MK,Macedonia Północna,2023,10,Jesień,pm10,35.29669322709163,33.9,27.5,42.95,81.3,251,18.725099601593627,Europa Południowa
MK,Macedonia Północna,2023,10,Jesień,pm25,15.54774193548387,14.7,10.850000000000001,18.95,52.0,279,47.67025089605735,Europa Południowa
MK,Macedonia Północna,2023,11,Jesień,no2,12.555023376623376,11.4,4.12,18.0,43.1,385,11.948051948051948,Europa Południowa
MK,Macedonia Północna,2023,11,Jesień,o3,25.100465116279068,18.6,7.77,37.3,102.0,387,0.2583979328165375,Europa Południowa
MK,Macedonia Północna,2023,11,Jesień,pm10,36.80501872659176,32.0,19.5,48.8,136.0,267,30.711610486891384,Europa Południowa
MK,Macedonia Północna,2023,11,Jesień,pm25,23.41585496183206,19.75,11.9,30.675,89.1,262,63.358778625954194,Europa Południowa
MK,Macedonia Północna,2023,12,Zima,no2,18.973882063882062,16.6,5.890000000000001,26.15,66.8,407,28.00982800982801,Europa Południowa
MK,Macedonia Północna,2023,12,Zima,o3,19.25469387755102,11.75,6.4725,25.75,85.6,392,0.0,Europa Południowa
MK,Macedonia Północna,2023,12,Zima,pm10,57.691607142857144,57.650000000000006,26.95,84.65,155.0,224,57.14285714285714,Europa Południowa
MK,Macedonia Północna,2023,12,Zima,pm25,42.03692307692308,37.8,22.625,55.15,121.0,182,87.91208791208791,Europa Południowa
MK,Macedonia Północna,2024,1,Zima,no2,17.696886363636363,14.95,3.82,24.525,79.5,440,24.31818181818182,Europa Południowa
MK,Macedonia Północna,2024,1,Zima,o3,25.548605527638188,18.4,9.2425,37.175000000000004,120.0,398,1.0050251256281406,Europa Południowa
MK,Macedonia Północna,2024,1,Zima,pm10,51.30424615384616,46.3,22.0,74.2,167.0,325,50.46153846153846,Europa Południowa
MK,Macedonia Północna,2024,1,Zima,pm25,37.14038461538462,33.75,21.625,46.35,123.0,234,88.03418803418803,Europa Południowa
MK,Macedonia Północna,2024,2,Zima,no2,17.8989846743295,15.9,4.8925,24.6,84.8,522,24.137931034482758,Europa Południowa
MK,Macedonia Północna,2024,2,Zima,o3,28.401423935091277,24.6,14.3,37.3,88.3,493,0.0,Europa Południowa
MK,Macedonia Północna,2024,2,Zima,pm10,48.69451456310679,45.6,27.849999999999998,65.95,133.0,412,51.213592233009706,Europa Południowa
MK,Macedonia Północna,2024,2,Zima,pm25,33.52219512195122,31.0,19.9,44.150000000000006,91.3,287,87.10801393728222,Europa Południowa
MK,Macedonia Północna,2024,3,Wiosna,no2,13.654283980582523,12.3,4.9375,18.8,58.6,412,13.592233009708737,Europa Południowa
MK,Macedonia Północna,2024,3,Wiosna,o3,32.00653164556962,28.6,16.55,46.05,111.0,395,0.5063291139240507,Europa Południowa
MK,Macedonia Północna,2024,3,Wiosna,pm10,30.868972140762462,30.9,17.6,41.2,95.5,341,19.06158357771261,Europa Południowa
MK,Macedonia Północna,2024,3,Wiosna,pm25,20.764527559055118,19.05,13.825000000000001,25.225,63.4,254,68.89763779527559,Europa Południowa
MK,Macedonia Północna,2024,4,Wiosna,no2,17.135094910591473,13.7,6.51,23.05,85.3,727,21.320495185694636,Europa Południowa
MK,Macedonia Północna,2024,4,Wiosna,o3,38.147661169415294,38.7,21.3,54.45,96.4,667,0.0,Europa Południowa
MK,Macedonia Północna,2024,4,Wiosna,pm10,24.800810810810813,23.9,15.9,31.8,69.8,481,6.652806652806653,Europa Południowa
MK,Macedonia Północna,2024,4,Wiosna,pm25,12.49112087912088,12.0,9.07,14.850000000000001,53.6,455,24.175824175824175,Europa Południowa
MK,Macedonia Północna,2024,5,Wiosna,no2,14.435985052316893,11.0,4.39,19.3,70.4,669,14.947683109118087,Europa Południowa
MK,Macedonia Północna,2024,5,Wiosna,o3,34.55019017432646,35.0,18.35,50.7,89.5,631,0.0,Europa Południowa
MK,Macedonia Północna,2024,5,Wiosna,pm10,20.352988764044945,19.0,14.4,24.1,65.5,445,3.146067415730337,Europa Południowa
MK,Macedonia Północna,2024,5,Wiosna,pm25,10.130732265446225,9.4,6.96,12.1,44.1,437,12.128146453089245,Europa Południowa
MK,Macedonia Północna,2024,6,Lato,no2,14.02390756302521,11.350000000000001,3.7025,19.15,67.6,714,14.425770308123248,Europa Południowa
MK,Macedonia Północna,2024,6,Lato,o3,46.46468277945619,49.4,35.45,62.0,101.0,662,0.1510574018126888,Europa Południowa
MK,Macedonia Północna,2024,6,Lato,pm10,30.165173160173158,27.1,19.725,36.7,93.3,462,16.017316017316016,Europa Południowa
MK,Macedonia Północna,2024,6,Lato,pm25,12.815995475113123,11.25,8.842500000000001,15.275,53.5,442,25.791855203619914,Europa Południowa
MK,Macedonia Północna,2024,7,Lato,no2,16.67737757731959,16.65,5.54,22.825,63.2,776,17.912371134020617,Europa Południowa
MK,Macedonia Północna,2024,7,Lato,o3,58.282057220708445,60.45,44.349999999999994,75.9,114.0,734,0.4087193460490463,Europa Południowa
MK,Macedonia Północna,2024,7,Lato,pm10,25.869335863377607,26.1,19.5,32.8,92.2,527,4.554079696394687,Europa Południowa
MK,Macedonia Północna,2024,7,Lato,pm25,13.85351515151515,13.3,10.3,15.9,54.1,495,30.909090909090907,Europa Południowa
MK,Macedonia Północna,2024,8,Lato,no2,17.37538129496403,14.1,6.79,24.45,71.6,695,23.453237410071942,Europa Południowa
MK,Macedonia Północna,2024,8,Lato,o3,54.38981981981983,55.7,37.625,72.35000000000001,129.0,666,1.0510510510510511,Europa Południowa
MK,Macedonia Północna,2024,8,Lato,pm10,25.327617834394903,25.4,19.35,31.45,77.1,471,4.246284501061571,Europa Południowa
MK,Macedonia Północna,2024,8,Lato,pm25,13.949713656387665,13.6,10.6,16.7,38.0,454,35.68281938325991,Europa Południowa
MK,Macedonia Północna,2024,9,Jesień,no2,17.417832627118646,13.7,5.0375,24.4,92.0,472,23.516949152542374,Europa Południowa
MK,Macedonia Północna,2024,9,Jesień,o3,31.61919282511211,27.75,15.0,45.724999999999994,96.1,446,0.0,Europa Południowa
MK,Macedonia Północna,2024,9,Jesień,pm10,26.076310344827586,23.5,12.525,37.575,103.0,290,10.689655172413794,Europa Południowa
MK,Macedonia Północna,2024,9,Jesień,pm25,13.4409900990099,12.2,7.615,18.4,42.5,303,38.613861386138616,Europa Południowa
MK,Macedonia Północna,2025,1,Zima,no2,20.4590625,18.65,9.235,27.65,59.9,64,31.25,Europa Południowa
MK,Macedonia Północna,2025,1,Zima,o3,13.824927536231883,9.77,4.34,18.4,67.5,69,0.0,Europa Południowa
MK,Macedonia Północna,2025,1,Zima,pm10,69.39755102040816,69.1,52.5,87.2,121.0,49,87.75510204081633,Europa Południowa
MK,Macedonia Północna,2025,1,Zima,pm25,49.10625,50.7,38.3,54.1,112.0,32,100.0,Europa Południowa
MK,Macedonia Północna,2025,4,Wiosna,no2,20.91675,17.6,9.350000000000001,23.475,65.7,40,22.5,Europa Południowa
MK,Macedonia Północna,2025,4,Wiosna,o3,26.54325,20.35,14.075,35.325,66.5,40,0.0,Europa Południowa
MK,Macedonia Północna,2025,4,Wiosna,pm10,35.21470588235294,25.35,18.275000000000002,37.25,110.0,34,20.588235294117645,Europa Południowa
MK,Macedonia Północna,2025,4,Wiosna,pm25,20.078125,14.95,11.200000000000001,24.0,63.9,32,50.0,Europa Południowa
MK,Macedonia Północna,2025,7,Lato,no2,12.442885496183207,10.3,4.335,17.45,48.3,131,9.16030534351145,Europa Południowa
MK,Macedonia Północna,2025,7,Lato,o3,55.30836607142857,59.85,39.95,74.525,104.0,112,2.6785714285714284,Europa Południowa
MK,Macedonia Północna,2025,7,Lato,pm10,30.129158878504676,24.3,17.299999999999997,41.85,100.0,107,19.626168224299064,Europa Południowa
MK,Macedonia Północna,2025,7,Lato,pm25,12.525360824742268,12.3,8.0,15.1,34.3,97,25.773195876288657,Europa Południowa
MK,Macedonia Północna,2025,8,Lato,no2,12.464696969696972,10.1,4.98,18.2,47.7,165,9.696969696969697,Europa Południowa
MK,Macedonia Północna,2025,8,Lato,o3,48.02902777777778,47.15,34.699999999999996,61.949999999999996,93.4,144,0.0,Europa Południowa
MK,Macedonia Północna,2025,8,Lato,pm10,20.012105263157896,19.7,14.7,23.7,50.2,133,1.5037593984962405,Europa Południowa
MK,Macedonia Północna,2025,8,Lato,pm25,9.749384615384615,9.425,7.555,11.0,21.7,130,4.615384615384616,Europa Południowa
MK,Macedonia Północna,2025,9,Jesień,no2,13.101374999999999,8.96,3.935,20.2,60.8,392,12.5,Europa Południowa
MK,Macedonia Północna,2025,9,Jesień,o3,35.72407643312102,35.650000000000006,23.725,46.8,80.6,314,0.0,Europa Południowa
MK,Macedonia Północna,2025,9,Jesień,pm10,23.903333333333332,22.5,17.6,29.25,55.2,303,2.9702970297029703,Europa Południowa
MK,Macedonia Północna,2025,9,Jesień,pm25,9.766290322580646,9.594999999999999,6.85,12.174999999999999,20.1,310,10.0,Europa Południowa
MK,Macedonia Północna,2025,10,Jesień,no2,12.963497402597403,9.935,4.8325,18.3,48.0,770,15.714285714285714,Europa Południowa
MK,Macedonia Północna,2025,10,Jesień,o3,19.230583468395462,17.0,10.6,25.9,69.7,617,0.0,Europa Południowa
MK,Macedonia Północna,2025,10,Jesień,pm10,29.85066558441558,28.1,19.1,39.05,86.6,616,15.0974025974026,Europa Południowa
MK,Macedonia Północna,2025,10,Jesień,pm25,17.941197836166925,17.3,11.350000000000001,22.9,50.0,647,59.969088098918085,Europa Południowa
MK,Macedonia Północna,2025,11,Jesień,no2,13.804378571428572,11.149999999999999,5.4775,20.6,46.0,700,15.571428571428573,Europa Południowa
MK,Macedonia Północna,2025,11,Jesień,o3,15.19453792486583,12.0,7.43,18.55,71.6,559,0.0,Europa Południowa
MK,Macedonia Północna,2025,11,Jesień,pm10,39.17502673796791,35.6,23.0,51.6,129.0,561,32.97682709447415,Europa Południowa
MK,Macedonia Północna,2025,11,Jesień,pm25,24.569221465076662,23.0,13.4,32.6,89.7,587,71.55025553662692,Europa Południowa
MK,Macedonia Północna,2025,12,Zima,no2,16.066853651685392,13.3,6.7875,23.6,61.6,712,22.05056179775281,Europa Południowa
MK,Macedonia Północna,2025,12,Zima,o3,13.140195035460993,11.1,6.175,17.95,53.3,564,0.0,Europa Południowa
MK,Macedonia Północna,2025,12,Zima,pm10,56.862474509803924,53.6,31.575,76.325,175.0,510,58.43137254901961,Europa Południowa
MK,Macedonia Północna,2025,12,Zima,pm25,36.3639732510288,33.95,18.525,51.150000000000006,119.0,486,80.8641975308642,Europa Południowa
MT,Malta,2022,1,Zima,no2,14.679428571428572,11.1,3.91,20.6,53.5,119,15.966386554621847,Europa Południowa
MT,Malta,2022,1,Zima,o3,64.64075630252101,65.5,55.0,76.9,95.7,119,0.0,Europa Południowa
MT,Malta,2022,1,Zima,pm10,17.21942528735632,16.2,12.1,22.4,38.4,87,0.0,Europa Południowa
MT,Malta,2022,1,Zima,pm25,9.571290322580644,8.71,6.54,12.525,20.8,62,11.29032258064516,Europa Południowa
MT,Malta,2022,2,Zima,no2,16.41394642857143,12.25,3.8225000000000002,23.924999999999997,62.3,112,22.321428571428573,Europa Południowa
MT,Malta,2022,2,Zima,o3,70.79214285714286,71.25,61.675000000000004,82.32499999999999,102.0,112,0.8928571428571428,Europa Południowa
MT,Malta,2022,2,Zima,pm10,20.757142857142856,20.65,17.175,25.225,49.3,84,1.1904761904761905,Europa Południowa
MT,Malta,2022,2,Zima,pm25,10.685357142857143,9.75,7.71,12.85,21.8,56,14.285714285714285,Europa Południowa
MT,Malta,2022,3,Wiosna,no2,13.263810344827586,8.32,3.065,19.05,52.1,116,18.103448275862068,Europa Południowa
MT,Malta,2022,3,Wiosna,o3,85.41551724137932,89.1,75.675,95.675,133.0,116,15.517241379310345,Europa Południowa
MT,Malta,2022,3,Wiosna,pm10,21.04641975308642,17.6,13.0,24.0,73.4,81,8.641975308641975,Europa Południowa
MT,Malta,2022,3,Wiosna,pm25,10.804727272727273,9.93,6.39,13.55,31.1,55,18.181818181818183,Europa Południowa
MT,Malta,2022,4,Wiosna,no2,12.252466101694914,8.18,3.98,18.325,49.9,118,11.864406779661017,Europa Południowa
MT,Malta,2022,4,Wiosna,o3,92.29159663865546,94.3,84.05000000000001,103.0,123.0,119,32.773109243697476,Europa Południowa
MT,Malta,2022,4,Wiosna,pm10,22.28,20.1,17.3,24.85,45.7,87,1.1494252873563218,Europa Południowa
MT,Malta,2022,4,Wiosna,pm25,9.925862068965518,9.54,6.8825,11.4,36.8,58,8.620689655172415,Europa Południowa
MT,Malta,2022,5,Wiosna,no2,14.091918699186992,10.8,3.9000000000000004,21.6,49.5,123,20.32520325203252,Europa Południowa
MT,Malta,2022,5,Wiosna,o3,84.26982758620689,84.94999999999999,74.52499999999999,95.225,117.0,116,15.517241379310345,Europa Południowa
MT,Malta,2022,5,Wiosna,pm10,24.926021505376344,23.2,17.3,30.8,58.3,93,6.451612903225806,Europa Południowa
MT,Malta,2022,5,Wiosna,pm25,12.160483870967743,11.3,8.445,14.775,27.4,62,22.58064516129032,Europa Południowa
MT,Malta,2022,6,Lato,no2,16.639305084745764,14.350000000000001,5.4475,23.8,75.9,118,23.728813559322035,Europa Południowa
MT,Malta,2022,6,Lato,o3,77.80333333333333,80.5,67.52499999999999,92.92500000000001,120.0,120,10.833333333333334,Europa Południowa
MT,Malta,2022,6,Lato,pm10,31.631190476190476,26.8,20.525000000000002,40.0,82.6,84,20.238095238095237,Europa Południowa
MT,Malta,2022,6,Lato,pm25,15.033166666666666,12.8,10.525,16.8,34.0,60,35.0,Europa Południowa
MT,Malta,2022,7,Lato,no2,12.444089285714286,10.38,4.4675,17.5,42.6,112,12.5,Europa Południowa
MT,Malta,2022,7,Lato,o3,80.89553571428571,80.25,70.4,92.45,116.0,112,15.178571428571427,Europa Południowa
MT,Malta,2022,7,Lato,pm10,26.555833333333332,22.700000000000003,16.9,31.65,70.8,84,13.095238095238097,Europa Południowa
MT,Malta,2022,7,Lato,pm25,13.917321428571428,13.8,9.9775,17.95,25.8,56,42.857142857142854,Europa Południowa
MT,Malta,2022,8,Lato,no2,11.53750806451613,10.0,3.9875,16.35,36.1,124,8.064516129032258,Europa Południowa
MT,Malta,2022,8,Lato,o3,74.40725806451613,71.94999999999999,61.05,88.05,130.0,124,12.096774193548388,Europa Południowa
MT,Malta,2022,8,Lato,pm10,21.430860215053762,19.6,16.2,24.6,63.8,93,3.225806451612903,Europa Południowa
MT,Malta,2022,8,Lato,pm25,11.209999999999999,11.1,8.93,13.6,21.8,62,14.516129032258066,Europa Południowa
MT,Malta,2022,9,Jesień,no2,12.122805555555555,9.91,3.8175,16.975,44.0,108,12.037037037037036,Europa Południowa
MT,Malta,2022,9,Jesień,o3,68.82252252252252,67.0,58.599999999999994,78.9,106.0,111,3.6036036036036037,Europa Południowa
MT,Malta,2022,9,Jesień,pm10,19.935333333333332,19.7,14.675,23.65,38.4,90,0.0,Europa Południowa
MT,Malta,2022,9,Jesień,pm25,8.334,8.0,6.9325,10.1,17.0,60,1.6666666666666667,Europa Południowa
MT,Malta,2022,10,Jesień,no2,19.167377884615384,14.95,3.5700000000000003,28.775000000000002,62.1,104,34.61538461538461,Europa Południowa
MT,Malta,2022,10,Jesień,o3,61.46413461538462,60.4,46.925,76.8,103.0,104,0.9615384615384616,Europa Południowa
MT,Malta,2022,10,Jesień,pm10,23.427530864197532,18.8,15.4,27.9,62.3,81,7.4074074074074066,Europa Południowa
MT,Malta,2022,10,Jesień,pm25,13.320740740740739,12.95,8.3225,16.775,29.4,54,35.18518518518518,Europa Południowa
MT,Malta,2022,11,Jesień,no2,21.53739130434783,18.75,8.852500000000001,31.875,60.4,92,39.130434782608695,Europa Południowa
MT,Malta,2022,11,Jesień,o3,56.06701030927835,57.7,44.5,68.9,87.7,97,0.0,Europa Południowa
MT,Malta,2022,11,Jesień,pm10,21.125454545454545,19.85,13.875,27.25,51.6,66,3.0303030303030303,Europa Południowa
MT,Malta,2022,11,Jesień,pm25,9.854830508474576,9.32,6.26,12.8,23.6,59,16.94915254237288,Europa Południowa
MT,Malta,2022,12,Zima,no2,16.98506557377049,12.95,4.09,26.675,58.0,122,26.229508196721312,Europa Południowa
MT,Malta,2022,12,Zima,o3,54.98225806451613,54.5,44.0,69.625,87.9,124,0.0,Europa Południowa
MT,Malta,2022,12,Zima,pm10,27.61877777777778,23.5,15.725,35.45,78.5,90,14.444444444444443,Europa Południowa
MT,Malta,2022,12,Zima,pm25,13.78983606557377,11.6,9.09,18.6,33.6,61,39.34426229508197,Europa Południowa
MT,Malta,2023,1,Zima,no2,16.80967289719626,13.5,3.195,24.85,58.2,107,25.233644859813083,Europa Południowa
MT,Malta,2023,1,Zima,o3,61.40009345794393,66.1,45.849999999999994,77.0,95.9,107,0.0,Europa Południowa
MT,Malta,2023,1,Zima,pm10,21.16493333333333,18.4,11.649999999999999,27.049999999999997,59.3,75,5.333333333333334,Europa Południowa
MT,Malta,2023,1,Zima,pm25,11.250192307692307,9.53,6.695,14.325,35.1,52,25.0,Europa Południowa
MT,Malta,2023,2,Zima,no2,20.63075,18.6,4.0725,37.9,52.9,16,31.25,Europa Południowa
MT,Malta,2023,2,Zima,o3,66.842,70.6,52.9,86.45,107.0,15,6.666666666666667,Europa Południowa
MT,Malta,2023,2,Zima,pm10,23.06,22.65,11.51,32.825,40.9,12,0.0,Europa Południowa
MT,Malta,2023,2,Zima,pm25,12.665,13.25,7.725,18.0,24.2,8,50.0,Europa Południowa
MT,Malta,2023,3,Wiosna,no2,11.273285714285715,8.58,3.755,19.1,34.4,56,8.928571428571429,Europa Południowa
MT,Malta,2023,3,Wiosna,o3,86.69464285714285,87.69999999999999,77.85,95.4,119.0,56,8.928571428571429,Europa Południowa
MT,Malta,2023,3,Wiosna,pm10,19.933030303030304,19.3,15.6,23.1,34.1,33,0.0,Europa Południowa
MT,Malta,2023,3,Wiosna,pm25,9.420357142857142,9.245,6.827500000000001,11.950000000000001,17.3,28,7.142857142857142,Europa Południowa
MT,Malta,2023,4,Wiosna,no2,11.872598130841121,8.86,3.3049999999999997,16.95,43.1,107,11.214953271028037,Europa Południowa
MT,Malta,2023,4,Wiosna,o3,88.18504672897195,89.4,79.95,96.9,113.0,107,11.214953271028037,Europa Południowa
MT,Malta,2023,4,Wiosna,pm10,17.23987804878049,16.15,12.925,20.25,49.5,82,1.2195121951219512,Europa Południowa
MT,Malta,2023,4,Wiosna,pm25,8.312676056338029,7.39,6.17,9.44,19.5,71,7.042253521126761,Europa Południowa
MT,Malta,2023,5,Wiosna,no2,11.02306451612903,8.96,4.44,16.125,31.2,124,8.870967741935484,Europa Południowa
MT,Malta,2023,5,Wiosna,o3,86.80000000000001,87.0,78.75,94.325,114.0,124,11.29032258064516,Europa Południowa
MT,Malta,2023,5,Wiosna,pm10,22.654347826086955,20.6,16.475,25.474999999999998,62.1,92,5.434782608695652,Europa Południowa
MT,Malta,2023,5,Wiosna,pm25,10.982708333333333,10.1,7.65,13.675,26.4,96,17.708333333333336,Europa Południowa
MT,Malta,2023,6,Lato,no2,13.005883333333333,11.25,5.255,18.8,43.4,120,9.166666666666666,Europa Południowa
MT,Malta,2023,6,Lato,o3,82.88916666666667,82.85,70.775,95.525,130.0,120,17.5,Europa Południowa
MT,Malta,2023,6,Lato,pm10,25.60088888888889,23.75,18.575,29.775,56.2,90,6.666666666666667,Europa Południowa
MT,Malta,2023,6,Lato,pm25,13.026333333333334,12.45,10.6,14.9,22.9,120,24.166666666666668,Europa Południowa
MT,Malta,2023,7,Lato,no2,15.743137931034482,14.399999999999999,5.1925,22.95,52.9,116,18.96551724137931,Europa Południowa
MT,Malta,2023,7,Lato,o3,71.4198275862069,69.85,59.7,83.025,117.0,116,6.896551724137931,Europa Południowa
MT,Malta,2023,7,Lato,pm10,31.935999999999996,27.9,20.95,41.7,75.7,75,17.333333333333336,Europa Południowa
MT,Malta,2023,7,Lato,pm25,15.918839285714286,14.1,9.66,21.35,33.0,112,42.857142857142854,Europa Południowa
MT,Malta,2023,8,Lato,no2,12.26548275862069,10.55,4.845000000000001,18.525,40.2,116,10.344827586206897,Europa Południowa
MT,Malta,2023,8,Lato,o3,80.33879310344827,79.35,69.07499999999999,92.35,120.0,116,9.482758620689655,Europa Południowa
MT,Malta,2023,8,Lato,pm10,32.67906976744186,30.15,21.625,38.3,80.8,86,15.11627906976744,Europa Południowa
MT,Malta,2023,8,Lato,pm25,15.448672566371682,14.5,11.2,18.8,35.7,113,45.13274336283185,Europa Południowa
MT,Malta,2023,9,Jesień,no2,13.16955,12.05,3.1225,19.3,44.1,120,14.166666666666666,Europa Południowa
MT,Malta,2023,9,Jesień,o3,75.49499999999999,76.65,62.775,89.05,116.0,120,8.333333333333332,Europa Południowa
MT,Malta,2023,9,Jesień,pm10,29.218888888888888,25.85,19.425,35.275,80.9,90,13.333333333333334,Europa Południowa
MT,Malta,2023,9,Jesień,pm25,13.040840336134453,12.5,9.615,16.35,29.9,119,33.61344537815126,Europa Południowa
MT,Malta,2023,10,Jesień,no2,17.065935483870966,17.1,4.625,25.8,49.7,124,25.806451612903224,Europa Południowa
MT,Malta,2023,10,Jesień,o3,69.15322580645162,67.45,55.675,79.5,111.0,124,6.451612903225806,Europa Południowa
MT,Malta,2023,10,Jesień,pm10,32.47386363636363,30.200000000000003,22.8,35.55,80.3,88,13.636363636363635,Europa Południowa
MT,Malta,2023,10,Jesień,pm25,14.574710743801653,14.4,10.3,18.0,30.4,121,46.28099173553719,Europa Południowa
MT,Malta,2023,11,Jesień,no2,13.652590909090907,10.8,3.3125,20.0,53.4,88,17.045454545454543,Europa Południowa
MT,Malta,2023,11,Jesień,o3,67.71279069767442,68.5,59.15,80.0,97.4,86,0.0,Europa Południowa
MT,Malta,2023,11,Jesień,pm10,22.968939393939394,21.75,17.575,24.725,58.5,66,4.545454545454546,Europa Południowa
MT,Malta,2023,11,Jesień,pm25,8.300749999999999,7.8,4.995,10.5,25.2,80,7.5,Europa Południowa
MT,Malta,2023,12,Zima,no2,14.149161016949153,9.280000000000001,2.3899999999999997,21.7,56.2,118,20.33898305084746,Europa Południowa
MT,Malta,2023,12,Zima,o3,63.32162162162162,66.0,53.6,74.35,87.2,111,0.0,Europa Południowa
MT,Malta,2023,12,Zima,pm10,21.987640449438203,18.7,13.6,26.1,61.0,89,5.617977528089887,Europa Południowa
MT,Malta,2023,12,Zima,pm25,8.404926605504587,7.52,4.5,10.3,26.7,109,11.009174311926607,Europa Południowa
MT,Malta,2024,2,Zima,no2,13.421833333333332,10.9,5.0325,19.4,48.9,120,15.833333333333332,Europa Południowa
MT,Malta,2024,2,Zima,o3,73.30842105263159,75.2,61.85,86.3,101.0,95,1.0526315789473684,Europa Południowa
MT,Malta,2024,2,Zima,pm10,26.296703296703296,23.1,14.25,33.5,69.9,91,12.087912087912088,Europa Południowa
MT,Malta,2024,2,Zima,pm25,10.745371900826447,9.92,6.98,13.5,23.1,121,21.487603305785125,Europa Południowa
MT,Malta,2024,3,Wiosna,no2,11.031822916666668,9.21,3.9625,16.35,34.9,96,9.375,Europa Południowa
MT,Malta,2024,3,Wiosna,o3,74.75425531914894,79.19999999999999,62.225,89.52499999999999,106.0,94,4.25531914893617,Europa Południowa
MT,Malta,2024,3,Wiosna,pm10,25.4609756097561,20.5,16.4,29.4,65.7,41,12.195121951219512,Europa Południowa
MT,Malta,2024,3,Wiosna,pm25,13.232089552238806,9.81,8.225000000000001,15.9,33.2,67,26.865671641791046,Europa Południowa
MT,Malta,2024,4,Wiosna,no2,10.001325714285715,8.23,4.35,13.45,38.3,175,4.571428571428571,Europa Południowa
MT,Malta,2024,4,Wiosna,o3,84.45890410958904,86.4,70.775,100.0,121.0,146,24.65753424657534,Europa Południowa
MT,Malta,2024,4,Wiosna,pm10,26.083333333333332,25.15,17.525,33.75,63.1,174,5.747126436781609,Europa Południowa
MT,Malta,2024,4,Wiosna,pm25,11.051885714285714,9.79,7.295,15.05,23.0,175,25.142857142857146,Europa Południowa
MT,Malta,2024,5,Wiosna,no2,12.735763440860215,11.25,6.375,17.9,38.5,186,9.13978494623656,Europa Południowa
MT,Malta,2024,5,Wiosna,o3,75.12156862745098,75.0,60.2,88.9,111.0,153,9.15032679738562,Europa Południowa
MT,Malta,2024,5,Wiosna,pm10,23.919050632911393,20.4,15.825000000000001,25.175,76.0,158,8.227848101265822,Europa Południowa
MT,Malta,2024,5,Wiosna,pm25,10.005900621118013,8.47,7.22,10.5,26.3,161,14.285714285714285,Europa Południowa
MT,Malta,2024,6,Lato,no2,15.179155555555555,15.0,8.915,21.424999999999997,36.1,180,13.333333333333334,Europa Południowa
MT,Malta,2024,6,Lato,o3,72.60866666666666,74.55000000000001,55.55,87.1,120.0,150,8.0,Europa Południowa
MT,Malta,2024,6,Lato,pm10,31.313854748603354,29.8,23.15,38.150000000000006,67.1,179,12.849162011173185,Europa Południowa
MT,Malta,2024,6,Lato,pm25,11.921166666666666,11.649999999999999,9.6675,13.9,26.1,180,15.0,Europa Południowa
MT,Malta,2024,7,Lato,no2,14.281874316939891,14.9,8.885000000000002,20.1,34.9,183,6.557377049180328,Europa Południowa
MT,Malta,2024,7,Lato,o3,65.65714285714286,68.30000000000001,47.125,79.725,114.0,154,4.545454545454546,Europa Południowa
MT,Malta,2024,7,Lato,pm10,34.11467391304348,32.45,26.275,42.05,64.9,184,16.847826086956523,Europa Południowa
MT,Malta,2024,7,Lato,pm25,14.89291891891892,14.2,12.3,17.0,27.6,185,42.16216216216216,Europa Południowa
MT,Malta,2024,8,Lato,no2,12.868264705882353,12.45,6.8775,18.175,46.1,170,5.294117647058823,Europa Południowa
MT,Malta,2024,8,Lato,o3,67.42435714285715,70.55,48.8,86.0,104.0,140,4.285714285714286,Europa Południowa
MT,Malta,2024,8,Lato,pm10,27.50658682634731,25.8,21.7,31.4,57.9,167,5.389221556886228,Europa Południowa
MT,Malta,2024,8,Lato,pm25,13.349244186046512,12.850000000000001,10.9,15.125,23.7,172,26.16279069767442,Europa Południowa
MT,Malta,2024,9,Jesień,no2,15.790228571428571,13.4,6.235,23.55,56.2,175,20.0,Europa Południowa
MT,Malta,2024,9,Jesień,o3,64.66846846846846,66.5,49.7,81.80000000000001,102.0,111,1.8018018018018018,Europa Południowa
MT,Malta,2024,9,Jesień,pm10,24.030865384615385,20.15,15.375,28.2,71.8,104,10.576923076923077,Europa Południowa
MT,Malta,2024,9,Jesień,pm25,10.543956043956044,9.26,6.4350000000000005,14.3,20.8,91,20.87912087912088,Europa Południowa
MT,Malta,2024,10,Jesień,no2,18.919999999999998,18.7,6.42,28.0,77.9,185,33.513513513513516,Europa Południowa
MT,Malta,2024,10,Jesień,o3,64.24774193548387,66.5,48.3,78.9,109.0,155,0.6451612903225806,Europa Południowa
MT,Malta,2024,10,Jesień,pm10,19.343529411764706,18.3,12.3,25.4,65.2,153,1.9607843137254901,Europa Południowa
MT,Malta,2024,10,Jesień,pm25,7.790833333333333,7.715,5.5975,9.97,22.5,156,5.128205128205128,Europa Południowa
MT,Malta,2024,11,Jesień,no2,22.409180790960452,22.4,7.29,32.8,81.1,177,44.06779661016949,Europa Południowa
MT,Malta,2024,11,Jesień,o3,59.02866666666666,61.650000000000006,42.925,73.57499999999999,96.0,150,0.0,Europa Południowa
MT,Malta,2024,11,Jesień,pm10,21.760172413793104,19.35,14.6,28.125,66.8,116,5.172413793103448,Europa Południowa
MT,Malta,2024,11,Jesień,pm25,8.22731884057971,7.775,5.6825,10.0725,19.9,138,5.797101449275362,Europa Południowa
MT,Malta,2024,12,Zima,no2,13.95862162162162,9.36,4.16,20.2,63.8,185,17.2972972972973,Europa Południowa
MT,Malta,2024,12,Zima,o3,67.14220779220778,68.44999999999999,59.7,77.22500000000001,93.9,154,0.0,Europa Południowa
MT,Malta,2024,12,Zima,pm10,18.252054054054053,16.1,12.4,23.0,50.9,185,1.0810810810810811,Europa Południowa
MT,Malta,2024,12,Zima,pm25,6.9976756756756755,6.53,4.78,8.66,20.1,185,1.6216216216216217,Europa Południowa
MT,Malta,2025,1,Zima,no2,16.83417142857143,15.5,6.574999999999999,24.65,47.3,175,24.571428571428573,Europa Południowa
MT,Malta,2025,1,Zima,o3,67.88609271523178,68.0,58.8,76.9,96.8,151,0.0,Europa Południowa
MT,Malta,2025,1,Zima,pm10,22.86765060240964,21.4,15.950000000000001,27.525000000000002,63.1,166,3.614457831325301,Europa Południowa
MT,Malta,2025,1,Zima,pm25,8.47722891566265,8.125,6.1475,10.45,17.5,166,3.614457831325301,Europa Południowa
MT,Malta,2025,2,Zima,no2,19.847828571428572,17.85,6.9625,32.45,51.1,140,39.285714285714285,Europa Południowa
MT,Malta,2025,2,Zima,o3,67.7130081300813,68.0,55.05,82.05000000000001,103.0,123,1.6260162601626018,Europa Południowa
MT,Malta,2025,2,Zima,pm10,20.69724832214765,18.0,14.4,22.8,74.4,149,4.697986577181208,Europa Południowa
MT,Malta,2025,2,Zima,pm25,9.198963414634145,8.495000000000001,6.905,10.5,21.2,164,6.097560975609756,Europa Południowa
MT,Malta,2025,3,Wiosna,no2,16.087345132743362,13.3,7.08,22.3,61.3,113,16.8141592920354,Europa Południowa
MT,Malta,2025,3,Wiosna,o3,74.47846153846154,77.0,66.65,86.55000000000001,96.6,91,0.0,Europa Południowa
MT,Malta,2025,3,Wiosna,pm10,21.826037735849056,18.45,14.125,25.475,60.0,106,5.660377358490567,Europa Południowa
MT,Malta,2025,3,Wiosna,pm25,10.502681159420291,8.469999999999999,6.855,11.85,30.2,138,13.043478260869565,Europa Południowa
MT,Malta,2025,4,Wiosna,no2,17.1905,17.65,10.35,22.6,34.0,120,16.666666666666664,Europa Południowa
MT,Malta,2025,4,Wiosna,o3,76.31666666666666,79.05,69.375,85.25,98.4,90,0.0,Europa Południowa
MT,Malta,2025,4,Wiosna,pm10,20.588050847457627,17.6,14.05,23.475,76.8,118,3.389830508474576,Europa Południowa
MT,Malta,2025,4,Wiosna,pm25,8.490689655172414,7.87,6.14,9.565000000000001,28.8,174,5.172413793103448,Europa Południowa
MT,Malta,2025,5,Wiosna,no2,15.587368421052632,14.45,9.8325,20.925,32.6,114,14.912280701754385,Europa Południowa
MT,Malta,2025,5,Wiosna,o3,83.06162790697675,83.1,75.85,91.52499999999999,104.0,86,5.813953488372093,Europa Południowa
MT,Malta,2025,5,Wiosna,pm10,24.087727272727275,23.1,16.05,29.225,72.5,110,8.181818181818182,Europa Południowa
MT,Malta,2025,5,Wiosna,pm25,9.270710059171599,9.18,6.67,11.8,19.6,169,6.508875739644971,Europa Południowa
MT,Malta,2025,6,Lato,no2,21.098191489361703,20.15,14.7,25.8,41.4,94,27.659574468085108,Europa Południowa
MT,Malta,2025,6,Lato,o3,69.68028169014084,66.5,60.9,80.80000000000001,102.0,71,2.8169014084507045,Europa Południowa
MT,Malta,2025,6,Lato,pm10,28.28842105263158,27.0,21.95,33.7,67.7,95,6.315789473684211,Europa Południowa
MT,Malta,2025,6,Lato,pm25,11.952695035460993,11.8,8.67,14.7,26.2,141,23.404255319148938,Europa Południowa
MT,Malta,2025,7,Lato,no2,15.845403225806452,14.45,10.45,21.125,43.9,124,9.67741935483871,Europa Południowa
MT,Malta,2025,7,Lato,o3,66.41935483870968,67.1,56.7,78.0,97.0,93,0.0,Europa Południowa
MT,Malta,2025,7,Lato,pm10,26.63478260869565,25.0,17.95,32.3,72.6,115,6.086956521739131,Europa Południowa
MT,Malta,2025,7,Lato,pm25,10.290568181818182,10.4,8.465,11.9,19.3,176,5.681818181818182,Europa Południowa
MT,Malta,2025,8,Lato,no2,17.901935483870968,17.549999999999997,11.275,24.650000000000002,39.1,124,22.58064516129032,Europa Południowa
MT,Malta,2025,8,Lato,o3,70.69784946236558,73.2,60.4,81.6,106.0,93,6.451612903225806,Europa Południowa
MT,Malta,2025,8,Lato,pm10,22.71680672268908,22.5,17.55,27.25,46.2,119,0.8403361344537815,Europa Południowa
MT,Malta,2025,8,Lato,pm25,11.616795580110496,10.2,8.11,15.1,25.4,181,25.41436464088398,Europa Południowa
MT,Malta,2025,9,Jesień,no2,19.08,18.0,11.975,23.55,46.4,108,19.444444444444446,Europa Południowa
MT,Malta,2025,9,Jesień,o3,56.148148148148145,55.1,45.7,65.6,94.0,81,0.0,Europa Południowa
MT,Malta,2025,9,Jesień,pm10,19.944722222222225,19.4,16.5,24.200000000000003,34.9,108,0.0,Europa Południowa
MT,Malta,2025,9,Jesień,pm25,7.363086419753086,7.325,5.915,8.469999999999999,11.7,162,0.0,Europa Południowa
MT,Malta,2025,10,Jesień,no2,19.720322580645163,18.0,8.17,28.7,58.7,124,33.064516129032256,Europa Południowa
MT,Malta,2025,10,Jesień,o3,60.321505376344085,59.6,46.6,74.0,90.4,93,0.0,Europa Południowa
MT,Malta,2025,10,Jesień,pm10,18.93831932773109,18.1,14.1,21.65,48.3,119,2.5210084033613445,Europa Południowa
MT,Malta,2025,10,Jesień,pm25,7.188342541436463,7.15,5.24,8.6,14.2,181,0.0,Europa Południowa
MT,Malta,2025,11,Jesień,no2,24.11205357142857,20.95,11.5,34.025,71.1,112,45.535714285714285,Europa Południowa
MT,Malta,2025,11,Jesień,o3,58.277499999999996,61.95,45.1,68.875,87.5,80,0.0,Europa Południowa
MT,Malta,2025,11,Jesień,pm10,22.331467889908257,18.6,14.3,26.0,75.3,109,7.339449541284404,Europa Południowa
MT,Malta,2025,11,Jesień,pm25,7.6832142857142856,6.73,4.89,9.015,26.3,168,5.357142857142857,Europa Południowa
MT,Malta,2025,12,Zima,no2,26.269565217391303,24.1,12.1,37.6,66.8,69,49.275362318840585,Europa Południowa
MT,Malta,2025,12,Zima,o3,50.776923076923076,55.3,29.8,67.45,79.8,52,0.0,Europa Południowa
MT,Malta,2025,12,Zima,pm10,20.59614285714286,17.5,14.9,21.7,56.5,70,4.285714285714286,Europa Południowa
MT,Malta,2025,12,Zima,pm25,8.144150943396227,7.33,5.692500000000001,9.445,25.6,106,6.60377358490566,Europa Południowa
NL,Holandia,2022,1,Zima,no2,23.07155353075171,20.0,11.225,32.975,86.6,878,38.26879271070615,Europa Zachodnia
NL,Holandia,2022,1,Zima,o3,40.97095,43.6,23.2,57.525,85.8,600,0.0,Europa Zachodnia
NL,Holandia,2022,1,Zima,pm10,20.89991726990693,19.8,15.149999999999999,25.55,57.7,967,0.7238883143743536,Europa Zachodnia
NL,Holandia,2022,1,Zima,pm25,12.3107722513089,10.2,7.48,16.1,32.1,764,28.1413612565445,Europa Zachodnia
NL,Holandia,2022,2,Zima,no2,17.523817365269462,15.05,9.215,23.3,67.5,668,21.55688622754491,Europa Zachodnia
NL,Holandia,2022,2,Zima,o3,56.75434322033898,58.6,48.975,66.025,81.9,472,0.0,Europa Zachodnia
NL,Holandia,2022,2,Zima,pm10,18.12623711340206,16.9,13.3,21.9,42.9,776,0.0,Europa Zachodnia
NL,Holandia,2022,2,Zima,pm25,9.675293185419967,8.94,6.59,11.3,28.9,631,8.240887480190175,Europa Zachodnia
NL,Holandia,2022,3,Wiosna,no2,21.308394255874674,18.4,10.7,28.9,80.3,766,33.5509138381201,Europa Zachodnia
NL,Holandia,2022,3,Wiosna,o3,52.56411657559199,52.7,43.1,61.8,92.6,549,0.0,Europa Zachodnia
NL,Holandia,2022,3,Wiosna,pm10,23.36490588235294,22.6,16.4,30.1,58.1,850,1.8823529411764703,Europa Zachodnia
NL,Holandia,2022,3,Wiosna,pm25,15.193348623853213,14.45,9.9225,20.175,32.2,654,47.09480122324159,Europa Zachodnia
NL,Holandia,2022,4,Wiosna,no2,15.86468286099865,12.2,7.52,20.7,73.3,741,17.67881241565452,Europa Zachodnia
NL,Holandia,2022,4,Wiosna,o3,64.06099290780142,66.1,58.275,72.525,87.5,564,0.0,Europa Zachodnia
NL,Holandia,2022,4,Wiosna,pm10,16.32498388829216,15.2,12.2,19.7,51.1,931,0.4296455424274973,Europa Zachodnia
NL,Holandia,2022,4,Wiosna,pm25,9.856152815013404,9.17,7.0075,11.975,31.4,746,10.32171581769437,Europa Zachodnia
NL,Holandia,2022,5,Wiosna,no2,16.898611188811188,13.3,7.59,23.15,65.4,715,21.3986013986014,Europa Zachodnia
NL,Holandia,2022,5,Wiosna,o3,61.839829059829064,62.1,55.8,68.4,96.6,585,0.0,Europa Zachodnia
NL,Holandia,2022,5,Wiosna,pm10,18.486468129571577,17.5,13.4,22.9,47.6,957,0.20898641588296762,Europa Zachodnia
NL,Holandia,2022,5,Wiosna,pm25,9.758669250645994,9.015,6.8,12.075,27.1,774,11.24031007751938,Europa Zachodnia
NL,Holandia,2022,6,Lato,no2,14.669095022624436,12.0,6.9399999999999995,20.0,49.3,663,14.027149321266968,Europa Zachodnia
NL,Holandia,2022,6,Lato,o3,63.155123674911664,61.8,52.125,73.975,122.0,566,1.4134275618374559,Europa Zachodnia
NL,Holandia,2022,6,Lato,pm10,15.98224946695096,15.3,12.4,18.8,45.1,938,0.10660980810234541,Europa Zachodnia
NL,Holandia,2022,6,Lato,pm25,8.062280913978494,7.720000000000001,6.047499999999999,9.684999999999999,22.9,744,2.4193548387096775,Europa Zachodnia
NL,Holandia,2022,7,Lato,no2,13.86423929098966,10.8,6.08,18.1,69.0,677,14.32791728212703,Europa Zachodnia
NL,Holandia,2022,7,Lato,o3,58.345826235093696,55.0,48.55,63.7,134.0,587,2.72572402044293,Europa Zachodnia
NL,Holandia,2022,7,Lato,pm10,15.131483402489627,13.6,10.9,17.3,46.3,964,0.2074688796680498,Europa Zachodnia
NL,Holandia,2022,7,Lato,pm25,6.505111251580278,5.78,4.155,7.645,30.5,791,3.919089759797725,Europa Zachodnia
NL,Holandia,2022,8,Lato,no2,14.428265460030167,11.8,7.21,19.7,59.6,663,13.725490196078432,Europa Zachodnia
NL,Holandia,2022,8,Lato,o3,62.715384615384615,59.9,50.8,73.6,127.0,585,2.3931623931623935,Europa Zachodnia
NL,Holandia,2022,8,Lato,pm10,16.721359423274976,15.4,12.1,20.25,47.2,971,0.10298661174047373,Europa Zachodnia
NL,Holandia,2022,8,Lato,pm25,7.7680934343434345,6.85,5.21,9.372499999999999,26.0,792,5.1767676767676765,Europa Zachodnia
NL,Holandia,2022,9,Jesień,no2,20.54687258687259,16.9,9.265,28.299999999999997,76.8,518,31.85328185328185,Europa Zachodnia
NL,Holandia,2022,9,Jesień,o3,48.383356401384084,46.849999999999994,38.324999999999996,56.575,90.1,578,0.0,Europa Zachodnia
NL,Holandia,2022,9,Jesień,pm10,14.891704422869472,13.9,10.6,17.9,62.8,927,0.2157497303128371,Europa Zachodnia
NL,Holandia,2022,9,Jesień,pm25,7.162569536423841,6.43,4.3100000000000005,9.035,25.3,755,3.3112582781456954,Europa Zachodnia
NL,Holandia,2022,10,Jesień,no2,23.109794776119404,20.65,12.9,32.1,70.8,536,41.04477611940299,Europa Zachodnia
NL,Holandia,2022,10,Jesień,o3,31.851456,30.0,22.2,40.8,62.9,625,0.0,Europa Zachodnia
NL,Holandia,2022,10,Jesień,pm10,18.774941972920697,17.1,14.0,21.6,54.8,1034,0.7736943907156674,Europa Zachodnia
NL,Holandia,2022,10,Jesień,pm25,8.924128878281623,8.03,6.17,11.1,35.1,838,8.711217183770884,Europa Zachodnia
NL,Holandia,2022,11,Jesień,no2,22.29050709939148,20.6,13.4,29.6,61.9,493,36.71399594320487,Europa Zachodnia
NL,Holandia,2022,11,Jesień,o3,30.432804054054056,31.2,16.1,44.45,64.2,592,0.0,Europa Zachodnia
NL,Holandia,2022,11,Jesień,pm10,16.648872691933914,14.6,11.1,20.9,67.1,1029,0.6802721088435374,Europa Zachodnia
NL,Holandia,2022,11,Jesień,pm25,10.258351783517837,7.92,5.72,14.0,31.0,813,22.263222632226324,Europa Zachodnia
NL,Holandia,2022,12,Zima,no2,24.263598409542745,19.0,11.1,36.099999999999994,78.5,503,41.5506958250497,Europa Zachodnia
NL,Holandia,2022,12,Zima,o3,30.0246864,27.2,14.9,47.2,75.7,625,0.0,Europa Zachodnia
NL,Holandia,2022,12,Zima,pm10,20.729344729344728,19.6,12.2,28.4,64.0,1053,1.4245014245014245,Europa Zachodnia
NL,Holandia,2022,12,Zima,pm25,12.970902470741223,10.9,6.08,19.7,32.8,769,36.02080624187256,Europa Zachodnia
NL,Holandia,2023,1,Zima,no2,18.508468992248062,16.6,9.2075,25.1,57.1,516,25.1937984496124,Europa Zachodnia
NL,Holandia,2023,1,Zima,o3,47.31524879614768,49.8,36.8,58.25,76.9,623,0.0,Europa Zachodnia
NL,Holandia,2023,1,Zima,pm10,16.45352885525071,15.3,10.6,21.0,67.5,1057,0.47303689687795647,Europa Zachodnia
NL,Holandia,2023,1,Zima,pm25,8.801900867410161,7.28,4.6,12.0,29.9,807,14.622057001239158,Europa Zachodnia
NL,Holandia,2023,2,Zima,no2,26.711745454545458,22.3,13.899999999999999,37.95,81.4,275,44.0,Europa Zachodnia
NL,Holandia,2023,2,Zima,o3,37.67054108216433,39.4,22.85,53.25,80.5,499,0.0,Europa Zachodnia
NL,Holandia,2023,2,Zima,pm10,21.519406392694062,19.1,12.7,29.1,64.0,657,3.1963470319634704,Europa Zachodnia
NL,Holandia,2023,2,Zima,pm25,12.04567491749175,9.719999999999999,5.985,17.275,33.9,606,32.17821782178218,Europa Zachodnia
NL,Holandia,2023,3,Wiosna,no2,18.896045212765955,15.2,8.9325,25.5,67.0,376,27.127659574468083,Europa Zachodnia
NL,Holandia,2023,3,Wiosna,o3,57.72738461538461,57.4,49.0,69.8,93.2,585,0.0,Europa Zachodnia
NL,Holandia,2023,3,Wiosna,pm10,14.321043689320389,13.3,10.1,17.5,50.1,824,0.24271844660194172,Europa Zachodnia
NL,Holandia,2023,3,Wiosna,pm25,7.202808030112923,6.39,4.14,9.63,23.1,797,4.767879548306149,Europa Zachodnia
NL,Holandia,2023,4,Wiosna,no2,17.474987146529564,14.5,8.85,23.9,55.3,389,21.85089974293059,Europa Zachodnia
NL,Holandia,2023,4,Wiosna,o3,63.692985553772075,64.6,55.4,74.0,100.0,623,0.0,Europa Zachodnia
NL,Holandia,2023,4,Wiosna,pm10,16.939988764044944,15.5,11.8,20.2,50.5,890,0.44943820224719105,Europa Zachodnia
NL,Holandia,2023,4,Wiosna,pm25,9.186800715990453,8.155000000000001,5.44,12.0,32.2,838,14.081145584725538,Europa Zachodnia
NL,Holandia,2023,5,Wiosna,no2,14.383301435406699,10.1,5.9925,19.475,54.7,418,18.899521531100476,Europa Zachodnia
NL,Holandia,2023,5,Wiosna,o3,64.520016,68.4,57.1,74.1,113.0,625,0.48,Europa Zachodnia
NL,Holandia,2023,5,Wiosna,pm10,19.603067274800456,18.0,14.4,23.2,52.6,877,1.2542759407069555,Europa Zachodnia
NL,Holandia,2023,5,Wiosna,pm25,8.674282267792522,7.74,5.9,10.6,37.7,829,6.996381182147165,Europa Zachodnia
NL,Holandia,2023,6,Lato,no2,15.042412177985948,12.7,7.835,19.5,53.4,427,15.22248243559719,Europa Zachodnia
NL,Holandia,2023,6,Lato,o3,78.3,76.85,67.14999999999999,92.675,147.0,578,16.608996539792386,Europa Zachodnia
NL,Holandia,2023,6,Lato,pm10,18.968275030156818,18.0,14.6,22.7,55.9,829,0.24125452352231602,Europa Zachodnia
NL,Holandia,2023,6,Lato,pm25,7.2959799498746865,6.975,4.56,9.73,20.3,798,2.2556390977443606,Europa Zachodnia
NL,Holandia,2023,7,Lato,no2,15.880522388059703,14.0,8.925,20.675,50.6,402,14.676616915422885,Europa Zachodnia
NL,Holandia,2023,7,Lato,o3,54.182282793867124,51.9,44.7,61.2,115.0,587,1.5332197614991483,Europa Zachodnia
NL,Holandia,2023,7,Lato,pm10,14.736960667461263,13.5,10.7,17.4,44.1,839,0.0,Europa Zachodnia
NL,Holandia,2023,7,Lato,pm25,4.960335471698113,4.38,2.85,6.165,21.5,795,1.7610062893081762,Europa Zachodnia
NL,Holandia,2023,8,Lato,no2,17.11278931750742,15.8,9.83,22.7,44.8,337,20.77151335311573,Europa Zachodnia
NL,Holandia,2023,8,Lato,o3,46.5314606741573,46.95,39.6,53.3,78.9,534,0.0,Europa Zachodnia
NL,Holandia,2023,8,Lato,pm10,13.217428940568476,12.4,10.0,15.575,42.2,774,0.0,Europa Zachodnia
NL,Holandia,2023,8,Lato,pm25,4.58827506849315,4.06,2.76,5.807499999999999,26.0,730,0.684931506849315,Europa Zachodnia
NL,Holandia,2023,9,Jesień,no2,23.74635696821516,21.2,14.1,31.2,65.3,409,40.34229828850856,Europa Zachodnia
NL,Holandia,2023,9,Jesień,o3,49.68555555555556,48.95,38.2,57.875,121.0,630,0.6349206349206349,Europa Zachodnia
NL,Holandia,2023,9,Jesień,pm10,19.0571492704826,17.3,12.9,22.8,68.2,891,1.122334455667789,Europa Zachodnia
NL,Holandia,2023,9,Jesień,pm25,8.951940828402368,7.95,4.76,11.8,35.0,845,13.372781065088757,Europa Zachodnia
NL,Holandia,2023,10,Jesień,no2,18.22952830188679,15.8,10.225000000000001,24.0,62.9,212,22.169811320754718,Europa Zachodnia
NL,Holandia,2023,10,Jesień,o3,43.62303102625298,44.8,35.7,53.25,82.0,419,0.0,Europa Zachodnia
NL,Holandia,2023,10,Jesień,pm10,16.66603260869565,15.6,11.3,21.2,35.3,552,0.0,Europa Zachodnia
NL,Holandia,2023,10,Jesień,pm25,7.216576171875,6.45,4.0975,9.515,23.5,512,6.0546875,Europa Zachodnia
NL,Holandia,2023,11,Jesień,no2,11.163684210526316,8.05,5.03,16.3,41.9,57,5.263157894736842,Europa Zachodnia
NL,Holandia,2023,11,Jesień,o3,40.90022765957447,45.25,26.150000000000002,55.25,82.1,470,0.0,Europa Zachodnia
NL,Holandia,2023,11,Jesień,pm10,13.536313645621181,12.1,8.59,16.75,40.6,491,0.0,Europa Zachodnia
NL,Holandia,2023,11,Jesień,pm25,6.9223284960422165,5.51,3.11,9.715,27.1,379,7.9155672823219,Europa Zachodnia
NL,Holandia,2023,12,Zima,no2,11.193928571428572,8.89,4.725,14.875,50.2,56,7.142857142857142,Europa Zachodnia
NL,Holandia,2023,12,Zima,o3,44.627630630630634,47.45,26.075000000000003,63.15,81.1,444,0.0,Europa Zachodnia
NL,Holandia,2023,12,Zima,pm10,15.84006329113924,15.3,10.8,20.175,45.4,474,0.21097046413502107,Europa Zachodnia
NL,Holandia,2023,12,Zima,pm25,8.872479338842975,7.56,4.825,11.9,29.2,363,13.774104683195592,Europa Zachodnia
NL,Holandia,2024,1,Zima,no2,16.154953271028038,12.7,7.395,21.275,62.8,214,16.822429906542055,Europa Zachodnia
NL,Holandia,2024,1,Zima,o3,45.885437062937065,47.4,33.9,59.025,80.1,572,0.0,Europa Zachodnia
NL,Holandia,2024,1,Zima,pm10,17.317804487179487,16.0,11.2,22.5,45.8,624,0.16025641025641024,Europa Zachodnia
NL,Holandia,2024,1,Zima,pm25,10.124316455696203,9.344999999999999,5.7725,12.9,30.4,474,18.776371308016877,Europa Zachodnia
NL,Holandia,2024,2,Zima,no2,14.9175956284153,11.7,8.51,17.55,57.4,183,15.300546448087433,Europa Zachodnia
NL,Holandia,2024,2,Zima,o3,49.295081967213115,50.4,40.9,57.8,73.5,549,0.0,Europa Zachodnia
NL,Holandia,2024,2,Zima,pm10,13.96145728643216,12.5,9.69,16.7,40.0,597,0.0,Europa Zachodnia
NL,Holandia,2024,2,Zima,pm25,7.418717026378897,6.5,4.69,9.62,22.0,417,4.556354916067146,Europa Zachodnia
NL,Holandia,2024,3,Wiosna,no2,18.10691729323308,16.15,9.555,24.0,63.6,532,22.932330827067666,Europa Zachodnia
NL,Holandia,2024,3,Wiosna,o3,51.961897106109326,52.1,43.025,62.2,81.4,622,0.0,Europa Zachodnia
NL,Holandia,2024,3,Wiosna,pm10,17.980528735632184,15.5,11.6,23.5,51.7,870,0.3448275862068966,Europa Zachodnia
NL,Holandia,2024,3,Wiosna,pm25,11.224734636871508,8.905000000000001,6.01,15.025,35.5,716,25.0,Europa Zachodnia
NL,Holandia,2024,4,Wiosna,no2,12.974803294573643,10.9,6.3675,17.225,51.2,1032,9.593023255813954,Europa Zachodnia
NL,Holandia,2024,4,Wiosna,o3,68.07439393939394,69.3,60.5,76.3,92.3,660,0.0,Europa Zachodnia
NL,Holandia,2024,4,Wiosna,pm10,13.569718693284937,12.5,10.4,15.174999999999999,44.7,1102,0.0,Europa Zachodnia
NL,Holandia,2024,4,Wiosna,pm25,6.5150149769585255,5.93,4.2075,7.93,25.1,868,3.3410138248847927,Europa Zachodnia
NL,Holandia,2024,5,Wiosna,no2,13.782271468144044,11.9,7.135,18.65,50.1,1083,10.710987996306557,Europa Zachodnia
NL,Holandia,2024,5,Wiosna,o3,66.20451807228916,66.35,58.275,74.7,100.0,664,0.0,Europa Zachodnia
NL,Holandia,2024,5,Wiosna,pm10,17.564340124003543,16.2,12.5,21.1,56.9,1129,0.354295837023915,Europa Zachodnia
NL,Holandia,2024,5,Wiosna,pm25,10.452093541202672,9.86,6.865,13.1,27.2,898,16.926503340757236,Europa Zachodnia
NL,Holandia,2024,6,Lato,no2,12.722685167464116,10.8,6.11,17.1,58.1,1045,10.047846889952153,Europa Zachodnia
NL,Holandia,2024,6,Lato,o3,62.9275039745628,61.5,55.1,68.8,110.0,629,0.6359300476947536,Europa Zachodnia
NL,Holandia,2024,6,Lato,pm10,16.103275862068966,15.1,11.9,19.175,57.4,1102,0.18148820326678766,Europa Zachodnia
NL,Holandia,2024,6,Lato,pm25,7.739327925840093,7.17,5.09,10.0,19.6,863,2.549246813441483,Europa Zachodnia
NL,Holandia,2024,7,Lato,no2,12.350157261794635,10.7,6.4,16.5,59.7,1081,6.938020351526363,Europa Zachodnia
NL,Holandia,2024,7,Lato,o3,57.7797213622291,54.9,48.6,64.2,108.0,646,0.6191950464396285,Europa Zachodnia
NL,Holandia,2024,7,Lato,pm10,14.508737949167399,13.5,11.3,16.7,51.2,1141,0.175284837861525,Europa Zachodnia
NL,Holandia,2024,7,Lato,pm25,6.378545861297539,5.85,4.405,7.67,24.3,894,1.2304250559284116,Europa Zachodnia
NL,Holandia,2024,8,Lato,no2,13.490439442658092,11.0,6.48,17.4,80.9,933,10.07502679528403,Europa Zachodnia
NL,Holandia,2024,8,Lato,o3,59.53171875,59.3,53.475,65.225,101.0,640,0.15625,Europa Zachodnia
NL,Holandia,2024,8,Lato,pm10,17.524604185623296,16.4,13.4,20.2,64.1,1099,0.27297543221110104,Europa Zachodnia
NL,Holandia,2024,8,Lato,pm25,8.14137049941928,7.5,5.53,9.88,29.5,861,5.45876887340302,Europa Zachodnia
NL,Holandia,2024,9,Jesień,no2,15.328158953722335,12.9,7.375,21.5,54.8,994,17.806841046277665,Europa Zachodnia
NL,Holandia,2024,9,Jesień,o3,53.10778145695364,53.3,45.6,60.349999999999994,90.4,604,0.0,Europa Zachodnia
NL,Holandia,2024,9,Jesień,pm10,16.963308056872037,14.0,10.149999999999999,21.35,58.9,1055,0.8530805687203791,Europa Zachodnia
NL,Holandia,2024,9,Jesień,pm25,8.651527472527473,6.7,3.835,12.0,33.6,819,16.971916971916972,Europa Zachodnia
NL,Holandia,2024,10,Jesień,no2,20.071650579150578,18.4,11.3,27.1,64.4,1036,30.79150579150579,Europa Zachodnia
NL,Holandia,2024,10,Jesień,o3,33.04403087478559,33.5,22.4,42.3,74.8,583,0.0,Europa Zachodnia
NL,Holandia,2024,10,Jesień,pm10,15.033372620126928,14.1,11.2,17.8,44.8,1103,0.0,Europa Zachodnia
NL,Holandia,2024,10,Jesień,pm25,7.660339534883721,6.93,4.9375,9.64,24.4,860,5.116279069767442,Europa Zachodnia
NL,Holandia,2024,11,Jesień,no2,22.424166666666665,22.6,14.0,29.125,55.5,168,40.476190476190474,Europa Zachodnia
NL,Holandia,2024,11,Jesień,o3,26.33901612903226,26.9,10.15,42.099999999999994,61.3,62,0.0,Europa Zachodnia
NL,Holandia,2024,11,Jesień,pm10,18.211801242236024,16.1,12.6,21.2,45.6,161,1.2422360248447204,Europa Zachodnia
NL,Holandia,2024,11,Jesień,pm25,12.117109375,10.4,6.4775,16.25,35.8,128,28.90625,Europa Zachodnia
NL,Holandia,2024,12,Zima,no2,18.21296052631579,16.45,10.0525,24.525,53.0,152,24.342105263157894,Europa Zachodnia
NL,Holandia,2024,12,Zima,o3,34.30433333333334,33.5,21.875,45.875,63.2,60,0.0,Europa Zachodnia
NL,Holandia,2024,12,Zima,pm10,14.814666666666666,14.0,10.75,18.325,34.0,120,0.0,Europa Zachodnia
NL,Holandia,2024,12,Zima,pm25,11.370537634408603,10.6,6.9,14.5,26.9,93,22.58064516129032,Europa Zachodnia
NL,Holandia,2025,1,Zima,no2,21.14439393939394,20.55,9.5725,31.5,54.3,66,40.909090909090914,Europa Zachodnia
NL,Holandia,2025,1,Zima,o3,32.62327272727273,33.6,11.45,49.25,73.6,55,0.0,Europa Zachodnia
NL,Holandia,2025,1,Zima,pm10,15.58406976744186,12.6,8.8825,20.05,44.0,86,0.0,Europa Zachodnia
NL,Holandia,2025,1,Zima,pm25,10.987272727272726,8.35,3.365,15.25,33.0,55,25.454545454545453,Europa Zachodnia
NL,Holandia,2025,2,Zima,no2,20.164819277108435,18.6,14.75,24.35,48.2,83,21.686746987951807,Europa Zachodnia
NL,Holandia,2025,2,Zima,o3,33.417142857142856,34.4,22.0,43.175,62.3,56,0.0,Europa Zachodnia
NL,Holandia,2025,2,Zima,pm10,24.27541666666667,23.2,15.024999999999999,31.55,56.6,96,7.291666666666667,Europa Zachodnia
NL,Holandia,2025,2,Zima,pm25,17.76181818181818,17.15,10.425,25.325000000000003,37.1,66,62.121212121212125,Europa Zachodnia
NL,Holandia,2025,3,Wiosna,no2,21.869565217391305,17.8,10.1,30.5,62.0,115,34.78260869565217,Europa Zachodnia
NL,Holandia,2025,3,Wiosna,o3,47.55806451612903,48.55,41.55,56.075,72.4,62,0.0,Europa Zachodnia
NL,Holandia,2025,3,Wiosna,pm10,24.83073394495413,21.2,15.2,33.1,64.8,109,9.174311926605505,Europa Zachodnia
NL,Holandia,2025,3,Wiosna,pm25,13.317755102040817,11.45,6.485,18.849999999999998,33.1,98,38.775510204081634,Europa Zachodnia
NL,Holandia,2025,4,Wiosna,no2,15.491932773109243,13.6,9.58,20.200000000000003,36.3,119,14.285714285714285,Europa Zachodnia
NL,Holandia,2025,4,Wiosna,o3,55.51166666666666,57.05,46.325,64.975,82.7,60,0.0,Europa Zachodnia
NL,Holandia,2025,4,Wiosna,pm10,20.739250000000002,18.049999999999997,14.725000000000001,24.175,68.4,120,4.166666666666666,Europa Zachodnia
NL,Holandia,2025,4,Wiosna,pm25,11.936333333333332,11.5,7.9775,15.5,29.5,120,28.333333333333332,Europa Zachodnia
NL,Holandia,2025,5,Wiosna,no2,9.905593220338982,8.370000000000001,6.055,12.225000000000001,36.3,118,1.694915254237288,Europa Zachodnia
NL,Holandia,2025,5,Wiosna,o3,62.84590163934426,63.9,56.6,72.9,89.5,61,0.0,Europa Zachodnia
NL,Holandia,2025,5,Wiosna,pm10,19.507272727272728,17.1,14.7,21.8,56.4,121,1.6528925619834711,Europa Zachodnia
NL,Holandia,2025,5,Wiosna,pm25,8.256115702479338,7.56,5.89,9.1,32.4,121,4.132231404958678,Europa Zachodnia
NL,Holandia,2025,6,Lato,no2,10.187916666666666,9.535,6.4725,12.825000000000001,25.4,120,0.8333333333333334,Europa Zachodnia
NL,Holandia,2025,6,Lato,o3,65.62666666666667,62.05,55.9,73.75,117.0,60,1.6666666666666667,Europa Zachodnia
NL,Holandia,2025,6,Lato,pm10,18.264916666666668,16.55,13.149999999999999,21.225,45.8,120,0.8333333333333334,Europa Zachodnia
NL,Holandia,2025,6,Lato,pm25,8.204553571428571,7.23,5.512499999999999,10.225,23.9,112,8.035714285714286,Europa Zachodnia
NL,Holandia,2025,7,Lato,no2,10.163145161290323,9.059999999999999,6.5325,13.4,22.8,124,0.0,Europa Zachodnia
NL,Holandia,2025,7,Lato,o3,56.46290322580645,54.150000000000006,48.4,63.075,86.2,62,0.0,Europa Zachodnia
NL,Holandia,2025,7,Lato,pm10,15.33016129032258,13.3,11.275,16.9,46.7,124,1.6129032258064515,Europa Zachodnia
NL,Holandia,2025,7,Lato,pm25,5.789677419354839,5.16,3.87,6.77,16.6,93,3.225806451612903,Europa Zachodnia
NL,Holandia,2025,8,Lato,no2,12.323225806451612,11.0,6.42,16.225,35.0,124,7.258064516129033,Europa Zachodnia
NL,Holandia,2025,8,Lato,o3,58.079032258064515,54.55,48.025,65.275,97.4,62,0.0,Europa Zachodnia
NL,Holandia,2025,8,Lato,pm10,18.321209677419354,16.75,13.475,20.1,43.3,124,0.0,Europa Zachodnia
NL,Holandia,2025,8,Lato,pm25,7.290430107526881,6.12,4.46,8.84,24.0,93,7.526881720430108,Europa Zachodnia
NL,Holandia,2025,9,Jesień,no2,15.590526315789473,13.0,9.43,20.5,32.3,57,15.789473684210526,Europa Zachodnia
NL,Holandia,2025,9,Jesień,o3,40.37375,40.95,34.6,47.025000000000006,65.8,32,0.0,Europa Zachodnia
NL,Holandia,2025,9,Jesień,pm10,13.672894736842107,12.350000000000001,10.9,14.25,29.5,38,0.0,Europa Zachodnia
NL,Holandia,2025,9,Jesień,pm25,5.670277777777778,3.9850000000000003,3.085,5.9475,25.6,36,8.333333333333332,Europa Zachodnia
NL,Holandia,2025,10,Jesień,no2,20.955483870967743,20.2,16.6,25.1,31.3,31,25.806451612903224,Europa Zachodnia
NL,Holandia,2025,10,Jesień,o3,38.31290322580645,35.8,30.549999999999997,45.45,56.7,31,0.0,Europa Zachodnia
NL,Holandia,2025,10,Jesień,pm10,13.75290322580645,13.7,10.600000000000001,15.2,28.2,31,0.0,Europa Zachodnia
NL,Holandia,2025,10,Jesień,pm25,5.330645161290323,4.93,3.2199999999999998,7.2,13.1,31,0.0,Europa Zachodnia
NL,Holandia,2025,11,Jesień,no2,27.39466666666667,25.65,21.05,33.375,41.5,30,50.0,Europa Zachodnia
NL,Holandia,2025,11,Jesień,o3,26.795,27.8,17.5,34.55,49.8,30,0.0,Europa Zachodnia
NL,Holandia,2025,11,Jesień,pm10,15.468333333333334,13.6,12.274999999999999,18.425,28.2,30,0.0,Europa Zachodnia
NL,Holandia,2025,11,Jesień,pm25,7.696166666666667,6.35,4.09,11.375,18.9,30,6.666666666666667,Europa Zachodnia
NL,Holandia,2025,12,Zima,no2,24.631333333333334,26.3,18.1,29.775,41.1,30,53.333333333333336,Europa Zachodnia
NL,Holandia,2025,12,Zima,o3,27.782666666666668,27.25,17.35,39.325,52.2,30,0.0,Europa Zachodnia
NL,Holandia,2025,12,Zima,pm10,18.055333333333333,18.2,13.875,21.375,27.7,30,0.0,Europa Zachodnia
NL,Holandia,2025,12,Zima,pm25,9.820333333333334,9.545000000000002,6.2575,13.225,18.1,30,10.0,Europa Zachodnia
NO,Norwegia,2022,1,Zima,no2,24.207598967297763,22.2,12.3,34.1,72.9,581,41.996557659208264,Europa Północna
NO,Norwegia,2022,1,Zima,o3,47.96333333333334,51.1,34.7,58.5,79.2,30,0.0,Europa Północna
NO,Norwegia,2022,1,Zima,pm10,15.531567532467534,12.45,8.0525,19.5,63.2,770,2.3376623376623376,Europa Północna
NO,Norwegia,2022,1,Zima,pm25,9.082325737265416,7.63,4.9825,11.8,33.8,746,14.47721179624665,Europa Północna
NO,Norwegia,2022,2,Zima,no2,22.399348076923076,21.1,11.975,30.05,74.4,520,39.23076923076923,Europa Północna
NO,Norwegia,2022,2,Zima,o3,59.94074074074074,59.7,52.35,70.6,86.7,27,0.0,Europa Północna
NO,Norwegia,2022,2,Zima,pm10,13.626965517241379,11.3,7.68,16.7,71.0,725,1.2413793103448276,Europa Północna
NO,Norwegia,2022,2,Zima,pm25,7.037849431818182,6.04,4.4,8.605,29.8,704,4.829545454545454,Europa Północna
NO,Norwegia,2022,3,Wiosna,no2,24.64998490566038,22.1,13.975,34.3,76.7,530,43.20754716981132,Europa Północna
NO,Norwegia,2022,3,Wiosna,o3,59.608695652173914,59.0,52.599999999999994,63.5,108.0,23,4.3478260869565215,Europa Północna
NO,Norwegia,2022,3,Wiosna,pm10,26.19621287128713,24.35,15.725,34.175000000000004,72.4,606,9.570957095709572,Europa Północna
NO,Norwegia,2022,3,Wiosna,pm25,10.526885369532428,9.04,6.09,13.75,32.2,663,20.51282051282051,Europa Północna
NO,Norwegia,2022,4,Wiosna,no2,16.276009090909092,13.350000000000001,7.2425,21.3,77.4,550,16.90909090909091,Europa Północna
NO,Norwegia,2022,4,Wiosna,o3,72.2896551724138,71.1,65.2,77.3,91.5,29,0.0,Europa Północna
NO,Norwegia,2022,4,Wiosna,pm10,18.626831154381087,16.1,9.36,25.4,65.8,719,4.033379694019471,Europa Północna
NO,Norwegia,2022,4,Wiosna,pm25,5.327022702702703,4.73,3.1,6.4325,25.2,740,2.1621621621621623,Europa Północna
NO,Norwegia,2022,5,Wiosna,no2,13.449321607142858,10.7,6.9,16.725,73.1,560,8.928571428571429,Europa Północna
NO,Norwegia,2022,5,Wiosna,o3,66.52916666666667,67.15,59.675000000000004,72.6,95.0,24,0.0,Europa Północna
NO,Norwegia,2022,5,Wiosna,pm10,12.953122955145117,11.5,7.5425,16.6,48.0,758,0.395778364116095,Europa Północna
NO,Norwegia,2022,5,Wiosna,pm25,4.914746467391304,4.45,3.245,6.08,18.0,736,0.8152173913043478,Europa Północna
NO,Norwegia,2022,6,Lato,no2,12.347858638743457,9.93,6.01,16.2,63.2,573,7.678883071553229,Europa Północna
NO,Norwegia,2022,6,Lato,o3,58.813333333333325,60.8,55.0,65.825,67.6,30,0.0,Europa Północna
NO,Norwegia,2022,6,Lato,pm10,12.364606340819021,11.6,8.42,15.3,36.6,757,0.0,Europa Północna
NO,Norwegia,2022,6,Lato,pm25,6.264707290233838,5.65,4.025,7.505,24.2,727,3.1636863823933976,Europa Północna
NO,Norwegia,2022,7,Lato,no2,8.423494949494948,7.215,4.12,11.7,38.5,594,0.8417508417508417,Europa Północna
NO,Norwegia,2022,7,Lato,o3,51.873333333333335,52.55,41.25,60.75,85.3,30,0.0,Europa Północna
NO,Norwegia,2022,7,Lato,pm10,8.16942334739803,7.41,4.78,10.0,39.2,711,0.0,Europa Północna
NO,Norwegia,2022,7,Lato,pm25,4.410841654778888,3.71,2.31,5.26,27.7,701,1.8544935805991443,Europa Północna
NO,Norwegia,2022,8,Lato,no2,12.057027118644067,11.25,6.675,16.1,36.0,590,5.2542372881355925,Europa Północna
NO,Norwegia,2022,8,Lato,o3,43.51020408163265,43.0,34.3,50.7,86.5,49,0.0,Europa Północna
NO,Norwegia,2022,8,Lato,pm10,10.622796965699209,9.68,6.7325,13.5,34.8,758,0.0,Europa Północna
NO,Norwegia,2022,8,Lato,pm25,5.249420907840441,4.73,3.21,6.665,15.7,727,0.5502063273727648,Europa Północna
NO,Norwegia,2022,9,Jesień,no2,13.560166365280288,12.7,7.4,18.8,40.0,553,9.945750452079565,Europa Północna
NO,Norwegia,2022,9,Jesień,o3,44.4455,44.45,34.525,55.45,67.4,60,0.0,Europa Północna
NO,Norwegia,2022,9,Jesień,pm10,9.201113802435724,8.13,5.1850000000000005,11.2,51.3,739,0.2706359945872801,Europa Północna
NO,Norwegia,2022,9,Jesień,pm25,4.256276847977685,3.92,2.48,5.56,15.0,717,0.0,Europa Północna
NO,Norwegia,2022,10,Jesień,no2,15.897,14.6,9.64,21.2,52.4,565,15.575221238938052,Europa Północna
NO,Norwegia,2022,10,Jesień,o3,41.42857142857143,46.2,27.450000000000003,54.1,67.4,63,0.0,Europa Północna
NO,Norwegia,2022,10,Jesień,pm10,12.481292517006803,10.8,7.385,15.9,50.6,735,0.27210884353741494,Europa Północna
NO,Norwegia,2022,10,Jesień,pm25,6.225063360881542,5.655,3.8825,7.8475,23.5,726,2.479338842975207,Europa Północna
NO,Norwegia,2022,11,Jesień,no2,14.059518072289157,12.6,7.03,20.0,46.9,581,11.015490533562824,Europa Północna
NO,Norwegia,2022,11,Jesień,o3,42.00314814814815,44.95,33.7,53.699999999999996,68.6,54,0.0,Europa Północna
NO,Norwegia,2022,11,Jesień,pm10,12.485965070422536,10.1,5.875,15.8,57.7,710,1.267605633802817,Europa Północna
NO,Norwegia,2022,11,Jesień,pm25,5.819794117647058,5.29,3.62,7.44,21.1,697,1.291248206599713,Europa Północna
NO,Norwegia,2022,12,Zima,no2,25.189562610229277,23.9,13.649999999999999,35.5,73.5,567,46.56084656084656,Europa Północna
NO,Norwegia,2022,12,Zima,o3,49.71944444444445,48.7,40.425,61.15,69.0,36,0.0,Europa Północna
NO,Norwegia,2022,12,Zima,pm10,15.626839779005525,13.4,8.4,20.5,65.8,724,1.5193370165745856,Europa Północna
NO,Norwegia,2022,12,Zima,pm25,9.661859375,8.504999999999999,5.15,13.25,28.7,640,17.34375,Europa Północna
NO,Norwegia,2023,1,Zima,no2,21.876012024048094,19.7,10.1,30.65,74.6,499,38.07615230460922,Europa Północna
NO,Norwegia,2023,1,Zima,o3,54.12759259259259,57.75,46.2,66.1,79.9,54,0.0,Europa Północna
NO,Norwegia,2023,1,Zima,pm10,12.199541743119266,10.030000000000001,6.1325,15.9,54.9,654,0.764525993883792,Europa Północna
NO,Norwegia,2023,1,Zima,pm25,7.6795904290429045,6.595,3.985,10.0,30.8,606,7.920792079207921,Europa Północna
NO,Norwegia,2023,2,Zima,no2,22.313376623376623,20.7,10.2,31.6,60.9,77,40.25974025974026,Europa Północna
NO,Norwegia,2023,2,Zima,o3,52.15,52.599999999999994,37.800000000000004,66.575,69.8,8,0.0,Europa Północna
NO,Norwegia,2023,2,Zima,pm10,15.2709375,14.850000000000001,9.6325,20.1,32.7,96,0.0,Europa Północna
NO,Norwegia,2023,2,Zima,pm25,11.247802197802198,10.8,7.025,14.55,28.1,91,23.076923076923077,Europa Północna
NO,Norwegia,2023,3,Wiosna,no2,16.67512,14.7,8.9475,23.925,47.1,250,23.200000000000003,Europa Północna
NO,Norwegia,2023,3,Wiosna,o3,67.02857142857142,68.4,64.6,75.725,87.7,28,0.0,Europa Północna
NO,Norwegia,2023,3,Wiosna,pm10,15.01236895522388,10.6,6.675000000000001,18.3,69.0,335,2.9850746268656714,Europa Północna
NO,Norwegia,2023,3,Wiosna,pm25,5.51182761627907,5.16,3.3850000000000002,6.7475000000000005,17.8,344,1.4534883720930232,Europa Północna
NO,Norwegia,2023,4,Wiosna,no2,13.834849278350514,12.0,7.0,18.9,46.0,485,12.164948453608247,Europa Północna
NO,Norwegia,2023,4,Wiosna,o3,69.398,70.7,61.224999999999994,77.67500000000001,92.6,50,0.0,Europa Północna
NO,Norwegia,2023,4,Wiosna,pm10,17.516115348837207,13.3,7.87,24.0,69.6,645,5.426356589147287,Europa Północna
NO,Norwegia,2023,4,Wiosna,pm25,5.643902727272727,5.275,3.3275,7.3075,21.5,660,1.5151515151515151,Europa Północna
NO,Norwegia,2023,5,Wiosna,no2,11.740777602523659,9.635000000000002,5.8725000000000005,15.3,57.1,634,7.570977917981073,Europa Północna
NO,Norwegia,2023,5,Wiosna,o3,67.05471153846153,69.9,62.0,74.3,106.0,104,0.9615384615384616,Europa Północna
NO,Norwegia,2023,5,Wiosna,pm10,16.580765802469134,14.0,9.34,21.2,69.9,810,1.8518518518518516,Europa Północna
NO,Norwegia,2023,5,Wiosna,pm25,6.377120173267326,5.4399999999999995,3.5475,8.285,26.3,808,3.7128712871287126,Europa Północna
NO,Norwegia,2023,6,Lato,no2,11.002166409861324,9.27,6.05,14.5,43.4,649,5.3929121725731894,Europa Północna
NO,Norwegia,2023,6,Lato,o3,66.98417391304348,68.8,61.6,75.3,101.0,115,0.8695652173913043,Europa Północna
NO,Norwegia,2023,6,Lato,pm10,14.418978365384616,13.25,9.1425,18.3,46.0,832,0.1201923076923077,Europa Północna
NO,Norwegia,2023,6,Lato,pm25,7.174446210268949,6.43,4.2425,9.4575,25.6,818,5.378973105134474,Europa Północna
NO,Norwegia,2023,7,Lato,no2,8.327036912751677,7.42,4.6775,10.6,34.6,596,0.6711409395973155,Europa Północna
NO,Norwegia,2023,7,Lato,o3,51.74285714285714,50.75,43.85,60.4,86.6,112,0.0,Europa Północna
NO,Norwegia,2023,7,Lato,pm10,7.614101941747573,7.255,5.43,9.4125,30.5,824,0.0,Europa Północna
NO,Norwegia,2023,7,Lato,pm25,4.123964691046658,3.86,2.71,5.15,15.4,793,0.12610340479192939,Europa Północna
NO,Norwegia,2023,8,Lato,no2,10.350961538461538,8.63,5.5575,13.875,36.1,546,4.945054945054945,Europa Północna
NO,Norwegia,2023,8,Lato,o3,47.41538461538461,46.349999999999994,37.425,57.85,74.5,104,0.0,Europa Północna
NO,Norwegia,2023,8,Lato,pm10,8.366452476572958,7.79,5.705,10.45,32.5,747,0.0,Europa Północna
NO,Norwegia,2023,8,Lato,pm25,4.214145429362881,3.87,2.81,5.175,22.3,722,0.2770083102493075,Europa Północna
NO,Norwegia,2023,9,Jesień,no2,11.191981595092024,10.1,6.625,14.6,38.3,652,2.7607361963190185,Europa Północna
NO,Norwegia,2023,9,Jesień,o3,56.93416666666667,57.0,47.4,65.95,104.0,120,1.6666666666666667,Europa Północna
NO,Norwegia,2023,9,Jesień,pm10,9.997093551912569,9.07,6.145,12.6,30.1,915,0.0,Europa Północna
NO,Norwegia,2023,9,Jesień,pm25,5.712448816234499,4.75,3.165,6.96,25.5,887,4.735062006764374,Europa Północna
NO,Norwegia,2023,10,Jesień,no2,13.337321428571428,11.350000000000001,6.6,17.9,59.9,476,10.714285714285714,Europa Północna
NO,Norwegia,2023,10,Jesień,o3,52.163855421686755,56.2,42.55,65.05000000000001,79.1,83,0.0,Europa Północna
NO,Norwegia,2023,10,Jesień,pm10,9.153336306729264,7.77,4.865,12.45,37.6,639,0.0,Europa Północna
NO,Norwegia,2023,10,Jesień,pm25,4.02234620355412,3.55,2.24,5.285,18.7,619,0.32310177705977383,Europa Północna
NO,Norwegia,2023,11,Jesień,no2,13.716107320872275,10.3,5.415,20.275,62.2,642,15.732087227414329,Europa Północna
NO,Norwegia,2023,11,Jesień,o3,42.45985074626866,44.900000000000006,30.225,55.699999999999996,79.0,134,0.0,Europa Północna
NO,Norwegia,2023,11,Jesień,pm10,9.567815300546448,7.44,4.005,12.0,66.2,915,0.4371584699453552,Europa Północna
NO,Norwegia,2023,11,Jesień,pm25,5.194853200883003,4.415,2.55,6.77,25.4,906,2.207505518763797,Europa Północna
NO,Norwegia,2023,12,Zima,no2,19.31064608433735,16.65,7.387499999999999,27.5,75.2,664,29.96987951807229,Europa Północna
NO,Norwegia,2023,12,Zima,o3,43.266305343511455,43.3,28.3,58.15,83.6,131,0.0,Europa Północna
NO,Norwegia,2023,12,Zima,pm10,11.275849142857144,9.03,4.68,15.4,55.2,875,0.34285714285714286,Europa Północna
NO,Norwegia,2023,12,Zima,pm25,7.9680036024844725,6.29,3.58,10.9,33.2,805,12.298136645962733,Europa Północna
NO,Norwegia,2024,1,Zima,no2,28.469038327526132,26.35,12.725,41.675000000000004,77.0,574,53.484320557491294,Europa Północna
NO,Norwegia,2024,1,Zima,o3,55.112941176470585,61.7,45.6,70.3,85.5,119,0.0,Europa Północna
NO,Norwegia,2024,1,Zima,pm10,17.597938364779875,14.7,9.024999999999999,23.7,66.2,795,2.767295597484277,Europa Północna
NO,Norwegia,2024,1,Zima,pm25,10.054062345679013,8.695,5.57,13.3,35.9,648,17.59259259259259,Europa Północna
NO,Norwegia,2024,2,Zima,no2,20.259209302325583,17.4,9.5,28.6,70.5,645,32.86821705426357,Europa Północna
NO,Norwegia,2024,2,Zima,o3,60.07586206896552,63.650000000000006,47.35,71.85,87.2,116,0.0,Europa Północna
NO,Norwegia,2024,2,Zima,pm10,11.424600253807105,9.265,6.4175,14.3,63.7,788,1.015228426395939,Europa Północna
NO,Norwegia,2024,2,Zima,pm25,7.411410526315789,6.385,4.1125,9.442499999999999,33.3,760,6.184210526315789,Europa Północna
NO,Norwegia,2024,3,Wiosna,no2,14.627503759398495,12.2,7.06,19.5,51.8,665,14.887218045112782,Europa Północna
NO,Norwegia,2024,3,Wiosna,o3,61.644094488188976,62.8,52.349999999999994,73.7,88.1,127,0.0,Europa Północna
NO,Norwegia,2024,3,Wiosna,pm10,16.703110795454545,12.75,8.0275,21.1,70.4,704,4.403409090909091,Europa Północna
NO,Norwegia,2024,3,Wiosna,pm25,7.475132075471698,6.445,4.305,9.817499999999999,26.7,742,6.738544474393531,Europa Północna
NO,Norwegia,2024,4,Wiosna,no2,11.922479351032448,10.55,6.5175,16.3,39.2,678,5.457227138643068,Europa Północna
NO,Norwegia,2024,4,Wiosna,o3,71.7054054054054,73.2,64.375,80.825,97.4,148,0.0,Europa Północna
NO,Norwegia,2024,4,Wiosna,pm10,18.21018445322793,14.6,9.11,23.8,70.8,759,4.743083003952568,Europa Północna
NO,Norwegia,2024,4,Wiosna,pm25,5.502558290155441,4.91,3.495,6.8,20.6,772,0.9067357512953367,Europa Północna
NO,Norwegia,2024,5,Wiosna,no2,12.50776323987539,11.05,6.95,16.45,41.2,642,7.320872274143301,Europa Północna
NO,Norwegia,2024,5,Wiosna,o3,70.59858156028369,70.6,62.3,78.7,104.0,141,1.4184397163120568,Europa Północna
NO,Norwegia,2024,5,Wiosna,pm10,18.4287625,16.6,12.2,22.5,61.1,800,1.7500000000000002,Europa Północna
NO,Norwegia,2024,5,Wiosna,pm25,7.072831402831403,6.68,5.07,8.82,18.3,777,0.7722007722007722,Europa Północna
NO,Norwegia,2024,6,Lato,no2,8.994115501519756,7.785,5.175,11.6,31.7,658,1.21580547112462,Europa Północna
NO,Norwegia,2024,6,Lato,o3,63.42933333333333,63.5,56.675,71.375,93.4,150,0.0,Europa Północna
NO,Norwegia,2024,6,Lato,pm10,10.08353164556962,8.79,6.44,12.4,46.5,790,0.12658227848101267,Europa Północna
NO,Norwegia,2024,6,Lato,pm25,4.872161073825503,4.42,3.14,6.07,18.4,745,0.2684563758389262,Europa Północna
NO,Norwegia,2024,7,Lato,no2,8.44880616740088,7.27,4.95,11.1,35.0,681,0.4405286343612335,Europa Północna
NO,Norwegia,2024,7,Lato,o3,54.46709677419354,54.6,47.6,60.6,95.7,155,0.0,Europa Północna
NO,Norwegia,2024,7,Lato,pm10,7.541953601953602,6.62,4.885,9.31,33.6,819,0.0,Europa Północna
NO,Norwegia,2024,7,Lato,pm25,4.011392030848329,3.77,2.73,5.0,12.8,778,0.0,Europa Północna
NO,Norwegia,2024,8,Lato,no2,9.615753144654088,8.774999999999999,5.625,12.5,39.0,636,1.4150943396226416,Europa Północna
NO,Norwegia,2024,8,Lato,o3,57.45328947368421,58.2,50.6,63.824999999999996,101.0,152,0.6578947368421052,Europa Północna
NO,Norwegia,2024,8,Lato,pm10,10.198203897685747,8.95,6.45,12.6,43.4,821,0.0,Europa Północna
NO,Norwegia,2024,8,Lato,pm25,5.520021662468515,5.165,3.4225,6.995,21.5,794,1.2594458438287155,Europa Północna
NO,Norwegia,2024,9,Jesień,no2,13.892405103668262,12.6,7.71,19.4,42.1,627,10.685805422647528,Europa Północna
NO,Norwegia,2024,9,Jesień,o3,50.932,51.599999999999994,37.849999999999994,63.375,91.3,150,0.0,Europa Północna
NO,Norwegia,2024,9,Jesień,pm10,12.950503090234859,10.5,6.59,17.5,49.7,809,0.3708281829419036,Europa Północna
NO,Norwegia,2024,9,Jesień,pm25,6.772548262548263,5.17,3.18,8.9,26.2,777,9.523809523809524,Europa Północna
NO,Norwegia,2024,10,Jesień,no2,15.171079439252336,13.3,8.2325,20.5,45.9,642,15.42056074766355,Europa Północna
NO,Norwegia,2024,10,Jesień,o3,51.52585034013605,53.7,39.45,65.45,84.6,147,0.0,Europa Północna
NO,Norwegia,2024,10,Jesień,pm10,13.054839855072464,10.9,7.28,16.2,55.8,828,1.6908212560386473,Europa Północna
NO,Norwegia,2024,10,Jesień,pm25,5.944702354399008,5.63,3.775,7.575,19.8,807,1.2391573729863694,Europa Północna
NO,Norwegia,2024,11,Jesień,no2,18.964451257861633,17.25,9.8375,26.225,72.4,636,27.67295597484277,Europa Północna
NO,Norwegia,2024,11,Jesień,o3,49.934400000000004,52.9,37.5,62.3,78.2,125,0.0,Europa Północna
NO,Norwegia,2024,11,Jesień,pm10,16.581330798479087,13.1,7.41,22.0,67.2,789,3.929024081115336,Europa Północna
NO,Norwegia,2024,11,Jesień,pm25,7.928542540073982,6.86,4.404999999999999,10.05,34.7,811,9.494451294697903,Europa Północna
NO,Norwegia,2024,12,Zima,no2,19.93633017077799,18.6,9.27,27.6,65.5,527,30.36053130929791,Europa Północna
NO,Norwegia,2024,12,Zima,o3,51.58656903225806,54.0,39.55,66.3,88.6,155,0.0,Europa Północna
NO,Norwegia,2024,12,Zima,pm10,13.493559822747415,10.1,6.71,17.6,72.0,677,1.03397341211226,Europa Północna
NO,Norwegia,2024,12,Zima,pm25,8.45185579937304,6.79,4.512499999999999,10.8,31.2,638,13.009404388714735,Europa Północna
NO,Norwegia,2025,1,Zima,no2,22.76513931888545,20.5,10.850000000000001,31.4,69.1,323,37.461300309597526,Europa Północna
NO,Norwegia,2025,1,Zima,o3,50.6834453125,53.55,37.2,67.05,83.1,128,0.0,Europa Północna
NO,Norwegia,2025,1,Zima,pm10,13.488030303030303,11.5,6.0775,18.1,54.3,396,0.7575757575757576,Europa Północna
NO,Norwegia,2025,1,Zima,pm25,10.174593175853019,8.39,4.47,14.3,36.5,381,23.097112860892388,Europa Północna
NO,Norwegia,2025,2,Zima,no2,22.423432835820893,21.05,11.875,30.95,68.3,268,35.82089552238806,Europa Północna
NO,Norwegia,2025,2,Zima,o3,57.00196261682243,61.6,46.9,71.1,84.3,107,0.0,Europa Północna
NO,Norwegia,2025,2,Zima,pm10,16.82556862745098,14.4,9.57,22.45,58.5,255,1.1764705882352942,Europa Północna
NO,Norwegia,2025,2,Zima,pm25,11.274828897338404,10.4,6.88,14.5,33.1,263,23.574144486692013,Europa Północna
NO,Norwegia,2025,3,Wiosna,no2,15.7317,13.7,8.815,20.125,52.8,200,13.5,Europa Północna
NO,Norwegia,2025,3,Wiosna,o3,67.14112903225806,68.0,60.224999999999994,74.32499999999999,95.7,124,0.0,Europa Północna
NO,Norwegia,2025,3,Wiosna,pm10,20.104440154440155,16.6,9.39,28.2,69.3,259,5.7915057915057915,Europa Północna
NO,Norwegia,2025,3,Wiosna,pm25,7.9696013289036545,6.37,3.98,10.3,31.4,301,11.627906976744185,Europa Północna
NO,Norwegia,2025,4,Wiosna,no2,11.415742574257425,10.3,6.3725000000000005,14.524999999999999,40.4,202,5.9405940594059405,Europa Północna
NO,Norwegia,2025,4,Wiosna,o3,70.15083333333334,71.80000000000001,61.85,79.775,95.4,120,0.0,Europa Północna
NO,Norwegia,2025,4,Wiosna,pm10,15.804166666666667,13.8,8.2575,19.7,56.4,252,2.7777777777777777,Europa Północna
NO,Norwegia,2025,4,Wiosna,pm25,5.402082089552239,4.14,2.6375,7.3025,22.4,268,2.6119402985074625,Europa Północna
NO,Norwegia,2025,5,Wiosna,no2,8.000647959183674,6.63,4.5075,10.125,54.2,196,1.0204081632653061,Europa Północna
NO,Norwegia,2025,5,Wiosna,o3,70.58235245901639,70.75,64.675,77.22500000000001,93.8,122,0.0,Europa Północna
NO,Norwegia,2025,5,Wiosna,pm10,12.498320895522388,10.1,6.8149999999999995,15.274999999999999,64.2,268,1.8656716417910446,Europa Północna
NO,Norwegia,2025,5,Wiosna,pm25,4.192533582089552,3.795,2.5175,5.19,16.3,268,0.7462686567164178,Europa Północna
NO,Norwegia,2025,6,Lato,no2,8.47128155339806,7.505,4.945,11.375,23.7,206,0.0,Europa Północna
NO,Norwegia,2025,6,Lato,o3,61.48725490196078,60.4,55.2,68.65,80.1,102,0.0,Europa Północna
NO,Norwegia,2025,6,Lato,pm10,10.203878326996197,8.66,6.375,12.5,41.0,263,0.0,Europa Północna
NO,Norwegia,2025,6,Lato,pm25,4.846370656370657,4.05,2.81,5.99,23.1,259,0.7722007722007722,Europa Północna
NO,Norwegia,2025,7,Lato,no2,8.250376344086021,6.92,4.48,10.4,25.3,186,0.5376344086021506,Europa Północna
NO,Norwegia,2025,7,Lato,o3,52.63760683760684,51.7,45.5,59.7,77.5,117,0.0,Europa Północna
NO,Norwegia,2025,7,Lato,pm10,12.204834123222748,12.2,7.99,15.25,27.3,211,0.0,Europa Północna
NO,Norwegia,2025,7,Lato,pm25,7.39680473372781,7.47,4.31,10.2,17.0,169,1.7751479289940828,Europa Północna
NO,Norwegia,2025,8,Lato,no2,8.633257009345794,7.62,4.9275,11.2,24.7,214,0.0,Europa Północna
NO,Norwegia,2025,8,Lato,o3,51.85725806451613,52.55,45.3,59.475,75.8,124,0.0,Europa Północna
NO,Norwegia,2025,8,Lato,pm10,9.415852534562212,9.02,5.84,12.2,37.2,217,0.0,Europa Północna
NO,Norwegia,2025,8,Lato,pm25,5.181865591397849,4.6,2.4775,7.255,14.7,186,0.0,Europa Północna
NO,Norwegia,2025,9,Jesień,no2,11.84127659574468,10.7,7.2250000000000005,16.0,35.1,188,1.5957446808510638,Europa Północna
NO,Norwegia,2025,9,Jesień,o3,46.5109243697479,47.0,35.599999999999994,58.150000000000006,72.5,119,0.0,Europa Północna
NO,Norwegia,2025,9,Jesień,pm10,9.900452261306533,8.39,6.225,12.25,38.3,199,0.0,Europa Północna
NO,Norwegia,2025,9,Jesień,pm25,5.385344827586207,4.63,3.2525,6.7425,22.4,174,1.1494252873563218,Europa Północna
NO,Norwegia,2025,10,Jesień,no2,10.840476190476192,10.1,5.945,14.95,25.9,63,1.5873015873015872,Europa Północna
NO,Norwegia,2025,10,Jesień,o3,58.443999999999996,57.5,50.5,67.9,75.0,25,0.0,Europa Północna
NO,Norwegia,2025,10,Jesień,pm10,9.561666666666667,8.305,4.55,11.875,38.2,54,0.0,Europa Północna
NO,Norwegia,2025,10,Jesień,pm25,4.936481481481481,4.0,2.8,6.0375,20.4,54,1.8518518518518516,Europa Północna
NO,Norwegia,2025,12,Zima,no2,20.508396226415094,18.9,12.4,25.875,56.2,106,27.358490566037734,Europa Północna
NO,Norwegia,2025,12,Zima,o3,46.73460317460318,51.9,30.1,67.4,78.3,63,0.0,Europa Północna
NO,Norwegia,2025,12,Zima,pm10,16.92725,12.75,7.6025,25.7,52.3,120,4.166666666666666,Europa Północna
NO,Norwegia,2025,12,Zima,pm25,12.420499999999999,12.0,6.45,17.4,31.7,100,37.0,Europa Północna
PL,Polska,2022,1,Zima,no2,17.541322314049587,15.5,10.3,23.7,62.5,363,22.31404958677686,Europa Środkowa
PL,Polska,2022,1,Zima,o3,44.56044444444444,45.75,34.15,56.4,87.3,270,0.0,Europa Środkowa
PL,Polska,2022,1,Zima,pm10,21.314626506024094,17.6,11.95,27.15,71.7,415,6.987951807228916,Europa Środkowa
PL,Polska,2022,1,Zima,pm25,15.57291095890411,12.7,7.907500000000001,20.2,47.3,292,40.06849315068493,Europa Środkowa
PL,Polska,2022,2,Zima,no2,17.137217125382264,14.4,9.225,21.5,68.7,327,18.34862385321101,Europa Środkowa
PL,Polska,2022,2,Zima,o3,52.437813765182185,54.8,42.45,63.75,83.7,247,0.0,Europa Środkowa
PL,Polska,2022,2,Zima,pm10,18.91981723237598,15.0,10.25,23.200000000000003,72.6,383,6.005221932114883,Europa Środkowa
PL,Polska,2022,2,Zima,pm25,13.97890510948905,10.4,7.359999999999999,17.575000000000003,57.5,274,30.656934306569344,Europa Środkowa
PL,Polska,2022,3,Wiosna,no2,23.30777777777778,21.65,14.825000000000001,30.925,60.1,342,38.88888888888889,Europa Środkowa
PL,Polska,2022,3,Wiosna,o3,54.90689655172414,55.6,46.4,63.6,110.0,261,0.38314176245210724,Europa Środkowa
PL,Polska,2022,3,Wiosna,pm10,36.82201634877384,35.9,23.0,48.7,77.0,367,29.70027247956403,Europa Środkowa
PL,Polska,2022,3,Wiosna,pm25,26.392413793103447,24.4,14.9,36.3,63.6,261,74.71264367816092,Europa Środkowa
PL,Polska,2022,4,Wiosna,no2,17.39728651685393,14.8,10.174999999999999,22.3,56.0,356,18.53932584269663,Europa Środkowa
PL,Polska,2022,4,Wiosna,o3,64.05033834586466,66.15,55.324999999999996,75.07499999999999,95.2,266,0.0,Europa Środkowa
PL,Polska,2022,4,Wiosna,pm10,20.975614457831323,18.4,13.55,26.95,74.4,415,2.1686746987951806,Europa Środkowa
PL,Polska,2022,4,Wiosna,pm25,13.984222972972972,12.4,9.05,16.35,62.6,296,32.0945945945946,Europa Środkowa
PL,Polska,2022,5,Wiosna,no2,14.341420454545455,13.05,8.59,17.825,46.0,352,9.943181818181818,Europa Środkowa
PL,Polska,2022,5,Wiosna,o3,66.25967741935484,67.2,55.575,74.45,102.0,248,0.8064516129032258,Europa Środkowa
PL,Polska,2022,5,Wiosna,pm10,18.450953488372093,17.25,12.3,23.075000000000003,56.3,430,0.46511627906976744,Europa Środkowa
PL,Polska,2022,5,Wiosna,pm25,9.745537459283389,8.82,6.1899999999999995,11.850000000000001,34.5,307,11.400651465798045,Europa Środkowa
PL,Polska,2022,6,Lato,no2,13.840996677740865,12.5,9.77,16.1,40.1,301,7.308970099667775,Europa Środkowa
PL,Polska,2022,6,Lato,o3,66.45277777777777,67.15,56.55,74.47500000000001,110.0,216,2.7777777777777777,Europa Środkowa
PL,Polska,2022,6,Lato,pm10,17.386062052505967,16.7,12.8,20.85,52.4,419,0.47732696897374705,Europa Środkowa
PL,Polska,2022,6,Lato,pm25,10.230836120401337,9.55,7.035,12.45,26.6,299,14.046822742474916,Europa Środkowa
PL,Polska,2022,7,Lato,no2,12.150851963746224,9.9,6.785,16.3,44.5,331,7.250755287009064,Europa Środkowa
PL,Polska,2022,7,Lato,o3,59.97417840375587,58.4,49.6,69.2,111.0,213,0.9389671361502347,Europa Środkowa
PL,Polska,2022,7,Lato,pm10,14.19884705882353,13.0,9.36,18.0,45.6,425,0.2352941176470588,Europa Środkowa
PL,Polska,2022,7,Lato,pm25,7.0756146179402,5.96,4.27,8.91,27.9,301,4.651162790697675,Europa Środkowa
PL,Polska,2022,8,Lato,no2,13.929304985337243,12.7,8.14,17.8,51.9,341,9.970674486803519,Europa Środkowa
PL,Polska,2022,8,Lato,o3,57.81415094339623,56.7,47.75,64.7,112.0,212,1.8867924528301887,Europa Środkowa
PL,Polska,2022,8,Lato,pm10,19.324079254079255,18.5,13.0,24.5,53.5,429,0.6993006993006993,Europa Środkowa
PL,Polska,2022,8,Lato,pm25,10.375190322580647,9.649999999999999,6.3125,13.8,29.6,310,15.483870967741936,Europa Środkowa
PL,Polska,2022,9,Jesień,no2,13.952286585365854,12.75,8.3225,18.725,52.4,328,9.451219512195122,Europa Środkowa
PL,Polska,2022,9,Jesień,o3,42.24972115384615,41.75,31.95,53.324999999999996,84.4,208,0.0,Europa Środkowa
PL,Polska,2022,9,Jesień,pm10,15.899952038369303,14.3,10.3,19.9,43.7,417,0.0,Europa Środkowa
PL,Polska,2022,9,Jesień,pm25,10.645641891891893,8.245,5.58,14.05,36.4,296,22.635135135135133,Europa Środkowa
PL,Polska,2022,10,Jesień,no2,17.01282485875706,15.75,10.45,22.0,48.7,354,17.796610169491526,Europa Środkowa
PL,Polska,2022,10,Jesień,o3,31.3025611814346,29.7,20.9,41.0,69.4,237,0.0,Europa Środkowa
PL,Polska,2022,10,Jesień,pm10,24.044312796208533,23.05,17.0,29.4,66.5,422,3.3175355450236967,Europa Środkowa
PL,Polska,2022,10,Jesień,pm25,16.572233333333333,15.5,10.75,21.625,47.0,300,53.333333333333336,Europa Środkowa
PL,Polska,2022,11,Jesień,no2,18.6719770773639,17.4,13.3,22.6,52.5,349,19.197707736389685,Europa Środkowa
PL,Polska,2022,11,Jesień,o3,22.127322175732218,20.3,12.8,31.15,55.2,239,0.0,Europa Środkowa
PL,Polska,2022,11,Jesień,pm10,27.921256281407036,26.6,19.0,34.9,72.8,398,8.542713567839195,Europa Środkowa
PL,Polska,2022,11,Jesień,pm25,21.97393501805054,20.2,13.9,28.6,56.0,277,71.84115523465704,Europa Środkowa
PL,Polska,2022,12,Zima,no2,19.753767705382437,17.9,12.6,25.4,70.2,353,26.062322946175637,Europa Środkowa
PL,Polska,2022,12,Zima,o3,27.89983064516129,25.95,15.9,39.6,70.0,248,0.0,Europa Środkowa
PL,Polska,2022,12,Zima,pm10,27.539974811083127,25.0,16.4,35.5,77.2,397,12.090680100755668,Europa Środkowa
PL,Polska,2022,12,Zima,pm25,21.31544776119403,20.05,12.825,28.35,57.3,268,67.16417910447761,Europa Środkowa
PL,Polska,2023,1,Zima,no2,15.546315789473685,14.9,9.485,21.15,41.8,323,11.455108359133128,Europa Środkowa
PL,Polska,2023,1,Zima,o3,37.100462962962965,37.5,25.775,48.9,71.5,216,0.0,Europa Środkowa
PL,Polska,2023,1,Zima,pm10,21.49953488372093,19.85,13.674999999999999,27.924999999999997,68.3,344,2.0348837209302326,Europa Środkowa
PL,Polska,2023,1,Zima,pm25,17.681255230125522,15.9,10.5,23.25,60.9,239,53.55648535564853,Europa Środkowa
PL,Polska,2023,2,Zima,no2,15.595681818181818,15.25,6.15,24.75,39.8,44,20.454545454545457,Europa Środkowa
PL,Polska,2023,2,Zima,o3,45.109375,48.9,35.225,58.650000000000006,71.3,32,0.0,Europa Środkowa
PL,Polska,2023,2,Zima,pm10,28.621111111111112,28.3,15.8,36.4,61.7,45,15.555555555555555,Europa Środkowa
PL,Polska,2023,2,Zima,pm25,21.440606060606058,20.1,9.33,29.8,54.2,33,60.60606060606061,Europa Środkowa
PL,Polska,2023,3,Wiosna,no2,15.208855421686748,13.649999999999999,8.55,20.375,38.6,166,13.253012048192772,Europa Środkowa
PL,Polska,2023,3,Wiosna,o3,54.718918918918924,55.3,46.95,66.15,79.0,111,0.0,Europa Środkowa
PL,Polska,2023,3,Wiosna,pm10,19.819655172413793,16.15,11.825000000000001,23.799999999999997,65.6,174,3.4482758620689653,Europa Środkowa
PL,Polska,2023,3,Wiosna,pm25,15.472741935483873,12.8,8.8175,19.05,51.2,124,37.096774193548384,Europa Środkowa
PL,Polska,2023,4,Wiosna,no2,14.314298245614035,12.9,8.3325,18.75,53.6,342,8.187134502923977,Europa Środkowa
PL,Polska,2023,4,Wiosna,o3,58.549650655021836,58.7,46.7,74.0,101.0,229,0.43668122270742354,Europa Środkowa
PL,Polska,2023,4,Wiosna,pm10,21.74175202156334,20.2,15.2,26.25,56.0,371,2.964959568733154,Europa Środkowa
PL,Polska,2023,4,Wiosna,pm25,14.831615384615384,13.6,10.2,18.2,44.0,260,40.76923076923077,Europa Środkowa
PL,Polska,2023,5,Wiosna,no2,11.805054945054945,9.915,6.8575,15.350000000000001,54.1,364,5.21978021978022,Europa Środkowa
PL,Polska,2023,5,Wiosna,o3,65.26765182186234,67.8,53.75,77.1,132.0,247,5.668016194331984,Europa Środkowa
PL,Polska,2023,5,Wiosna,pm10,20.08259640102828,19.7,15.5,23.3,59.9,389,0.7712082262210797,Europa Środkowa
PL,Polska,2023,5,Wiosna,pm25,11.008054474708171,9.87,6.94,14.1,46.9,257,19.844357976653697,Europa Środkowa
PL,Polska,2023,6,Lato,no2,11.186112600536193,9.21,6.05,13.9,52.1,373,6.434316353887399,Europa Środkowa
PL,Polska,2023,6,Lato,o3,70.87787644787645,72.4,61.05,82.2,134.0,259,8.108108108108109,Europa Środkowa
PL,Polska,2023,6,Lato,pm10,18.749407216494845,17.4,14.2,21.924999999999997,75.0,388,0.7731958762886598,Europa Środkowa
PL,Polska,2023,6,Lato,pm25,10.58797619047619,9.85,7.0075,13.425,29.5,252,18.650793650793652,Europa Środkowa
PL,Polska,2023,7,Lato,no2,11.683194444444444,10.3,5.7924999999999995,15.525,50.8,360,5.833333333333333,Europa Środkowa
PL,Polska,2023,7,Lato,o3,64.93208,65.75,49.925,79.275,134.0,250,4.3999999999999995,Europa Środkowa
PL,Polska,2023,7,Lato,pm10,14.855442708333333,14.0,10.9,17.8,40.2,384,0.0,Europa Środkowa
PL,Polska,2023,7,Lato,pm25,8.18584,7.585,5.68,9.83,24.5,250,4.3999999999999995,Europa Środkowa
PL,Polska,2023,8,Lato,no2,11.769142011834319,9.844999999999999,5.609999999999999,15.725000000000001,65.6,338,6.508875739644971,Europa Środkowa
PL,Polska,2023,8,Lato,o3,58.71071428571429,57.4,45.6,70.4,128.0,224,2.6785714285714284,Europa Środkowa
PL,Polska,2023,8,Lato,pm10,14.968586956521738,13.8,9.5025,19.424999999999997,44.0,368,0.0,Europa Środkowa
PL,Polska,2023,8,Lato,pm25,9.431176470588236,8.745000000000001,5.25,12.4,24.6,238,12.605042016806722,Europa Środkowa
PL,Polska,2023,9,Jesień,no2,14.65230769230769,12.850000000000001,7.5225,19.1,54.1,390,13.333333333333334,Europa Środkowa
PL,Polska,2023,9,Jesień,o3,54.42459259259259,51.3,41.025,63.45,132.0,270,4.444444444444445,Europa Środkowa
PL,Polska,2023,9,Jesień,pm10,21.42196517412935,18.9,13.4,27.25,60.7,402,3.9800995024875623,Europa Środkowa
PL,Polska,2023,9,Jesień,pm25,13.370549019607843,11.7,8.3,17.5,32.7,255,32.15686274509804,Europa Środkowa
PL,Polska,2023,10,Jesień,no2,11.874868421052632,10.2,6.615,15.8,38.2,304,6.578947368421052,Europa Środkowa
PL,Polska,2023,10,Jesień,o3,43.88883838383838,45.3,29.175,56.975,102.0,198,0.5050505050505051,Europa Środkowa
PL,Polska,2023,10,Jesień,pm10,15.746739811912226,14.4,10.2,19.75,54.7,319,0.3134796238244514,Europa Środkowa
PL,Polska,2023,10,Jesień,pm25,11.041084905660378,9.995000000000001,6.54,13.725,45.4,212,18.39622641509434,Europa Środkowa
PL,Polska,2023,11,Jesień,no2,13.675549738219896,11.649999999999999,7.21,18.15,48.9,382,9.424083769633508,Europa Środkowa
PL,Polska,2023,11,Jesień,o3,37.504,36.3,24.1,48.7,85.2,265,0.0,Europa Środkowa
PL,Polska,2023,11,Jesień,pm10,17.310375939849624,15.0,9.54,22.6,70.5,399,2.0050125313283207,Europa Środkowa
PL,Polska,2023,11,Jesień,pm25,14.948030303030304,12.9,7.970000000000001,19.525,52.0,264,42.04545454545455,Europa Środkowa
PL,Polska,2023,12,Zima,no2,15.996818181818183,14.05,6.8025,21.75,65.4,374,18.71657754010695,Europa Środkowa
PL,Polska,2023,12,Zima,o3,39.34607692307692,37.8,20.875,56.775000000000006,91.0,260,0.0,Europa Środkowa
PL,Polska,2023,12,Zima,pm10,20.655951406649617,16.7,9.03,28.05,73.6,391,9.207161125319693,Europa Środkowa
PL,Polska,2023,12,Zima,pm25,17.126019379844962,14.0,6.3675,25.15,59.3,258,46.12403100775194,Europa Środkowa
PL,Polska,2024,1,Zima,no2,16.80940857142857,13.1,7.97,22.275,65.7,350,21.142857142857142,Europa Środkowa
PL,Polska,2024,1,Zima,o3,49.347137546468396,51.2,38.3,62.0,103.0,269,0.37174721189591076,Europa Środkowa
PL,Polska,2024,1,Zima,pm10,20.96615776081425,18.2,11.6,26.5,74.7,393,5.597964376590331,Europa Środkowa
PL,Polska,2024,1,Zima,pm25,17.208174603174605,14.649999999999999,9.1625,21.3,60.8,252,46.82539682539682,Europa Środkowa
PL,Polska,2024,2,Zima,no2,15.741246684350132,13.7,8.1,20.7,55.5,377,17.24137931034483,Europa Środkowa
PL,Polska,2024,2,Zima,o3,47.37337164750958,46.3,37.0,60.1,87.3,261,0.0,Europa Środkowa
PL,Polska,2024,2,Zima,pm10,21.02955,18.0,11.775,26.5,73.4,400,6.25,Europa Środkowa
PL,Polska,2024,2,Zima,pm25,16.076500000000003,14.3,8.16,21.4,50.3,260,46.92307692307692,Europa Środkowa
PL,Polska,2024,3,Wiosna,no2,14.413952506596306,13.0,8.094999999999999,19.75,50.5,379,9.762532981530343,Europa Środkowa
PL,Polska,2024,3,Wiosna,o3,51.72563176895307,49.8,39.5,66.5,94.9,277,0.0,Europa Środkowa
PL,Polska,2024,3,Wiosna,pm10,27.344543010752687,27.05,16.45,36.625,71.5,372,10.483870967741936,Europa Środkowa
PL,Polska,2024,3,Wiosna,pm25,22.11576612903226,22.1,12.975,30.175,48.2,248,69.35483870967742,Europa Środkowa
PL,Polska,2024,4,Wiosna,no2,12.650179487179486,11.350000000000001,7.12,16.8,61.2,390,6.41025641025641,Europa Środkowa
PL,Polska,2024,4,Wiosna,o3,67.49148148148149,63.95,55.775000000000006,79.275,129.0,270,4.814814814814815,Europa Środkowa
PL,Polska,2024,4,Wiosna,pm10,18.421626794258373,17.45,12.3,23.3,63.1,418,0.4784688995215311,Europa Środkowa
PL,Polska,2024,4,Wiosna,pm25,11.552481481481482,11.05,7.845000000000001,14.25,36.7,270,21.11111111111111,Europa Środkowa
PL,Polska,2024,5,Wiosna,no2,12.553640897755612,11.1,8.28,15.5,38.3,401,6.234413965087282,Europa Środkowa
PL,Polska,2024,5,Wiosna,o3,73.31263537906136,70.6,61.4,83.0,118.0,277,5.415162454873646,Europa Środkowa
PL,Polska,2024,5,Wiosna,pm10,19.00110565110565,18.1,14.5,22.7,50.2,407,0.4914004914004914,Europa Środkowa
PL,Polska,2024,5,Wiosna,pm25,9.686388888888889,9.62,7.762499999999999,11.4,17.2,252,4.365079365079365,Europa Środkowa
PL,Polska,2024,6,Lato,no2,10.951082857142858,9.705,7.005,14.1,32.4,350,2.571428571428571,Europa Środkowa
PL,Polska,2024,6,Lato,o3,69.47397769516729,67.8,59.3,79.2,131.0,269,3.717472118959108,Europa Środkowa
PL,Polska,2024,6,Lato,pm10,15.982292263610315,14.8,12.6,18.8,39.4,349,0.0,Europa Środkowa
PL,Polska,2024,6,Lato,pm25,9.124120603015076,8.74,6.525,11.5,26.6,199,5.527638190954774,Europa Środkowa
PL,Polska,2024,7,Lato,no2,11.608833746898263,9.99,6.97,15.850000000000001,35.8,403,5.2109181141439205,Europa Środkowa
PL,Polska,2024,7,Lato,o3,67.00394265232974,64.9,54.5,76.94999999999999,140.0,279,3.942652329749104,Europa Środkowa
PL,Polska,2024,7,Lato,pm10,15.722014925373134,14.6,11.5,19.075000000000003,38.1,402,0.0,Europa Środkowa
PL,Polska,2024,7,Lato,pm25,8.21165991902834,7.69,5.1899999999999995,10.350000000000001,22.9,247,6.0728744939271255,Europa Środkowa
PL,Polska,2024,8,Lato,no2,13.03158038147139,11.4,7.87,17.0,44.9,367,7.084468664850137,Europa Środkowa
PL,Polska,2024,8,Lato,o3,66.35153846153847,64.85,54.975,74.6,120.0,260,3.8461538461538463,Europa Środkowa
PL,Polska,2024,8,Lato,pm10,18.155849056603774,16.4,13.0,21.950000000000003,46.8,371,0.5390835579514826,Europa Środkowa
PL,Polska,2024,8,Lato,pm25,9.732314814814814,8.745,6.3025,12.3,27.2,216,13.425925925925927,Europa Środkowa
PL,Polska,2024,9,Jesień,no2,13.833144329896907,12.350000000000001,8.165,17.675,48.2,388,10.56701030927835,Europa Środkowa
PL,Polska,2024,9,Jesień,o3,61.588432835820896,58.55,47.9,74.55000000000001,129.0,268,3.731343283582089,Europa Środkowa
PL,Polska,2024,9,Jesień,pm10,24.194300791556728,23.6,11.4,34.25,75.6,379,8.70712401055409,Europa Środkowa
PL,Polska,2024,9,Jesień,pm25,13.931512605042016,13.4,6.7425,19.45,53.2,238,42.436974789915965,Europa Środkowa
PL,Polska,2024,10,Jesień,no2,15.381300000000001,13.850000000000001,9.307500000000001,20.225,46.9,400,15.25,Europa Środkowa
PL,Polska,2024,10,Jesień,o3,37.179418181818185,35.9,25.1,48.05,81.7,275,0.0,Europa Środkowa
PL,Polska,2024,10,Jesień,pm10,21.736525,19.15,13.674999999999999,26.95,61.3,400,3.5000000000000004,Europa Środkowa
PL,Polska,2024,10,Jesień,pm25,14.677868852459017,13.0,7.9825,19.725,54.2,244,42.21311475409836,Europa Środkowa
PL,Polska,2024,11,Jesień,no2,16.819741602067182,15.3,10.350000000000001,21.95,47.2,387,17.05426356589147,Europa Środkowa
PL,Polska,2024,11,Jesień,o3,33.99295880149813,33.2,20.9,45.900000000000006,74.4,267,0.0,Europa Środkowa
PL,Polska,2024,11,Jesień,pm10,22.764745308310992,20.3,13.6,28.5,68.1,373,6.702412868632708,Europa Środkowa
PL,Polska,2024,11,Jesień,pm25,16.735265486725662,14.850000000000001,8.2075,22.8,55.4,226,48.67256637168141,Europa Środkowa
PL,Polska,2024,12,Zima,no2,15.858140495867769,14.4,9.2325,21.0,55.2,242,15.289256198347106,Europa Środkowa
PL,Polska,2024,12,Zima,o3,37.44444444444444,34.3,20.5,53.575,91.4,162,0.0,Europa Środkowa
PL,Polska,2024,12,Zima,pm10,21.562150943396226,20.6,11.9,28.0,65.3,265,5.283018867924529,Europa Środkowa
PL,Polska,2024,12,Zima,pm25,17.424794520547945,15.5,9.805,23.6,47.1,146,52.73972602739726,Europa Środkowa
PL,Polska,2025,1,Zima,no2,13.179174311926605,12.1,5.89,18.6,41.6,109,9.174311926605505,Europa Środkowa
PL,Polska,2025,1,Zima,o3,56.650735294117645,63.8,40.45,73.625,92.1,68,0.0,Europa Środkowa
PL,Polska,2025,1,Zima,pm10,18.161702127659574,14.3,8.575,22.95,64.9,94,4.25531914893617,Europa Środkowa
PL,Polska,2025,1,Zima,pm25,18.63565789473684,16.9,10.549999999999999,23.625,59.5,76,56.57894736842105,Europa Środkowa
PL,Polska,2025,2,Zima,no2,16.47227848101266,14.4,6.52,21.799999999999997,50.8,79,21.518987341772153,Europa Środkowa
PL,Polska,2025,2,Zima,o3,50.7875,50.3,32.125,69.575,96.7,56,0.0,Europa Środkowa
PL,Polska,2025,2,Zima,pm10,27.765087719298243,25.0,15.5,35.4,57.1,57,21.052631578947366,Europa Środkowa
PL,Polska,2025,2,Zima,pm25,32.71071428571428,33.05,23.45,40.75,52.0,28,96.42857142857143,Europa Środkowa
PL,Polska,2025,3,Wiosna,no2,15.487045454545456,11.45,7.295,21.025,53.0,88,18.181818181818183,Europa Środkowa
PL,Polska,2025,3,Wiosna,o3,70.49666666666667,68.1,54.175,83.725,124.0,60,13.333333333333334,Europa Środkowa
PL,Polska,2025,3,Wiosna,pm10,27.188070175438597,25.7,17.8,36.1,53.6,57,7.017543859649122,Europa Środkowa
PL,Polska,2025,3,Wiosna,pm25,26.675161290322578,27.9,21.9,32.5,42.6,31,90.32258064516128,Europa Środkowa
PL,Polska,2025,4,Wiosna,no2,10.933111111111112,9.575,4.84,14.675,44.1,90,6.666666666666667,Europa Środkowa
PL,Polska,2025,4,Wiosna,o3,82.01,80.9,68.075,93.65,137.0,50,20.0,Europa Środkowa
PL,Polska,2025,4,Wiosna,pm10,17.02732142857143,16.65,12.375,21.125,32.5,56,0.0,Europa Środkowa
PL,Polska,2025,4,Wiosna,pm25,11.138666666666667,9.82,8.1825,12.875,25.7,30,13.333333333333334,Europa Środkowa
PL,Polska,2025,5,Wiosna,no2,9.050449438202246,7.84,3.55,12.3,33.2,89,1.1235955056179776,Europa Środkowa
PL,Polska,2025,5,Wiosna,o3,97.13333333333334,94.3,88.075,102.75,134.0,30,33.33333333333333,Europa Środkowa
PL,Polska,2025,5,Wiosna,pm10,12.57,11.2,9.555,14.8,23.0,30,0.0,Europa Środkowa
PL,Polska,2025,5,Wiosna,pm25,7.921333333333333,7.545,5.7425,9.9175,13.0,30,0.0,Europa Środkowa
PL,Polska,2025,6,Lato,no2,5.8781,5.84,2.6475,8.432500000000001,15.4,60,0.0,Europa Środkowa
PL,Polska,2025,6,Lato,o3,100.08333333333333,97.80000000000001,89.7,106.0,138.0,30,40.0,Europa Środkowa
PL,Polska,2025,6,Lato,pm10,12.629642857142857,12.8,9.605,15.825,18.4,28,0.0,Europa Środkowa
PL,Polska,2025,6,Lato,pm25,7.492857142857142,7.025,5.592499999999999,8.7625,13.0,28,0.0,Europa Środkowa
PL,Polska,2025,7,Lato,no2,5.685806451612903,4.695,2.3725,8.399999999999999,16.9,62,0.0,Europa Środkowa
PL,Polska,2025,7,Lato,o3,92.95161290322581,86.7,78.85,108.0,140.0,31,29.03225806451613,Europa Środkowa
PL,Polska,2025,7,Lato,pm10,10.607096774193549,10.2,7.995,13.0,20.6,31,0.0,Europa Środkowa
PL,Polska,2025,7,Lato,pm25,6.364516129032259,6.17,4.28,8.120000000000001,10.4,31,0.0,Europa Środkowa
PL,Polska,2025,8,Lato,no2,5.726129032258064,4.365,2.5925000000000002,7.95,16.3,62,0.0,Europa Środkowa
PL,Polska,2025,8,Lato,o3,97.17096774193548,90.5,77.55,116.5,160.0,31,35.483870967741936,Europa Środkowa
PL,Polska,2025,8,Lato,pm10,11.873548387096774,9.51,7.265000000000001,15.25,30.6,31,0.0,Europa Środkowa
PL,Polska,2025,8,Lato,pm25,6.361935483870968,5.14,3.7249999999999996,7.4,17.0,31,3.225806451612903,Europa Środkowa
PL,Polska,2025,9,Jesień,no2,7.686537037037037,6.1850000000000005,2.64,12.625,19.3,54,0.0,Europa Środkowa
PL,Polska,2025,9,Jesień,o3,62.473333333333336,62.45,54.7,75.55,90.8,30,0.0,Europa Środkowa
PL,Polska,2025,9,Jesień,pm10,6.382000000000001,5.98,4.8575,7.875,11.7,30,0.0,Europa Środkowa
PL,Polska,2025,9,Jesień,pm25,4.016,3.285,2.7125,5.6975,8.64,30,0.0,Europa Środkowa
PL,Polska,2025,10,Jesień,no2,8.035967741935485,4.77,2.4975,12.9,22.2,62,0.0,Europa Środkowa
PL,Polska,2025,10,Jesień,o3,57.9483870967742,60.7,50.900000000000006,64.45,72.2,31,0.0,Europa Środkowa
PL,Polska,2025,10,Jesień,pm10,6.754838709677419,5.76,4.03,8.55,17.5,31,0.0,Europa Środkowa
PL,Polska,2025,10,Jesień,pm25,4.81258064516129,3.86,2.835,5.970000000000001,11.0,31,0.0,Europa Środkowa
PL,Polska,2025,11,Jesień,no2,11.393241379310345,10.9,3.0975,18.25,27.0,58,8.620689655172415,Europa Środkowa
PL,Polska,2025,11,Jesień,o3,58.330000000000005,59.25,51.525,69.15,86.6,30,0.0,Europa Środkowa
PL,Polska,2025,11,Jesień,pm10,18.415333333333333,16.35,12.5,21.85,48.5,30,3.3333333333333335,Europa Środkowa
PL,Polska,2025,11,Jesień,pm25,13.665,13.350000000000001,10.2,16.55,28.9,30,33.33333333333333,Europa Środkowa
PL,Polska,2025,12,Zima,no2,10.565961538461538,7.425,4.145,17.700000000000003,30.4,52,5.769230769230769,Europa Środkowa
PL,Polska,2025,12,Zima,o3,57.97,60.15,48.45,66.475,78.4,30,0.0,Europa Środkowa
PL,Polska,2025,12,Zima,pm10,13.35,11.6,7.87,15.3,37.2,49,0.0,Europa Środkowa
PL,Polska,2025,12,Zima,pm25,14.480666666666668,12.0,10.125,14.975,36.1,30,23.333333333333332,Europa Środkowa
PT,Portugalia,2022,1,Zima,no2,22.536249311294764,19.2,9.725000000000001,31.2,81.1,726,36.08815426997245,Europa Południowo-Zachodnia
PT,Portugalia,2022,1,Zima,o3,42.70386956521739,44.8,31.7,55.275,84.0,690,0.0,Europa Południowo-Zachodnia
PT,Portugalia,2022,1,Zima,pm10,21.345401301518436,17.7,12.9,26.3,76.0,461,6.941431670281996,Europa Południowo-Zachodnia
PT,Portugalia,2022,1,Zima,pm25,8.059297297297297,7.09,4.35,10.6,27.4,185,8.64864864864865,Europa Południowo-Zachodnia
PT,Portugalia,2022,2,Zima,no2,24.85830963665087,19.6,9.46,36.6,85.0,633,41.39020537124802,Europa Południowo-Zachodnia
PT,Portugalia,2022,2,Zima,o3,50.7265478424015,50.9,40.2,61.3,90.9,533,0.0,Europa Południowo-Zachodnia
PT,Portugalia,2022,2,Zima,pm10,23.896616541353385,21.1,14.45,31.45,72.8,399,9.523809523809524,Europa Południowo-Zachodnia
PT,Portugalia,2022,2,Zima,pm25,7.661776315789473,6.2,3.9575,10.55,22.9,152,11.842105263157894,Europa Południowo-Zachodnia
PT,Portugalia,2022,3,Wiosna,no2,16.523557142857143,13.75,7.57,22.375,62.5,910,19.89010989010989,Europa Południowo-Zachodnia
PT,Portugalia,2022,3,Wiosna,o3,59.60709401709402,60.7,49.0,71.57499999999999,110.0,702,0.2849002849002849,Europa Południowo-Zachodnia
PT,Portugalia,2022,3,Wiosna,pm10,19.810549261083743,16.3,11.7,24.675,93.0,406,7.389162561576355,Europa Południowo-Zachodnia
PT,Portugalia,2022,3,Wiosna,pm25,5.956183544303798,4.345,2.5774999999999997,7.6725,25.0,158,4.430379746835443,Europa Południowo-Zachodnia
PT,Portugalia,2022,4,Wiosna,no2,12.206196649746193,9.41,5.32,15.8,64.8,985,9.949238578680204,Europa Południowo-Zachodnia
PT,Portugalia,2022,4,Wiosna,o3,69.63170765027321,71.0,60.8,81.42500000000001,137.0,732,2.459016393442623,Europa Południowo-Zachodnia
PT,Portugalia,2022,4,Wiosna,pm10,12.843752491694353,13.0,8.27,17.3,36.3,602,0.0,Europa Południowo-Zachodnia
PT,Portugalia,2022,4,Wiosna,pm25,4.214779761904762,3.6799999999999997,2.3674999999999997,5.2775,14.6,168,0.0,Europa Południowo-Zachodnia
PT,Portugalia,2022,5,Wiosna,no2,14.835986853637161,10.4,5.78,18.9,123.0,1141,16.91498685363716,Europa Południowo-Zachodnia
PT,Portugalia,2022,5,Wiosna,o3,68.46864653243848,71.7,55.6,83.375,131.0,894,5.8165548098434,Europa Południowo-Zachodnia
PT,Portugalia,2022,5,Wiosna,pm10,20.44633199464525,18.4,13.1,26.05,64.9,747,2.9451137884872822,Europa Południowo-Zachodnia
PT,Portugalia,2022,5,Wiosna,pm25,5.85484953271028,4.8149999999999995,2.8725,7.6675,20.7,214,3.2710280373831773,Europa Południowo-Zachodnia
PT,Portugalia,2022,6,Lato,no2,10.611237965485921,8.13,4.88,12.7,71.2,1101,7.629427792915531,Europa Południowo-Zachodnia
PT,Portugalia,2022,6,Lato,o3,54.786093348891484,55.9,43.5,67.7,115.0,857,0.7001166861143524,Europa Południowo-Zachodnia
PT,Portugalia,2022,6,Lato,pm10,16.789559819413093,13.6,9.76,20.4,74.3,886,1.6930022573363432,Europa Południowo-Zachodnia
PT,Portugalia,2022,6,Lato,pm25,4.921850174216027,3.74,2.6,6.0649999999999995,27.0,287,1.3937282229965158,Europa Południowo-Zachodnia
PT,Portugalia,2022,7,Lato,no2,16.16658344760039,12.3,6.92,20.8,100.0,1021,18.707149853085212,Europa Południowo-Zachodnia
PT,Portugalia,2022,7,Lato,o3,69.64935732647814,67.3,53.225,84.95,150.0,778,11.696658097686376,Europa Południowo-Zachodnia
PT,Portugalia,2022,7,Lato,pm10,22.296441947565544,21.1,15.8,27.0,72.2,801,2.4968789013732833,Europa Południowo-Zachodnia
PT,Portugalia,2022,7,Lato,pm25,8.018418972332016,7.45,4.85,10.2,25.5,253,5.138339920948617,Europa Południowo-Zachodnia
PT,Portugalia,2022,8,Lato,no2,11.97229688888889,9.35,5.61,15.2,101.0,1125,9.155555555555555,Europa Południowo-Zachodnia
PT,Portugalia,2022,8,Lato,o3,58.29483253588517,57.849999999999994,43.675000000000004,71.625,126.0,836,4.30622009569378,Europa Południowo-Zachodnia
PT,Portugalia,2022,8,Lato,pm10,20.080787037037037,19.35,15.1,24.1,52.8,864,0.3472222222222222,Europa Południowo-Zachodnia
PT,Portugalia,2022,8,Lato,pm25,7.270121621621622,7.0,4.6925,9.4125,21.3,296,2.7027027027027026,Europa Południowo-Zachodnia
PT,Portugalia,2022,9,Jesień,no2,13.72806413994169,10.4,6.54,17.2,89.9,1029,11.273080660835763,Europa Południowo-Zachodnia
PT,Portugalia,2022,9,Jesień,o3,55.608682864450124,56.650000000000006,40.425,69.2,159.0,782,1.5345268542199488,Europa Południowo-Zachodnia
PT,Portugalia,2022,9,Jesień,pm10,15.575762711864407,14.8,9.99,20.2,56.2,708,0.5649717514124294,Europa Południowo-Zachodnia
PT,Portugalia,2022,9,Jesień,pm25,4.424304263565891,3.88,2.5575,5.92,12.4,258,0.0,Europa Południowo-Zachodnia
PT,Portugalia,2022,10,Jesień,no2,17.63001939834025,13.0,7.515,23.525,117.0,964,22.40663900414938,Europa Południowo-Zachodnia
PT,Portugalia,2022,10,Jesień,o3,51.454380825565906,52.2,36.15,66.0,124.0,751,1.1984021304926764,Europa Południowo-Zachodnia
PT,Portugalia,2022,10,Jesień,pm10,22.79625,19.4,12.9,29.8,98.5,640,7.187499999999999,Europa Południowo-Zachodnia
PT,Portugalia,2022,10,Jesień,pm25,6.235609216589861,5.5,3.58,7.95,21.6,217,3.686635944700461,Europa Południowo-Zachodnia
PT,Portugalia,2022,11,Jesień,no2,18.806704143947655,15.3,8.5,26.0,89.4,917,26.49945474372955,Europa Południowo-Zachodnia
PT,Portugalia,2022,11,Jesień,o3,45.37084151472651,44.3,32.1,58.1,157.0,713,0.42075736325385693,Europa Południowo-Zachodnia
PT,Portugalia,2022,11,Jesień,pm10,18.953022151898733,16.9,11.3,24.424999999999997,69.5,632,3.6392405063291138,Europa Południowo-Zachodnia
PT,Portugalia,2022,11,Jesień,pm25,5.184673369565218,4.16,2.6149999999999998,6.74,19.0,184,2.717391304347826,Europa Południowo-Zachodnia
PT,Portugalia,2022,12,Zima,no2,15.601868292682928,12.3,6.88,22.1,71.7,1025,19.414634146341463,Europa Południowo-Zachodnia
PT,Portugalia,2022,12,Zima,o3,49.52119440914866,53.2,33.6,65.95,103.0,787,0.12706480304955528,Europa Południowo-Zachodnia
PT,Portugalia,2022,12,Zima,pm10,17.90362016412661,16.4,10.6,23.0,97.7,853,1.6412661195779603,Europa Południowo-Zachodnia
PT,Portugalia,2022,12,Zima,pm25,5.68403515625,4.165,2.84,7.3325,27.1,256,5.859375,Europa Południowo-Zachodnia
PT,Portugalia,2023,1,Zima,no2,18.0322328817734,15.95,8.0,25.150000000000002,79.6,812,25.24630541871921,Europa Południowo-Zachodnia
PT,Portugalia,2023,1,Zima,o3,49.79503184713376,49.15,33.650000000000006,65.225,120.0,628,0.7961783439490446,Europa Południowo-Zachodnia
PT,Portugalia,2023,1,Zima,pm10,18.257244648318043,15.1,9.57,22.95,60.9,654,5.351681957186544,Europa Południowo-Zachodnia
PT,Portugalia,2023,1,Zima,pm25,5.806505952380952,4.385,2.9925,7.715,28.8,168,3.571428571428571,Europa Południowo-Zachodnia
PT,Portugalia,2023,2,Zima,no2,24.209449541284403,23.0,13.1,31.9,70.1,109,43.11926605504588,Europa Południowo-Zachodnia
PT,Portugalia,2023,2,Zima,o3,52.927499999999995,52.7,38.475,64.25,98.0,84,0.0,Europa Południowo-Zachodnia
PT,Portugalia,2023,2,Zima,pm10,29.178817204301076,29.0,22.8,34.6,63.9,93,9.67741935483871,Europa Południowo-Zachodnia
PT,Portugalia,2023,2,Zima,pm25,8.911333333333335,8.31,5.1475,11.95,17.5,30,6.666666666666667,Europa Południowo-Zachodnia
PT,Portugalia,2023,3,Wiosna,no2,15.037415094339622,12.1,7.07,20.6,65.0,477,16.561844863731658,Europa Południowo-Zachodnia
PT,Portugalia,2023,3,Wiosna,o3,60.14041666666667,61.95,50.150000000000006,72.325,116.0,360,2.2222222222222223,Europa Południowo-Zachodnia
PT,Portugalia,2023,3,Wiosna,pm10,17.851597222222225,17.6,12.0,22.924999999999997,54.3,432,0.23148148148148145,Europa Południowo-Zachodnia
PT,Portugalia,2023,3,Wiosna,pm25,5.280460431654676,4.94,2.915,6.785,16.4,139,0.7194244604316548,Europa Południowo-Zachodnia
PT,Portugalia,2023,4,Wiosna,no2,15.030615555555555,11.5,6.42,20.0,88.0,1035,16.52173913043478,Europa Południowo-Zachodnia
PT,Portugalia,2023,4,Wiosna,o3,65.14164218958611,66.5,53.2,79.5,127.0,749,3.0707610146862483,Europa Południowo-Zachodnia
PT,Portugalia,2023,4,Wiosna,pm10,15.560068493150686,14.3,10.475,19.9,63.0,876,0.45662100456621,Europa Południowo-Zachodnia
PT,Portugalia,2023,4,Wiosna,pm25,4.714625441696113,4.28,2.675,6.245,12.5,283,0.0,Europa Południowo-Zachodnia
PT,Portugalia,2023,5,Wiosna,no2,11.472234482758621,9.22,5.34,14.4,75.3,1392,7.327586206896551,Europa Południowo-Zachodnia
PT,Portugalia,2023,5,Wiosna,o3,75.26259557344065,77.8,64.5,88.5,121.0,994,6.639839034205232,Europa Południowo-Zachodnia
PT,Portugalia,2023,5,Wiosna,pm10,17.82326208178439,17.55,13.6,20.825,53.9,1076,0.18587360594795538,Europa Południowo-Zachodnia
PT,Portugalia,2023,5,Wiosna,pm25,5.786112903225806,5.395,3.55,7.38,19.3,434,0.9216589861751152,Europa Południowo-Zachodnia
PT,Portugalia,2023,6,Lato,no2,10.154372795216743,8.175,4.42,13.1,78.9,1338,4.857997010463378,Europa Południowo-Zachodnia
PT,Portugalia,2023,6,Lato,o3,67.0505230125523,68.85,53.675000000000004,81.14999999999999,134.0,956,5.439330543933055,Europa Południowo-Zachodnia
PT,Portugalia,2023,6,Lato,pm10,17.80549283154122,16.7,12.2,21.725,62.7,1116,0.7168458781362007,Europa Południowo-Zachodnia
PT,Portugalia,2023,6,Lato,pm25,5.675650697674418,5.12,3.6375,7.5775,18.6,430,0.23255813953488372,Europa Południowo-Zachodnia
PT,Portugalia,2023,7,Lato,no2,9.268282449589245,7.26,4.06,11.6,62.3,1339,5.526512322628827,Europa Południowo-Zachodnia
PT,Portugalia,2023,7,Lato,o3,53.41764645426516,52.6,40.5,66.6,150.0,973,0.6166495375128468,Europa Południowo-Zachodnia
PT,Portugalia,2023,7,Lato,pm10,14.490509192645884,13.1,9.6,17.65,58.2,1251,0.5595523581135092,Europa Południowo-Zachodnia
PT,Portugalia,2023,7,Lato,pm25,4.219011612903226,3.75,2.65,5.42,20.0,465,0.21505376344086022,Europa Południowo-Zachodnia
PT,Portugalia,2023,8,Lato,no2,11.115946696035243,8.075,4.3725000000000005,13.775,78.6,1362,9.251101321585903,Europa Południowo-Zachodnia
PT,Portugalia,2023,8,Lato,o3,59.623151950718686,60.9,46.025,74.57499999999999,137.0,974,2.772073921971253,Europa Południowo-Zachodnia
PT,Portugalia,2023,8,Lato,pm10,17.37427371048253,15.1,10.9,21.6,64.6,1202,1.8302828618968388,Europa Południowo-Zachodnia
PT,Portugalia,2023,8,Lato,pm25,4.590419347319347,3.83,2.59,5.94,17.9,429,1.6317016317016315,Europa Południowo-Zachodnia
PT,Portugalia,2023,9,Jesień,no2,14.828857478005865,12.5,6.82,19.125,88.4,1364,14.516129032258066,Europa Południowo-Zachodnia
PT,Portugalia,2023,9,Jesień,o3,56.16559024390244,56.3,44.0,69.3,131.0,1025,1.4634146341463417,Europa Południowo-Zachodnia
PT,Portugalia,2023,9,Jesień,pm10,14.757892156862745,13.4,9.84,17.6,56.1,1224,0.40849673202614384,Europa Południowo-Zachodnia
PT,Portugalia,2023,9,Jesień,pm25,3.511597846889952,3.065,1.9725,4.8725,11.6,418,0.0,Europa Południowo-Zachodnia
PT,Portugalia,2023,10,Jesień,no2,16.65028085735403,12.2,5.39,23.7,94.1,1353,23.059866962305986,Europa Południowo-Zachodnia
PT,Portugalia,2023,10,Jesień,o3,58.86396610169491,57.7,45.650000000000006,72.5,120.0,1003,2.7916251246261217,Europa Południowo-Zachodnia
PT,Portugalia,2023,10,Jesień,pm10,21.92879614767255,19.95,14.5,28.8,76.2,1246,3.611556982343499,Europa Południowo-Zachodnia
PT,Portugalia,2023,10,Jesień,pm25,5.951048344370861,5.0,2.7,8.19,18.5,453,4.194260485651214,Europa Południowo-Zachodnia
PT,Portugalia,2023,11,Jesień,no2,15.851775520833334,12.8,5.2,23.825,70.9,1344,22.470238095238095,Europa Południowo-Zachodnia
PT,Portugalia,2023,11,Jesień,o3,48.26217435897436,47.3,32.3,64.55,105.0,975,0.20512820512820512,Europa Południowo-Zachodnia
PT,Portugalia,2023,11,Jesień,pm10,18.01087037037037,16.45,11.1,23.3,79.9,1242,1.6908212560386473,Europa Południowo-Zachodnia
PT,Portugalia,2023,11,Jesień,pm25,5.519096,4.49,2.4450000000000003,7.405,26.0,475,4.631578947368421,Europa Południowo-Zachodnia
PT,Portugalia,2023,12,Zima,no2,19.503659022286126,18.4,8.42,27.55,87.0,1391,31.775700934579437,Europa Południowo-Zachodnia
PT,Portugalia,2023,12,Zima,o3,39.75298160696999,38.8,25.6,52.0,92.5,1033,0.0,Europa Południowo-Zachodnia
PT,Portugalia,2023,12,Zima,pm10,19.795044392523366,18.6,12.3,25.7,70.9,1284,2.1806853582554515,Europa Południowo-Zachodnia
PT,Portugalia,2023,12,Zima,pm25,7.0591756440281035,5.29,2.825,10.1,27.2,427,12.177985948477751,Europa Południowo-Zachodnia
PT,Portugalia,2024,1,Zima,no2,19.015867369901546,17.6,7.202500000000001,26.7,79.4,1422,29.60618846694796,Europa Południowo-Zachodnia
PT,Portugalia,2024,1,Zima,o3,39.86022139534884,38.7,23.9,55.0,104.0,1075,0.09302325581395349,Europa Południowo-Zachodnia
PT,Portugalia,2024,1,Zima,pm10,21.30401552287582,20.35,12.575,28.3,67.1,1224,3.594771241830065,Europa Południowo-Zachodnia
PT,Portugalia,2024,1,Zima,pm25,7.9159099773242625,6.32,3.62,10.8,27.8,441,14.965986394557824,Europa Południowo-Zachodnia
PT,Portugalia,2024,2,Zima,no2,16.56747238742566,12.3,4.91,24.4,116.0,1177,23.704333050127442,Europa Południowo-Zachodnia
PT,Portugalia,2024,2,Zima,o3,51.9792693565976,52.9,34.0,70.6,115.0,917,0.10905125408942204,Europa Południowo-Zachodnia
PT,Portugalia,2024,2,Zima,pm10,22.52601694915254,19.5,13.7,28.9,78.6,1062,5.83804143126177,Europa Południowo-Zachodnia
PT,Portugalia,2024,2,Zima,pm25,7.532286082474227,5.824999999999999,3.295,10.6,27.0,388,12.11340206185567,Europa Południowo-Zachodnia
PT,Portugalia,2024,3,Wiosna,no2,11.016348168103448,8.0,3.19,15.5,81.5,928,9.482758620689655,Europa Południowo-Zachodnia
PT,Portugalia,2024,3,Wiosna,o3,71.81926229508197,76.4,61.7,87.2,121.0,732,2.73224043715847,Europa Południowo-Zachodnia
PT,Portugalia,2024,3,Wiosna,pm10,17.47548245614035,16.2,10.5,21.424999999999997,67.3,684,3.508771929824561,Europa Południowo-Zachodnia
PT,Portugalia,2024,3,Wiosna,pm25,4.774193089430895,3.3600000000000003,2.065,6.0275,22.2,246,3.6585365853658534,Europa Południowo-Zachodnia
PT,Portugalia,2024,4,Wiosna,no2,11.993084282460137,9.5,4.55,16.5,78.1,1317,8.959757023538344,Europa Południowo-Zachodnia
PT,Portugalia,2024,4,Wiosna,o3,74.46635338345864,77.4,63.9,89.225,116.0,1064,4.887218045112782,Europa Południowo-Zachodnia
PT,Portugalia,2024,4,Wiosna,pm10,18.62409282700422,17.0,11.3,24.3,61.3,711,2.109704641350211,Europa Południowo-Zachodnia
PT,Portugalia,2024,4,Wiosna,pm25,4.447605691056911,3.56,2.235,6.175,18.8,246,0.40650406504065045,Europa Południowo-Zachodnia
PT,Portugalia,2024,5,Wiosna,no2,10.803092627737227,7.835,4.1025,13.8,70.0,1370,8.175182481751825,Europa Południowo-Zachodnia
PT,Portugalia,2024,5,Wiosna,o3,72.73123161764705,74.4,61.875,85.92500000000001,135.0,1088,6.0661764705882355,Europa Południowo-Zachodnia
PT,Portugalia,2024,5,Wiosna,pm10,14.51661094224924,13.45,9.23,18.1,56.3,658,0.4559270516717325,Europa Południowo-Zachodnia
PT,Portugalia,2024,5,Wiosna,pm25,3.4564793103448275,2.63,1.565,4.57,14.5,203,0.0,Europa Południowo-Zachodnia
PT,Portugalia,2024,6,Lato,no2,9.729412962962963,7.5,4.047499999999999,12.5,57.1,1296,6.018518518518518,Europa Południowo-Zachodnia
PT,Portugalia,2024,6,Lato,o3,62.393222003929274,62.650000000000006,50.225,74.3,124.0,1018,1.8664047151277015,Europa Południowo-Zachodnia
PT,Portugalia,2024,6,Lato,pm10,15.591584615384617,14.3,9.015,19.975,53.3,650,1.0769230769230769,Europa Południowo-Zachodnia
PT,Portugalia,2024,6,Lato,pm25,4.222698009950249,3.74,2.13,5.8,16.2,201,0.4975124378109453,Europa Południowo-Zachodnia
PT,Portugalia,2024,7,Lato,no2,10.896896749116607,7.81,4.615,13.7,83.5,1415,8.12720848056537,Europa Południowo-Zachodnia
PT,Portugalia,2024,7,Lato,o3,58.07850272232305,57.1,43.3,72.5,144.0,1102,2.087114337568058,Europa Południowo-Zachodnia
PT,Portugalia,2024,7,Lato,pm10,15.820239694656488,14.1,8.99,20.8,56.1,655,1.6793893129770994,Europa Południowo-Zachodnia
PT,Portugalia,2024,7,Lato,pm25,4.289015492957747,4.0,2.4,5.48,14.5,213,0.0,Europa Południowo-Zachodnia
PT,Portugalia,2024,8,Lato,no2,9.199800471327572,6.92,4.06,11.4,58.6,1273,4.870384917517675,Europa Południowo-Zachodnia
PT,Portugalia,2024,8,Lato,o3,59.55439121756487,60.95,46.55,73.2,130.0,1002,1.5968063872255487,Europa Południowo-Zachodnia
PT,Portugalia,2024,8,Lato,pm10,15.693985915492958,15.1,9.8,20.1,68.2,710,0.42253521126760557,Europa Południowo-Zachodnia
PT,Portugalia,2024,8,Lato,pm25,4.688896551724137,4.0,2.7,6.2,16.6,261,0.38314176245210724,Europa Południowo-Zachodnia
PT,Portugalia,2024,9,Jesień,no2,13.036072378138849,9.504999999999999,5.33,16.475,106.0,1354,12.186115214180207,Europa Południowo-Zachodnia
PT,Portugalia,2024,9,Jesień,o3,65.05509433962264,67.0,49.1,80.75,132.0,1060,5.283018867924529,Europa Południowo-Zachodnia
PT,Portugalia,2024,9,Jesień,pm10,18.21391304347826,17.0,10.2,24.25,69.0,552,1.4492753623188406,Europa Południowo-Zachodnia
PT,Portugalia,2024,9,Jesień,pm25,5.532277604166667,4.02,1.5775000000000001,8.1675,27.1,192,7.291666666666667,Europa Południowo-Zachodnia
PT,Portugalia,2024,10,Jesień,no2,12.799586309523809,9.035,4.315,16.3,72.9,1344,11.979166666666668,Europa Południowo-Zachodnia
PT,Portugalia,2024,10,Jesień,o3,52.48406007751938,52.45,41.075,64.0,150.0,1032,0.5813953488372093,Europa Południowo-Zachodnia
PT,Portugalia,2024,10,Jesień,pm10,15.22986741889986,12.9,8.4,19.5,66.9,709,1.4104372355430184,Europa Południowo-Zachodnia
PT,Portugalia,2024,10,Jesień,pm25,4.549845238095238,3.255,1.545,6.0,20.0,210,4.761904761904762,Europa Południowo-Zachodnia
PT,Portugalia,2024,11,Jesień,no2,16.761950226244345,13.6,5.16,23.0,73.4,1326,20.739064856711916,Europa Południowo-Zachodnia
PT,Portugalia,2024,11,Jesień,o3,47.26823823823824,47.5,34.75,60.3,91.6,999,0.0,Europa Południowo-Zachodnia
PT,Portugalia,2024,11,Jesień,pm10,18.50645104895105,16.2,9.934999999999999,25.525,64.9,572,2.797202797202797,Europa Południowo-Zachodnia
PT,Portugalia,2024,11,Jesień,pm25,5.728449382716049,4.24,1.935,7.8225,24.9,162,6.790123456790123,Europa Południowo-Zachodnia
PT,Portugalia,2024,12,Zima,no2,17.46199705014749,14.5,5.2924999999999995,25.0,81.5,1356,24.85250737463127,Europa Południowo-Zachodnia
PT,Portugalia,2024,12,Zima,o3,45.02784136546185,44.650000000000006,30.675,59.5,94.6,996,0.0,Europa Południowo-Zachodnia
PT,Portugalia,2024,12,Zima,pm10,17.761805555555554,14.9,8.7075,23.0,81.8,576,3.9930555555555554,Europa Południowo-Zachodnia
PT,Portugalia,2024,12,Zima,pm25,4.232205154639176,3.0,1.6,5.74,21.8,194,2.5773195876288657,Europa Południowo-Zachodnia
PT,Portugalia,2025,1,Zima,no2,13.846903571428573,9.205,3.23,21.225,77.4,952,19.012605042016805,Europa Południowo-Zachodnia
PT,Portugalia,2025,1,Zima,o3,57.760668953687826,59.5,44.349999999999994,72.55,126.0,583,1.3722126929674099,Europa Południowo-Zachodnia
PT,Portugalia,2025,1,Zima,pm10,16.543858093126385,14.0,8.92,21.05,83.1,451,3.1042128603104215,Europa Południowo-Zachodnia
PT,Portugalia,2025,1,Zima,pm25,4.372668617021277,3.075,1.375,6.04,26.3,188,4.25531914893617,Europa Południowo-Zachodnia
PT,Portugalia,2025,2,Zima,no2,16.094506104651163,13.3,3.93,24.1,71.0,688,23.11046511627907,Europa Południowo-Zachodnia
PT,Portugalia,2025,2,Zima,o3,53.38117773019272,54.1,37.05,70.35,120.0,467,0.4282655246252677,Europa Południowo-Zachodnia
PT,Portugalia,2025,2,Zima,pm10,15.543540051679587,13.3,8.05,20.1,70.8,387,1.550387596899225,Europa Południowo-Zachodnia
PT,Portugalia,2025,2,Zima,pm25,3.513484931506849,3.0,1.1424999999999998,4.83,13.7,146,0.0,Europa Południowo-Zachodnia
PT,Portugalia,2025,3,Wiosna,no2,12.126709790209791,9.88,3.45,18.0,64.5,572,11.888111888111888,Europa Południowo-Zachodnia
PT,Portugalia,2025,3,Wiosna,o3,64.7438785046729,68.65,51.5,79.14999999999999,103.0,428,0.23364485981308408,Europa Południowo-Zachodnia
PT,Portugalia,2025,3,Wiosna,pm10,11.8916452991453,10.2,6.7075,15.025,38.3,468,0.0,Europa Południowo-Zachodnia
PT,Portugalia,2025,3,Wiosna,pm25,3.3466061797752813,3.0,0.88225,4.800000000000001,14.0,178,0.0,Europa Południowo-Zachodnia
PT,Portugalia,2025,4,Wiosna,no2,10.001534688995214,9.205,2.6525,13.725000000000001,45.6,418,6.4593301435406705,Europa Południowo-Zachodnia
PT,Portugalia,2025,4,Wiosna,o3,69.20511627906977,72.25,59.199999999999996,81.025,103.0,344,0.5813953488372093,Europa Południowo-Zachodnia
PT,Portugalia,2025,4,Wiosna,pm10,12.089278996865204,10.3,6.845000000000001,15.0,42.4,319,0.0,Europa Południowo-Zachodnia
PT,Portugalia,2025,4,Wiosna,pm25,2.378457627118644,1.83,0.1775,3.32,14.4,118,0.0,Europa Południowo-Zachodnia
PT,Portugalia,2025,5,Wiosna,no2,10.491473821989528,9.37,2.735,14.174999999999999,65.0,382,7.591623036649215,Europa Południowo-Zachodnia
PT,Portugalia,2025,5,Wiosna,o3,73.05414012738854,76.9,62.15,84.675,108.0,314,2.8662420382165608,Europa Południowo-Zachodnia
PT,Portugalia,2025,5,Wiosna,pm10,13.558455497382198,11.9,8.41,16.6,45.6,382,0.2617801047120419,Europa Południowo-Zachodnia
PT,Portugalia,2025,5,Wiosna,pm25,2.9880358778625955,2.43,0.3895,4.54,11.3,131,0.0,Europa Południowo-Zachodnia
PT,Portugalia,2025,6,Lato,no2,9.23267868338558,6.98,2.8,12.5,66.4,319,4.702194357366771,Europa Południowo-Zachodnia
PT,Portugalia,2025,6,Lato,o3,64.79191919191919,64.4,52.5,75.8,164.0,297,2.6936026936026933,Europa Południowo-Zachodnia
PT,Portugalia,2025,6,Lato,pm10,19.96621513944223,19.2,11.95,26.65,58.5,251,1.1952191235059761,Europa Południowo-Zachodnia
PT,Portugalia,2025,6,Lato,pm25,5.584839097744361,4.43,0.738,8.35,21.0,133,6.015037593984962,Europa Południowo-Zachodnia
PT,Portugalia,2025,7,Lato,no2,9.04222870967742,6.845,3.3649999999999998,12.475,52.4,310,5.161290322580645,Europa Południowo-Zachodnia
PT,Portugalia,2025,7,Lato,o3,65.6975155279503,64.6,53.375,77.475,118.0,322,3.4161490683229814,Europa Południowo-Zachodnia
PT,Portugalia,2025,7,Lato,pm10,19.611291666666666,18.5,11.149999999999999,25.125,73.0,240,2.9166666666666665,Europa Południowo-Zachodnia
PT,Portugalia,2025,7,Lato,pm25,3.672549523809524,3.2,0.814,5.44,12.9,105,0.0,Europa Południowo-Zachodnia
PT,Portugalia,2025,8,Lato,no2,9.501737588652482,6.09,3.0675,11.649999999999999,77.6,282,7.801418439716312,Europa Południowo-Zachodnia
PT,Portugalia,2025,8,Lato,o3,69.04110429447853,67.15,56.525,80.85000000000001,117.0,326,6.441717791411043,Europa Południowo-Zachodnia
PT,Portugalia,2025,8,Lato,pm10,24.10554054054054,21.45,15.3,30.45,70.5,222,5.405405405405405,Europa Południowo-Zachodnia
PT,Portugalia,2025,8,Lato,pm25,8.115144628099173,7.71,4.22,11.2,23.3,121,11.570247933884298,Europa Południowo-Zachodnia
PT,Portugalia,2025,9,Jesień,no2,11.551421245421245,6.47,3.23,13.9,94.4,273,12.087912087912088,Europa Południowo-Zachodnia
PT,Portugalia,2025,9,Jesień,o3,57.235,55.9,45.4,67.75,123.0,300,0.33333333333333337,Europa Południowo-Zachodnia
PT,Portugalia,2025,9,Jesień,pm10,15.980616438356165,14.6,9.855,20.5,56.8,219,1.82648401826484,Europa Południowo-Zachodnia
PT,Portugalia,2025,9,Jesień,pm25,4.492391666666666,3.6,2.585,5.595,17.4,120,0.8333333333333334,Europa Południowo-Zachodnia
PT,Portugalia,2025,10,Jesień,no2,13.757702348993288,8.68,3.5949999999999998,19.45,81.6,298,17.449664429530202,Europa Południowo-Zachodnia
PT,Portugalia,2025,10,Jesień,o3,55.70553633217993,55.4,40.1,71.2,108.0,289,2.422145328719723,Europa Południowo-Zachodnia
PT,Portugalia,2025,10,Jesień,pm10,17.85583,16.6,10.2,23.6,63.7,290,0.6896551724137931,Europa Południowo-Zachodnia
PT,Portugalia,2025,10,Jesień,pm25,6.383489208633093,5.72,3.41,8.6,18.8,139,2.158273381294964,Europa Południowo-Zachodnia
PT,Portugalia,2025,11,Jesień,no2,14.05261216730038,10.0,3.395,22.2,57.6,263,19.011406844106464,Europa Południowo-Zachodnia
PT,Portugalia,2025,11,Jesień,o3,52.6057251908397,55.0,41.05,66.6,82.4,262,0.0,Europa Południowo-Zachodnia
PT,Portugalia,2025,11,Jesień,pm10,11.934375313807532,11.3,4.5600000000000005,17.049999999999997,50.1,239,0.8368200836820083,Europa Południowo-Zachodnia
PT,Portugalia,2025,11,Jesień,pm25,4.372632352941176,4.225,2.7474999999999996,5.5,14.4,68,0.0,Europa Południowo-Zachodnia
PT,Portugalia,2025,12,Zima,no2,14.809662637362637,12.3,3.52,22.5,55.1,273,20.146520146520146,Europa Południowo-Zachodnia
PT,Portugalia,2025,12,Zima,o3,46.13645038167939,47.05,33.4,60.4,80.8,262,0.0,Europa Południowo-Zachodnia
PT,Portugalia,2025,12,Zima,pm10,10.936570879120879,8.75,3.87,15.575,53.3,182,0.5494505494505495,Europa Południowo-Zachodnia
PT,Portugalia,2025,12,Zima,pm25,4.536922077922078,3.2,2.0,5.5,24.0,77,5.194805194805195,Europa Południowo-Zachodnia
RO,Rumunia,2022,1,Zima,no2,23.448888888888888,21.0,14.9,29.8,84.0,1233,36.41524736415248,Europa Wschodnia
RO,Rumunia,2022,1,Zima,o3,37.150765550239235,36.3,27.675,45.4,106.0,836,0.11961722488038277,Europa Wschodnia
RO,Rumunia,2022,1,Zima,pm10,22.933152173913044,21.35,14.575,27.375,75.8,92,3.260869565217391,Europa Wschodnia
RO,Rumunia,2022,1,Zima,pm25,18.590666666666667,18.3,11.025,23.150000000000002,39.3,30,60.0,Europa Wschodnia
RO,Rumunia,2022,2,Zima,no2,26.124035747883347,23.2,16.3,33.2,92.3,1063,44.402634054562554,Europa Wschodnia
RO,Rumunia,2022,2,Zima,o3,43.25396825396825,41.1,32.45,51.725,115.0,756,1.0582010582010581,Europa Wschodnia
RO,Rumunia,2022,2,Zima,pm10,29.610602409638553,27.2,19.799999999999997,37.95,68.0,83,12.048192771084338,Europa Wschodnia
RO,Rumunia,2022,2,Zima,pm25,24.92615384615385,23.15,16.3,30.8,45.0,26,80.76923076923077,Europa Wschodnia
RO,Rumunia,2022,3,Wiosna,no2,24.2980943738657,21.0,15.0,31.125,89.2,1102,39.7459165154265,Europa Wschodnia
RO,Rumunia,2022,3,Wiosna,o3,56.22001308900523,54.75,45.8,65.025,123.0,764,2.74869109947644,Europa Wschodnia
RO,Rumunia,2022,3,Wiosna,pm10,30.51058823529412,26.7,19.6,36.1,74.0,85,15.294117647058824,Europa Wschodnia
RO,Rumunia,2022,3,Wiosna,pm25,18.863928571428573,18.45,13.475,23.625,31.3,28,71.42857142857143,Europa Wschodnia
RO,Rumunia,2022,4,Wiosna,no2,18.848831908831908,16.5,11.9,24.0,75.6,1053,22.602089268755936,Europa Wschodnia
RO,Rumunia,2022,4,Wiosna,o3,60.19233516483516,59.1,50.775,68.8,128.0,728,1.9230769230769231,Europa Wschodnia
RO,Rumunia,2022,4,Wiosna,pm10,20.629245283018868,18.6,13.7,24.4,73.8,106,1.8867924528301887,Europa Wschodnia
RO,Rumunia,2022,4,Wiosna,pm25,12.132826086956522,11.45,8.442499999999999,15.075,23.0,46,26.08695652173913,Europa Wschodnia
RO,Rumunia,2022,5,Wiosna,no2,17.199843587069864,15.3,11.2,20.8,55.0,959,15.641293013555787,Europa Wschodnia
RO,Rumunia,2022,5,Wiosna,o3,64.93846153846154,63.650000000000006,53.7,75.725,119.0,468,3.205128205128205,Europa Wschodnia
RO,Rumunia,2022,5,Wiosna,pm10,26.735983263598325,22.9,18.6,30.15,78.7,239,9.205020920502092,Europa Wschodnia
RO,Rumunia,2022,5,Wiosna,pm25,10.053118279569894,10.05,8.07,11.9,18.0,186,1.6129032258064515,Europa Wschodnia
RO,Rumunia,2022,6,Lato,no2,16.449978213507624,14.5,10.4,19.5,74.8,918,12.962962962962962,Europa Wschodnia
RO,Rumunia,2022,6,Lato,o3,64.59694690265486,64.0,54.35,75.825,111.0,452,1.5486725663716814,Europa Wschodnia
RO,Rumunia,2022,6,Lato,pm10,24.029487179487177,22.0,17.7,27.475,61.1,234,3.8461538461538463,Europa Wschodnia
RO,Rumunia,2022,6,Lato,pm25,9.805086705202312,10.1,7.9,11.6,17.7,173,2.312138728323699,Europa Wschodnia
RO,Rumunia,2022,7,Lato,no2,16.145641931684334,13.8,10.1,19.8,63.5,849,13.780918727915195,Europa Wschodnia
RO,Rumunia,2022,7,Lato,o3,66.68442822384428,65.9,54.3,77.4,120.0,411,3.8929440389294405,Europa Wschodnia
RO,Rumunia,2022,7,Lato,pm10,20.79703196347032,18.2,14.149999999999999,25.85,57.9,219,4.10958904109589,Europa Wschodnia
RO,Rumunia,2022,7,Lato,pm25,9.286748466257668,8.57,6.135,11.3,42.6,163,7.361963190184049,Europa Wschodnia
RO,Rumunia,2022,8,Lato,no2,17.40452718676123,15.6,10.7,22.175,62.9,846,17.494089834515368,Europa Wschodnia
RO,Rumunia,2022,8,Lato,o3,57.764920273348515,57.6,48.95,67.7,152.0,439,1.8223234624145785,Europa Wschodnia
RO,Rumunia,2022,8,Lato,pm10,24.4,21.3,15.0,29.2,76.7,201,9.950248756218906,Europa Wschodnia
RO,Rumunia,2022,8,Lato,pm25,12.2232,10.9,8.559999999999999,14.5,27.6,150,24.0,Europa Wschodnia
RO,Rumunia,2022,9,Jesień,no2,17.92337625178827,16.2,10.75,23.4,57.1,699,20.600858369098713,Europa Wschodnia
RO,Rumunia,2022,9,Jesień,o3,41.40721649484536,40.349999999999994,32.95,49.225,76.5,388,0.0,Europa Wschodnia
RO,Rumunia,2022,9,Jesień,pm10,20.176277777777777,19.45,14.1,24.725,50.5,180,0.5555555555555556,Europa Wschodnia
RO,Rumunia,2022,9,Jesień,pm25,10.06,9.61,6.3625,13.15,21.6,120,14.166666666666666,Europa Wschodnia
RO,Rumunia,2022,10,Jesień,no2,23.523819188191883,21.3,14.3,30.45,85.9,542,37.82287822878229,Europa Wschodnia
RO,Rumunia,2022,10,Jesień,o3,34.01121037463977,34.4,24.85,42.7,76.6,347,0.0,Europa Wschodnia
RO,Rumunia,2022,10,Jesień,pm10,31.617831325301207,28.55,21.0,38.95,80.2,166,17.46987951807229,Europa Wschodnia
RO,Rumunia,2022,10,Jesień,pm25,17.15964285714286,15.35,10.1275,23.825,44.4,112,55.35714285714286,Europa Wschodnia
RO,Rumunia,2022,11,Jesień,no2,23.42468271334792,21.3,16.1,28.6,68.6,457,34.57330415754923,Europa Wschodnia
RO,Rumunia,2022,11,Jesień,o3,22.267824773413896,20.7,14.3,28.15,65.1,331,0.0,Europa Wschodnia
RO,Rumunia,2022,11,Jesień,pm10,31.66061797752809,28.5,20.875,42.475,80.5,178,20.224719101123593,Europa Wschodnia
RO,Rumunia,2022,11,Jesień,pm25,22.117863247863248,20.4,15.7,27.2,54.6,117,76.06837606837607,Europa Wschodnia
RO,Rumunia,2022,12,Zima,no2,26.796102088167054,25.4,18.2,33.7,63.5,431,50.34802784222738,Europa Wschodnia
RO,Rumunia,2022,12,Zima,o3,22.94823188405797,21.8,13.1,30.8,67.8,345,0.0,Europa Wschodnia
RO,Rumunia,2022,12,Zima,pm10,31.7110989010989,28.2,21.9,39.825,82.1,182,13.736263736263737,Europa Wschodnia
RO,Rumunia,2022,12,Zima,pm25,22.540000000000003,21.9,17.05,27.25,45.1,107,78.50467289719626,Europa Wschodnia
RO,Rumunia,2023,1,Zima,no2,25.12409470752089,23.0,16.0,32.5,68.1,359,44.56824512534819,Europa Wschodnia
RO,Rumunia,2023,1,Zima,o3,35.879724137931035,34.45,24.125,46.5,84.8,290,0.0,Europa Wschodnia
RO,Rumunia,2023,1,Zima,pm10,24.887044025157234,23.0,15.0,31.35,68.3,159,8.176100628930817,Europa Wschodnia
RO,Rumunia,2023,1,Zima,pm25,16.132475247524752,14.5,10.1,20.3,43.4,101,43.56435643564357,Europa Wschodnia
RO,Rumunia,2023,2,Zima,no2,33.48291666666667,31.25,20.975,41.6,80.8,48,62.5,Europa Wschodnia
RO,Rumunia,2023,2,Zima,o3,41.16372093023256,42.0,24.2,54.2,89.7,43,0.0,Europa Wschodnia
RO,Rumunia,2023,2,Zima,pm10,31.788333333333338,28.15,16.25,47.725,70.4,24,29.166666666666668,Europa Wschodnia
RO,Rumunia,2023,2,Zima,pm25,20.77733333333333,17.1,12.1,25.75,43.8,15,53.333333333333336,Europa Wschodnia
RO,Rumunia,2023,3,Wiosna,no2,23.975206185567007,22.299999999999997,16.9,30.5,64.9,194,36.597938144329895,Europa Wschodnia
RO,Rumunia,2023,3,Wiosna,o3,44.145714285714284,45.25,32.675,56.55,74.9,154,0.0,Europa Wschodnia
RO,Rumunia,2023,3,Wiosna,pm10,27.204634146341466,25.6,18.325,33.225,67.5,82,9.75609756097561,Europa Wschodnia
RO,Rumunia,2023,3,Wiosna,pm25,16.56388888888889,16.950000000000003,9.505,20.8,38.1,54,59.25925925925925,Europa Wschodnia
RO,Rumunia,2023,4,Wiosna,no2,19.50273399014778,16.9,13.225,25.075,54.9,406,25.12315270935961,Europa Wschodnia
RO,Rumunia,2023,4,Wiosna,o3,53.87229299363058,54.5,46.9,62.724999999999994,86.0,314,0.0,Europa Wschodnia
RO,Rumunia,2023,4,Wiosna,pm10,20.393275862068965,19.75,13.725,24.925,64.9,174,2.2988505747126435,Europa Wschodnia
RO,Rumunia,2023,4,Wiosna,pm25,11.341946902654868,9.76,7.74,13.1,44.9,113,18.58407079646018,Europa Wschodnia
RO,Rumunia,2023,5,Wiosna,no2,19.17909282700422,16.5,11.925,24.0,56.1,474,21.308016877637133,Europa Wschodnia
RO,Rumunia,2023,5,Wiosna,o3,62.69528795811518,62.25,52.25,73.45,102.0,382,1.0471204188481675,Europa Wschodnia
RO,Rumunia,2023,5,Wiosna,pm10,20.60439814814815,20.6,16.7,24.0,36.4,216,0.0,Europa Wschodnia
RO,Rumunia,2023,5,Wiosna,pm25,9.299375000000001,9.325,8.0125,10.5,15.1,160,0.625,Europa Wschodnia
RO,Rumunia,2023,6,Lato,no2,19.515018587360593,17.0,12.8,23.6,58.9,269,20.817843866171003,Europa Wschodnia
RO,Rumunia,2023,6,Lato,o3,57.25141509433962,57.5,49.150000000000006,65.825,88.3,212,0.0,Europa Wschodnia
RO,Rumunia,2023,6,Lato,pm10,17.40063492063492,16.3,12.1,21.55,51.0,315,0.6349206349206349,Europa Wschodnia
RO,Rumunia,2023,6,Lato,pm25,9.518333333333333,9.43,7.8625,10.9,17.1,90,3.3333333333333335,Europa Wschodnia
RO,Rumunia,2023,7,Lato,no2,18.54074358974359,16.15,12.3,22.875,64.0,390,19.743589743589745,Europa Wschodnia
RO,Rumunia,2023,7,Lato,o3,58.99187500000001,59.1,51.175,65.825,111.0,320,0.3125,Europa Wschodnia
RO,Rumunia,2023,7,Lato,pm10,20.33690789473684,18.4,13.7,24.525,57.3,456,2.1929824561403506,Europa Wschodnia
RO,Rumunia,2023,7,Lato,pm25,10.304344827586208,9.88,8.38,11.7,22.6,145,8.275862068965518,Europa Wschodnia
RO,Rumunia,2023,8,Lato,no2,21.081218274111674,17.85,12.0,27.1,68.4,394,28.680203045685282,Europa Wschodnia
RO,Rumunia,2023,8,Lato,o3,59.51261829652997,58.3,48.7,70.2,105.0,317,0.6309148264984227,Europa Wschodnia
RO,Rumunia,2023,8,Lato,pm10,20.50199161425577,18.7,12.7,26.6,66.2,477,2.0964360587002098,Europa Wschodnia
RO,Rumunia,2023,8,Lato,pm25,10.269290780141844,9.51,7.32,13.1,19.0,141,16.312056737588655,Europa Wschodnia
RO,Rumunia,2023,9,Jesień,no2,22.53802564102564,19.75,13.125,29.2,54.9,390,35.8974358974359,Europa Wschodnia
RO,Rumunia,2023,9,Jesień,o3,50.49041401273885,49.8,44.525,56.95,78.0,314,0.0,Europa Wschodnia
RO,Rumunia,2023,9,Jesień,pm10,21.550529531568227,18.4,13.3,27.6,64.0,491,5.295315682281059,Europa Wschodnia
RO,Rumunia,2023,9,Jesień,pm25,9.766896551724138,9.07,7.37,11.9,21.6,145,8.96551724137931,Europa Wschodnia
RO,Rumunia,2023,10,Jesień,no2,29.351440000000004,25.4,16.75,39.349999999999994,84.8,375,51.2,Europa Wschodnia
RO,Rumunia,2023,10,Jesień,o3,39.90750750750751,37.8,29.9,47.1,92.6,333,0.0,Europa Wschodnia
RO,Rumunia,2023,10,Jesień,pm10,23.834214285714285,20.4,13.5,30.9,73.8,560,7.142857142857142,Europa Wschodnia
RO,Rumunia,2023,10,Jesień,pm25,12.21316129032258,11.1,8.24,15.3,29.9,155,26.451612903225808,Europa Wschodnia
RO,Rumunia,2023,11,Jesień,no2,24.38463414634146,21.35,15.7,31.025,63.3,328,39.9390243902439,Europa Wschodnia
RO,Rumunia,2023,11,Jesień,o3,31.13401384083045,27.8,17.8,39.1,122.0,289,0.6920415224913495,Europa Wschodnia
RO,Rumunia,2023,11,Jesień,pm10,21.719505928853753,19.6,12.925,27.7,87.8,506,3.9525691699604746,Europa Wschodnia
RO,Rumunia,2023,11,Jesień,pm25,15.059811320754719,14.4,9.6,18.75,56.4,159,44.65408805031446,Europa Wschodnia
RO,Rumunia,2023,12,Zima,no2,26.026814159292037,24.7,18.15,32.55,60.1,339,49.557522123893804,Europa Wschodnia
RO,Rumunia,2023,12,Zima,o3,22.89141791044776,19.549999999999997,12.775,29.4,77.7,268,0.0,Europa Wschodnia
RO,Rumunia,2023,12,Zima,pm10,27.472514285714286,24.4,15.8,36.4,99.6,525,14.476190476190476,Europa Wschodnia
RO,Rumunia,2023,12,Zima,pm25,23.566860465116278,19.0,14.1,32.125,69.1,172,69.18604651162791,Europa Wschodnia
RO,Rumunia,2024,1,Zima,no2,27.180894039735097,25.5,17.924999999999997,34.575,64.2,302,51.65562913907284,Europa Wschodnia
RO,Rumunia,2024,1,Zima,o3,33.44523255813954,31.799999999999997,23.725,42.075,74.6,258,0.0,Europa Wschodnia
RO,Rumunia,2024,1,Zima,pm10,26.098999999999997,23.7,15.525,34.0,81.2,450,10.444444444444445,Europa Wschodnia
RO,Rumunia,2024,1,Zima,pm25,23.595886075949366,19.65,14.5,30.8,73.5,158,70.88607594936708,Europa Wschodnia
RO,Rumunia,2024,2,Zima,no2,23.509756097560974,22.8,17.25,27.25,49.9,82,35.36585365853659,Europa Wschodnia
RO,Rumunia,2024,2,Zima,o3,37.01574712643678,36.0,26.799999999999997,47.849999999999994,71.3,87,0.0,Europa Wschodnia
RO,Rumunia,2024,2,Zima,pm10,24.113947368421055,20.549999999999997,12.875,32.824999999999996,68.1,76,11.842105263157894,Europa Wschodnia
RO,Rumunia,2024,2,Zima,pm25,20.739782608695652,19.75,9.155000000000001,28.975,48.1,46,63.04347826086957,Europa Wschodnia
RO,Rumunia,2024,3,Wiosna,no2,19.703239436619718,19.3,15.1,24.799999999999997,40.0,71,25.352112676056336,Europa Wschodnia
RO,Rumunia,2024,3,Wiosna,o3,54.41269841269841,52.6,43.75,64.15,87.9,63,0.0,Europa Wschodnia
RO,Rumunia,2024,3,Wiosna,pm10,29.811833333333333,23.75,17.7,36.275000000000006,78.6,60,18.333333333333332,Europa Wschodnia
RO,Rumunia,2024,3,Wiosna,pm25,19.592307692307692,19.3,13.05,24.8,34.5,39,64.1025641025641,Europa Wschodnia
RO,Rumunia,2024,4,Wiosna,no2,20.329,18.65,16.475,23.0,43.8,100,16.0,Europa Wschodnia
RO,Rumunia,2024,4,Wiosna,o3,62.75626666666667,66.3,56.2,76.94999999999999,97.1,75,0.0,Europa Wschodnia
RO,Rumunia,2024,4,Wiosna,pm10,19.76725,18.4,12.475,24.2,79.3,80,1.25,Europa Wschodnia
RO,Rumunia,2024,4,Wiosna,pm25,11.221166666666667,10.95,8.41,13.725,24.3,60,13.333333333333334,Europa Wschodnia
RO,Rumunia,2024,5,Wiosna,no2,16.058429752066115,15.0,12.9,18.2,39.8,121,4.958677685950414,Europa Wschodnia
RO,Rumunia,2024,5,Wiosna,o3,63.311290322580646,65.8,47.4,80.3,120.0,93,4.301075268817205,Europa Wschodnia
RO,Rumunia,2024,5,Wiosna,pm10,15.512795698924732,15.2,11.7,17.9,33.2,93,0.0,Europa Wschodnia
RO,Rumunia,2024,5,Wiosna,pm25,8.300322580645162,8.215,7.2075,9.1675,12.9,62,0.0,Europa Wschodnia
RO,Rumunia,2024,6,Lato,no2,15.963214285714287,15.45,13.075,18.375,30.7,112,3.571428571428571,Europa Wschodnia
RO,Rumunia,2024,6,Lato,o3,54.663333333333334,56.599999999999994,35.3,69.7,102.0,90,1.1111111111111112,Europa Wschodnia
RO,Rumunia,2024,6,Lato,pm10,17.20411111111111,17.4,12.925,21.9,29.5,90,0.0,Europa Wschodnia
RO,Rumunia,2024,6,Lato,pm25,9.119666666666665,8.719999999999999,7.5375,10.725,14.2,60,0.0,Europa Wschodnia
RO,Rumunia,2024,7,Lato,no2,17.650259740259738,17.1,14.7,19.9,33.3,77,7.792207792207792,Europa Wschodnia
RO,Rumunia,2024,7,Lato,o3,48.56881720430107,46.0,36.0,59.3,91.6,93,0.0,Europa Wschodnia
RO,Rumunia,2024,7,Lato,pm10,19.646250000000002,18.65,13.225000000000001,26.55,42.2,104,0.0,Europa Wschodnia
RO,Rumunia,2024,7,Lato,pm25,10.846129032258066,10.75,7.83,13.75,21.4,62,12.903225806451612,Europa Wschodnia
RO,Rumunia,2024,8,Lato,no2,21.757014925373134,20.4,15.6,28.3,44.9,67,32.83582089552239,Europa Wschodnia
RO,Rumunia,2024,8,Lato,o3,49.98641975308642,50.9,37.9,61.4,104.0,81,1.2345679012345678,Europa Wschodnia
RO,Rumunia,2024,8,Lato,pm10,17.47740157480315,16.1,8.1,23.25,56.7,127,3.937007874015748,Europa Wschodnia
RO,Rumunia,2024,8,Lato,pm25,10.865660377358491,10.9,8.87,12.2,25.0,53,7.547169811320755,Europa Wschodnia
RO,Rumunia,2024,9,Jesień,no2,23.597692307692306,18.6,13.625,29.525,88.2,78,35.8974358974359,Europa Wschodnia
RO,Rumunia,2024,9,Jesień,o3,43.81666666666667,43.45,30.55,57.45,88.0,90,0.0,Europa Wschodnia
RO,Rumunia,2024,9,Jesień,pm10,22.867643678160917,22.3,13.4,32.325,71.8,174,5.172413793103448,Europa Wschodnia
RO,Rumunia,2024,9,Jesień,pm25,10.430666666666667,10.8,9.0325,13.25,18.9,60,6.666666666666667,Europa Wschodnia
RO,Rumunia,2024,10,Jesień,no2,22.309226388888888,20.15,12.875,31.3,71.8,144,37.5,Europa Wschodnia
RO,Rumunia,2024,10,Jesień,o3,24.920537634408603,23.4,16.2,31.6,69.2,93,0.0,Europa Wschodnia
RO,Rumunia,2024,10,Jesień,pm10,28.509271844660194,26.35,17.525,38.4,68.1,206,15.048543689320388,Europa Wschodnia
RO,Rumunia,2024,10,Jesień,pm25,17.32709677419355,15.85,9.5125,25.075000000000003,35.1,62,51.61290322580645,Europa Wschodnia
RO,Rumunia,2024,11,Jesień,no2,20.424748768472906,18.3,12.25,26.0,68.6,203,28.57142857142857,Europa Wschodnia
RO,Rumunia,2024,11,Jesień,o3,29.558666666666667,26.549999999999997,21.474999999999998,38.1,57.4,90,0.0,Europa Wschodnia
RO,Rumunia,2024,11,Jesień,pm10,29.644656862745098,27.9,17.6,39.425,83.5,204,18.137254901960784,Europa Wschodnia
RO,Rumunia,2024,11,Jesień,pm25,23.270357142857144,20.6,13.7,31.4,54.7,56,67.85714285714286,Europa Wschodnia
RO,Rumunia,2024,12,Zima,no2,22.8351376146789,20.6,10.1,32.55,61.5,218,41.284403669724774,Europa Wschodnia
RO,Rumunia,2024,12,Zima,o3,25.053030303030305,23.1,17.424999999999997,35.199999999999996,49.5,66,0.0,Europa Wschodnia
RO,Rumunia,2024,12,Zima,pm10,20.5657052238806,17.700000000000003,9.584999999999999,29.375,62.6,268,5.597014925373134,Europa Wschodnia
RO,Rumunia,2024,12,Zima,pm25,17.074838709677422,15.6,10.2,20.45,43.3,62,51.61290322580645,Europa Wschodnia
RO,Rumunia,2025,1,Zima,no2,27.551578947368423,25.65,13.4,36.825,85.8,266,51.8796992481203,Europa Wschodnia
RO,Rumunia,2025,1,Zima,o3,19.464545454545455,16.2,7.39,28.4,50.1,33,0.0,Europa Wschodnia
RO,Rumunia,2025,1,Zima,pm10,26.579292604501607,21.9,14.25,34.849999999999994,86.6,311,14.790996784565916,Europa Wschodnia
RO,Rumunia,2025,1,Zima,pm25,24.267931034482757,22.0,16.2,29.925,54.2,58,77.58620689655173,Europa Wschodnia
RO,Rumunia,2025,2,Zima,no2,27.885338983050847,24.700000000000003,15.275,38.525,76.3,236,49.152542372881356,Europa Wschodnia
RO,Rumunia,2025,2,Zima,pm10,27.243631598513012,22.0,13.8,39.4,85.0,269,15.613382899628252,Europa Wschodnia
RO,Rumunia,2025,2,Zima,pm25,25.709756097560973,24.3,16.5,31.5,52.9,41,87.8048780487805,Europa Wschodnia
RO,Rumunia,2025,3,Wiosna,no2,25.78281853281853,22.4,13.2,34.7,82.2,259,45.559845559845556,Europa Wschodnia
RO,Rumunia,2025,3,Wiosna,pm10,21.144691228070176,17.3,11.6,25.7,83.8,285,7.017543859649122,Europa Wschodnia
RO,Rumunia,2025,3,Wiosna,pm25,19.327636363636362,15.2,10.17,25.85,53.6,55,50.90909090909091,Europa Wschodnia
RO,Rumunia,2025,4,Wiosna,no2,19.653918775510206,16.9,11.7,26.3,58.4,245,27.346938775510203,Europa Wschodnia
RO,Rumunia,2025,4,Wiosna,pm10,15.013666666666667,13.149999999999999,9.24,18.225,62.0,270,2.2222222222222223,Europa Wschodnia
RO,Rumunia,2025,4,Wiosna,pm25,11.043846153846154,10.3,7.8575,12.9,23.7,52,15.384615384615385,Europa Wschodnia
RO,Rumunia,2025,5,Wiosna,no2,17.03226066350711,13.4,10.8,20.549999999999997,58.9,211,19.90521327014218,Europa Wschodnia
RO,Rumunia,2025,5,Wiosna,pm10,12.877695852534563,11.6,8.81,15.9,39.1,217,0.0,Europa Wschodnia
RO,Rumunia,2025,5,Wiosna,pm25,8.658666666666667,9.24,6.6625,10.525,11.7,30,0.0,Europa Wschodnia
RO,Rumunia,2025,6,Lato,no2,17.263627450980394,13.5,10.6,22.175,51.7,204,21.568627450980394,Europa Wschodnia
RO,Rumunia,2025,6,Lato,pm10,14.292598173515982,13.7,9.934999999999999,18.2,44.0,219,0.0,Europa Wschodnia
RO,Rumunia,2025,6,Lato,pm25,10.341851851851853,9.88,8.54,11.350000000000001,19.0,27,7.4074074074074066,Europa Wschodnia
RO,Rumunia,2025,7,Lato,no2,16.30676470588235,13.649999999999999,10.25,20.075,47.7,204,18.137254901960784,Europa Wschodnia
RO,Rumunia,2025,7,Lato,pm10,14.1973875,12.5,9.22,18.4,43.3,240,0.0,Europa Wschodnia
RO,Rumunia,2025,7,Lato,pm25,10.908387096774193,11.2,8.04,13.05,16.9,31,6.451612903225806,Europa Wschodnia
RO,Rumunia,2025,8,Lato,no2,16.729629629629628,15.25,9.4975,22.25,48.0,216,18.98148148148148,Europa Wschodnia
RO,Rumunia,2025,8,Lato,pm10,15.43573275862069,14.0,11.0,18.025,46.3,232,0.43103448275862066,Europa Wschodnia
RO,Rumunia,2025,8,Lato,pm25,11.023225806451611,10.5,9.365,12.75,17.8,31,9.67741935483871,Europa Wschodnia
RO,Rumunia,2025,9,Jesień,no2,17.320238095238096,15.8,11.425,20.349999999999998,54.9,210,15.238095238095239,Europa Wschodnia
RO,Rumunia,2025,9,Jesień,pm10,15.007281512605044,13.6,10.3,18.05,41.7,238,0.0,Europa Wschodnia
RO,Rumunia,2025,9,Jesień,pm25,10.771333333333333,10.8,7.85,13.5,20.4,30,6.666666666666667,Europa Wschodnia
RO,Rumunia,2025,10,Jesień,no2,17.375680751173707,14.3,9.26,19.4,69.3,213,15.96244131455399,Europa Wschodnia
RO,Rumunia,2025,10,Jesień,pm10,18.729427407407407,15.85,11.525,22.674999999999997,63.8,270,4.074074074074074,Europa Wschodnia
RO,Rumunia,2025,10,Jesień,pm25,15.911935483870968,15.2,9.71,18.8,35.9,31,51.61290322580645,Europa Wschodnia
RO,Rumunia,2025,11,Jesień,no2,19.434731182795698,15.7,11.6,29.1,61.5,93,25.806451612903224,Europa Wschodnia
RO,Rumunia,2025,11,Jesień,o3,34.722,33.7,19.8,39.400000000000006,79.9,15,0.0,Europa Wschodnia
RO,Rumunia,2025,11,Jesień,pm10,22.006147540983605,19.7,15.149999999999999,26.6,67.7,244,3.278688524590164,Europa Wschodnia
RO,Rumunia,2025,11,Jesień,pm25,15.048275862068964,14.7,10.6,18.3,31.1,29,44.827586206896555,Europa Wschodnia
RO,Rumunia,2025,12,Zima,no2,20.130832258064515,15.7,9.515,28.6,71.3,155,29.677419354838708,Europa Wschodnia
RO,Rumunia,2025,12,Zima,o3,32.67888888888889,24.6,14.775,39.525000000000006,111.0,54,1.8518518518518516,Europa Wschodnia
RO,Rumunia,2025,12,Zima,pm10,23.91206008583691,21.7,15.5,29.5,81.0,233,10.72961373390558,Europa Wschodnia
RO,Rumunia,2025,12,Zima,pm25,19.678837209302323,16.9,12.4,24.85,52.3,43,62.7906976744186,Europa Wschodnia
RS,Serbia,2022,1,Zima,no2,27.424938775510203,25.05,17.525,36.3,74.6,490,50.0,Europa Wschodnia
RS,Serbia,2022,1,Zima,o3,43.11165413533835,39.95,28.7,54.0,90.8,266,0.0,Europa Wschodnia
RS,Serbia,2022,1,Zima,pm10,47.36838235294118,41.7,27.4,63.475,103.0,136,46.32352941176471,Europa Wschodnia
RS,Serbia,2022,1,Zima,pm25,38.839841269841266,34.7,23.35,50.675000000000004,94.4,126,92.06349206349206,Europa Wschodnia
RS,Serbia,2022,2,Zima,no2,26.808273542600897,25.95,16.650000000000002,35.575,92.4,446,52.690582959641254,Europa Wschodnia
RS,Serbia,2022,2,Zima,o3,51.278174603174605,47.6,38.55,59.25,102.0,252,0.7936507936507936,Europa Wschodnia
RS,Serbia,2022,2,Zima,pm10,38.35231884057971,33.8,21.725,45.65,112.0,138,26.08695652173913,Europa Wschodnia
RS,Serbia,2022,2,Zima,pm25,29.65613138686131,26.2,16.2,36.9,88.0,137,80.2919708029197,Europa Wschodnia
RS,Serbia,2022,3,Wiosna,no2,26.714331896551727,25.6,17.7,34.2,90.5,464,51.508620689655174,Europa Wschodnia
RS,Serbia,2022,3,Wiosna,o3,62.588122605363985,56.3,48.4,72.1,128.0,261,7.662835249042145,Europa Wschodnia
RS,Serbia,2022,3,Wiosna,pm10,46.50567375886525,43.3,31.5,59.7,89.7,141,48.226950354609926,Europa Wschodnia
RS,Serbia,2022,3,Wiosna,pm25,35.42395833333333,33.25,25.5,45.5,70.2,144,93.75,Europa Wschodnia
RS,Serbia,2022,4,Wiosna,no2,21.072857142857142,18.6,12.9,26.325,81.0,476,28.15126050420168,Europa Wschodnia
RS,Serbia,2022,4,Wiosna,o3,68.52322097378277,65.4,56.95,79.75,123.0,267,7.116104868913857,Europa Wschodnia
RS,Serbia,2022,4,Wiosna,pm10,25.134266666666665,23.4,18.05,31.05,59.8,150,4.666666666666667,Europa Wschodnia
RS,Serbia,2022,4,Wiosna,pm25,16.985533333333333,16.2,11.825000000000001,21.675,34.5,150,57.99999999999999,Europa Wschodnia
RS,Serbia,2022,5,Wiosna,no2,18.826580448065176,16.6,11.149999999999999,23.8,82.0,491,21.384928716904277,Europa Wschodnia
RS,Serbia,2022,5,Wiosna,o3,80.42439024390245,80.05000000000001,68.525,91.825,128.0,246,16.666666666666664,Europa Wschodnia
RS,Serbia,2022,5,Wiosna,pm10,21.457908496732024,18.8,12.4,27.4,62.7,153,3.2679738562091507,Europa Wschodnia
RS,Serbia,2022,5,Wiosna,pm25,11.109869281045752,10.3,8.16,13.6,22.0,153,16.33986928104575,Europa Wschodnia
RS,Serbia,2022,6,Lato,no2,16.89692194092827,15.649999999999999,10.6,21.675,71.8,474,14.767932489451477,Europa Wschodnia
RS,Serbia,2022,6,Lato,o3,81.96277056277057,82.0,72.6,92.55000000000001,116.0,231,12.121212121212121,Europa Wschodnia
RS,Serbia,2022,6,Lato,pm10,18.33373333333333,17.799999999999997,10.850000000000001,23.849999999999998,49.9,150,0.6666666666666667,Europa Wschodnia
RS,Serbia,2022,6,Lato,pm25,10.9542,10.4,7.955,13.3,28.6,150,15.333333333333332,Europa Wschodnia
RS,Serbia,2022,7,Lato,no2,19.351362720403024,18.0,11.1,25.8,58.4,397,26.952141057934508,Europa Wschodnia
RS,Serbia,2022,7,Lato,o3,87.7470588235294,86.2,73.5,101.0,143.0,221,25.339366515837103,Europa Wschodnia
RS,Serbia,2022,7,Lato,pm10,18.08294964028777,17.7,10.2,22.1,55.8,139,0.7194244604316548,Europa Wschodnia
RS,Serbia,2022,7,Lato,pm25,9.070071942446043,8.61,6.06,11.350000000000001,25.8,139,5.0359712230215825,Europa Wschodnia
RS,Serbia,2022,8,Lato,no2,19.292320328542097,17.6,12.149999999999999,24.45,67.8,487,23.613963039014372,Europa Wschodnia
RS,Serbia,2022,8,Lato,o3,75.07096774193548,73.6,61.075,90.45,132.0,248,13.306451612903224,Europa Wschodnia
RS,Serbia,2022,8,Lato,pm10,19.613870967741935,18.7,11.9,24.5,54.6,155,3.225806451612903,Europa Wschodnia
RS,Serbia,2022,8,Lato,pm25,12.555806451612904,11.7,9.225000000000001,15.0,30.5,155,25.161290322580644,Europa Wschodnia
RS,Serbia,2022,9,Jesień,no2,21.318979123173275,18.5,13.350000000000001,26.6,75.9,479,29.018789144050107,Europa Wschodnia
RS,Serbia,2022,9,Jesień,o3,52.59220833333333,49.3,38.525,66.75,101.0,240,0.4166666666666667,Europa Wschodnia
RS,Serbia,2022,9,Jesień,pm10,15.986066666666666,14.95,9.83,21.175,45.7,150,0.6666666666666667,Europa Wschodnia
RS,Serbia,2022,9,Jesień,pm25,11.187800000000001,10.55,7.66,13.525,40.3,150,17.333333333333336,Europa Wschodnia
RS,Serbia,2022,10,Jesień,no2,26.714533783783786,24.4,17.2,33.525,82.2,444,46.846846846846844,Europa Wschodnia
RS,Serbia,2022,10,Jesień,o3,43.97736363636364,39.25,27.175,59.15,97.3,220,0.0,Europa Wschodnia
RS,Serbia,2022,10,Jesień,pm10,34.287194244604315,32.3,25.0,43.849999999999994,80.2,139,20.863309352517987,Europa Wschodnia
RS,Serbia,2022,10,Jesień,pm25,23.923285714285715,22.15,16.775,31.025,55.6,140,83.57142857142857,Europa Wschodnia
RS,Serbia,2022,11,Jesień,no2,23.318166666666666,21.6,15.174999999999999,28.9,87.3,480,37.916666666666664,Europa Wschodnia
RS,Serbia,2022,11,Jesień,o3,29.607083333333332,20.2,12.975,38.05,85.9,240,0.0,Europa Wschodnia
RS,Serbia,2022,11,Jesień,pm10,35.090333333333334,32.7,23.75,44.275,106.0,150,24.0,Europa Wschodnia
RS,Serbia,2022,11,Jesień,pm25,30.118733333333335,28.75,22.424999999999997,36.45,69.2,150,88.0,Europa Wschodnia
RS,Serbia,2022,12,Zima,no2,26.660161616161616,23.5,15.75,36.349999999999994,70.2,495,45.85858585858586,Europa Wschodnia
RS,Serbia,2022,12,Zima,o3,30.303145161290324,22.35,14.3,38.1,88.5,248,0.0,Europa Wschodnia
RS,Serbia,2022,12,Zima,pm10,42.39683823529412,35.25,21.5,54.875,113.0,136,34.55882352941176,Europa Wschodnia
RS,Serbia,2022,12,Zima,pm25,33.99697674418604,30.1,19.7,41.3,90.1,129,83.72093023255815,Europa Wschodnia
RS,Serbia,2023,1,Zima,no2,22.648607888631087,20.2,14.8,27.65,75.5,431,31.786542923433874,Europa Wschodnia
RS,Serbia,2023,1,Zima,o3,38.42513888888889,33.65,22.4,49.425,91.3,216,0.0,Europa Wschodnia
RS,Serbia,2023,1,Zima,pm10,35.12651515151515,29.2,17.8,46.6,112.0,132,27.27272727272727,Europa Wschodnia
RS,Serbia,2023,1,Zima,pm25,29.79108527131783,25.2,15.1,41.3,94.0,129,75.96899224806202,Europa Wschodnia
RS,Serbia,2023,2,Zima,no2,30.124262295081966,28.2,16.6,37.9,69.8,61,60.65573770491803,Europa Wschodnia
RS,Serbia,2023,2,Zima,o3,40.166875,32.15,20.85,55.175,91.3,32,0.0,Europa Wschodnia
RS,Serbia,2023,2,Zima,pm10,55.311764705882354,56.0,43.0,70.2,93.5,17,64.70588235294117,Europa Wschodnia
RS,Serbia,2023,2,Zima,pm25,48.0625,46.4,36.725,55.65,88.6,16,100.0,Europa Wschodnia
RS,Serbia,2023,3,Wiosna,no2,26.617344827586205,22.45,14.525,32.650000000000006,90.2,290,41.37931034482759,Europa Wschodnia
RS,Serbia,2023,3,Wiosna,o3,61.191540540540544,59.4,46.9,69.75,108.0,148,8.108108108108109,Europa Wschodnia
RS,Serbia,2023,3,Wiosna,pm10,32.166441717791415,26.8,16.75,44.7,98.9,163,24.539877300613497,Europa Wschodnia
RS,Serbia,2023,3,Wiosna,pm25,22.13867924528302,17.1,12.45,29.299999999999997,63.8,159,58.490566037735846,Europa Wschodnia
RS,Serbia,2023,4,Wiosna,no2,19.25541023622047,17.1,11.4,24.4,83.1,1270,23.543307086614174,Europa Wschodnia
RS,Serbia,2023,4,Wiosna,o3,56.791137931034484,54.6,45.575,65.325,116.0,580,4.137931034482759,Europa Wschodnia
RS,Serbia,2023,4,Wiosna,pm10,28.197305848513903,25.5,18.2,36.8,88.5,1043,12.272291466922338,Europa Wschodnia
RS,Serbia,2023,4,Wiosna,pm25,21.030989119683483,17.9,13.3,27.3,72.0,1011,64.8862512363996,Europa Wschodnia
RS,Serbia,2023,5,Wiosna,no2,15.454816225165564,13.2,8.7475,20.4,57.4,1208,14.652317880794701,Europa Wschodnia
RS,Serbia,2023,5,Wiosna,o3,59.21344028520499,59.6,46.8,70.4,113.0,561,3.2085561497326207,Europa Wschodnia
RS,Serbia,2023,5,Wiosna,pm10,20.90302801724138,20.05,16.1,24.7,59.1,928,0.8620689655172413,Europa Wschodnia
RS,Serbia,2023,5,Wiosna,pm25,14.028650707290533,13.7,10.7,16.7,31.5,919,38.737758433079435,Europa Wschodnia
RS,Serbia,2023,6,Lato,no2,14.553102719033234,12.0,7.3675,19.1,70.7,1324,12.462235649546828,Europa Wschodnia
RS,Serbia,2023,6,Lato,o3,62.62888012618296,60.8,49.0,74.7,138.0,634,6.940063091482649,Europa Wschodnia
RS,Serbia,2023,6,Lato,pm10,19.710047528517112,18.2,14.6,23.6,77.6,1052,0.7604562737642585,Europa Wschodnia
RS,Serbia,2023,6,Lato,pm25,12.96546058879392,12.2,9.67,15.5,42.0,1053,28.300094966761634,Europa Wschodnia
RS,Serbia,2023,7,Lato,no2,15.84753549382716,13.0,8.0275,20.2,82.1,1296,14.891975308641975,Europa Wschodnia
RS,Serbia,2023,7,Lato,o3,67.59903536977492,65.8,51.675,81.775,139.0,622,7.717041800643088,Europa Wschodnia
RS,Serbia,2023,7,Lato,pm10,21.2911645813282,19.8,14.5,26.6,89.7,1039,1.539942252165544,Europa Wschodnia
RS,Serbia,2023,7,Lato,pm25,12.706073147256978,11.9,9.645,15.0,42.4,1039,24.831568816169394,Europa Wschodnia
RS,Serbia,2023,8,Lato,no2,16.725112676056337,14.2,8.725000000000001,21.35,75.7,1207,16.984258492129246,Europa Wschodnia
RS,Serbia,2023,8,Lato,o3,62.03576388888889,59.3,46.675000000000004,76.45,125.0,576,6.25,Europa Wschodnia
RS,Serbia,2023,8,Lato,pm10,19.925760869565217,19.0,14.174999999999999,25.225,53.8,920,0.7608695652173914,Europa Wschodnia
RS,Serbia,2023,8,Lato,pm25,12.78386956521739,12.5,9.3275,16.2,33.6,920,29.891304347826086,Europa Wschodnia
RS,Serbia,2023,9,Jesień,no2,20.566190850607576,17.1,10.4,28.15,88.8,1399,30.73624017155111,Europa Wschodnia
RS,Serbia,2023,9,Jesień,o3,53.69378712871287,52.4,39.6,66.3,113.0,808,1.7326732673267329,Europa Wschodnia
RS,Serbia,2023,9,Jesień,pm10,24.75581227436823,23.6,18.4,30.3,72.1,1108,2.707581227436823,Europa Wschodnia
RS,Serbia,2023,9,Jesień,pm25,14.404016245487364,14.1,11.975,16.6,31.9,1108,39.07942238267148,Europa Wschodnia
RS,Serbia,2023,10,Jesień,no2,24.313794014084507,21.7,14.0,32.125,82.4,1136,42.25352112676056,Europa Wschodnia
RS,Serbia,2023,10,Jesień,o3,42.3025748502994,38.95,27.8,53.125,104.0,668,0.4491017964071856,Europa Wschodnia
RS,Serbia,2023,10,Jesień,pm10,25.64365269461078,22.9,16.0,33.75,73.0,835,9.341317365269461,Europa Wschodnia
RS,Serbia,2023,10,Jesień,pm25,15.211353293413174,13.9,10.4,18.0,51.4,835,40.958083832335326,Europa Wschodnia
RS,Serbia,2023,11,Jesień,no2,21.432963246554365,19.8,12.3,28.9,74.3,1306,34.76263399693721,Europa Wschodnia
RS,Serbia,2023,11,Jesień,o3,33.147903430749686,31.4,18.95,44.25,90.8,787,0.0,Europa Wschodnia
RS,Serbia,2023,11,Jesień,pm10,23.724101290963254,18.4,11.850000000000001,29.15,134.0,1007,11.122144985104269,Europa Wschodnia
RS,Serbia,2023,11,Jesień,pm25,19.09694610778443,14.4,9.73,24.05,84.3,1002,47.20558882235529,Europa Wschodnia
RS,Serbia,2023,12,Zima,no2,28.572738095238098,25.95,16.975,38.0,115.0,1260,53.888888888888886,Europa Wschodnia
RS,Serbia,2023,12,Zima,o3,25.985622542595017,19.6,10.45,34.4,102.0,763,0.1310615989515072,Europa Wschodnia
RS,Serbia,2023,12,Zima,pm10,44.049618055555555,37.35,23.3,60.125,152.0,864,39.23611111111111,Europa Wschodnia
RS,Serbia,2023,12,Zima,pm25,34.73047440699126,30.7,20.3,46.9,96.0,801,87.51560549313359,Europa Wschodnia
RS,Serbia,2024,1,Zima,no2,27.75642857142857,26.7,16.3,37.025,86.7,1344,53.720238095238095,Europa Wschodnia
RS,Serbia,2024,1,Zima,o3,35.200658536585365,31.9,21.275,45.324999999999996,114.0,820,0.4878048780487805,Europa Wschodnia
RS,Serbia,2024,1,Zima,pm10,41.97137862137862,38.7,24.5,55.7,143.0,1001,39.960039960039964,Europa Wschodnia
RS,Serbia,2024,1,Zima,pm25,35.507584388185656,32.5,20.3,48.1,106.0,948,89.13502109704642,Europa Wschodnia
RS,Serbia,2024,2,Zima,no2,25.337146136189748,22.8,13.350000000000001,34.45,100.0,1307,45.21805661820964,Europa Wschodnia
RS,Serbia,2024,2,Zima,o3,42.625765877957654,38.8,26.299999999999997,56.3,117.0,803,1.86799501867995,Europa Wschodnia
RS,Serbia,2024,2,Zima,pm10,40.66152409046214,35.4,25.6,51.2,119.0,1017,33.726647000983284,Europa Wschodnia
RS,Serbia,2024,2,Zima,pm25,30.41875122910521,26.2,18.7,40.1,85.4,1017,85.74237954768928,Europa Wschodnia
RS,Serbia,2024,3,Wiosna,no2,19.99661206254654,17.1,10.649999999999999,26.7,87.3,1343,28.145941921072225,Europa Wschodnia
RS,Serbia,2024,3,Wiosna,o3,49.891423401688776,48.4,37.0,60.7,114.0,829,1.8094089264173705,Europa Wschodnia
RS,Serbia,2024,3,Wiosna,pm10,31.34851434034417,26.65,19.825,38.3,134.0,1046,16.826003824091778,Europa Wschodnia
RS,Serbia,2024,3,Wiosna,pm25,21.437790909090907,20.2,13.8,27.65,88.5,1067,71.7900656044986,Europa Wschodnia
RS,Serbia,2024,4,Wiosna,no2,19.37004720406681,16.8,10.9,25.4,82.9,1377,25.417574437182278,Europa Wschodnia
RS,Serbia,2024,4,Wiosna,o3,61.85379474940334,58.4,47.0,76.475,135.0,838,4.534606205250596,Europa Wschodnia
RS,Serbia,2024,4,Wiosna,pm10,25.13062962962963,22.7,16.5,32.125,84.3,1080,6.203703703703703,Europa Wschodnia
RS,Serbia,2024,4,Wiosna,pm25,12.87438888888889,11.9,8.04,16.6,40.5,1080,33.7037037037037,Europa Wschodnia
RS,Serbia,2024,5,Wiosna,no2,15.80055789473684,13.4,8.79,20.4,75.8,1425,14.596491228070175,Europa Wschodnia
RS,Serbia,2024,5,Wiosna,o3,62.61200923787529,62.3,52.7,72.1,133.0,866,1.1547344110854503,Europa Wschodnia
RS,Serbia,2024,5,Wiosna,pm10,18.115224014336917,17.5,13.475,22.225,41.7,1116,0.0,Europa Wschodnia
RS,Serbia,2024,5,Wiosna,pm25,10.421129032258063,10.4,8.11,12.5,21.5,1116,6.272401433691756,Europa Wschodnia
RS,Serbia,2024,6,Lato,no2,17.47933236574746,14.5,9.66,21.9,86.7,1378,17.99709724238026,Europa Wschodnia
RS,Serbia,2024,6,Lato,o3,67.79412186379929,67.2,56.0,79.7,128.0,837,4.062126642771804,Europa Wschodnia
RS,Serbia,2024,6,Lato,pm10,25.82498604651163,22.9,17.3,30.55,88.7,1075,9.674418604651162,Europa Wschodnia
RS,Serbia,2024,6,Lato,pm25,13.271868029739778,12.8,10.4,15.4,51.0,1076,26.6728624535316,Europa Wschodnia
RS,Serbia,2024,7,Lato,no2,18.040317572335923,14.7,10.1,22.8,75.4,1417,20.606916019760057,Europa Wschodnia
RS,Serbia,2024,7,Lato,o3,79.33661645422943,77.9,63.650000000000006,94.35,146.0,863,18.424101969872538,Europa Wschodnia
RS,Serbia,2024,7,Lato,pm10,26.03938793879388,23.9,18.2,31.9,103.0,1111,5.4905490549054905,Europa Wschodnia
RS,Serbia,2024,7,Lato,pm25,12.618559855985598,11.9,8.879999999999999,15.4,59.3,1111,27.002700270027002,Europa Wschodnia
RS,Serbia,2024,8,Lato,no2,22.87958128078818,18.95,12.0,30.75,85.2,1218,36.37110016420361,Europa Wschodnia
RS,Serbia,2024,8,Lato,o3,76.78006631299735,75.35,63.05,89.15,164.0,754,12.46684350132626,Europa Wschodnia
RS,Serbia,2024,8,Lato,pm10,30.539781249999997,28.6,21.4,36.7,116.0,960,10.208333333333334,Europa Wschodnia
RS,Serbia,2024,8,Lato,pm25,12.645182101977108,12.3,9.4,15.4,29.8,961,27.887617065556714,Europa Wschodnia
RS,Serbia,2024,9,Jesień,no2,22.18570364238411,18.6,10.9,28.9,109.0,1208,31.374172185430467,Europa Wschodnia
RS,Serbia,2024,9,Jesień,o3,52.58117035110533,49.1,36.4,66.6,132.0,769,3.2509752925877766,Europa Wschodnia
RS,Serbia,2024,9,Jesień,pm10,27.44081818181818,23.9,13.925,36.7,121.0,990,15.555555555555555,Europa Wschodnia
RS,Serbia,2024,9,Jesień,pm25,13.49396984924623,12.8,8.844999999999999,18.0,35.9,995,36.68341708542713,Europa Wschodnia
RS,Serbia,2024,10,Jesień,no2,24.070819434372737,22.3,14.2,31.3,70.5,1379,41.76939811457578,Europa Wschodnia
RS,Serbia,2024,10,Jesień,o3,37.85073426573427,35.4,23.6,50.2,100.0,858,0.0,Europa Wschodnia
RS,Serbia,2024,10,Jesień,pm10,33.243535262206144,27.75,18.8,46.150000000000006,96.6,1106,26.13019891500904,Europa Wschodnia
RS,Serbia,2024,10,Jesień,pm25,22.08140144665461,17.8,11.225,32.1,71.4,1106,60.4882459312839,Europa Wschodnia
RS,Serbia,2024,11,Jesień,no2,25.708897396630935,23.4,16.3,33.375,79.8,1306,44.48698315467075,Europa Wschodnia
RS,Serbia,2024,11,Jesień,o3,27.491285892634206,23.8,15.8,35.4,89.5,801,0.0,Europa Wschodnia
RS,Serbia,2024,11,Jesień,pm10,45.70390092879257,42.6,27.4,60.6,146.0,969,46.33642930856553,Europa Wschodnia
RS,Serbia,2024,11,Jesień,pm25,36.37336909871245,34.25,22.6,48.25,118.0,932,86.69527896995707,Europa Wschodnia
RS,Serbia,2024,12,Zima,no2,24.067666345226613,21.8,16.0,29.8,77.9,1037,39.0549662487946,Europa Wschodnia
RS,Serbia,2024,12,Zima,o3,20.423904761904762,17.55,10.65,26.775,81.9,630,0.0,Europa Wschodnia
RS,Serbia,2024,12,Zima,pm10,41.37073985680191,35.9,26.1,48.375,155.0,838,29.116945107398568,Europa Wschodnia
RS,Serbia,2024,12,Zima,pm25,33.624298245614035,31.1,22.6,39.9,107.0,798,94.48621553884712,Europa Wschodnia
RS,Serbia,2025,1,Zima,no2,23.132381454162278,21.5,15.3,29.3,74.7,949,37.40779768177028,Europa Wschodnia
RS,Serbia,2025,1,Zima,o3,25.78697819314642,23.7,14.125,34.4,80.7,642,0.0,Europa Wschodnia
RS,Serbia,2025,1,Zima,pm10,43.482668136714445,40.2,28.05,53.25,156.0,907,40.79382579933848,Europa Wschodnia
RS,Serbia,2025,1,Zima,pm25,35.08042382588774,34.4,23.3,44.1,117.0,873,91.06529209621993,Europa Wschodnia
RS,Serbia,2025,2,Zima,no2,21.68221064814815,19.6,12.5,28.2,66.4,864,34.83796296296296,Europa Wschodnia
RS,Serbia,2025,2,Zima,o3,37.67436688311688,37.25,24.75,48.849999999999994,84.9,616,0.0,Europa Wschodnia
RS,Serbia,2025,2,Zima,pm10,49.55635635635636,41.9,33.3,60.5,158.0,999,44.34434434434434,Europa Wschodnia
RS,Serbia,2025,2,Zima,pm25,39.559227467811155,34.4,28.4,45.525,140.0,932,100.0,Europa Wschodnia
RS,Serbia,2025,3,Wiosna,no2,22.779915522703277,17.7,11.2,29.45,133.0,947,31.57338965153115,Europa Wschodnia
RS,Serbia,2025,3,Wiosna,o3,43.72681350954478,42.1,27.8,57.9,111.0,681,0.2936857562408223,Europa Wschodnia
RS,Serbia,2025,3,Wiosna,pm10,38.885000000000005,31.65,22.975,47.625,172.0,1148,27.700348432055748,Europa Wschodnia
RS,Serbia,2025,3,Wiosna,pm25,27.410954072790297,22.9,17.2,33.4,148.0,1154,83.18890814558058,Europa Wschodnia
RS,Serbia,2025,4,Wiosna,no2,18.063080168776374,14.7,8.85,22.45,135.0,711,19.40928270042194,Europa Wschodnia
RS,Serbia,2025,4,Wiosna,o3,50.3646468401487,51.45,36.75,63.175000000000004,101.0,538,0.18587360594795538,Europa Wschodnia
RS,Serbia,2025,4,Wiosna,pm10,28.660611683848796,26.4,19.7,35.2,92.0,873,10.996563573883162,Europa Wschodnia
RS,Serbia,2025,4,Wiosna,pm25,16.988561282932416,15.7,12.3,20.7,67.5,873,55.784650630011456,Europa Wschodnia
RS,Serbia,2025,5,Wiosna,no2,16.710610211706104,13.6,9.094999999999999,21.95,65.9,803,19.551681195516814,Europa Wschodnia
RS,Serbia,2025,5,Wiosna,o3,50.27380417335474,52.4,36.8,63.8,109.0,623,0.6420545746388443,Europa Wschodnia
RS,Serbia,2025,5,Wiosna,pm10,18.694166666666668,17.3,13.2,22.525,99.3,984,1.0162601626016259,Europa Wschodnia
RS,Serbia,2025,5,Wiosna,pm25,11.550833333333333,10.5,7.6775,14.5,70.6,984,22.052845528455283,Europa Wschodnia
RS,Serbia,2025,6,Lato,no2,19.65083146067416,15.9,9.372499999999999,26.9,87.8,890,28.764044943820227,Europa Wschodnia
RS,Serbia,2025,6,Lato,o3,71.54669540229885,73.25,57.475,85.225,157.0,696,6.752873563218391,Europa Wschodnia
RS,Serbia,2025,6,Lato,pm10,30.069963603275706,28.7,23.3,35.349999999999994,115.0,1099,7.370336669699727,Europa Wschodnia
RS,Serbia,2025,6,Lato,pm25,13.49207084468665,12.6,9.62,16.0,69.6,1101,30.336058128973658,Europa Wschodnia
RS,Serbia,2025,8,Lato,no2,19.300403225806452,15.0,9.2575,24.375,67.4,248,24.596774193548388,Europa Wschodnia
RS,Serbia,2025,8,Lato,o3,69.77578947368421,67.35,53.574999999999996,85.45,118.0,190,14.210526315789473,Europa Wschodnia
RS,Serbia,2025,8,Lato,pm10,20.51417763157895,18.6,11.875,26.725,58.5,304,3.618421052631579,Europa Wschodnia
RS,Serbia,2025,8,Lato,pm25,7.881348684210526,7.1899999999999995,5.755,9.835,22.8,304,2.631578947368421,Europa Wschodnia
RS,Serbia,2025,9,Jesień,no2,19.388666666666666,15.4,10.5,24.875,85.6,930,24.408602150537632,Europa Wschodnia
RS,Serbia,2025,9,Jesień,o3,49.98379166666667,50.4,37.1,61.625,105.0,720,0.1388888888888889,Europa Wschodnia
RS,Serbia,2025,9,Jesień,pm10,23.95619298245614,23.0,16.2,29.8,80.0,1140,3.1578947368421053,Europa Wschodnia
RS,Serbia,2025,9,Jesień,pm25,12.194412280701753,11.1,7.525,15.7,52.5,1140,28.596491228070175,Europa Wschodnia
RS,Serbia,2025,10,Jesień,no2,15.636702508960575,14.8,9.86,19.15,49.2,279,12.903225806451612,Europa Wschodnia
RS,Serbia,2025,10,Jesień,o3,26.190462962962965,26.25,18.95,32.324999999999996,49.4,216,0.0,Europa Wschodnia
RS,Serbia,2025,10,Jesień,pm10,20.54061403508772,18.9,15.1,24.6,63.3,342,2.046783625730994,Europa Wschodnia
RS,Serbia,2025,10,Jesień,pm25,15.628450292397662,14.850000000000001,11.9,18.6,49.5,342,48.53801169590643,Europa Wschodnia
RS,Serbia,2025,11,Jesień,no2,19.287832167832168,17.4,12.6,23.6,64.4,429,20.97902097902098,Europa Wschodnia
RS,Serbia,2025,11,Jesień,o3,21.170238095238094,18.65,12.3,27.4,69.8,336,0.0,Europa Wschodnia
RS,Serbia,2025,11,Jesień,pm10,27.6917202268431,24.9,17.8,32.2,127.0,529,10.58601134215501,Europa Wschodnia
RS,Serbia,2025,11,Jesień,pm25,24.379485714285714,22.6,15.9,28.7,123.0,525,78.0952380952381,Europa Wschodnia
RS,Serbia,2025,12,Zima,no2,26.470000000000002,27.799999999999997,19.375,34.150000000000006,39.2,30,56.666666666666664,Europa Wschodnia
RS,Serbia,2025,12,Zima,o3,9.6325,8.905000000000001,5.69,12.35,19.8,24,0.0,Europa Wschodnia
RS,Serbia,2025,12,Zima,pm10,58.554545454545455,61.2,45.6,70.6,86.6,33,78.78787878787878,Europa Wschodnia
RS,Serbia,2025,12,Zima,pm25,49.39677419354839,50.5,41.75,59.05,69.5,31,100.0,Europa Wschodnia
SE,Szwecja,2022,1,Zima,no2,15.721480591497228,12.6,7.71,20.3,83.0,541,16.635859519408502,Europa Północna
SE,Szwecja,2022,1,Zima,o3,57.62652329749103,58.5,48.55,67.775,84.4,558,0.0,Europa Północna
SE,Szwecja,2022,1,Zima,pm10,11.310501607717041,7.495,4.5625,14.875,57.0,622,1.4469453376205788,Europa Północna
SE,Szwecja,2022,1,Zima,pm25,4.8232996845425875,4.02,2.53,6.06,25.1,317,1.5772870662460567,Europa Północna
SE,Szwecja,2022,2,Zima,no2,16.224494600431964,13.4,8.09,20.25,76.2,463,17.062634989200866,Europa Północna
SE,Szwecja,2022,2,Zima,o3,61.613475253549694,63.9,55.4,71.3,86.7,493,0.0,Europa Północna
SE,Szwecja,2022,2,Zima,pm10,11.982210144927537,8.73,4.6850000000000005,16.325,56.3,552,1.0869565217391304,Europa Północna
SE,Szwecja,2022,2,Zima,pm25,4.792294117647058,4.01,2.56,6.32,23.2,289,1.384083044982699,Europa Północna
SE,Szwecja,2022,3,Wiosna,no2,19.900400419287212,18.7,10.1,28.5,50.7,477,33.542976939203356,Europa Północna
SE,Szwecja,2022,3,Wiosna,o3,65.51642411642412,65.3,56.5,75.0,104.0,481,0.4158004158004158,Europa Północna
SE,Szwecja,2022,3,Wiosna,pm10,22.002412262156447,20.1,10.3,30.7,64.4,473,8.0338266384778,Europa Północna
SE,Szwecja,2022,3,Wiosna,pm25,6.610390804597701,5.51,3.07,8.94,23.9,261,7.662835249042145,Europa Północna
SE,Szwecja,2022,4,Wiosna,no2,15.094440643863178,13.5,7.92,20.4,73.9,497,13.480885311871226,Europa Północna
SE,Szwecja,2022,4,Wiosna,o3,69.86521875,71.65,62.775,78.4,94.0,480,0.0,Europa Północna
SE,Szwecja,2022,4,Wiosna,pm10,15.288894197952217,13.3,6.5475,20.6,60.9,586,2.901023890784983,Europa Północna
SE,Szwecja,2022,4,Wiosna,pm25,4.421616883116883,3.82,2.56,5.425,21.7,308,0.3246753246753247,Europa Północna
SE,Szwecja,2022,5,Wiosna,no2,11.94803578528827,10.7,5.9399999999999995,16.7,44.1,503,6.36182902584493,Europa Północna
SE,Szwecja,2022,5,Wiosna,o3,66.88584905660377,66.85,59.275,74.825,98.7,424,0.0,Europa Północna
SE,Szwecja,2022,5,Wiosna,pm10,14.380188291139241,13.0,8.6575,18.9,50.4,632,0.15822784810126583,Europa Północna
SE,Szwecja,2022,5,Wiosna,pm25,5.192235109717869,4.88,3.16,6.475,17.6,319,1.2539184952978055,Europa Północna
SE,Szwecja,2022,6,Lato,no2,11.160910909090909,10.4,5.76,15.3,37.8,495,4.242424242424243,Europa Północna
SE,Szwecja,2022,6,Lato,o3,62.708153477218225,61.2,53.7,70.5,111.0,417,1.1990407673860912,Europa Północna
SE,Szwecja,2022,6,Lato,pm10,13.888517017828201,13.0,9.24,17.2,43.8,617,0.0,Europa Północna
SE,Szwecja,2022,6,Lato,pm25,6.388073248407643,5.87,4.077500000000001,7.845000000000001,21.3,314,2.229299363057325,Europa Północna
SE,Szwecja,2022,7,Lato,no2,9.396107066381155,8.6,4.1850000000000005,13.5,36.6,467,1.9271948608137044,Europa Północna
SE,Szwecja,2022,7,Lato,o3,57.35205128205128,53.2,45.5,65.475,127.0,390,2.307692307692308,Europa Północna
SE,Szwecja,2022,7,Lato,pm10,10.302352842809364,9.235,6.1225000000000005,13.2,37.5,598,0.0,Europa Północna
SE,Szwecja,2022,7,Lato,pm25,4.316908474576271,3.41,2.065,5.12,19.4,295,2.711864406779661,Europa Północna
SE,Szwecja,2022,8,Lato,no2,11.894882729211087,10.9,5.98,16.9,47.7,469,5.330490405117271,Europa Północna
SE,Szwecja,2022,8,Lato,o3,53.92685138539043,51.3,43.2,62.4,113.0,397,1.2594458438287155,Europa Północna
SE,Szwecja,2022,8,Lato,pm10,13.13172758037225,11.7,7.66,18.0,47.7,591,0.338409475465313,Europa Północna
SE,Szwecja,2022,8,Lato,pm25,6.106694736842106,4.63,3.04,8.14,19.4,285,3.508771929824561,Europa Północna
SE,Szwecja,2022,9,Jesień,no2,13.130503131524009,11.9,7.02,18.65,38.9,479,8.559498956158663,Europa Północna
SE,Szwecja,2022,9,Jesień,o3,46.49271356783919,44.8,37.1,55.275,82.0,398,0.0,Europa Północna
SE,Szwecja,2022,9,Jesień,pm10,8.521351351351353,7.805,5.28,11.3,45.4,592,0.16891891891891891,Europa Północna
SE,Szwecja,2022,9,Jesień,pm25,3.831639871382637,3.37,1.9449999999999998,4.890000000000001,13.5,311,0.0,Europa Północna
SE,Szwecja,2022,10,Jesień,no2,13.487441364605543,12.0,7.82,17.8,39.5,469,10.23454157782516,Europa Północna
SE,Szwecja,2022,10,Jesień,o3,42.62760683760684,43.3,35.5,50.7,71.7,351,0.0,Europa Północna
SE,Szwecja,2022,10,Jesień,pm10,10.94933393501805,10.4,6.7625,14.7,46.2,554,0.18050541516245489,Europa Północna
SE,Szwecja,2022,10,Jesień,pm25,5.733837662337662,5.085,3.04,7.6925,18.7,308,1.948051948051948,Europa Północna
SE,Szwecja,2022,11,Jesień,no2,12.000699421965319,10.8,6.51,16.1,38.2,519,5.394990366088632,Europa Północna
SE,Szwecja,2022,11,Jesień,o3,37.6945304136253,39.3,30.2,47.349999999999994,67.3,411,0.0,Europa Północna
SE,Szwecja,2022,11,Jesień,pm10,9.807364452423698,8.24,5.16,12.4,60.3,557,0.5385996409335727,Europa Północna
SE,Szwecja,2022,11,Jesień,pm25,4.8544011627906976,4.41,1.9525,6.4925,18.9,344,2.616279069767442,Europa Północna
SE,Szwecja,2022,12,Zima,no2,16.100075046904315,13.5,8.16,21.0,75.3,533,17.26078799249531,Europa Północna
SE,Szwecja,2022,12,Zima,o3,41.1931090487239,41.6,31.0,51.4,78.8,431,0.0,Europa Północna
SE,Szwecja,2022,12,Zima,pm10,8.923660504201681,7.63,5.295,11.149999999999999,50.6,595,0.16806722689075632,Europa Północna
SE,Szwecja,2022,12,Zima,pm25,4.873151515151515,4.53,2.685,6.71,15.2,363,0.27548209366391185,Europa Północna
SE,Szwecja,2023,1,Zima,no2,14.575826446280992,11.9,7.4025,17.85,73.8,484,13.016528925619836,Europa Północna
SE,Szwecja,2023,1,Zima,o3,49.14893129770992,49.3,39.9,58.6,82.0,393,0.0,Europa Północna
SE,Szwecja,2023,1,Zima,pm10,9.297791187739463,7.4,5.1625,11.3,48.8,522,0.19157088122605362,Europa Północna
SE,Szwecja,2023,1,Zima,pm25,4.566351724137931,4.2,2.6399999999999997,6.199999999999999,18.1,290,1.0344827586206897,Europa Północna
SE,Szwecja,2023,2,Zima,no2,13.788787878787877,9.39,5.55,16.85,75.7,66,16.666666666666664,Europa Północna
SE,Szwecja,2023,2,Zima,o3,55.495588235294115,57.1,48.65,62.675,84.3,68,0.0,Europa Północna
SE,Szwecja,2023,2,Zima,pm10,12.26152777777778,8.775,5.125,15.175,60.0,72,1.3888888888888888,Europa Północna
SE,Szwecja,2023,2,Zima,pm25,6.619428571428571,6.2,3.315,8.835,18.1,35,5.714285714285714,Europa Północna
SE,Szwecja,2023,3,Wiosna,no2,12.27447004608295,10.6,6.42,16.3,42.5,217,6.912442396313365,Europa Północna
SE,Szwecja,2023,3,Wiosna,o3,66.44435146443514,68.4,56.45,76.5,94.8,239,0.0,Europa Północna
SE,Szwecja,2023,3,Wiosna,pm10,10.607960591133006,7.39,4.46,13.850000000000001,58.0,203,1.477832512315271,Europa Północna
SE,Szwecja,2023,3,Wiosna,pm25,4.95066037735849,3.605,2.23,5.9275,17.2,106,1.8867924528301887,Europa Północna
SE,Szwecja,2023,4,Wiosna,no2,14.00156862745098,11.6,6.035,20.05,51.6,459,14.161220043572984,Europa Północna
SE,Szwecja,2023,4,Wiosna,o3,74.72023346303502,74.65,65.7,84.1,110.0,514,1.556420233463035,Europa Północna
SE,Szwecja,2023,4,Wiosna,pm10,20.57630890052356,18.799999999999997,9.97,28.05,64.6,382,5.7591623036649215,Europa Północna
SE,Szwecja,2023,4,Wiosna,pm25,6.458356164383562,5.92,3.74,8.27,17.0,219,2.73972602739726,Europa Północna
SE,Szwecja,2023,5,Wiosna,no2,12.985128205128206,11.7,6.2575,18.6,83.5,624,8.173076923076923,Europa Północna
SE,Szwecja,2023,5,Wiosna,o3,76.75913978494623,74.6,66.92500000000001,85.75,116.0,558,7.526881720430108,Europa Północna
SE,Szwecja,2023,5,Wiosna,pm10,20.291431630971992,18.5,12.2,26.1,65.3,607,3.9538714991762767,Europa Północna
SE,Szwecja,2023,5,Wiosna,pm25,6.325459948320414,5.81,4.025,8.315000000000001,17.0,387,0.2583979328165375,Europa Północna
SE,Szwecja,2023,6,Lato,no2,12.44597486535009,11.1,6.63,17.4,38.7,557,6.822262118491921,Europa Północna
SE,Szwecja,2023,6,Lato,o3,68.92411067193676,68.8,60.125,76.9,104.0,506,0.1976284584980237,Europa Północna
SE,Szwecja,2023,6,Lato,pm10,16.227475409836067,14.8,10.5,20.675,51.3,610,0.49180327868852464,Europa Północna
SE,Szwecja,2023,6,Lato,pm25,6.634818181818182,6.145,3.7824999999999998,9.1175,17.0,374,1.8716577540106951,Europa Północna
SE,Szwecja,2023,7,Lato,no2,8.959475524475524,8.07,4.425,12.7,29.9,572,0.17482517482517482,Europa Północna
SE,Szwecja,2023,7,Lato,o3,53.7632183908046,55.0,45.4,62.8,92.5,522,0.0,Europa Północna
SE,Szwecja,2023,7,Lato,pm10,9.870961857379767,9.38,7.34,11.95,34.4,603,0.0,Europa Północna
SE,Szwecja,2023,7,Lato,pm25,4.924565217391304,4.285,3.265,5.7125,18.0,368,1.358695652173913,Europa Północna
SE,Szwecja,2023,8,Lato,no2,10.559520729684909,8.8,5.275,15.05,33.0,603,4.1459369817578775,Europa Północna
SE,Szwecja,2023,8,Lato,o3,47.71712062256809,47.349999999999994,38.025,57.1,77.3,514,0.0,Europa Północna
SE,Szwecja,2023,8,Lato,pm10,10.382884422110553,9.54,7.22,13.1,36.3,597,0.0,Europa Północna
SE,Szwecja,2023,8,Lato,pm25,5.199509641873278,4.42,3.295,6.15,17.4,363,0.8264462809917356,Europa Północna
SE,Szwecja,2023,9,Jesień,no2,12.093891625615765,11.0,6.33,17.1,39.1,609,5.41871921182266,Europa Północna
SE,Szwecja,2023,9,Jesień,o3,50.673497164461246,49.8,39.7,60.3,103.0,529,0.1890359168241966,Europa Północna
SE,Szwecja,2023,9,Jesień,pm10,12.59011744966443,11.5,8.09,16.225,43.6,596,0.0,Europa Północna
SE,Szwecja,2023,9,Jesień,pm25,6.406912181303116,4.92,3.28,8.79,23.5,353,5.099150141643059,Europa Północna
SE,Szwecja,2023,10,Jesień,no2,11.34554017094017,9.54,5.28,16.3,51.8,585,5.641025641025641,Europa Północna
SE,Szwecja,2023,10,Jesień,o3,45.60774566473988,46.0,36.95,55.05,88.7,519,0.0,Europa Północna
SE,Szwecja,2023,10,Jesień,pm10,8.270602862254025,6.84,4.140000000000001,10.4,58.3,559,0.5366726296958855,Europa Północna
SE,Szwecja,2023,10,Jesień,pm25,3.339119266055046,2.75,1.755,4.105,14.7,327,0.0,Europa Północna
SE,Szwecja,2023,11,Jesień,no2,13.178225308641975,11.05,6.83,17.9,59.4,648,9.5679012345679,Europa Północna
SE,Szwecja,2023,11,Jesień,o3,44.91315789473684,42.6,35.075,53.349999999999994,88.1,532,0.0,Europa Północna
SE,Szwecja,2023,11,Jesień,pm10,7.49880431177446,6.01,3.9450000000000003,9.18,56.8,603,0.16583747927031509,Europa Północna
SE,Szwecja,2023,11,Jesień,pm25,3.6120630372492832,3.42,2.12,4.68,11.5,349,0.0,Europa Północna
SE,Szwecja,2023,12,Zima,no2,14.18947284345048,12.1,7.15,18.9,55.8,626,13.418530351437699,Europa Północna
SE,Szwecja,2023,12,Zima,o3,44.69224206349206,44.5,32.075,58.15,85.5,504,0.0,Europa Północna
SE,Szwecja,2023,12,Zima,pm10,7.624138364779874,6.155,4.42,9.555,44.3,636,0.0,Europa Północna
SE,Szwecja,2023,12,Zima,pm25,5.14511948051948,4.33,2.79,6.96,15.9,385,0.5194805194805194,Europa Północna
SE,Szwecja,2024,1,Zima,no2,16.64703177257525,13.9,7.8575,22.299999999999997,67.5,598,21.40468227424749,Europa Północna
SE,Szwecja,2024,1,Zima,o3,55.20628048780488,57.3,46.3,66.9,101.0,492,0.20325203252032523,Europa Północna
SE,Szwecja,2024,1,Zima,pm10,7.673030000000001,5.925,3.96,9.63,46.0,600,0.16666666666666669,Europa Północna
SE,Szwecja,2024,1,Zima,pm25,4.909,3.9050000000000002,2.365,6.4025,18.8,372,0.8064516129032258,Europa Północna
SE,Szwecja,2024,2,Zima,no2,14.800798611111112,13.149999999999999,7.625,19.8,56.9,288,13.541666666666666,Europa Północna
SE,Szwecja,2024,2,Zima,o3,47.36896551724138,46.7,36.4,58.724999999999994,85.7,290,0.0,Europa Północna
SE,Szwecja,2024,2,Zima,pm10,11.768254545454546,8.53,5.6850000000000005,13.8,59.1,275,1.090909090909091,Europa Północna
SE,Szwecja,2024,2,Zima,pm25,5.484494186046511,4.83,3.15,7.2875,16.4,172,1.1627906976744187,Europa Północna
SE,Szwecja,2024,3,Wiosna,no2,12.641791666666666,10.55,6.585,16.924999999999997,51.1,240,9.166666666666666,Europa Północna
SE,Szwecja,2024,3,Wiosna,o3,55.08995215311005,58.0,44.0,67.2,86.8,209,0.0,Europa Północna
SE,Szwecja,2024,3,Wiosna,pm10,17.27008810572687,14.9,8.74,22.95,66.0,227,1.3215859030837005,Europa Północna
SE,Szwecja,2024,3,Wiosna,pm25,7.163533834586466,6.2,4.35,10.0,19.0,133,2.2556390977443606,Europa Północna
SE,Szwecja,2024,4,Wiosna,no2,10.683597315436241,8.84,5.66,14.25,43.4,298,4.026845637583892,Europa Północna
SE,Szwecja,2024,4,Wiosna,o3,68.48391608391609,67.85,60.2,78.375,97.2,286,0.0,Europa Północna
SE,Szwecja,2024,4,Wiosna,pm10,17.391198630136984,14.6,7.8375,23.725,62.2,292,3.0821917808219177,Europa Północna
SE,Szwecja,2024,4,Wiosna,pm25,5.327162162162162,4.58,3.545,6.5225,17.8,148,2.027027027027027,Europa Północna
SE,Szwecja,2024,5,Wiosna,no2,10.950422077922077,9.175,5.9325,14.975,36.5,308,3.896103896103896,Europa Północna
SE,Szwecja,2024,5,Wiosna,o3,73.1511475409836,70.8,61.6,86.5,111.0,305,3.278688524590164,Europa Północna
SE,Szwecja,2024,5,Wiosna,pm10,22.081262458471762,20.3,13.8,28.6,57.2,301,2.990033222591362,Europa Północna
SE,Szwecja,2024,5,Wiosna,pm25,6.857297297297297,6.475,4.365,8.93,15.8,148,1.3513513513513513,Europa Północna
SE,Szwecja,2024,6,Lato,no2,9.108269896193772,7.54,4.49,12.7,29.5,289,1.7301038062283738,Europa Północna
SE,Szwecja,2024,6,Lato,o3,64.09169675090253,64.1,55.2,71.8,100.0,277,0.0,Europa Północna
SE,Szwecja,2024,6,Lato,pm10,13.670422535211268,12.75,9.3425,16.575,38.5,284,0.0,Europa Północna
SE,Szwecja,2024,6,Lato,pm25,4.741089743589744,4.615,3.2275,5.675,11.7,156,0.0,Europa Północna
SE,Szwecja,2024,7,Lato,no2,7.826668831168831,6.505,4.1274999999999995,10.7,24.8,308,0.0,Europa Północna
SE,Szwecja,2024,7,Lato,o3,54.22155477031802,55.1,45.3,62.0,85.3,283,0.0,Europa Północna
SE,Szwecja,2024,7,Lato,pm10,9.864117647058825,9.614999999999998,7.695,11.6,21.2,306,0.0,Europa Północna
SE,Szwecja,2024,7,Lato,pm25,4.5078571428571435,4.119999999999999,3.12,5.487500000000001,12.3,154,0.0,Europa Północna
SE,Szwecja,2024,8,Lato,no2,9.053772893772893,7.1,4.85,12.0,32.5,273,1.465201465201465,Europa Północna
SE,Szwecja,2024,8,Lato,o3,54.496484375,55.95,42.25,66.125,101.0,256,0.390625,Europa Północna
SE,Szwecja,2024,8,Lato,pm10,13.008694852941176,11.8,8.6725,15.7,38.6,272,0.0,Europa Północna
SE,Szwecja,2024,8,Lato,pm25,5.731011267605633,5.425,3.7649999999999997,7.4925,14.9,142,0.0,Europa Północna
SE,Szwecja,2024,9,Jesień,no2,11.532968197879859,9.44,5.36,15.7,44.1,283,8.480565371024735,Europa Północna
SE,Szwecja,2024,9,Jesień,o3,55.62621908127208,55.6,43.0,68.45,119.0,283,1.4134275618374559,Europa Północna
SE,Szwecja,2024,9,Jesień,pm10,13.825744525547444,11.350000000000001,6.22,19.05,45.5,274,0.36496350364963503,Europa Północna
SE,Szwecja,2024,9,Jesień,pm25,6.2200078740157485,4.09,2.395,8.754999999999999,20.7,127,9.448818897637794,Europa Północna
SE,Szwecja,2024,10,Jesień,no2,11.268449324324326,9.52,5.55,15.8,33.6,296,5.0675675675675675,Europa Północna
SE,Szwecja,2024,10,Jesień,o3,44.14964664310954,43.8,33.6,56.25,85.5,283,0.0,Europa Północna
SE,Szwecja,2024,10,Jesień,pm10,11.674562737642585,10.6,7.175,14.850000000000001,39.5,263,0.0,Europa Północna
SE,Szwecja,2024,10,Jesień,pm25,5.005714285714286,4.25,2.72,5.65,19.4,105,1.9047619047619049,Europa Północna
SE,Szwecja,2024,11,Jesień,no2,12.327035830618893,9.69,5.994999999999999,15.6,65.6,307,7.81758957654723,Europa Północna
SE,Szwecja,2024,11,Jesień,o3,41.19592592592593,42.1,30.4,51.2,71.5,297,0.0,Europa Północna
SE,Szwecja,2024,11,Jesień,pm10,10.769321428571429,8.83,5.8425,12.425,56.3,280,0.35714285714285715,Europa Północna
SE,Szwecja,2024,11,Jesień,pm25,3.717477272727273,3.145,2.285,4.485,17.1,88,1.1363636363636365,Europa Północna
SE,Szwecja,2024,12,Zima,no2,13.05508130081301,8.489999999999998,5.3925,17.075,79.3,246,13.414634146341465,Europa Północna
SE,Szwecja,2024,12,Zima,o3,44.46398550724638,44.2,33.3,56.05,80.2,276,0.0,Europa Północna
SE,Szwecja,2024,12,Zima,pm10,9.688905472636817,7.55,4.83,11.6,58.6,201,0.4975124378109453,Europa Północna
SE,Szwecja,2024,12,Zima,pm25,4.946612903225806,4.109999999999999,2.94,7.0325,17.8,62,1.6129032258064515,Europa Północna
SE,Szwecja,2025,1,Zima,no2,17.81476923076923,8.785,5.715,23.049999999999997,76.4,130,23.076923076923077,Europa Północna
SE,Szwecja,2025,1,Zima,o3,46.58725490196078,46.5,36.775000000000006,56.85,78.3,102,0.0,Europa Północna
SE,Szwecja,2025,1,Zima,pm10,6.005,4.895,3.5575,7.595,23.5,104,0.0,Europa Północna
SE,Szwecja,2025,1,Zima,pm25,3.5447368421052627,3.1799999999999997,2.0725,4.8525,6.96,38,0.0,Europa Północna
SE,Szwecja,2025,2,Zima,no2,16.91888888888889,11.3,7.42,24.875,62.8,108,25.0,Europa Północna
SE,Szwecja,2025,2,Zima,o3,46.88309859154929,49.9,39.5,56.35,68.1,71,0.0,Europa Północna
SE,Szwecja,2025,2,Zima,pm10,8.9115625,7.5600000000000005,5.3225,11.05,21.3,32,0.0,Europa Północna
SE,Szwecja,2025,2,Zima,pm25,5.505769230769231,4.635,3.715,6.5275,13.0,26,0.0,Europa Północna
SE,Szwecja,2025,3,Wiosna,no2,12.150064516129031,8.895,5.88,15.325000000000001,49.0,124,11.29032258064516,Europa Północna
SE,Szwecja,2025,3,Wiosna,o3,60.01129032258064,59.5,53.800000000000004,66.35000000000001,83.0,62,0.0,Europa Północna
SE,Szwecja,2025,3,Wiosna,pm10,22.56066666666667,23.35,18.150000000000002,28.675,37.0,30,0.0,Europa Północna
SE,Szwecja,2025,3,Wiosna,pm25,7.368245614035088,6.83,4.66,9.88,15.4,57,1.7543859649122806,Europa Północna
SE,Szwecja,2025,4,Wiosna,no2,9.770373831775702,7.43,5.12,13.1,30.5,107,2.803738317757009,Europa Północna
SE,Szwecja,2025,4,Wiosna,o3,61.415,62.35,54.325,71.3,80.8,60,0.0,Europa Północna
SE,Szwecja,2025,4,Wiosna,pm10,12.715909090909092,13.95,7.6025,15.325,26.2,22,0.0,Europa Północna
SE,Szwecja,2025,4,Wiosna,pm25,4.9926415094339625,4.12,3.09,5.85,15.3,53,1.8867924528301887,Europa Północna
SE,Szwecja,2025,5,Wiosna,no2,7.507306306306306,6.19,3.87,10.65,19.0,111,0.0,Europa Północna
SE,Szwecja,2025,5,Wiosna,o3,60.98245614035088,62.0,53.4,69.7,81.0,57,0.0,Europa Północna
SE,Szwecja,2025,5,Wiosna,pm10,10.493846153846153,10.35,8.64,13.525,18.2,26,0.0,Europa Północna
SE,Szwecja,2025,5,Wiosna,pm25,3.6408771929824564,3.33,2.62,4.38,12.6,57,0.0,Europa Północna
SE,Szwecja,2025,6,Lato,no2,6.610340909090909,6.195,4.2875,8.84,16.9,88,0.0,Europa Północna
SE,Szwecja,2025,6,Lato,o3,60.89333333333333,61.5,54.324999999999996,66.425,78.8,30,0.0,Europa Północna
SE,Szwecja,2025,6,Lato,pm10,10.61344827586207,10.3,8.29,13.0,20.4,29,0.0,Europa Północna
SE,Szwecja,2025,6,Lato,pm25,4.273333333333333,3.81,2.85,5.29,11.2,57,0.0,Europa Północna
SE,Szwecja,2025,7,Lato,no2,14.286451612903226,14.9,12.65,15.55,18.5,31,0.0,Europa Północna
SE,Szwecja,2025,7,Lato,o3,50.29354838709677,47.3,44.05,56.0,74.8,31,0.0,Europa Północna
SE,Szwecja,2025,7,Lato,pm25,6.545483870967741,6.86,4.495,8.785,11.1,31,0.0,Europa Północna
SE,Szwecja,2025,8,Lato,no2,8.055833333333332,7.145,4.93,11.850000000000001,18.7,36,0.0,Europa Północna
SE,Szwecja,2025,8,Lato,o3,46.00645161290323,46.3,40.15,54.65,73.8,31,0.0,Europa Północna
SE,Szwecja,2025,8,Lato,pm10,8.562222222222223,8.13,7.44,9.98,14.7,9,0.0,Europa Północna
SE,Szwecja,2025,8,Lato,pm25,3.6213499999999996,3.615,1.9849999999999999,4.755,8.07,40,0.0,Europa Północna
SE,Szwecja,2025,9,Jesień,no2,6.046983333333333,4.815,2.2025,8.59,27.5,60,1.6666666666666667,Europa Północna
SE,Szwecja,2025,9,Jesień,o3,36.428999999999995,33.65,19.95,52.025,69.8,10,0.0,Europa Północna
SE,Szwecja,2025,9,Jesień,pm10,9.1325,9.335,6.015000000000001,12.075,19.2,30,0.0,Europa Północna
SE,Szwecja,2025,9,Jesień,pm25,4.658166666666667,4.105,2.955,6.3025,9.77,60,0.0,Europa Północna
SE,Szwecja,2025,10,Jesień,no2,7.987777777777778,7.285,4.545,9.5175,19.7,18,0.0,Europa Północna
SE,Szwecja,2025,10,Jesień,pm10,8.134444444444444,8.88,6.39,10.0,10.6,9,0.0,Europa Północna
SE,Szwecja,2025,10,Jesień,pm25,4.01225,2.885,2.315,4.4775,14.3,40,0.0,Europa Północna
SE,Szwecja,2025,11,Jesień,no2,11.53076923076923,9.93,7.9799999999999995,14.375,23.6,26,0.0,Europa Północna
SE,Szwecja,2025,11,Jesień,pm10,8.678,8.94,5.535,10.7,16.5,15,0.0,Europa Północna
SE,Szwecja,2025,11,Jesień,pm25,4.0520000000000005,4.05,2.29,5.26,10.4,45,0.0,Europa Północna
SE,Szwecja,2025,12,Zima,no2,8.685,8.245000000000001,6.9350000000000005,10.325000000000001,17.4,60,0.0,Europa Północna
SE,Szwecja,2025,12,Zima,pm10,11.169,9.475000000000001,6.172499999999999,15.475,37.6,30,0.0,Europa Północna
SE,Szwecja,2025,12,Zima,pm25,4.733902439024391,3.94,2.63,6.43,10.6,41,0.0,Europa Północna
SI,Słowenia,2022,1,Zima,o3,69.48214285714286,68.65,65.975,73.92500000000001,85.7,28,0.0,Europa Środkowa
SI,Słowenia,2022,1,Zima,pm10,34.07461139896373,33.0,20.3,46.4,85.0,579,26.770293609671846,Europa Środkowa
SI,Słowenia,2022,2,Zima,o3,78.22592592592592,78.6,75.19999999999999,81.3,87.8,27,0.0,Europa Środkowa
SI,Słowenia,2022,2,Zima,pm10,23.062905660377357,21.45,14.65,29.775,61.9,530,4.905660377358491,Europa Środkowa
SI,Słowenia,2022,3,Wiosna,o3,95.57333333333332,96.05000000000001,85.05,102.75,124.0,30,33.33333333333333,Europa Środkowa
SI,Słowenia,2022,3,Wiosna,pm10,34.478765880217786,35.0,27.55,41.9,68.5,551,18.69328493647913,Europa Środkowa
SI,Słowenia,2022,4,Wiosna,o3,92.55,91.55,85.3,103.0,115.0,30,30.0,Europa Środkowa
SI,Słowenia,2022,4,Wiosna,pm10,15.012,13.6,10.0,19.3,40.5,570,0.0,Europa Środkowa
SI,Słowenia,2022,5,Wiosna,o3,88.69999999999999,86.2,77.25,100.75,125.0,31,25.806451612903224,Europa Środkowa
SI,Słowenia,2022,5,Wiosna,pm10,17.13239388794567,17.1,13.3,20.8,30.1,589,0.0,Europa Środkowa
SI,Słowenia,2022,6,Lato,o3,91.46000000000001,91.85,81.825,97.65,119.0,30,16.666666666666664,Europa Środkowa
SI,Słowenia,2022,6,Lato,pm10,18.493954305799647,17.4,12.5,23.5,51.8,569,0.17574692442882248,Europa Środkowa
SI,Słowenia,2022,7,Lato,o3,93.20714285714287,95.55,82.52499999999999,102.5,122.0,28,32.142857142857146,Europa Środkowa
SI,Słowenia,2022,7,Lato,pm10,15.231780821917809,13.7,10.5,17.924999999999997,59.9,584,1.36986301369863,Europa Środkowa
SI,Słowenia,2022,8,Lato,o3,87.08666666666666,87.65,71.875,98.95,119.0,30,23.333333333333332,Europa Środkowa
SI,Słowenia,2022,8,Lato,pm10,13.663123938879457,12.4,10.3,15.2,35.6,589,0.0,Europa Środkowa
SI,Słowenia,2022,9,Jesień,o3,71.49666666666667,66.6,62.375,79.075,103.0,30,3.3333333333333335,Europa Środkowa
SI,Słowenia,2022,9,Jesień,pm10,10.867768014059754,9.87,7.67,13.3,47.5,569,0.17574692442882248,Europa Środkowa
SI,Słowenia,2022,10,Jesień,o3,60.8,60.35,51.224999999999994,72.5,76.4,16,0.0,Europa Środkowa
SI,Słowenia,2022,10,Jesień,pm10,25.641037414965986,23.35,17.475,32.375,62.1,588,5.442176870748299,Europa Środkowa
SI,Słowenia,2022,11,Jesień,o3,54.693333333333335,54.150000000000006,49.775000000000006,58.5,74.7,30,0.0,Europa Środkowa
SI,Słowenia,2022,11,Jesień,pm10,21.735646017699114,21.0,13.6,28.9,61.3,565,3.0088495575221237,Europa Środkowa
SI,Słowenia,2022,12,Zima,o3,52.03548387096774,55.8,47.35,61.75,70.2,31,0.0,Europa Środkowa
SI,Słowenia,2022,12,Zima,pm10,24.983689655172416,22.0,14.4,33.225,87.9,580,10.0,Europa Środkowa
SI,Słowenia,2023,1,Zima,o3,60.50454545454545,58.4,53.6,68.425,79.1,22,0.0,Europa Środkowa
SI,Słowenia,2023,1,Zima,pm10,22.5753036437247,20.3,13.0,29.325,81.8,494,7.28744939271255,Europa Środkowa
SI,Słowenia,2023,2,Zima,o3,75.05,72.35,71.725,75.675,84.9,4,0.0,Europa Środkowa
SI,Słowenia,2023,2,Zima,pm10,49.204354838709676,51.0,40.8,60.6,83.0,62,69.35483870967742,Europa Środkowa
SI,Słowenia,2023,3,Wiosna,o3,93.54285714285713,90.8,88.475,97.125,109.0,14,14.285714285714285,Europa Środkowa
SI,Słowenia,2023,3,Wiosna,pm10,18.08639344262295,15.350000000000001,9.915,26.05,50.0,244,1.639344262295082,Europa Środkowa
SI,Słowenia,2023,4,Wiosna,o3,86.552,86.3,79.0,90.8,107.0,25,16.0,Europa Środkowa
SI,Słowenia,2023,4,Wiosna,pm10,14.220537428023032,12.8,9.63,17.5,62.0,521,0.3838771593090211,Europa Środkowa
SI,Słowenia,2023,5,Wiosna,o3,81.46333333333334,83.80000000000001,71.675,91.5,104.0,30,13.333333333333334,Europa Środkowa
SI,Słowenia,2023,5,Wiosna,pm10,15.063245967741935,15.45,10.475,19.2,62.6,496,0.20161290322580644,Europa Środkowa
SI,Słowenia,2023,6,Lato,o3,89.86999999999999,88.4,78.125,95.85000000000001,133.0,30,23.333333333333332,Europa Środkowa
SI,Słowenia,2023,6,Lato,pm10,16.88512,15.0,12.275,19.0,46.8,500,0.2,Europa Środkowa
SI,Słowenia,2023,7,Lato,o3,77.6842857142857,79.65,63.2,94.4,105.0,28,10.714285714285714,Europa Środkowa
SI,Słowenia,2023,7,Lato,pm10,13.523220675944335,11.9,9.625,16.25,33.8,503,0.0,Europa Środkowa
SI,Słowenia,2023,8,Lato,o3,76.53928571428571,76.19999999999999,63.125,85.625,120.0,28,3.571428571428571,Europa Środkowa
SI,Słowenia,2023,8,Lato,pm10,14.465804347826088,11.649999999999999,6.8774999999999995,21.8,55.2,460,0.21739130434782608,Europa Środkowa
SI,Słowenia,2023,9,Jesień,o3,78.87333333333332,80.0,67.75,86.35,122.0,30,3.3333333333333335,Europa Środkowa
SI,Słowenia,2023,9,Jesień,pm10,17.913886792452832,17.4,12.7,22.9,36.8,530,0.0,Europa Środkowa
SI,Słowenia,2023,10,Jesień,o3,76.69354838709677,75.0,64.5,84.3,111.0,31,12.903225806451612,Europa Środkowa
SI,Słowenia,2023,10,Jesień,pm10,17.871594594594594,15.75,9.7625,24.625,51.1,370,1.0810810810810811,Europa Środkowa
SI,Słowenia,2023,11,Jesień,o3,67.78666666666666,69.15,61.8,73.45,88.5,30,0.0,Europa Środkowa
SI,Słowenia,2023,11,Jesień,pm10,17.472951699463326,15.3,9.0,22.45,68.3,559,3.7567084078711988,Europa Środkowa
SI,Słowenia,2023,12,Zima,o3,66.68387096774192,68.3,59.35,73.85,82.4,31,0.0,Europa Środkowa
SI,Słowenia,2023,12,Zima,pm10,25.262580071174376,22.4,14.0,34.275,90.5,562,12.099644128113878,Europa Środkowa
SI,Słowenia,2024,1,Zima,no2,32.339999999999996,35.7,31.0,35.7,41.9,5,80.0,Europa Środkowa
SI,Słowenia,2024,1,Zima,o3,63.73833333333333,71.1,59.4,75.3,82.9,36,0.0,Europa Środkowa
SI,Słowenia,2024,1,Zima,pm10,34.16122448979592,33.0,17.65,48.0,83.1,539,29.12801484230056,Europa Środkowa
SI,Słowenia,2024,2,Zima,no2,27.246206896551723,25.7,20.3,31.6,56.0,29,51.724137931034484,Europa Środkowa
SI,Słowenia,2024,2,Zima,o3,47.50181818181818,40.25,26.525,76.025,86.1,44,0.0,Europa Środkowa
SI,Słowenia,2024,2,Zima,pm10,28.36144194756554,26.4,16.6,37.575,99.6,534,14.04494382022472,Europa Środkowa
SI,Słowenia,2024,3,Wiosna,no2,14.253404255319149,13.5,5.03,21.1,51.0,141,13.47517730496454,Europa Środkowa
SI,Słowenia,2024,3,Wiosna,o3,66.58594594594594,69.6,49.4,86.0,117.0,148,6.756756756756757,Europa Środkowa
SI,Słowenia,2024,3,Wiosna,pm10,20.77820851688693,18.1,11.9,25.8,102.0,681,6.167400881057269,Europa Środkowa
SI,Słowenia,2024,3,Wiosna,pm25,12.749157894736843,8.76,5.8525,17.15,50.9,190,29.47368421052631,Europa Środkowa
SI,Słowenia,2024,4,Wiosna,no2,13.847507002801121,13.2,6.62,19.9,45.6,357,10.644257703081232,Europa Środkowa
SI,Słowenia,2024,4,Wiosna,o3,72.73007712082263,68.5,56.6,88.0,132.0,389,10.796915167095115,Europa Środkowa
SI,Słowenia,2024,4,Wiosna,pm10,14.98773148148148,13.5,8.955,20.525,42.1,1080,0.0,Europa Środkowa
SI,Słowenia,2024,4,Wiosna,pm25,8.448537037037037,7.875,5.56,10.8,32.0,540,5.7407407407407405,Europa Środkowa
SI,Słowenia,2024,5,Wiosna,no2,11.784171270718232,10.7,5.725,16.4,39.1,362,6.353591160220995,Europa Środkowa
SI,Słowenia,2024,5,Wiosna,o3,68.19899244332494,65.3,54.0,83.4,117.0,397,4.534005037783375,Europa Środkowa
SI,Słowenia,2024,5,Wiosna,pm10,12.572165318957772,11.0,8.71,14.5,61.8,1113,0.44923629829290207,Europa Środkowa
SI,Słowenia,2024,5,Wiosna,pm25,7.105573476702508,6.41,4.8125,8.790000000000001,24.3,558,2.5089605734767026,Europa Środkowa
SI,Słowenia,2024,6,Lato,no2,10.677730061349694,9.885000000000002,4.7775,14.674999999999999,37.6,326,4.9079754601226995,Europa Środkowa
SI,Słowenia,2024,6,Lato,o3,73.02499999999999,72.45,59.0,87.0,125.0,352,11.079545454545455,Europa Środkowa
SI,Słowenia,2024,6,Lato,pm10,15.739002016129032,13.7,9.555,18.2,92.8,992,3.225806451612903,Europa Środkowa
SI,Słowenia,2024,6,Lato,pm25,8.932282157676347,7.875,5.07,10.674999999999999,31.3,482,7.676348547717843,Europa Środkowa
SI,Słowenia,2024,7,Lato,no2,10.845414364640884,10.149999999999999,6.01,14.475,32.5,362,2.7624309392265194,Europa Środkowa
SI,Słowenia,2024,7,Lato,o3,79.27636363636364,75.3,63.8,93.8,142.0,385,18.7012987012987,Europa Środkowa
SI,Słowenia,2024,7,Lato,pm10,16.684196750902526,14.8,11.1,19.825,55.6,1108,0.36101083032490977,Europa Środkowa
SI,Słowenia,2024,7,Lato,pm25,9.953423423423423,8.91,6.125,11.9,27.7,555,13.693693693693692,Europa Środkowa
SI,Słowenia,2024,8,Lato,no2,11.510033333333334,10.149999999999999,5.2775,15.8,43.6,300,7.000000000000001,Europa Środkowa
SI,Słowenia,2024,8,Lato,o3,75.42360856269113,74.6,58.45,95.5,135.0,327,17.431192660550458,Europa Środkowa
SI,Słowenia,2024,8,Lato,pm10,17.84878640776699,17.1,13.0,21.875,54.6,1030,0.0970873786407767,Europa Środkowa
SI,Słowenia,2024,8,Lato,pm25,11.0866452991453,10.1,7.905,13.525,24.3,468,18.162393162393162,Europa Środkowa
SI,Słowenia,2024,9,Jesień,no2,14.201252199413489,12.3,6.71,19.1,52.0,341,12.316715542521994,Europa Środkowa
SI,Słowenia,2024,9,Jesień,o3,60.406426512968295,57.3,40.95,76.6,138.0,347,3.7463976945244957,Europa Środkowa
SI,Słowenia,2024,9,Jesień,pm10,15.07947173308619,12.5,7.54,21.8,48.0,1079,0.18535681186283595,Europa Środkowa
SI,Słowenia,2024,9,Jesień,pm25,8.491249999999999,7.24,3.85,12.65,21.0,540,16.666666666666664,Europa Środkowa
SI,Słowenia,2024,10,Jesień,no2,13.935606741573034,13.05,6.6325,18.975,43.3,178,11.235955056179774,Europa Środkowa
SI,Słowenia,2024,10,Jesień,o3,43.28914438502674,38.7,29.450000000000003,58.1,93.0,187,0.0,Europa Środkowa
SI,Słowenia,2024,10,Jesień,pm10,17.97817191283293,13.5,8.2975,26.3,97.4,826,2.0581113801452786,Europa Środkowa
SI,Słowenia,2024,10,Jesień,pm25,6.514333333333334,5.225,3.6875,7.3175,42.6,252,6.746031746031746,Europa Środkowa
SI,Słowenia,2024,11,Jesień,no2,20.64831831831832,19.0,12.4,28.3,54.4,333,33.033033033033036,Europa Środkowa
SI,Słowenia,2024,11,Jesień,o3,37.67625066666666,34.5,16.3,55.7,99.7,375,0.0,Europa Środkowa
SI,Słowenia,2024,11,Jesień,pm10,27.782693761814745,26.4,16.2,38.5,77.4,1058,12.75992438563327,Europa Środkowa
SI,Słowenia,2024,11,Jesień,pm25,21.868816532258066,20.4,11.85,30.9,50.5,496,64.71774193548387,Europa Środkowa
SI,Słowenia,2024,12,Zima,no2,24.96028248587571,23.8,15.375,32.9,63.1,354,46.32768361581921,Europa Środkowa
SI,Słowenia,2024,12,Zima,o3,35.49188775510204,26.75,13.575,55.875,98.3,392,0.0,Europa Środkowa
SI,Słowenia,2024,12,Zima,pm10,28.582541666666668,27.05,16.4,37.849999999999994,99.3,720,13.61111111111111,Europa Środkowa
SI,Słowenia,2024,12,Zima,pm25,21.218118393234672,20.7,12.0,30.7,53.7,473,65.11627906976744,Europa Środkowa
SI,Słowenia,2025,1,Zima,no2,20.03645251396648,19.7,10.6,27.475,55.7,358,32.402234636871505,Europa Środkowa
SI,Słowenia,2025,1,Zima,o3,44.37632311977716,41.9,25.9,62.45,101.0,359,0.2785515320334262,Europa Środkowa
SI,Słowenia,2025,1,Zima,pm10,21.865194085027724,18.9,10.8,29.2,72.8,541,7.763401109057301,Europa Środkowa
SI,Słowenia,2025,1,Zima,pm25,16.83170777988615,14.4,7.800000000000001,23.4,53.4,527,48.19734345351044,Europa Środkowa
SI,Słowenia,2025,2,Zima,no2,21.690541401273887,20.55,12.425,28.6,69.0,314,36.30573248407643,Europa Środkowa
SI,Słowenia,2025,2,Zima,o3,46.17,43.55,31.2,59.275,103.0,294,0.6802721088435374,Europa Środkowa
SI,Słowenia,2025,2,Zima,pm10,32.69158024691358,31.2,21.5,44.7,67.9,405,24.938271604938272,Europa Środkowa
SI,Słowenia,2025,2,Zima,pm25,24.66854143646409,23.9,17.2,32.375,53.7,362,79.28176795580112,Europa Środkowa
SI,Słowenia,2025,3,Wiosna,no2,17.598356545961003,15.3,8.675,23.1,68.4,359,22.00557103064067,Europa Środkowa
SI,Słowenia,2025,3,Wiosna,o3,64.98520710059172,63.2,49.625,78.1,120.0,338,4.733727810650888,Europa Środkowa
SI,Słowenia,2025,3,Wiosna,pm10,17.612290076335878,12.5,8.6675,23.375,61.4,524,5.916030534351145,Europa Środkowa
SI,Słowenia,2025,3,Wiosna,pm25,12.197600364963503,9.2,6.135,16.125,38.2,548,28.467153284671532,Europa Środkowa
SI,Słowenia,2025,4,Wiosna,no2,12.824566091954022,11.55,6.6475,18.3,42.8,348,8.333333333333332,Europa Środkowa
SI,Słowenia,2025,4,Wiosna,o3,71.60848484848485,71.65,58.025,85.475,128.0,330,6.666666666666667,Europa Środkowa
SI,Słowenia,2025,4,Wiosna,pm10,16.973117647058825,16.2,12.0,21.075000000000003,39.0,510,0.0,Europa Środkowa
SI,Słowenia,2025,4,Wiosna,pm25,9.506833333333333,9.465,6.387499999999999,11.9,32.0,540,7.962962962962964,Europa Środkowa
SI,Słowenia,2025,5,Wiosna,no2,10.071729805013929,9.7,5.25,13.6,30.6,359,1.1142061281337048,Europa Środkowa
SI,Słowenia,2025,5,Wiosna,o3,69.87415384615385,68.0,55.4,82.8,127.0,325,7.076923076923077,Europa Środkowa
SI,Słowenia,2025,5,Wiosna,pm10,11.178117647058825,11.0,8.442499999999999,13.875,24.6,510,0.0,Europa Środkowa
SI,Słowenia,2025,5,Wiosna,pm25,6.762833333333333,6.5,4.82,8.375,19.0,540,0.9259259259259258,Europa Środkowa
SI,Słowenia,2025,6,Lato,no2,10.672053672316384,9.99,5.89,14.75,37.5,354,3.1073446327683616,Europa Środkowa
SI,Słowenia,2025,6,Lato,o3,90.37551622418879,88.9,74.55,106.0,172.0,339,33.03834808259587,Europa Środkowa
SI,Słowenia,2025,6,Lato,pm10,18.89879684418146,17.6,14.45,22.1,41.1,507,0.0,Europa Środkowa
SI,Słowenia,2025,6,Lato,pm25,11.347068645640073,10.5,7.645,13.6,30.7,539,17.25417439703154,Europa Środkowa
SI,Słowenia,2025,7,Lato,no2,9.538658602150537,8.89,5.5825,13.025,35.4,372,1.0752688172043012,Europa Środkowa
SI,Słowenia,2025,7,Lato,o3,75.76585365853659,74.1,59.7,89.9,134.0,369,14.092140921409213,Europa Środkowa
SI,Słowenia,2025,7,Lato,pm10,10.783832684824903,9.725000000000001,8.1,12.775,31.1,514,0.0,Europa Środkowa
SI,Słowenia,2025,7,Lato,pm25,5.8986605504587155,5.46,4.19,7.41,13.9,545,0.0,Europa Środkowa
SI,Słowenia,2025,8,Lato,no2,10.412686486486486,9.66,5.26,14.674999999999999,32.7,370,1.891891891891892,Europa Środkowa
SI,Słowenia,2025,8,Lato,o3,72.55662983425414,68.35,53.15,86.325,145.0,362,15.193370165745856,Europa Środkowa
SI,Słowenia,2025,8,Lato,pm10,14.810655105973025,13.4,9.655000000000001,18.9,42.6,519,0.0,Europa Środkowa
SI,Słowenia,2025,8,Lato,pm25,8.522614259597805,7.89,5.1850000000000005,11.5,18.4,547,8.226691042047532,Europa Środkowa
SI,Słowenia,2025,9,Jesień,no2,11.361105277777778,10.149999999999999,5.9,16.3,32.6,360,3.6111111111111107,Europa Środkowa
SI,Słowenia,2025,9,Jesień,o3,47.98189415041783,43.7,33.1,61.5,100.0,359,0.0,Europa Środkowa
SI,Słowenia,2025,9,Jesień,pm10,10.829823529411765,10.3,8.425,12.674999999999999,23.4,510,0.0,Europa Środkowa
SI,Słowenia,2025,9,Jesień,pm25,6.059777777777778,5.635,4.48,7.3225,13.3,540,0.0,Europa Środkowa
SI,Słowenia,2025,10,Jesień,no2,14.878306451612902,13.5,7.8625,21.1,40.8,372,14.516129032258066,Europa Środkowa
SI,Słowenia,2025,10,Jesień,o3,41.86301630434782,37.650000000000006,27.4,56.975,96.5,368,0.0,Europa Środkowa
SI,Słowenia,2025,10,Jesień,pm10,11.627500000000001,11.2,8.07,14.3,29.0,524,0.0,Europa Środkowa
SI,Słowenia,2025,10,Jesień,pm25,8.03656036036036,7.9,5.375,10.3,25.5,555,3.423423423423423,Europa Środkowa
SI,Słowenia,2025,11,Jesień,no2,19.30499715909091,18.1,10.2,27.8,55.5,352,30.96590909090909,Europa Środkowa
SI,Słowenia,2025,11,Jesień,o3,38.20387464387464,33.1,19.3,56.6,98.9,351,0.0,Europa Środkowa
SI,Słowenia,2025,11,Jesień,pm10,18.36661141804788,16.2,10.649999999999999,24.75,66.9,543,1.4732965009208103,Europa Środkowa
SI,Słowenia,2025,11,Jesień,pm25,14.376544090056285,12.7,7.22,20.3,46.3,533,39.587242026266416,Europa Środkowa
SI,Słowenia,2025,12,Zima,no2,19.846086956521738,19.0,13.0,26.4,48.7,345,29.275362318840582,Europa Środkowa
SI,Słowenia,2025,12,Zima,o3,25.53141860465116,16.65,7.54,34.05,89.0,344,0.0,Europa Środkowa
SI,Słowenia,2025,12,Zima,pm10,21.67719532554257,21.0,14.0,27.95,62.4,599,3.33889816360601,Europa Środkowa
SI,Słowenia,2025,12,Zima,pm25,17.796735074626863,17.5,11.0,23.85,47.9,536,58.2089552238806,Europa Środkowa
SK,Słowacja,2022,1,Zima,no2,18.146331061598953,16.7,8.07,26.2,65.7,763,27.391874180865006,Europa Środkowa
SK,Słowacja,2022,1,Zima,o3,43.87642706131078,43.1,31.1,56.2,96.5,473,0.0,Europa Środkowa
SK,Słowacja,2022,1,Zima,pm10,23.05986802030457,19.8,10.9,30.9,101.0,985,9.34010152284264,Europa Środkowa
SK,Słowacja,2022,1,Zima,pm25,17.269437963944856,15.0,7.52,24.45,77.2,943,49.52279957582185,Europa Środkowa
SK,Słowacja,2022,2,Zima,no2,18.063261802575106,15.8,6.74,26.45,63.6,699,27.753934191702434,Europa Środkowa
SK,Słowacja,2022,2,Zima,o3,52.95497619047619,54.55,42.475,64.1,98.6,420,0.0,Europa Środkowa
SK,Słowacja,2022,2,Zima,pm10,20.47703141928494,17.8,11.55,26.7,87.5,923,4.008667388949079,Europa Środkowa
SK,Słowacja,2022,2,Zima,pm25,14.764107142857142,12.6,7.72,20.0,64.1,896,38.61607142857143,Europa Środkowa
SK,Słowacja,2022,3,Wiosna,no2,21.028692307692307,17.5,9.370000000000001,30.35,74.9,715,33.42657342657343,Europa Środkowa
SK,Słowacja,2022,3,Wiosna,o3,64.50272946859904,66.15,52.275000000000006,75.85000000000001,117.0,414,4.3478260869565215,Europa Środkowa
SK,Słowacja,2022,3,Wiosna,pm10,29.52713530655391,28.1,20.3,37.650000000000006,77.2,946,12.790697674418606,Europa Środkowa
SK,Słowacja,2022,3,Wiosna,pm25,21.59761758241758,20.5,15.1,27.275,52.5,910,75.16483516483517,Europa Środkowa
SK,Słowacja,2022,4,Wiosna,no2,15.56255829903978,11.6,6.1,21.6,65.1,729,20.85048010973937,Europa Środkowa
SK,Słowacja,2022,4,Wiosna,o3,67.77089552238806,67.3,57.05,77.5,119.0,402,3.482587064676617,Europa Środkowa
SK,Słowacja,2022,4,Wiosna,pm10,17.04585567010309,16.4,11.5,21.575000000000003,62.9,970,0.4123711340206186,Europa Środkowa
SK,Słowacja,2022,4,Wiosna,pm25,12.2,12.2,8.3875,15.725,32.0,940,28.510638297872344,Europa Środkowa
SK,Słowacja,2022,5,Wiosna,no2,13.363416666666666,10.0,4.76,19.275,55.2,744,15.725806451612904,Europa Środkowa
SK,Słowacja,2022,5,Wiosna,o3,71.05806451612904,71.2,59.65,79.775,126.0,434,7.603686635944701,Europa Środkowa
SK,Słowacja,2022,5,Wiosna,pm10,17.073579373104145,16.8,12.5,20.9,51.3,989,0.10111223458038424,Europa Środkowa
SK,Słowacja,2022,5,Wiosna,pm25,11.15359375,11.1,7.8,14.0,32.4,960,16.354166666666668,Europa Środkowa
SK,Słowacja,2022,6,Lato,no2,10.788717663421417,7.93,3.605,14.75,45.1,719,10.292072322670375,Europa Środkowa
SK,Słowacja,2022,6,Lato,o3,74.89678899082568,73.85,63.375,86.525,125.0,436,8.256880733944955,Europa Środkowa
SK,Słowacja,2022,6,Lato,pm10,18.031512953367876,16.8,13.5,21.2,67.4,965,0.6217616580310881,Europa Środkowa
SK,Słowacja,2022,6,Lato,pm25,11.721443965517242,10.9,8.5275,14.1,32.1,928,19.288793103448278,Europa Środkowa
SK,Słowacja,2022,7,Lato,no2,10.619474962063734,7.69,3.46,14.8,63.1,659,8.649468892261002,Europa Środkowa
SK,Słowacja,2022,7,Lato,o3,71.95704545454545,70.7,58.35,83.3,137.0,440,8.863636363636363,Europa Środkowa
SK,Słowacja,2022,7,Lato,pm10,15.706158008658008,14.55,11.1,19.2,59.8,924,0.5411255411255411,Europa Środkowa
SK,Słowacja,2022,7,Lato,pm25,9.50282909930716,8.835,6.14,11.7,42.0,866,10.392609699769054,Europa Środkowa
SK,Słowacja,2022,8,Lato,no2,10.768186234817813,7.71,3.97,14.2,54.1,741,8.906882591093117,Europa Środkowa
SK,Słowacja,2022,8,Lato,o3,67.77217021276596,66.5,54.8,78.875,134.0,470,7.021276595744681,Europa Środkowa
SK,Słowacja,2022,8,Lato,pm10,18.72153846153846,16.2,12.4,22.3,75.6,1014,3.353057199211045,Europa Środkowa
SK,Słowacja,2022,8,Lato,pm25,10.84134375,9.885,7.12,13.225,42.1,960,17.916666666666668,Europa Środkowa
SK,Słowacja,2022,9,Jesień,no2,12.105174220963173,9.865,4.495,17.1,46.5,706,10.198300283286118,Europa Środkowa
SK,Słowacja,2022,9,Jesień,o3,44.808470066518844,43.9,32.6,55.3,106.0,451,0.4434589800443459,Europa Środkowa
SK,Słowacja,2022,9,Jesień,pm10,12.448734817813765,11.7,8.73,15.4,47.4,988,0.10121457489878542,Europa Środkowa
SK,Słowacja,2022,9,Jesień,pm25,7.895090517241379,7.31,5.19,9.8325,25.8,928,6.0344827586206895,Europa Środkowa
SK,Słowacja,2022,10,Jesień,no2,14.674413043478262,12.95,6.4425,21.375,52.9,598,15.551839464882944,Europa Środkowa
SK,Słowacja,2022,10,Jesień,o3,35.88184745762712,35.3,25.7,43.9,90.5,413,0.0,Europa Środkowa
SK,Słowacja,2022,10,Jesień,pm10,22.803834691501745,22.4,15.7,29.4,59.3,859,1.1641443538998837,Europa Środkowa
SK,Słowacja,2022,10,Jesień,pm25,14.166037267080744,13.9,9.49,18.6,37.6,805,43.850931677018636,Europa Środkowa
SK,Słowacja,2022,11,Jesień,no2,16.597607293127627,15.4,9.07,23.4,48.3,713,20.61711079943899,Europa Środkowa
SK,Słowacja,2022,11,Jesień,o3,25.26783664459161,21.1,13.3,32.5,87.5,453,0.0,Europa Środkowa
SK,Słowacja,2022,11,Jesień,pm10,25.172829614604463,24.6,17.6,32.6,83.4,986,3.8539553752535496,Europa Środkowa
SK,Słowacja,2022,11,Jesień,pm25,18.988967567567567,18.5,13.5,24.2,58.5,925,68.54054054054053,Europa Środkowa
SK,Słowacja,2022,12,Zima,no2,17.86948551724138,16.9,10.1,24.7,50.2,725,23.448275862068964,Europa Środkowa
SK,Słowacja,2022,12,Zima,o3,26.749737991266375,24.2,14.925,34.925,84.7,458,0.0,Europa Środkowa
SK,Słowacja,2022,12,Zima,pm10,26.990482897384307,24.9,16.5,35.375,93.0,994,10.56338028169014,Europa Środkowa
SK,Słowacja,2022,12,Zima,pm25,22.917712418300653,21.8,14.5,30.4,63.0,918,73.20261437908496,Europa Środkowa
SK,Słowacja,2023,1,Zima,no2,14.980147360248449,13.45,6.465,22.125,52.7,644,16.459627329192546,Europa Środkowa
SK,Słowacja,2023,1,Zima,o3,36.74452380952381,37.849999999999994,24.3,46.85,90.3,378,0.0,Europa Środkowa
SK,Słowacja,2023,1,Zima,pm10,17.707767756482525,16.2,10.3,22.95,73.0,887,1.9165727170236753,Europa Środkowa
SK,Słowacja,2023,1,Zima,pm25,14.526262019230769,13.6,8.127500000000001,19.424999999999997,58.8,832,42.1875,Europa Środkowa
SK,Słowacja,2023,2,Zima,no2,20.072224719101126,16.8,5.59,30.9,60.2,89,32.58426966292135,Europa Środkowa
SK,Słowacja,2023,2,Zima,o3,43.63703703703704,45.150000000000006,29.150000000000002,59.275,100.0,54,0.0,Europa Środkowa
SK,Słowacja,2023,2,Zima,pm10,27.78050847457627,27.0,14.125,38.650000000000006,73.1,118,16.101694915254235,Europa Środkowa
SK,Słowacja,2023,2,Zima,pm25,23.574163461538465,24.200000000000003,13.0,33.6,57.8,104,69.23076923076923,Europa Środkowa
SK,Słowacja,2023,3,Wiosna,no2,15.113257763975156,10.65,5.4350000000000005,22.95,55.4,322,19.875776397515526,Europa Środkowa
SK,Słowacja,2023,3,Wiosna,o3,57.617210526315795,59.25,46.824999999999996,70.725,110.0,190,0.5263157894736842,Europa Środkowa
SK,Słowacja,2023,3,Wiosna,pm10,18.580392156862743,17.4,9.16,26.15,53.5,459,1.0893246187363834,Europa Środkowa
SK,Słowacja,2023,3,Wiosna,pm25,13.757559164733179,13.3,6.75,19.45,45.8,431,42.69141531322506,Europa Środkowa
SK,Słowacja,2023,4,Wiosna,no2,12.861839883551674,9.7,5.08,17.3,69.3,687,13.100436681222707,Europa Środkowa
SK,Słowacja,2023,4,Wiosna,o3,65.10339108910891,65.9,52.675000000000004,75.92500000000001,125.0,404,2.9702970297029703,Europa Środkowa
SK,Słowacja,2023,4,Wiosna,pm10,16.556564805057956,15.1,11.1,20.9,73.4,949,0.9483667017913594,Europa Środkowa
SK,Słowacja,2023,4,Wiosna,pm25,12.107559055118111,11.4,8.15,15.6,46.1,889,26.996625421822273,Europa Środkowa
SK,Słowacja,2023,5,Wiosna,no2,10.732756292286874,6.9,3.32,15.1,53.2,739,10.825439783491204,Europa Środkowa
SK,Słowacja,2023,5,Wiosna,o3,67.84924078091106,67.5,54.5,80.6,120.0,461,6.29067245119306,Europa Środkowa
SK,Słowacja,2023,5,Wiosna,pm10,15.93247572815534,14.95,10.9,19.6,72.8,1030,0.9708737864077669,Europa Środkowa
SK,Słowacja,2023,5,Wiosna,pm25,10.9955658436214,10.3,7.69,13.6,41.9,972,16.666666666666664,Europa Środkowa
SK,Słowacja,2023,6,Lato,no2,10.536861687413554,7.31,2.9450000000000003,15.2,44.1,723,10.235131396957122,Europa Środkowa
SK,Słowacja,2023,6,Lato,o3,70.57556561085973,68.65,57.375,83.7,130.0,442,7.46606334841629,Europa Środkowa
SK,Słowacja,2023,6,Lato,pm10,16.987943925233644,15.7,12.2,20.8,81.6,963,0.4153686396677051,Europa Środkowa
SK,Słowacja,2023,6,Lato,pm25,11.439733759318424,10.4,7.77,14.1,39.3,939,20.23429179978701,Europa Środkowa
SK,Słowacja,2023,7,Lato,no2,10.410920056100982,7.95,3.29,14.5,46.9,713,7.293127629733521,Europa Środkowa
SK,Słowacja,2023,7,Lato,o3,70.73514211886305,68.2,56.75,84.0,131.0,387,9.819121447028424,Europa Środkowa
SK,Słowacja,2023,7,Lato,pm10,16.601811518324606,15.8,12.3,19.95,53.6,955,0.31413612565445026,Europa Środkowa
SK,Słowacja,2023,7,Lato,pm25,11.333832790445168,10.6,7.87,13.9,35.3,921,20.30401737242128,Europa Środkowa
SK,Słowacja,2023,8,Lato,no2,10.829233103448276,8.18,3.03,15.8,60.6,725,8.275862068965518,Europa Środkowa
SK,Słowacja,2023,8,Lato,o3,60.72560706401766,56.8,46.5,69.4,122.0,453,6.401766004415011,Europa Środkowa
SK,Słowacja,2023,8,Lato,pm10,16.703155136268343,16.4,10.0,22.4,50.5,954,0.20964360587002098,Europa Środkowa
SK,Słowacja,2023,8,Lato,pm25,11.53794347826087,11.0,5.8975,16.0,35.3,920,29.67391304347826,Europa Środkowa
SK,Słowacja,2023,9,Jesień,no2,12.942417112299465,9.805,3.54,19.3,53.1,748,13.502673796791445,Europa Środkowa
SK,Słowacja,2023,9,Jesień,o3,56.20065217391304,52.45,43.175000000000004,65.6,129.0,460,2.8260869565217392,Europa Środkowa
SK,Słowacja,2023,9,Jesień,pm10,18.479939393939393,17.2,11.8,23.5,57.3,990,0.8080808080808081,Europa Środkowa
SK,Słowacja,2023,9,Jesień,pm25,10.704813541666665,10.3,6.6675,13.8,27.6,960,19.375,Europa Środkowa
SK,Słowacja,2023,10,Jesień,no2,14.48691612903226,12.3,4.755,22.4,53.5,775,19.870967741935484,Europa Środkowa
SK,Słowacja,2023,10,Jesień,o3,43.3336559139785,41.7,30.8,54.3,98.0,465,0.0,Europa Środkowa
SK,Słowacja,2023,10,Jesień,pm10,16.957156862745098,15.0,10.4,22.025,60.5,1020,0.29411764705882354,Europa Środkowa
SK,Słowacja,2023,10,Jesień,pm25,9.6335298281092,8.43,5.71,12.6,28.5,989,15.369059656218404,Europa Środkowa
SK,Słowacja,2023,11,Jesień,no2,16.30323726541555,13.6,6.3025,24.3,54.8,746,23.458445040214475,Europa Środkowa
SK,Słowacja,2023,11,Jesień,o3,38.821138392857144,36.75,26.325,49.5,94.9,448,0.0,Europa Środkowa
SK,Słowacja,2023,11,Jesień,pm10,14.060327885597548,12.3,8.15,18.1,78.7,979,0.7150153217568949,Europa Środkowa
SK,Słowacja,2023,11,Jesień,pm25,10.410249736564804,9.37,5.7,13.5,49.4,949,18.124341412012647,Europa Środkowa
SK,Słowacja,2023,12,Zima,no2,19.88518717948718,18.9,9.33,29.5,68.5,741,33.738191632928476,Europa Środkowa
SK,Słowacja,2023,12,Zima,o3,34.29843010752688,30.2,18.1,47.3,99.8,465,0.0,Europa Środkowa
SK,Słowacja,2023,12,Zima,pm10,23.657386587771203,21.8,13.4,31.475,87.0,1014,7.889546351084813,Europa Środkowa
SK,Słowacja,2023,12,Zima,pm25,19.530775594622543,18.6,11.350000000000001,26.05,63.6,967,63.805584281282314,Europa Środkowa
SK,Słowacja,2024,1,Zima,no2,19.358355153203345,17.2,7.77,28.975,61.1,718,31.75487465181058,Europa Środkowa
SK,Słowacja,2024,1,Zima,o3,43.87814634146342,42.9,31.25,57.849999999999994,96.1,451,0.0,Europa Środkowa
SK,Słowacja,2024,1,Zima,pm10,22.700368474923234,19.3,12.0,29.9,89.1,977,8.188331627430912,Europa Środkowa
SK,Słowacja,2024,1,Zima,pm25,17.992041036717065,15.5,9.155000000000001,24.5,71.9,926,51.511879049676025,Europa Środkowa
SK,Słowacja,2024,2,Zima,no2,17.297418421052633,15.3,9.932500000000001,23.75,44.9,380,23.684210526315788,Europa Środkowa
SK,Słowacja,2024,2,Zima,o3,40.626120689655174,41.55,29.625,51.824999999999996,76.6,232,0.0,Europa Środkowa
SK,Słowacja,2024,2,Zima,pm10,19.36537572254335,16.5,10.649999999999999,26.65,61.3,519,2.8901734104046244,Europa Środkowa
SK,Słowacja,2024,2,Zima,pm25,13.562885032537961,11.6,6.9,18.7,41.8,461,36.00867678958785,Europa Środkowa
SK,Słowacja,2024,3,Wiosna,no2,11.449537931034483,9.11,5.43,14.475,42.8,290,10.0,Europa Środkowa
SK,Słowacja,2024,3,Wiosna,o3,55.234404761904756,56.3,43.075,70.075,90.2,168,0.0,Europa Środkowa
SK,Słowacja,2024,3,Wiosna,pm10,19.24339143730887,18.8,12.3,24.25,58.2,327,1.529051987767584,Europa Środkowa
SK,Słowacja,2024,3,Wiosna,pm25,14.76538484848485,14.05,8.5725,18.9,41.5,330,44.24242424242424,Europa Środkowa
SK,Słowacja,2024,4,Wiosna,no2,11.225995133819952,10.7,5.845,15.5,49.0,411,2.67639902676399,Europa Środkowa
SK,Słowacja,2024,4,Wiosna,o3,62.74487179487179,62.7,53.824999999999996,72.95,97.6,234,0.0,Europa Środkowa
SK,Słowacja,2024,4,Wiosna,pm10,14.21518656716418,13.9,8.967500000000001,18.6,50.5,536,0.18656716417910446,Europa Środkowa
SK,Słowacja,2024,4,Wiosna,pm25,9.630562761506276,9.825,6.08,12.674999999999999,29.9,478,11.08786610878661,Europa Środkowa
SK,Słowacja,2024,5,Wiosna,no2,9.118906976744187,8.14,5.1175,12.575,30.8,430,0.9302325581395349,Europa Środkowa
SK,Słowacja,2024,5,Wiosna,o3,64.04590163934427,65.65,55.0,74.325,101.0,244,0.4098360655737705,Europa Środkowa
SK,Słowacja,2024,5,Wiosna,pm10,14.295964157706093,14.0,11.125,17.0,42.9,558,0.0,Europa Środkowa
SK,Słowacja,2024,5,Wiosna,pm25,8.802877300613497,8.63,6.71,10.7,22.8,489,1.8404907975460123,Europa Środkowa
SK,Słowacja,2024,6,Lato,no2,8.429838095238095,7.6,4.0675,11.7,28.2,420,0.7142857142857143,Europa Środkowa
SK,Słowacja,2024,6,Lato,o3,64.19915966386554,63.85,51.025,76.475,122.0,238,1.2605042016806722,Europa Środkowa
SK,Słowacja,2024,6,Lato,pm10,16.316163873370577,15.3,11.5,19.9,48.9,537,0.37243947858473,Europa Środkowa
SK,Słowacja,2024,6,Lato,pm25,10.785471698113207,9.87,7.54,13.2,27.8,477,16.9811320754717,Europa Środkowa
SK,Słowacja,2024,7,Lato,no2,7.774975490196079,7.415,3.77,11.0,27.0,408,0.49019607843137253,Europa Środkowa
SK,Słowacja,2024,7,Lato,o3,69.76270491803278,69.6,58.150000000000006,80.25,125.0,244,2.0491803278688523,Europa Środkowa
SK,Słowacja,2024,7,Lato,pm10,17.26535606060606,16.5,12.375,21.1,47.5,528,0.1893939393939394,Europa Środkowa
SK,Słowacja,2024,7,Lato,pm25,12.35976645435244,12.0,8.65,15.1,39.6,471,25.690021231422506,Europa Środkowa
SK,Słowacja,2024,8,Lato,no2,9.883169230769232,8.47,4.88,13.0,44.8,325,3.3846153846153846,Europa Środkowa
SK,Słowacja,2024,8,Lato,o3,68.38775510204081,68.1,56.0,81.05000000000001,121.0,196,4.081632653061225,Europa Środkowa
SK,Słowacja,2024,8,Lato,pm10,17.902565217391306,17.2,12.5,22.1,48.7,460,0.21739130434782608,Europa Środkowa
SK,Słowacja,2024,8,Lato,pm25,13.262857142857142,12.4,8.9775,16.8,33.4,420,34.285714285714285,Europa Środkowa
SK,Słowacja,2024,9,Jesień,no2,12.194398907103825,10.149999999999999,5.85,15.7,47.5,366,8.19672131147541,Europa Środkowa
SK,Słowacja,2024,9,Jesień,o3,52.70490909090909,53.25,37.875,64.6,109.0,220,2.272727272727273,Europa Środkowa
SK,Słowacja,2024,9,Jesień,pm10,17.967211946050096,17.1,9.66,25.0,53.6,519,0.5780346820809248,Europa Środkowa
SK,Słowacja,2024,9,Jesień,pm25,10.062985294117647,9.57,5.355,13.625,48.5,476,19.95798319327731,Europa Środkowa
SK,Słowacja,2024,10,Jesień,no2,14.018232323232324,12.1,8.085,19.125,40.8,396,9.343434343434344,Europa Środkowa
SK,Słowacja,2024,10,Jesień,o3,30.45393442622951,28.95,18.5,41.1,73.5,244,0.0,Europa Środkowa
SK,Słowacja,2024,10,Jesień,pm10,18.643441016333938,16.6,10.9,25.35,53.3,551,0.7259528130671506,Europa Środkowa
SK,Słowacja,2024,10,Jesień,pm25,11.960158536585366,10.1,6.1175,16.8,46.0,492,30.89430894308943,Europa Środkowa
SK,Słowacja,2024,11,Jesień,no2,17.787963446475196,16.5,11.2,23.85,48.8,383,21.409921671018274,Europa Środkowa
SK,Słowacja,2024,11,Jesień,o3,24.889191489361703,24.6,15.05,32.8,55.9,235,0.0,Europa Środkowa
SK,Słowacja,2024,11,Jesień,pm10,24.35056603773585,22.3,14.5,32.325,63.9,530,7.547169811320755,Europa Środkowa
SK,Słowacja,2024,11,Jesień,pm25,18.96894145299145,17.75,11.1,25.05,49.5,468,60.256410256410255,Europa Środkowa
SK,Słowacja,2024,12,Zima,no2,17.10835051546392,16.6,10.975,22.575,42.1,388,17.525773195876287,Europa Środkowa
SK,Słowacja,2024,12,Zima,o3,25.737516129032254,25.05,13.075,36.025,66.0,248,0.0,Europa Środkowa
SK,Słowacja,2024,12,Zima,pm10,21.42763888888889,19.1,11.975,28.4,62.1,432,5.787037037037037,Europa Środkowa
SK,Słowacja,2024,12,Zima,pm25,16.73064690026954,15.5,8.975,21.95,48.3,371,53.36927223719676,Europa Środkowa
SK,Słowacja,2025,1,Zima,no2,17.24364,16.7,10.4,23.424999999999997,41.4,300,18.0,Europa Środkowa
SK,Słowacja,2025,1,Zima,o3,29.216755555555558,27.4,15.2,41.1,73.6,225,0.0,Europa Środkowa
SK,Słowacja,2025,1,Zima,pm10,20.767931034482757,19.9,13.0,27.35,60.4,348,1.4367816091954022,Europa Środkowa
SK,Słowacja,2025,1,Zima,pm25,16.91373801916933,16.0,9.32,23.1,46.7,313,53.99361022364217,Europa Środkowa
SK,Słowacja,2025,2,Zima,no2,19.82589641434263,19.4,13.2,25.799999999999997,43.4,251,29.482071713147413,Europa Środkowa
SK,Słowacja,2025,2,Zima,o3,38.605605381165915,38.8,28.7,49.099999999999994,77.2,223,0.0,Europa Środkowa
SK,Słowacja,2025,2,Zima,pm10,33.582179930795846,32.6,25.1,42.0,63.1,289,17.99307958477509,Europa Środkowa
SK,Słowacja,2025,2,Zima,pm25,27.09279527559055,26.25,21.1,34.575,52.6,254,87.79527559055119,Europa Środkowa
SK,Słowacja,2025,3,Wiosna,no2,14.815703422053232,13.2,8.61,19.2,43.9,263,11.02661596958175,Europa Środkowa
SK,Słowacja,2025,3,Wiosna,o3,53.233467741935485,53.849999999999994,43.6,64.225,91.5,248,0.0,Europa Środkowa
SK,Słowacja,2025,3,Wiosna,pm10,22.83955718475073,21.6,14.2,29.6,58.0,341,2.346041055718475,Europa Środkowa
SK,Słowacja,2025,3,Wiosna,pm25,17.388290322580644,16.7,10.350000000000001,23.375,40.8,310,58.06451612903226,Europa Środkowa
SK,Słowacja,2025,4,Wiosna,no2,10.361238938053097,9.21,6.074999999999999,14.075,34.9,226,1.3274336283185841,Europa Środkowa
SK,Słowacja,2025,4,Wiosna,o3,62.02604651162791,62.8,53.150000000000006,71.85,96.1,215,0.0,Europa Środkowa
SK,Słowacja,2025,4,Wiosna,pm10,16.75276923076923,16.3,12.3,20.5,40.7,325,0.0,Europa Środkowa
SK,Słowacja,2025,4,Wiosna,pm25,10.201033333333333,9.785,7.3325,12.5,27.9,300,12.0,Europa Środkowa
SK,Słowacja,2025,5,Wiosna,no2,8.280192307692307,7.035,4.7175,11.2,33.7,208,0.9615384615384616,Europa Środkowa
SK,Słowacja,2025,5,Wiosna,o3,58.29197860962567,59.9,50.400000000000006,66.65,84.2,187,0.0,Europa Środkowa
SK,Słowacja,2025,5,Wiosna,pm10,11.932484848484847,11.649999999999999,9.3125,14.075,35.6,330,0.0,Europa Środkowa
SK,Słowacja,2025,5,Wiosna,pm25,7.741033333333333,7.54,6.18,9.225000000000001,15.5,300,0.33333333333333337,Europa Środkowa
SK,Słowacja,2025,6,Lato,no2,6.980246666666667,5.035,3.2725,9.787500000000001,26.9,150,1.3333333333333335,Europa Środkowa
SK,Słowacja,2025,6,Lato,o3,65.86307692307692,64.9,56.8,76.35,102.0,195,0.5128205128205128,Europa Środkowa
SK,Słowacja,2025,6,Lato,pm10,15.486139817629178,14.7,12.0,17.9,48.9,329,1.21580547112462,Europa Środkowa
SK,Słowacja,2025,6,Lato,pm25,10.38561872909699,10.3,8.325,12.55,20.6,299,7.023411371237458,Europa Środkowa
SK,Słowacja,2025,7,Lato,no2,6.771265306122449,6.0,3.6,9.63,19.0,245,0.0,Europa Środkowa
SK,Słowacja,2025,7,Lato,o3,59.42722513089005,58.2,48.05,70.9,107.0,191,1.0471204188481675,Europa Środkowa
SK,Słowacja,2025,7,Lato,pm10,13.060176991150442,12.6,9.545,16.0,30.5,339,0.0,Europa Środkowa
SK,Słowacja,2025,7,Lato,pm25,8.678474025974026,8.395,6.2075,10.825000000000001,18.5,308,4.870129870129871,Europa Środkowa
SK,Słowacja,2025,8,Lato,no2,8.816845878136201,7.17,4.325,12.149999999999999,42.7,279,1.4336917562724014,Europa Środkowa
SK,Słowacja,2025,8,Lato,o3,63.89586776859504,60.9,51.824999999999996,75.975,105.0,242,1.2396694214876034,Europa Środkowa
SK,Słowacja,2025,8,Lato,pm10,16.6024926686217,16.1,10.7,22.4,33.2,341,0.0,Europa Środkowa
SK,Słowacja,2025,8,Lato,pm25,10.48574193548387,9.455,6.6899999999999995,13.8,25.9,310,19.67741935483871,Europa Środkowa
SK,Słowacja,2025,9,Jesień,no2,9.133712121212122,8.625,5.0975,12.025,32.5,264,0.7575757575757576,Europa Środkowa
SK,Słowacja,2025,9,Jesień,o3,37.454776119402986,37.8,26.5,47.5,70.5,201,0.0,Europa Środkowa
SK,Słowacja,2025,9,Jesień,pm10,12.25834375,11.9,9.18,15.0,27.2,320,0.0,Europa Środkowa
SK,Słowacja,2025,9,Jesień,pm25,7.270253333333334,6.98,5.2225,9.2875,35.1,300,0.6666666666666667,Europa Środkowa
SK,Słowacja,2025,10,Jesień,no2,11.67880149812734,11.0,6.855,15.25,36.5,267,3.3707865168539324,Europa Środkowa
SK,Słowacja,2025,10,Jesień,o3,33.888391959798994,33.9,24.2,42.25,62.5,199,0.0,Europa Środkowa
SK,Słowacja,2025,10,Jesień,pm10,13.210764525993884,12.2,7.984999999999999,17.6,40.9,327,0.0,Europa Środkowa
SK,Słowacja,2025,10,Jesień,pm25,8.914142394822006,8.24,5.08,11.9,33.5,309,12.297734627831716,Europa Środkowa
SK,Słowacja,2025,11,Jesień,no2,15.560443686006826,15.0,11.0,19.6,37.6,293,6.143344709897611,Europa Środkowa
SK,Słowacja,2025,11,Jesień,o3,21.60423076923077,20.25,11.375,28.375,62.4,208,0.0,Europa Środkowa
SK,Słowacja,2025,11,Jesień,pm10,20.044843304843305,18.6,13.9,25.25,54.0,351,1.7094017094017095,Europa Środkowa
SK,Słowacja,2025,11,Jesień,pm25,16.05823569023569,15.4,10.3,20.6,47.6,297,51.85185185185185,Europa Środkowa
SK,Słowacja,2025,12,Zima,no2,14.75579794520548,13.9,9.557500000000001,19.0,43.0,292,9.246575342465754,Europa Środkowa
SK,Słowacja,2025,12,Zima,o3,19.402931147540983,13.5,7.3100000000000005,26.75,68.6,183,0.0,Europa Środkowa
SK,Słowacja,2025,12,Zima,pm10,20.039942693409742,18.3,11.8,26.0,60.0,349,2.5787965616045847,Europa Środkowa
SK,Słowacja,2025,12,Zima,pm25,15.687380952380954,14.1,8.81,21.025000000000002,46.8,294,47.27891156462585,Europa Środkowa
XK,Kosowo,2022,1,Zima,pm25,45.12321428571429,40.9,28.4,57.6,90.7,56,100.0,Europa Wschodnia
XK,Kosowo,2022,2,Zima,pm25,38.642857142857146,35.400000000000006,23.849999999999998,45.775000000000006,77.9,56,100.0,Europa Wschodnia
XK,Kosowo,2022,3,Wiosna,pm25,37.25254237288136,35.6,29.45,41.7,68.7,59,100.0,Europa Wschodnia
XK,Kosowo,2022,4,Wiosna,pm25,22.94333333333333,21.5,17.775,28.0,39.5,60,90.0,Europa Wschodnia
XK,Kosowo,2022,5,Wiosna,pm25,21.308000000000003,21.0,19.3,23.65,29.6,50,100.0,Europa Wschodnia
XK,Kosowo,2022,6,Lato,pm25,21.73166666666667,19.9,18.6,24.325,31.8,60,93.33333333333333,Europa Wschodnia
XK,Kosowo,2022,7,Lato,pm25,20.21451612903226,19.5,17.3,22.8,32.4,62,93.54838709677419,Europa Wschodnia
XK,Kosowo,2022,8,Lato,pm25,21.988709677419354,20.5,18.2,25.725,44.5,62,100.0,Europa Wschodnia
XK,Kosowo,2022,9,Jesień,pm25,18.991666666666667,18.9,16.1,21.5,26.7,60,83.33333333333334,Europa Wschodnia
XK,Kosowo,2022,10,Jesień,pm25,32.55967741935484,31.85,27.775,37.5,52.9,62,100.0,Europa Wschodnia
XK,Kosowo,2022,11,Jesień,pm25,34.876666666666665,31.95,25.6,46.5,63.5,60,96.66666666666667,Europa Wschodnia
XK,Kosowo,2022,12,Zima,pm25,45.815599999999996,42.25,32.6,65.9,91.0,50,84.0,Europa Wschodnia
XK,Kosowo,2023,1,Zima,no2,14.804836879432624,9.4,5.75,16.3,121.0,141,8.51063829787234,Europa Wschodnia
XK,Kosowo,2023,1,Zima,o3,34.98510791366907,33.1,19.450000000000003,46.75,78.9,139,0.0,Europa Wschodnia
XK,Kosowo,2023,1,Zima,pm10,14.438611510791368,13.8,8.49,19.95,44.9,139,0.0,Europa Wschodnia
XK,Kosowo,2023,1,Zima,pm25,18.57537222222222,15.0,8.9225,26.650000000000002,88.4,180,49.44444444444444,Europa Wschodnia
XK,Kosowo,2023,2,Zima,no2,20.3730303030303,11.8,5.9,22.0,108.0,33,21.21212121212121,Europa Wschodnia
XK,Kosowo,2023,2,Zima,o3,43.400588235294116,45.900000000000006,15.7,64.9,83.6,34,0.0,Europa Wschodnia
XK,Kosowo,2023,2,Zima,pm10,24.66205882352941,23.85,17.2,31.175,45.6,34,5.88235294117647,Europa Wschodnia
XK,Kosowo,2023,2,Zima,pm25,22.526756756756757,19.5,14.0,28.1,63.4,37,70.27027027027027,Europa Wschodnia
XK,Kosowo,2023,3,Wiosna,no2,20.246956896551723,13.1,6.5975,21.625,159.0,116,19.82758620689655,Europa Wschodnia
XK,Kosowo,2023,3,Wiosna,o3,49.10966386554622,48.5,25.5,69.85,99.4,119,0.0,Europa Wschodnia
XK,Kosowo,2023,3,Wiosna,pm10,18.430083333333336,17.3,8.807500000000001,26.650000000000002,48.9,120,2.5,Europa Wschodnia
XK,Kosowo,2023,3,Wiosna,pm25,16.609861111111112,13.8,6.75,22.650000000000002,72.0,144,45.13888888888889,Europa Wschodnia
XK,Kosowo,2023,4,Wiosna,no2,14.564274074074074,8.48,4.25,14.45,172.0,135,10.37037037037037,Europa Wschodnia
XK,Kosowo,2023,4,Wiosna,o3,59.6280303030303,61.05,42.425,77.55000000000001,105.0,132,1.5151515151515151,Europa Wschodnia
XK,Kosowo,2023,4,Wiosna,pm10,13.368695652173914,11.55,7.5725,17.375,52.9,138,1.4492753623188406,Europa Wschodnia
XK,Kosowo,2023,4,Wiosna,pm25,15.78467005076142,11.2,6.37,25.3,52.1,197,38.07106598984771,Europa Wschodnia
XK,Kosowo,2023,5,Wiosna,no2,13.596423076923077,9.065000000000001,5.185,14.075,106.0,130,10.0,Europa Wschodnia
XK,Kosowo,2023,5,Wiosna,o3,46.119236220472445,48.9,28.5,63.849999999999994,95.5,127,0.0,Europa Wschodnia
XK,Kosowo,2023,5,Wiosna,pm10,13.945282258064516,13.0,10.225000000000001,17.325,37.6,124,0.0,Europa Wschodnia
XK,Kosowo,2023,5,Wiosna,pm25,15.062648648648649,11.3,7.77,24.5,34.9,185,37.2972972972973,Europa Wschodnia
XK,Kosowo,2023,6,Lato,no2,12.336016528925619,8.53,5.31,13.2,95.9,121,7.43801652892562,Europa Wschodnia
XK,Kosowo,2023,6,Lato,o3,53.867899159663864,59.0,29.4,73.4,100.0,119,0.0,Europa Wschodnia
XK,Kosowo,2023,6,Lato,pm10,12.998571428571427,11.55,9.33,14.7,56.9,126,0.7936507936507936,Europa Wschodnia
XK,Kosowo,2023,6,Lato,pm25,15.082096774193548,10.55,6.9625,24.625,35.2,186,37.096774193548384,Europa Wschodnia
XK,Kosowo,2023,7,Lato,no2,14.35866095890411,9.07,5.94,13.6,151.0,292,10.95890410958904,Europa Wschodnia
XK,Kosowo,2023,7,Lato,o3,56.841903114186856,59.9,33.9,77.7,128.0,289,4.844290657439446,Europa Wschodnia
XK,Kosowo,2023,7,Lato,pm10,13.845803278688525,13.1,8.49,18.3,41.7,305,0.0,Europa Wschodnia
XK,Kosowo,2023,7,Lato,pm25,11.83928961748634,8.67,6.2575,12.275,39.8,366,19.12568306010929,Europa Wschodnia
XK,Kosowo,2023,8,Lato,no2,15.096319999999999,10.9,6.4799999999999995,16.1,98.1,150,12.666666666666668,Europa Wschodnia
XK,Kosowo,2023,8,Lato,o3,58.916811594202905,60.95,37.35,78.3,117.0,138,7.246376811594203,Europa Wschodnia
XK,Kosowo,2023,8,Lato,pm10,14.889236111111112,14.35,9.2775,20.3,44.8,144,0.0,Europa Wschodnia
XK,Kosowo,2023,8,Lato,pm25,16.013564356435644,13.7,7.904999999999999,23.675,38.0,202,45.04950495049505,Europa Wschodnia
XK,Kosowo,2023,9,Jesień,no2,12.262121212121212,7.92,5.13,12.6,55.1,33,9.090909090909092,Europa Wschodnia
XK,Kosowo,2023,9,Jesień,o3,53.806451612903224,54.3,36.9,73.7,91.2,31,0.0,Europa Wschodnia
XK,Kosowo,2023,9,Jesień,pm10,12.741034482758621,12.6,8.95,16.1,20.3,29,0.0,Europa Wschodnia
XK,Kosowo,2023,9,Jesień,pm25,22.660337078651686,24.7,13.1,30.6,41.9,89,70.78651685393258,Europa Wschodnia
XK,Kosowo,2023,10,Jesień,pm25,32.784,31.55,29.15,36.7,44.6,50,100.0,Europa Wschodnia
XK,Kosowo,2023,11,Jesień,pm25,34.20645161290323,34.3,26.1,41.15,63.4,31,100.0,Europa Wschodnia
XK,Kosowo,2023,12,Zima,pm25,31.465185185185188,24.1,15.05,45.8,87.8,27,74.07407407407408,Europa Wschodnia
XK,Kosowo,2024,1,Zima,pm25,23.26551724137931,21.7,5.75,31.3,87.5,29,68.96551724137932,Europa Wschodnia
XK,Kosowo,2024,2,Zima,pm25,14.163103448275862,11.9,3.92,21.6,43.1,29,34.48275862068966,Europa Wschodnia
XK,Kosowo,2024,3,Wiosna,no2,11.848057446808511,11.1,5.765000000000001,16.200000000000003,33.0,188,5.319148936170213,Europa Wschodnia
XK,Kosowo,2024,3,Wiosna,o3,54.33492063492063,52.4,39.9,65.1,103.0,189,0.5291005291005291,Europa Wschodnia
XK,Kosowo,2024,3,Wiosna,pm10,16.394090425531914,14.8,8.6725,22.125,58.2,188,1.0638297872340425,Europa Wschodnia
XK,Kosowo,2024,3,Wiosna,pm25,10.441885106382978,9.33,6.105,13.4,29.2,235,19.574468085106382,Europa Wschodnia
XK,Kosowo,2024,4,Wiosna,no2,10.602753012048193,9.635000000000002,5.7575,13.6,47.2,332,3.91566265060241,Europa Wschodnia
XK,Kosowo,2024,4,Wiosna,o3,61.16276276276277,61.0,50.1,70.9,110.0,333,0.6006006006006006,Europa Wschodnia
XK,Kosowo,2024,4,Wiosna,pm10,14.065800604229606,13.2,8.71,18.25,41.3,331,0.0,Europa Wschodnia
XK,Kosowo,2024,4,Wiosna,pm25,7.245368956743002,6.81,4.74,9.49,20.4,393,3.0534351145038165,Europa Wschodnia
XK,Kosowo,2024,5,Wiosna,no2,8.40614738372093,7.575,5.1175,11.0,30.7,344,1.744186046511628,Europa Wschodnia
XK,Kosowo,2024,5,Wiosna,o3,56.48068181818182,56.65,47.375,66.225,101.0,352,0.5681818181818182,Europa Wschodnia
XK,Kosowo,2024,5,Wiosna,pm10,10.01088068181818,9.085,7.0175,11.7,33.7,352,0.0,Europa Wschodnia
XK,Kosowo,2024,5,Wiosna,pm25,5.8025926829268295,5.465,4.0024999999999995,7.077500000000001,19.2,410,0.7317073170731708,Europa Wschodnia
XK,Kosowo,2024,6,Lato,no2,9.063235294117646,8.11,5.19,11.5,37.5,357,2.801120448179272,Europa Wschodnia
XK,Kosowo,2024,6,Lato,o3,62.7086592178771,63.5,51.9,75.375,109.0,358,2.2346368715083798,Europa Wschodnia
XK,Kosowo,2024,6,Lato,pm10,13.787122905027934,11.9,8.785,17.05,48.7,358,0.5586592178770949,Europa Wschodnia
XK,Kosowo,2024,6,Lato,pm25,7.252248803827752,6.66,4.73,8.905000000000001,23.6,418,3.110047846889952,Europa Wschodnia
XK,Kosowo,2024,7,Lato,no2,11.119246575342466,9.74,6.82,13.9,49.5,365,6.301369863013699,Europa Wschodnia
XK,Kosowo,2024,7,Lato,o3,74.27658402203858,74.4,59.150000000000006,88.6,136.0,363,13.498622589531681,Europa Wschodnia
XK,Kosowo,2024,7,Lato,pm10,14.789476584022038,13.5,10.4,17.95,38.1,363,0.0,Europa Wschodnia
XK,Kosowo,2024,7,Lato,pm25,8.108297872340426,7.31,5.6850000000000005,10.05,23.2,423,4.964539007092199,Europa Wschodnia
XK,Kosowo,2024,8,Lato,no2,12.957169491525423,11.0,7.155,15.9,61.7,295,9.491525423728813,Europa Wschodnia
XK,Kosowo,2024,8,Lato,o3,73.16565656565656,73.4,58.9,88.9,124.0,297,12.794612794612794,Europa Wschodnia
XK,Kosowo,2024,8,Lato,pm10,14.22720538720539,12.9,9.54,17.1,39.5,297,0.0,Europa Wschodnia
XK,Kosowo,2024,8,Lato,pm25,8.09075208913649,7.17,5.705,10.05,25.6,359,3.8997214484679668,Europa Wschodnia
XK,Kosowo,2024,9,Jesień,no2,14.431434306569344,11.8,6.7675,19.95,64.9,274,13.138686131386862,Europa Wschodnia
XK,Kosowo,2024,9,Jesień,o3,43.46494545454546,38.8,25.5,57.900000000000006,123.0,275,2.909090909090909,Europa Wschodnia
XK,Kosowo,2024,9,Jesień,pm10,13.52987822878229,11.2,6.49,18.9,44.4,271,0.0,Europa Wschodnia
XK,Kosowo,2024,9,Jesień,pm25,8.174870481927712,7.17,4.205,11.6,28.4,332,13.253012048192772,Europa Wschodnia
XK,Kosowo,2024,10,Jesień,pm25,11.191935483870967,7.2,4.455,18.35,28.2,62,38.70967741935484,Europa Wschodnia
XK,Kosowo,2024,11,Jesień,no2,15.766052941176472,13.9,7.5,22.05,49.6,187,21.390374331550802,Europa Wschodnia
XK,Kosowo,2024,11,Jesień,o3,30.28065326633166,27.3,18.75,36.7,87.2,199,0.0,Europa Wschodnia
XK,Kosowo,2024,11,Jesień,pm10,19.214142857142857,16.05,10.6,28.8,56.9,168,2.976190476190476,Europa Wschodnia
XK,Kosowo,2024,11,Jesień,pm25,15.419837837837838,12.9,8.25,19.3,62.3,185,38.37837837837838,Europa Wschodnia
XK,Kosowo,2024,12,Zima,pm25,21.6755,16.9,13.8,22.674999999999997,75.0,20,65.0,Europa Wschodnia
XK,Kosowo,2025,1,Zima,pm25,17.9875,18.15,13.525,20.75,29.4,8,62.5,Europa Wschodnia
XK,Kosowo,2025,2,Zima,pm25,37.704,37.7,25.2,47.7,66.8,25,100.0,Europa Wschodnia
XK,Kosowo,2025,3,Wiosna,no2,18.536950819672132,15.5,8.33,25.0,66.5,305,24.91803278688525,Europa Wschodnia
XK,Kosowo,2025,3,Wiosna,o3,40.89512987012987,41.0,27.675,53.75,89.5,308,0.0,Europa Wschodnia
XK,Kosowo,2025,3,Wiosna,pm10,17.06850245614035,13.9,9.89,22.1,57.3,285,2.1052631578947367,Europa Wschodnia
XK,Kosowo,2025,3,Wiosna,pm25,11.352071428571428,9.8,6.9475,14.5,42.5,280,21.428571428571427,Europa Wschodnia
XK,Kosowo,2025,4,Wiosna,no2,14.09692857142857,10.4,6.4825,18.8,55.2,280,16.785714285714285,Europa Wschodnia
XK,Kosowo,2025,4,Wiosna,o3,41.909014184397165,41.0,23.95,58.275,90.3,282,0.0,Europa Wschodnia
XK,Kosowo,2025,4,Wiosna,pm10,12.539119718309859,11.0,8.1225,14.8,55.5,284,0.35211267605633806,Europa Wschodnia
XK,Kosowo,2025,4,Wiosna,pm25,7.946241134751774,7.29,5.3175,9.57,28.8,282,3.900709219858156,Europa Wschodnia
XK,Kosowo,2025,5,Wiosna,no2,13.375575757575756,10.2,5.795,17.975,51.8,330,15.454545454545453,Europa Wschodnia
XK,Kosowo,2025,5,Wiosna,o3,41.58125382262997,39.8,23.0,57.05,99.9,327,0.0,Europa Wschodnia
XK,Kosowo,2025,5,Wiosna,pm10,8.609727272727273,7.625,5.645,10.6,26.2,330,0.0,Europa Wschodnia
XK,Kosowo,2025,5,Wiosna,pm25,5.302878787878788,4.855,3.6025,6.4175,14.1,330,0.0,Europa Wschodnia
XK,Kosowo,2025,6,Lato,no2,12.534444444444444,9.62,5.58,16.65,43.5,315,12.698412698412698,Europa Wschodnia
XK,Kosowo,2025,6,Lato,o3,55.87552715654952,54.8,35.9,75.3,112.0,313,2.8753993610223643,Europa Wschodnia
XK,Kosowo,2025,6,Lato,pm10,13.13246835443038,11.9,8.9475,15.2,39.0,316,0.0,Europa Wschodnia
XK,Kosowo,2025,6,Lato,pm25,7.31416403785489,6.77,5.03,8.87,18.1,317,2.2082018927444795,Europa Wschodnia
XK,Kosowo,2025,7,Lato,no2,13.966484848484848,11.850000000000001,6.535,19.45,50.8,330,14.84848484848485,Europa Wschodnia
XK,Kosowo,2025,7,Lato,o3,58.75838323353293,59.55,39.175,77.925,107.0,334,2.3952095808383236,Europa Wschodnia
XK,Kosowo,2025,7,Lato,pm10,11.764836795252226,9.82,7.11,14.6,46.9,337,0.2967359050445104,Europa Wschodnia
XK,Kosowo,2025,7,Lato,pm25,5.998284023668639,5.42,4.27,7.205,16.7,338,0.591715976331361,Europa Wschodnia
XK,Kosowo,2025,8,Lato,no2,14.87387573964497,12.350000000000001,6.942500000000001,20.7,49.8,338,15.384615384615385,Europa Wschodnia
XK,Kosowo,2025,8,Lato,o3,57.701183431952664,61.2,39.925,73.325,107.0,338,1.7751479289940828,Europa Wschodnia
XK,Kosowo,2025,8,Lato,pm10,11.138254437869822,9.94,6.685,14.075,38.7,338,0.0,Europa Wschodnia
XK,Kosowo,2025,8,Lato,pm25,6.23396449704142,5.79,4.3225,7.5875,22.1,338,0.8875739644970414,Europa Wschodnia
XK,Kosowo,2025,9,Jesień,no2,13.953846153846154,11.5,6.47,18.7,44.0,325,15.692307692307692,Europa Wschodnia
XK,Kosowo,2025,9,Jesień,o3,41.922414860681116,41.7,29.7,51.8,100.0,323,0.0,Europa Wschodnia
XK,Kosowo,2025,9,Jesień,pm10,9.682834394904457,8.615,6.42,12.1,25.2,314,0.0,Europa Wschodnia
XK,Kosowo,2025,9,Jesień,pm25,5.674968152866242,5.390000000000001,3.8024999999999998,7.13,16.4,314,0.3184713375796179,Europa Wschodnia
XK,Kosowo,2025,10,Jesień,no2,14.82309523809524,11.05,6.925,22.424999999999997,47.8,336,18.75,Europa Wschodnia
XK,Kosowo,2025,10,Jesień,o3,27.637692307692312,25.5,18.3,35.2,119.0,338,0.2958579881656805,Europa Wschodnia
XK,Kosowo,2025,10,Jesień,pm10,13.620184523809522,11.95,7.8225,17.825,50.2,336,0.2976190476190476,Europa Wschodnia
XK,Kosowo,2025,10,Jesień,pm25,10.40655389221557,9.335,6.1075,14.1,35.8,334,20.958083832335326,Europa Wschodnia
XK,Kosowo,2025,11,Jesień,no2,15.611622641509435,13.3,8.13,20.9,55.6,265,16.22641509433962,Europa Wschodnia
XK,Kosowo,2025,11,Jesień,o3,21.31719557195572,20.3,11.55,29.450000000000003,53.2,271,0.0,Europa Wschodnia
XK,Kosowo,2025,11,Jesień,pm10,15.407781954887218,13.0,8.282499999999999,20.349999999999998,57.6,266,1.1278195488721803,Europa Wschodnia
XK,Kosowo,2025,11,Jesień,pm25,11.94312,10.75,6.8775,16.0,35.3,250,28.000000000000004,Europa Wschodnia
