location_id,station_name,city,country_code,country_name,latitude,longitude,PC1,PC2,PC3,PC4,UMAP1,UMAP2,mean_pm25,mean_pm10,mean_no2,mean_o3,winter_pm25,summer_pm25,winter_o3,summer_o3,region
31,Wekerom-Riemterdijk,Wekerom,NL,Holandia,52.111599999999996,5.70842,-1.7379848501948973,-0.24821002051000168,-0.32509059205086843,-0.6071466181824459,9.320709,8.396656,7.677873536299766,17.73301098901099,9.433338391502275,54.11951298701299,9.0621768707483,6.237992277992278,44.22116751269036,62.15340909090909,Europa Środkowa
33,Zaanstad-Hemkade,Zaandam,NL,Holandia,52.420230000140556,4.832060000156797,0.4759901302026349,1.6651543313000627,0.7884159959923901,0.2696036416423803,3.9767158,11.211963,9.568817472919314,16.84984560570071,21.998713105076742,51.39464,11.69357142857143,8.170128309942317,38.12818992248062,64.3678529424119,Europa Zachodnia
41,Groningen-Europaweg,Groningen,NL,Holandia,53.2178,6.5789,-0.8575463123916958,0.6481516135975218,0.12436967607007081,-0.32666087677233036,8.145104,10.47244,7.2766252609603335,18.69598979591837,15.386040609137055,51.39464,7.08512918660287,6.442090566037736,38.12818992248062,64.3678529424119,Europa Środkowa
44,Heerlen-Jamboreepad,Heerlen,NL,Holandia,50.90031700019946,5.986852999872599,-1.9623934469493916,0.011587167723234133,-0.26345067626770946,-0.6526477511230654,9.453354,8.385404,6.7360970464135015,16.00268317853457,9.861523605150214,53.71949494949495,7.809288461538462,6.17947265625,45.15681415929204,62.66856060606061,Europa Środkowa
51,Wieringerwerf-Medemblikkerweg,Wieringerwerf,NL,Holandia,52.803700000000006,5.05051,-2.482186947370512,-0.16857459172611827,0.00890565962691666,-0.8085942834058302,10.1752,8.133071,7.411637873754152,14.397144432194045,8.812550561797753,60.439956989247314,8.125828877005347,6.0932916666666666,51.718820512820514,65.3342105263158,Europa Środkowa
52,Rotterdam-Oost Sidelinge A13,Rotterdam,NL,Holandia,51.938472000211014,4.430691999983553,0.4512393429153017,1.9973301893635962,0.8582367268567922,0.32028641242090555,3.8190455,11.245794,8.942870928829915,17.50980815347722,24.038675417661096,51.39464,11.34859375,6.876513409961686,38.12818992248062,64.3678529424119,Europa Zachodnia
55,Utrecht-Kardinaal de Jongweg,Utrecht,NL,Holandia,52.105,5.12446,-0.5419799650145805,1.1822998734162833,-0.2817496902780189,0.228606179678339,5.6211762,10.4884205,8.885134854771785,16.31679918450561,16.90392628205128,47.91220413122721,10.755777777777778,6.601262357414449,37.81353947368421,58.07701149425287,Europa Środkowa
58,Zegveld-Oude Meije,Zegveld,NL,Holandia,52.137949999962665,4.83819000034937,-1.5968512097002314,-0.39651940513160727,-0.9259495899101584,-0.36117921874448344,9.062078,8.213453,9.568817472919314,15.197370737073706,8.816666666666668,51.96060215053763,11.69357142857143,8.170128309942317,41.293128205128205,60.03484848484849,Europa Zachodnia
63,Philippine-Stelleweg,Philippine,NL,Holandia,51.29449999999999,3.7494799999999997,-0.9962254976647966,-0.1389834892225449,-0.344434440742999,-0.8064528075774754,7.493603,9.057062,9.568817472919314,17.8368501529052,10.402275449101797,53.444032421479235,11.69357142857143,8.170128309942317,46.34609865470852,60.02406015037594,Europa Zachodnia
71,Biest Houtakker-Biestsestraat,Houtakker,NL,Holandia,51.51838800001479,5.148450000227909,-0.727564333217922,-0.20650024456080962,-0.3759713608496276,-0.7370205796458463,7.537093,9.059023,10.188691823899372,17.720982599795292,11.709128205128204,51.784143145161295,12.206605504587156,8.364174242424241,43.05416666666667,59.658490566037734,Europa Środkowa
76,De Zilk-Vogelaarsdreef,De Zilk,NL,Holandia,52.296555999830005,4.51081699998525,-2.1131614434025083,-0.4712469116834908,0.23887217338356173,-0.5091371120911471,9.442407,8.173077,8.022384140061792,15.666714285714285,9.26815065913371,59.375838383838385,8.65860465116279,6.788690566037736,50.266211453744496,66.3171102661597,Europa Zachodnia
77,Hoek v. Holland-Berghaven,Hoek v. Holland,NL,Holandia,51.97783000007194,4.121903000365913,0.6071352696547476,2.0674480174673397,0.7104390804108269,0.42579681044187967,3.8107295,11.234374,9.271990267639902,17.46279661016949,23.8360423216445,51.48595618556701,11.813282442748092,7.100609561752988,36.85708270676692,60.33466135458168,Europa Zachodnia
80,Amsterdam-Van Diemenstraat,Amsterdam,NL,Holandia,52.389983000188224,4.88781099987638,-0.7700486241498511,0.3325169437436576,-0.16113277796313005,0.2395401094483157,8.079791,10.23619,9.279772998805257,17.04091557669441,14.078098190672772,51.39464,12.26345323741007,6.87147859922179,38.12818992248062,64.3678529424119,Europa Zachodnia
82,Haarlem-Schipholweg,Haarlem,NL,Holandia,52.3705,4.64232,-0.08723744161737317,0.4132651159383975,0.11185322853542268,-0.7796384403610216,6.2343035,10.401708,9.568817472919314,20.18013197969543,16.24399022801303,51.127161616161615,11.69357142857143,8.170128309942317,44.98236842105263,59.98759398496241,Europa Zachodnia
85,Hellendoorn-Luttenbergerweg,Hellendoorn,NL,Holandia,52.38829100007745,6.402899999997742,-1.738926819711787,-0.7360286219609916,-1.1274519147064348,-0.48959937575630436,9.118171,8.035359,9.568817472919314,15.612445820433438,7.458805237315875,51.590596562184025,11.69357142857143,8.170128309942317,43.474845814977975,59.67137404580153,Europa Środkowa
93,Nijmegen-Graafseweg,Nijmegen,NL,Holandia,51.8413800001826,5.8577719997925275,0.3284424025087779,1.0956611733440758,0.6186593269541208,-0.26926847149332944,5.4844728,10.937897,9.757226310272536,19.36396551724138,21.14324649298597,51.39464,11.409631818181818,8.075155967078189,38.12818992248062,64.3678529424119,Europa Środkowa
95,Amsterdam-Vondelpark,Amsterdam,NL,Holandia,52.35971400001388,4.866208000411839,-1.0426076361867287,0.5239375334120565,-0.10491439649757217,0.23592161905546816,8.224821,10.287309,8.757436823104694,15.51208538587849,14.078098190672772,51.39464,10.504926470588236,6.883873517786561,38.12818992248062,64.3678529424119,Europa Zachodnia
96,Wijk aan Zee-Burgemeester Rothestraat,Wijk aan Zee,NL,Holandia,52.49399200004851,4.601986000379324,-0.19285995020687444,0.022018861308310482,-0.08918103377423355,-0.11200016544062324,6.4755707,10.167646,9.589415971394518,20.261013513513515,14.078098190672772,51.39464,12.793165467625899,7.108435114503817,38.12818992248062,64.3678529424119,Europa Zachodnia
97,IJmuiden-Kanaaldijk,IJmuiden,NL,Holandia,52.46304000005105,4.60177600031704,-0.7308832780637635,0.34480031673917727,-0.07422236116641408,0.06871487292565075,7.9776273,10.264863,9.04066185318893,17.55057627118644,14.078098190672772,51.39464,11.82529411764706,7.049693486590038,38.12818992248062,64.3678529424119,Europa Zachodnia
98,Amsterdam-Westerpark,Amsterdam,NL,Holandia,52.39397200025616,4.870156999790721,-1.3616715090181133,0.7451883670112202,-0.17605557347814743,0.4134737391904842,8.706339,10.391719,7.748968973747017,14.827923588039868,14.078098190672772,51.39464,9.664543478260871,5.760072519083969,38.12818992248062,64.3678529424119,Europa Zachodnia
100,Badhoevedorp-Sloterweg,Badhoevedorp,NL,Holandia,52.33400300025121,4.7740060003231,-0.32132125517824983,1.489790961156364,0.4517414780988511,0.3759995496989352,4.687277,11.232668,8.783156626506024,15.645317725752507,19.67734117647059,51.39464,11.23639705882353,6.7718461538461545,38.12818992248062,64.3678529424119,Europa Zachodnia
101,Amsterdam-Hoogtij,Amsterdam,NL,Holandia,52.42801700027339,4.7734780002434976,-0.10297319885257054,1.8807995326758296,0.5627803004480841,0.7259413308770456,4.188903,11.332179,8.898442330558858,14.259011904761904,21.423725029377202,51.39464,11.96431654676259,6.847900763358779,38.12818992248062,64.3678529424119,Europa Zachodnia
102,Amsterdam-Einsteinweg,Amsterdam,NL,Holandia,52.381331000231505,4.845232999687698,1.1365993100129077,2.8142906392565212,1.3556363662209447,0.24816918236921273,3.1458101,10.985538,9.299239182692308,17.788226600985222,31.83891252955083,51.39464,11.46485294117647,7.15104296875,38.12818992248062,64.3678529424119,Europa Zachodnia
137,Harrow - Stanmore,Harrow,GB,Wielka Brytania,51.617327,-0.298775,-0.5570745682546895,1.1584962453427008,0.2838955736362052,0.7028813905722484,4.6165986,11.344805,9.568817472919314,13.454607843137254,16.56794661190965,51.39464,11.69357142857143,8.170128309942317,38.12818992248062,64.3678529424119,Europa Zachodnia
141,London Harlington - UKA00472,London,GB,Wielka Brytania,51.48878999962389,-0.44161399993549455,-1.0426877079505754,2.567138824987382,-0.07900783994229836,0.48405043593943026,4.640304,10.705602,6.712802672147996,12.042263959390862,22.03635,47.203900999999995,7.0088445595854925,5.743140794223827,38.12818992248062,56.011541666666666,Europa Zachodnia
146,Southwark - A2 Old Kent Road,Southwark,GB,Wielka Brytania,51.4804994936467,-0.0595528932573422,0.4892156593178024,1.986825586867251,1.0139785617065078,-0.08607120660860468,3.8966086,11.222367,8.494393004115226,18.864187689202826,23.175171026156942,51.39464,9.082284482758622,6.959433198380567,38.12818992248062,64.3678529424119,Europa Zachodnia
147,Greenwich - Eltham,Greenwich,GB,Wielka Brytania,51.45258,0.070766,-2.366964807508328,1.1351398847161855,-1.3521815556519683,0.12200810011152738,10.356227,9.380743,6.4208256880733945,10.693636363636363,9.493051204819277,47.913254437869824,8.52818181818182,5.816173913043478,36.50271186440678,53.954918032786885,Europa Zachodnia
148,Camden - Bloomsbury,Camden,GB,Wielka Brytania,51.52228699999999,-0.125848,-0.5163394828718445,2.423230066631072,-0.12507072424602372,0.030544852601790434,4.7016525,10.61098,7.831634121274409,14.182396359959554,22.426436436436436,47.983887,9.137189189189188,6.174432989690722,40.90587786259542,55.418931297709925,Europa Zachodnia
149,Ealing Horn Lane,London,GB,Wielka Brytania,51.51895,-0.265617,2.3313266504996504,1.1886518636793064,1.6039929254963428,-1.8192302630956492,2.8522298,9.885997,9.568817472919314,28.42384769539078,26.4200702811245,51.39464,11.69357142857143,8.170128309942317,38.12818992248062,64.3678529424119,Europa Zachodnia
150,London Haringey Priory Park South - UKA00568,London,GB,Wielka Brytania,51.58412799971813,-0.1252540000016108,-2.1235790397957484,1.7809726537005195,-0.3334752756861824,0.5217257846661988,10.197767,10.572396,5.976454183266932,10.894466403162056,15.197436419125127,49.61868257261411,6.997096774193548,5.486521739130435,38.192096774193544,59.8592885375494,Europa Zachodnia
151,Tower Hamlets - Mile End Road,Tower Hamlets,GB,Wielka Brytania,51.5225294860844,-0.0421550991900347,-0.5303521809560179,1.759137902130147,0.6488986289819377,-0.10188389934432425,5.152263,11.252352,6.58910593220339,16.909750369800115,21.149839679358717,51.39464,7.084827586206897,6.179438202247192,38.12818992248062,64.3678529424119,Europa Zachodnia
152,Camden - Swiss Cottage,Camden,GB,Wielka Brytania,51.544219,-0.175284,1.3140341539140254,2.985290158157843,1.6664712973193017,-0.03190524249199315,3.0871415,10.955363,9.543244897959182,18.48381763527054,33.053266533066136,51.39464,10.326764705882354,8.533103448275861,38.12818992248062,64.3678529424119,Europa Zachodnia
153,London Hillingdon - UKA00266,London,GB,Wielka Brytania,51.49632999971629,-0.4608609995824734,-0.1907001357094862,3.715235483299797,-1.2853277226610833,-0.24717975546891577,4.6559258,10.229247,6.850980592441267,13.235561172901921,25.04114114114114,37.188550000000006,7.760571428571429,6.120949720670391,33.926313364055304,42.38314606741573,Europa Zachodnia
154,London Marylebone Road - UKA00315,Westminster,GB,Wielka Brytania,51.52252999942243,-0.15461100008049963,2.790702674044162,5.1522464146032805,-1.1648810467664479,-0.9367938534736756,4.3171735,9.953427,10.125990721649483,19.046565656565654,37.64687,29.9411,10.964723926380367,9.21860124610592,25.709251101321588,32.93363636363637,Europa Zachodnia
155,Kensington and Chelsea - North Ken,Kensington and Chelsea,GB,Wielka Brytania,51.5210467476039,-0.213492139585065,-1.7824676330395417,1.3910847617259852,-0.11145972130176547,0.18056883885997424,10.060862,10.080089,7.132634575569358,12.353180428134555,15.050214631685165,52.21214,7.440113636363637,6.09296992481203,42.840042372881356,60.7356862745098,Europa Zachodnia
157,Bexley - Slade Green,Bexley,GB,Wielka Brytania,51.4659832746662,0.184877126994369,-1.5945894041677977,1.2491883808673714,-0.28688642710069207,-0.1088411521452593,9.9449835,9.577209,7.683178534571724,12.96866598778004,15.323236180904523,51.213033033033035,8.264497607655501,6.419740740740741,45.28504273504274,59.53805970149254,Europa Zachodnia
158,London Teddington Bushy Park - UKA00572,London,GB,Wielka Brytania,51.425285999344624,-0.3456059996846904,-1.7958679732864222,1.0565885653884484,-0.07347257556412391,0.3936052897135994,9.746859,10.345352,6.800814249363867,13.049131868131868,14.078098190672772,51.39464,7.6617460317460315,5.977142857142858,38.12818992248062,64.3678529424119,Europa Zachodnia
159,London Westminster - UKA00435,London,GB,Wielka Brytania,51.4946699996591,-0.13193099964204494,-0.40116727937384294,2.1587343184609487,-0.7820757998197637,-1.3274116489304797,5.093039,10.347946,7.470660860655737,16.909750369800115,20.36682779456193,48.560312891113895,7.838260162601626,6.0070958333333335,44.92532786885246,48.48980392156862,Europa Zachodnia
406,Oldbury Birmingham Road - UKA00595,Oldbury,GB,Wielka Brytania,52.50243599946008,-2.0034969995881116,-0.7122868146908585,3.086856287393608,1.0562874327458214,0.5726713609486097,3.5388393,11.386199,6.176461538461539,11.608324873096448,27.67067067067067,51.39464,6.4084,6.27,38.12818992248062,64.3678529424119,Europa Zachodnia
414,Stockton-on-Tees Eaglescliffe - UKA00535,Stockton-on-Tees,GB,Wielka Brytania,54.51666699931385,-1.3585470003707398,-2.1433020310472783,0.35177690060516503,-0.42998879516049676,0.3339845252368413,10.13022,9.724659,7.544471486761711,13.173979716024341,9.6899719,51.39464,6.529460580912863,6.613108870967742,38.12818992248062,64.3678529424119,Europa Zachodnia
698,Southampton Centre - UKA00235,Southampton,GB,Wielka Brytania,50.90813999934531,-1.3957779998162605,-0.5724591505274811,2.6595355059554873,-0.7570604703254531,-0.13495853173770486,4.8385954,10.494203,7.78355759429154,13.429020202020201,22.08457027300303,44.95973973973974,9.035969387755102,6.4467803030303035,38.56805429864253,49.77116104868914,Europa Zachodnia
718,Salford Eccles,Manchester,GB,Wielka Brytania,53.48481,-2.334139,-0.7478479871073671,1.6517896470829374,-0.5284969192916766,-0.6184364050668587,5.0324607,10.468188,8.608391393442623,15.63238866396761,18.519502538071066,50.50487684729064,9.219484536082474,7.022537313432836,43.261250000000004,52.40410447761194,Europa Zachodnia
731,Bristol St Pauls - UKA00494,Bristol,GB,Wielka Brytania,51.46283899958484,-2.584481999960642,-1.6928552237896706,1.4531758810967819,-0.5256115002118605,-0.7059504487195403,10.126003,9.193131,6.832510231923601,14.771604938271604,15.23790948275862,50.42584330794342,7.0544954128440365,6.356640316205533,45.46790322580645,54.38646616541353,Europa Zachodnia
742,York Bootham,York,GB,Wielka Brytania,53.967513,-1.086514,-2.110558305045918,1.0456037168869745,-1.7776010641025584,-0.6957767629338991,10.174763,9.067543,7.343039918116683,14.271807106598985,9.809573158425833,45.99827493261456,7.553031914893618,5.776325757575758,40.55416666666667,49.09662921348314,Europa Zachodnia
762,JAJCE - HARMANI,Jajce,BA,Bośnia i Hercegowina,44.34299999997694,17.26790000027696,-1.877461860254724,-2.774344434819941,3.8031445774894364,3.052967465440491,7.2730575,6.124428,9.568817472919314,11.197732464929858,8.923254473161034,89.12630879948368,11.69357142857143,8.170128309942317,35.09470588235294,103.71951686371256,Europa Środkowa
764,Newport,Newport,GB,Wielka Brytania,51.601203,-2.977281,-1.9928946000411727,0.9874768963522343,-0.16578092126172558,0.4501643540357933,9.969143,10.321986,6.839276985743381,12.909949494949496,12.92991959798995,51.39464,7.502684210526316,5.654701492537313,38.12818992248062,64.3678529424119,Europa Zachodnia
768,Scunthorpe Town - UKA00381,Scunthorpe,GB,Wielka Brytania,53.58633999952715,-0.6368110004351858,-1.3742811183168313,0.17132849930715616,-0.17535720853166994,-0.12422542180736859,8.056758,9.43434,8.214978165938865,16.52447715736041,11.296181818181818,51.39464,9.046129032258065,7.441573033707865,38.12818992248062,64.3678529424119,Europa Zachodnia
794,Storrington Roadside - UKA00548,Storrington,GB,Wielka Brytania,50.9169319993493,-0.4495479995765832,-1.5183940011888375,1.5460502879460754,0.14367109067006453,0.48481908213070085,9.77904,10.534744,6.963626373626374,12.866298342541437,17.893169999999998,51.39464,8.708064516129031,6.034761904761905,38.12818992248062,64.3678529424119,Europa Zachodnia
803,Barnstaple A39,Barnstaple,GB,Wielka Brytania,51.074793,-4.041924,-1.9162734078821841,1.1214032702565362,-0.1477776139096918,0.5540509312980779,9.878421,10.458486,6.7834,12.646089613034622,14.078098190672772,51.39464,8.3926875,5.519484076433121,38.12818992248062,64.3678529424119,Europa Zachodnia
804,Wicken Fen - UKA00362,Wicken Fen,GB,Wielka Brytania,52.298499999747406,0.2909169999720914,-3.6212822884848164,0.13107519744032795,-1.4532931850858688,-0.5901610148571347,11.581571,8.51849,5.7748453608247425,10.638708036622583,5.091277551020409,51.34233935742972,5.7846153846153845,5.241107784431137,47.43636363636364,55.68484848484848,Europa Zachodnia
824,Middlesbrough - UKA00220,Middlesbrough,GB,Wielka Brytania,54.56929699927123,-1.2208739999753224,-2.3292280779936356,1.4245252842468594,-1.2276754445242977,-0.5790596408272037,10.265823,9.053911,5.152774569402228,14.251389452332658,11.973772772772774,48.86067,5.864664893617022,3.8197102473498235,42.48401826484018,52.639700374531834,Europa Zachodnia
865,Chesterfield Roadside,Chesterfield,GB,Wielka Brytania,53.231722,-1.456944,-2.2223102607910996,0.8755743597768247,-0.3824173739245362,0.6681966436154494,10.194351,10.283985,7.007849133537206,11.96789046653144,12.473637,51.39464,7.523061224489796,5.230861423220974,38.12818992248062,64.3678529424119,Europa Zachodnia
938,Nottingham Centre,Nottingham,GB,Wielka Brytania,52.95473,-1.146447,-0.0029437835443167372,1.7160685615556466,-0.5553980155394755,-0.2369700511986192,4.9717865,10.391549,9.82532738095238,15.873136094674557,19.87854862119013,45.184753623188406,10.556666666666667,8.777443181818182,37.43789772727273,51.436136363636365,Europa Zachodnia
946,Port Talbot Margam - UKA00501,Port Talbot,GB,Wielka Brytania,51.58394999974007,-3.770821999891542,-0.48989290632024074,-0.47852493292431225,-0.5151574133702919,-2.8081900004265905,7.158864,9.037334,7.778787878787878,23.82639558232932,10.805661661661661,54.32416416416416,8.211927083333334,7.666587837837838,50.443306451612905,54.00639097744361,Europa Zachodnia
955,Edinburgh St Leonards - UKA00454,Edinburgh,GB,Wielka Brytania,55.94558899935107,-3.182185999735141,-3.402912479497905,1.7311972578038364,-1.3651995123139335,-0.7647864163297304,10.54162,8.801801,4.862244648318043,8.822491353001018,11.920541582150102,51.537349999999996,4.40843137254902,4.348984375,52.91040590405904,47.35962441314554,Europa Północna
968,Inverness - UKA00434,Inverness,GB,Wielka Brytania,57.48130799949637,-4.241450999599163,-3.358489981107697,1.405981147250596,-0.47839329207926906,0.9959949071342378,11.021364,10.161834,4.368304207119741,7.8286172972972965,10.908478723404254,51.39464,4.596106796116505,3.885887640449438,38.12818992248062,64.3678529424119,Europa Północna
1396,Leeds Headingley Kerbside - UKA00527,Leeds,GB,Wielka Brytania,53.819971999290644,-1.5763609997630645,-0.31587029129420197,1.5136141717957448,0.556411872997662,0.11510017033064088,4.8817415,11.152883,8.645158648925282,17.649002016129035,21.283183183183183,51.39464,8.846524064171122,7.1745283018867925,38.12818992248062,64.3678529424119,Europa Zachodnia
1731,Sunderland Wessington Way - UKA00601,Sunderland,GB,Wielka Brytania,54.91838999971223,-1.4083910003788254,-1.3215500518145158,0.902867305274919,0.09640060070191042,-0.12868324585612212,8.5162325,10.572288,6.010313725490197,16.909750369800115,13.993133133133133,51.39464,6.700322580645161,5.5548913043478265,38.12818992248062,64.3678529424119,Europa Zachodnia
1795,St Osyth - UKA00445,St Osyth,GB,Wielka Brytania,51.77797999972355,1.0490309995835538,-3.4777248613233067,-0.42306592027404216,-0.2578592905188376,-0.9380531896972942,10.628413,7.799423,6.750531697341514,11.644409368635438,6.982595141700405,61.15551351351351,7.15751724137931,6.107865497076023,54.72880341880342,67.410152,Europa Zachodnia
2051,Newcastle Centre - UKA00213,Newcastle,GB,Wielka Brytania,54.97824999961563,-1.6105280002846825,-1.8216296675760473,1.839507226409882,-0.9824163350496186,-0.9226121919171346,10.245414,9.026545,6.528866396761134,14.13758807588076,16.53816348195329,48.63075949367089,5.955517241379311,5.912619047619048,44.838857142857144,50.31492537313433,Europa Zachodnia
2278,Biddinghuizen-Kuilweg,Biddinghuizen,NL,Holandia,52.4232,5.59338,-2.0350317673260845,-0.72934692071999,-0.9149153360774577,-0.7124926428907632,9.778079,7.8822303,9.568817472919314,14.475030549898166,7.1431520618556705,54.49906976744186,11.69357142857143,8.170128309942317,47.88388392857143,60.66641509433963,Europa Środkowa
2279,Utrecht-Constant Erzeijstraat,Utrecht,NL,Holandia,52.0677,5.12051,0.09681084946893223,1.018937056073483,0.038882672018179576,-0.16645515182569895,5.578953,10.6828165,9.568817472919314,18.260480081716036,18.626127320954907,48.90460141271443,11.69357142857143,8.170128309942317,38.29017621145375,59.37593984962406,Europa Środkowa
2280,Utrecht-Griftpark,Utrecht,NL,Holandia,52.10132700002691,5.128210999995829,-1.063950963860704,0.018102112632833216,-0.010835999404065013,-0.09713136672855956,8.056646,10.217333,9.011776507276506,16.909750369800115,12.30959550561798,53.997089627391745,11.146313364055299,6.670170634920635,42.714385964912275,64.37481203007519,Europa Środkowa
2281,Breukelen-Snelweg,Nieuwersluis,NL,Holandia,52.201506000025724,4.9873669996480725,-0.340164324884318,1.4146193677225611,-0.4693061501385083,-0.1705442499775493,5.2687364,10.537459,9.171604119464469,16.188970438328237,17.82950704225352,47.566028282828285,11.786514018691587,6.661814559386973,38.69272246696035,54.93901515151515,Europa Zachodnia
2282,Exeter Roadside - UKA00263,Exeter,GB,Wielka Brytania,50.72508299974233,-3.5324649995952093,0.010545464105209996,1.2235697495548443,-0.5970418859791722,-0.46609609515155126,5.101409,10.401708,9.568817472919314,16.909750369800115,18.526032085561496,47.15867272727272,11.69357142857143,8.170128309942317,40.924558823529416,52.709623430962345,Europa Zachodnia
2283,Velsen-Staalstraat,Velsen-Noord,NL,Holandia,52.47440000016803,4.628800000144586,-0.7607756645210378,0.2624917592161256,-0.11201307751425361,0.2508056406238364,7.5220532,10.007538,10.08291169451074,15.363717339667458,14.078098190672772,51.39464,11.777028985507247,8.441603053435113,38.12818992248062,64.3678529424119,Europa Zachodnia
2285,Wijnandsrade-Opfergeltstraat,Wijnandsrade,NL,Holandia,50.90232499993781,5.881694999987935,-1.635317639564845,-0.7476692023618864,-1.287860402722908,-0.6420507354505369,8.916028,8.117498,9.568817472919314,15.960910931174089,6.764652631578947,49.589424974823764,11.69357142857143,8.170128309942317,41.19513725490196,57.362500000000004,Europa Środkowa
2286,Manchester Sharston - UKA00617,Manchester,GB,Wielka Brytania,53.37130599925776,-2.2392179996844,-2.1067950252588146,1.666137397491694,-0.8246299980804151,-0.4173392457381476,10.183151,9.076651,6.4142222222222225,11.41203821656051,14.464777777777776,49.87621,6.075806451612903,6.327346938775511,43.453125,53.316104868913854,Europa Zachodnia
2288,Breda-Tilburgseweg,Breda,NL,Holandia,51.5935,4.82494,0.20350420301614358,1.4083895660481374,0.6653046763760826,-0.11105757429149048,5.101706,11.110885,8.722516597510372,19.198831967213117,20.852445520581114,51.39464,9.989300469483569,7.097358490566037,38.12818992248062,64.3678529424119,Europa Zachodnia
2290,Valthermond-Noorderdiep,Valthermond,NL,Holandia,52.8757,6.93243,-2.301118105771724,-0.8113716605914812,-1.2225628011751744,-0.761333645687551,9.834336,7.8280716,9.568817472919314,13.662157721796275,6.5917318435754195,54.29717557251909,11.69357142857143,8.170128309942317,48.409492385786805,58.012213740458016,Europa Środkowa
2292,Breda-Bastenakenstraat,Breda,NL,Holandia,51.6031,4.78102,-0.1870044406279714,0.2213887514032089,0.18187080558607738,-0.34637631671060215,6.3856835,10.168548,8.49705430463576,22.033880208333333,13.828808290155441,50.7064631043257,10.239825870646765,6.625099415204678,40.877272727272725,63.04482758620689,Europa Zachodnia
2298,Groningen-Nijensteinheerd,Groningen,NL,Holandia,53.2465,6.60894,-2.560182813508578,-0.7454630234889352,-0.7511673491762948,-1.0568267342800863,10.8243475,7.9524565,6.732222399150743,16.909750369800115,5.803401785714286,56.18978851963746,7.9954494949494945,4.962709433962264,48.382236842105264,63.335094339622636,Europa Środkowa
2305,Amsterdam-Spaarnwoude,Halfweg NH,NL,Holandia,52.398436999986856,4.728581000047177,-1.1492576877064147,0.5212016981880303,-0.19693413111889788,0.40759282944537084,8.456913,10.303744,8.54304347826087,14.643225806451612,13.371833333333333,51.39464,10.992364864864864,6.599166666666667,38.12818992248062,64.3678529424119,Europa Zachodnia
2306,Eindhoven-Noordbrabantlaan,Eindhoven,NL,Holandia,51.444157000105974,5.444832999870534,0.023044575726270423,0.7487407948458323,0.38684465548505415,-0.15047954771923108,5.924961,10.788513,9.568817472919314,18.724831115660184,18.280487106017194,51.39464,11.69357142857143,8.170128309942317,38.12818992248062,64.3678529424119,Europa Środkowa
2307,Velsen-Reijndersweg,Velsen-Noord,NL,Holandia,52.47887099977227,4.579342999750791,0.5354646113384808,-0.47445086698892724,-0.028674622705900037,-0.43012069736253844,6.113167,9.779984,11.381660561660562,22.473253588516744,14.078098190672772,51.39464,14.220866666666668,8.269576923076924,38.12818992248062,64.3678529424119,Europa Zachodnia
2314,Nijmegen-Ruyterstraat,Nijmegen,NL,Holandia,51.83822100017563,5.8569380002894915,-0.7530872923326051,0.3945025197554618,-0.06876705526308385,-0.124722782236555,7.920657,10.290067,8.94785889570552,16.909750369800115,14.350205128205127,51.91458585858586,10.36870093457944,7.245757575757576,40.65947368421053,62.52992424242425,Europa Środkowa
2316,Rotterdam Noord-Statenweg,Rotterdam,NL,Holandia,51.92711100016451,4.461343999697929,0.6688282846973789,2.6851541072722593,-0.43852947332070547,0.33614939712217845,4.587854,10.077506,9.065647509578545,16.55882258064516,26.17859929078014,44.148097484276725,12.81725,5.803948453608247,29.184954954954957,54.080219780219785,Europa Zachodnia
2321,Hoogvliet-Leemkuil,Hoogvliet,NL,Holandia,51.867411000019175,4.355241999807056,-0.11371546307205371,1.5626460954862418,-0.23753036243929507,-0.2724083509914604,5.062684,10.560291,8.462773437500001,17.149868263473053,19.64322235434007,49.006861575178995,11.396071428571428,6.784010989010989,39.94406015037594,55.816602316602314,Europa Zachodnia
2324,Rotterdam Zuid-Pleinweg,Rotterdam,NL,Holandia,51.89114700019903,4.480689999977426,0.9149342555208183,2.377513345839968,1.120488312202475,0.25592560477532833,3.2483008,11.073006,9.404168674698795,17.824909963985593,28.53019002375297,51.39464,11.878125,7.295343511450382,38.12818992248062,64.3678529424119,Europa Zachodnia
2659,ES1697A,Gipuzkoa,ES,Hiszpania,43.309444439464,-2.01111111,-1.2088904295327738,0.7948235929005797,-1.0749835297337107,0.6336748658901691,6.8464746,8.414541,8.500122699386504,12.428341085271317,11.091330792682928,45.383763277693475,8.669,9.391272727272726,35.72762195121951,45.468639053254435,Europa Zachodnia
2669,München/Stachus,München,DE,Niemcy,48.13725200011463,11.564923999614544,0.6632754441189709,1.616448539405501,0.3884480435398897,0.49216012187433006,4.698135,8.6984005,9.8055,16.12050454086781,24.385602409638555,44.904344344344345,10.633286956521738,9.686639846743295,33.67643776824034,60.746283524904214,Europa Środkowa
2672,Chambéry Trafic,CHAMBÉRY,FR,Francja,45.56942999992958,5.932985999967472,-0.48979646547493794,1.212922216915078,0.23065541752900257,0.8046224763269211,4.6335554,11.301068,9.568817472919314,12.022824795081966,19.1,51.39464,11.69357142857143,8.170128309942317,38.12818992248062,64.3678529424119,Europa Środkowa
2676,Drôme Rurale Sud-SND,SAINT-NAZAIRE-LE-DÉSERT,FR,Francja,44.5694430002562,5.27897200043165,-4.4818538262331025,-1.0096237096488436,-0.3072292703354637,0.3215976302975504,10.291533,7.2057314,4.808797786720322,7.702675510204082,1.3255214285714285,58.529529529529526,4.158793991416309,6.22767716535433,46.088839285714286,72.02916666666667,Europa Środkowa
2678,Valence Périurb. Sud,PORTES-LÈS-VALENCE,FR,Francja,44.87024300025047,4.876288999633118,-1.2103698147352295,-0.6593461391447688,0.9826349279815433,1.5740692638915015,6.7552934,6.523189,9.568817472919314,14.188657616892911,11.299718875502009,56.91002006018054,11.69357142857143,8.170128309942317,32.556936936936935,79.21412213740457,Europa Zachodnia
2679,SAINT ETIENNE SUD,SAINT-ÉTIENNE,FR,Francja,45.420089999725384,4.395422000345383,-1.1093378270449374,0.4618352426821471,0.43161780864363053,0.798836298768244,6.6790986,7.4535847,8.019587525150905,13.270825780463243,13.558393574297188,53.736746746746746,9.922568181818182,7.618458646616541,35.21986111111111,68.59701492537313,Europa Zachodnia
2680,Lyon Périphérique,VILLEURBANNE,FR,Francja,45.774819999808635,4.898572000411539,3.095478402333197,4.061845375155577,2.4713422744554934,-0.26008715453860337,1.9656087,9.954166,9.568817472919314,20.88747210743802,43.06792585170341,51.39464,11.69357142857143,8.170128309942317,38.12818992248062,64.3678529424119,Europa Zachodnia
2681,Place de l'Opéra,PARIS 2E ARRONDISSEMENT,FR,Francja,48.8702740002815,2.332500000221789,1.9289981444527915,2.554883134844372,1.6415696838236127,-0.5037016817340212,2.8571355,10.735138,9.568817472919314,21.390730964467004,34.283417338709675,51.39464,11.69357142857143,8.170128309942317,38.12818992248062,64.3678529424119,Europa Zachodnia
2684,NET-FR058A,ATMO NOUVELLE-AQUITAINE,FR,Francja,46.143173,-0.396042,-3.385066791086778,-1.2044869634635975,-0.9820758748055869,-0.5296623145659268,10.525953,7.6047378,7.155269286754003,12.864691535150646,2.177047033285094,56.709219858156025,8.956627906976744,5.990561797752808,46.83005464480874,64.80112359550562,Europa Zachodnia
2686,Aytré,AYTRÉ,FR,Francja,46.135136000077324,-1.1170860000692169,-1.9785967342957511,-1.3672941577990374,-0.2963511196442403,-0.355951820358513,9.349281,7.1705117,9.568817472919314,16.39825282631038,6.133878172588832,59.98668668668668,11.69357142857143,8.170128309942317,46.365450450450446,66.29011406844106,Europa Zachodnia
2688,FR32005,Saône-et-Loire,FR,Francja,46.6666401423631,4.36666568034079,-2.2409744830513385,0.46781525494747056,0.025877127284228845,1.115826679338746,10.126855,10.331728,6.814082474226804,11.418795888399412,11.874777448071217,52.48701337295691,9.039970238095238,5.601564245810056,36.163258426966294,71.38156424581005,Europa Zachodnia
2690,St Germain/Rhône,SAINT-GERMAIN-SUR-RHÔNE,FR,Francja,46.072224000206376,5.820833000425056,-3.297895146119189,-1.4303432122563975,0.6351848889462237,1.3076317866987073,10.098137,6.7146583,6.871753292806485,10.092332661290321,3.942114402451481,60.096836836836836,8.560041666666667,6.79856,42.74861660079051,80.92423076923076,Europa Środkowa
2693,Montbéliard centre,MONTBÉLIARD,FR,Francja,47.5103069998648,6.793999999555329,-1.0774795566704085,0.6375789609805198,-0.4885771956613753,1.243141504977307,8.710463,10.198819,8.603356297093649,12.403104925053533,14.32850683491062,49.07310776942356,13.826492610837438,6.173234200743494,35.03502762430939,61.992916666666666,Europa Środkowa
2695,St Omer Ribot,SAINT-OMER,FR,Francja,50.74823000023542,2.2597799999566677,-1.172810607456359,-0.21667460880349307,-1.0865982645408891,-0.28271185977343477,8.405194,8.305058,9.568817472919314,15.319817813765182,9.803987421383649,49.27283626373627,11.69357142857143,8.170128309942317,40.22116990291262,58.543820224719106,Europa Zachodnia
2696,LYON Centre,LYON 3E ARRONDISSEMENT,FR,Francja,45.757731999933235,4.854214000165473,0.22761275459040792,0.6108907380925657,0.4671139060625756,1.03430300887799,5.673661,7.6360106,9.298008171603676,16.92528992878942,16.639508032128514,49.39590772316951,12.537920792079207,7.8876691729323305,27.17626728110599,69.0063670411985,Europa Zachodnia
2699,FR30036,Meurthe-et-Moselle,FR,Francja,48.6963231696882,6.14612046034746,-0.23311119532278654,0.5817470984648692,0.22813364214326715,-0.0037680724086260517,6.546069,10.730466,9.567287630402385,16.909750369800115,17.67049926578561,51.39464,10.466411764705882,8.790119760479042,38.12818992248062,64.3678529424119,Europa Środkowa
2702,Saint Brieuc Balzac,SAINT-BRIEUC,FR,Francja,48.51351000028169,-2.7495299998128857,-3.024077329618997,-0.23339585010702585,-1.1802979418759139,-1.1274162293368426,11.031777,8.054794,6.359349524815206,13.963857290589452,6.4050087051142555,55.70715336134454,7.659668246445498,5.22422641509434,50.2327619047619,57.118395522388056,Europa Zachodnia
2704,Saint-Lô Eglise,SAINT-LÔ,FR,Francja,49.11639000009266,-1.084722000069518,-2.0948793812618622,-0.9256074499170556,-0.6477320676473804,-0.6294736284297012,9.740086,7.667647,9.568817472919314,14.257327935222673,7.450030272452068,56.90263263263264,11.69357142857143,8.170128309942317,49.27422310756972,62.076492537313435,Europa Zachodnia
2707,Evreux Centre,ÉVREUX,FR,Francja,49.02133999977332,1.1483189995666427,-2.0879114573036843,0.2737723330427686,-0.5914567934876096,0.17645089249852047,10.162876,9.5274315,7.5885991820040894,12.153046558704453,10.333543346774194,52.03553106212425,10.023982300884956,6.338148148148148,43.06485232067511,60.743199999999995,Europa Zachodnia
2708,Alençon Météo-France,CERISÉ,FR,Francja,48.445553000017455,0.11083299979257102,-2.879131650549151,-0.2771014514810449,-0.8096649423564196,0.016327584609519847,10.632359,8.398982,7.523775303643724,10.917825203252033,7.054251515151515,55.07948948948949,9.797543103448277,6.042,45.9513671875,63.48283582089553,Europa Zachodnia
2714,FR07039,,FR,Francja,45.7747754785278,3.06296765795665,-0.33528741483313806,1.4459387128160603,0.4291686347973429,0.5434668203686611,4.6531386,11.269895,9.568817472919314,13.138352272727273,19.820592592592593,51.39464,11.69357142857143,8.170128309942317,38.12818992248062,64.3678529424119,Europa Zachodnia
2715,C.C.3 Frontières,VILLAGE-NEUF,FR,Francja,47.59491299999957,7.568174999691131,-0.5093041982153746,0.47542921462839477,0.01905833056462514,0.2546384104894455,6.9788733,10.540957,9.568817472919314,16.000934844192635,15.852489959839357,51.39464,11.69357142857143,8.170128309942317,38.12818992248062,64.3678529424119,Europa Środkowa
2719,FR03064,Var,FR,Francja,43.1322279826256,5.99220311956643,-0.840116400791084,0.010138566564416975,0.7603391999130561,0.2931567097546113,7.0660124,7.347904,7.899032258064516,16.909750369800115,14.078098190672772,58.502650602409645,11.77977777777778,7.886222222222222,35.119220779220775,72.29333333333332,Europa Środkowa
2720,Montpellier Prés d'Arènes,MONTPELLIER,FR,Francja,43.591500000324274,3.886809999908339,-0.7126899245172692,0.10766376415133465,0.45160595719684093,0.18869789947800808,7.2180247,7.4987383,8.759920362903227,15.522798395185557,14.13154078549849,56.0306006006006,11.863331896551724,7.814346153846154,37.94838427947598,70.38320610687023,Europa Zachodnia
2721,NET.10,Umweltbundesamt,AT,Austria,47.83861109946592,14.441388889,-5.672907171064647,-1.3386374518727344,0.8558103612681668,-0.2286929492111307,10.782718,6.5799785,3.7529264069264068,5.905518731988473,2.696892018779343,71.67931185944363,2.6590494505494506,4.433551515151516,64.26267759562842,82.7469512195122,Europa Środkowa
2725,AT0KLH1,Steiermark,AT,Austria,46.7527527861509,15.9566845602866,-2.083938009811917,-0.8550253477532362,-0.9800680890259238,0.4057925586677672,8.649722,8.686619,9.568817472919314,12.958981900452489,6.288816860465117,51.39464,11.69357142857143,8.170128309942317,38.12818992248062,64.3678529424119,Europa Środkowa
2727,ERANDIO,ERANDIO,ES,Hiszpania,43.30268000004976,-2.9772400002751915,-0.00808035901276803,1.0170330084599737,0.5983306950821228,-0.2780469950764193,5.918394,10.951042,8.356915492957746,16.577707910750508,18.90548548548549,51.39464,8.202801418439716,9.118360465116279,38.12818992248062,64.3678529424119,Europa Zachodnia
2728,ES1598A,Bizkaia,ES,Hiszpania,43.2130555494641,-3.13444444,-0.7061798223800035,-0.05471122504527205,-2.157513003638375,0.3326881758482491,6.8536406,8.429648,9.948801261829653,14.559284603421464,7.213698924731183,39.853100303951365,11.117865853658536,11.420272108843537,28.990658682634727,41.13818181818182,Europa Zachodnia
2729,ES0587A,Bizkaia,ES,Hiszpania,43.320833329464,-3.11305555,-2.6333951507471456,-0.47804002221435726,-1.3824973785151857,-0.3292181283804788,10.064679,7.6279883,9.568817472919314,10.264115805946792,6.294671755725191,54.63528963414634,11.69357142857143,8.170128309942317,50.099382716049384,50.705988023952095,Europa Zachodnia
2730,ES1494A,Gipuzkoa,ES,Hiszpania,43.322777769464,-1.96027777,-0.10159540647914996,1.051770729590208,0.6829821394338659,-0.7293967285590409,6.170526,10.787593,6.971532724505327,20.470246153846155,17.97767267267267,51.39464,7.286567073170732,7.020714285714286,38.12818992248062,64.3678529424119,Europa Zachodnia
2731,ES1349A,Araba/Álava,ES,Hiszpania,43.1444444394642,-2.9633333300000007,0.10950603213050004,1.5007340949656642,-1.9027589492937576,-0.17333797776874219,6.3353653,8.801559,9.525351681957186,15.416380368098158,14.758714069591528,36.647003012048195,9.247499999999999,10.230243902439025,29.809096385542173,36.88767857142857,Europa Zachodnia
2732,ES1499A,Gipuzkoa,ES,Hiszpania,43.0483333294643,-2.19111111,-1.2474031536887045,0.5822060685390607,-0.07147321660160928,0.20737927849416093,8.315838,10.286259,7.485189735614307,15.773076923076923,13.135631659056317,51.39464,8.441456953642385,6.988766467065869,38.12818992248062,64.3678529424119,Europa Zachodnia
2733,ES1501A,Gipuzkoa,ES,Hiszpania,43.1799999994641,-2.26805555,-1.5639700009663742,1.0031499211213506,-2.0181449955572694,0.17910290883414456,6.8630695,8.561287,8.193433734939758,12.819878048780488,9.298093333333332,41.86219402985074,9.084204545454545,7.684939759036145,32.96953488372093,42.076190476190476,Europa Zachodnia
2734,ES1492A,Araba/Álava,ES,Hiszpania,42.8555555494646,-2.66805555,-0.8893199374908066,0.3642181918464317,-0.09112158199995092,0.689410612694091,7.412577,10.20466,10.51897435897436,10.72553516819572,13.764969696969695,51.39464,10.802048192771085,10.621796407185629,38.12818992248062,64.3678529424119,Europa Zachodnia
2736,ES1713A,Bizkaia,ES,Hiszpania,43.2549999994641,-2.90222222,1.1668059632606782,1.4823463102036731,-0.43412403346899664,0.3710640193609584,4.661924,9.945466,10.73830220713073,16.780065789473685,20.585497553017944,42.34395121951219,9.847730061349694,11.270902255639097,34.274146341463414,44.38676470588236,Europa Zachodnia
2738,ES1544A,Araba/Álava,ES,Hiszpania,42.8491666594646,-2.47722222,-2.3688365348372415,-0.03630666917547591,-0.11354176455278571,0.02056011182103493,9.906945,9.055067,7.36179963898917,11.642896341463414,8.806105504587157,56.069970059880234,7.142737288135593,7.823613095238095,44.48575581395349,59.77117647058824,Europa Zachodnia
2740,ES1595A,Bizkaia,ES,Hiszpania,43.29833332946399,-2.93027777,-0.32224179088780214,0.6534170417013426,0.2849294292853731,0.18514570592439636,7.1959367,10.388254,9.691919083969466,14.13304747320061,16.441396054628225,51.39464,9.497256097560975,10.40739393939394,38.12818992248062,64.3678529424119,Europa Zachodnia
2741,ES0805A,Bizkaia,ES,Hiszpania,43.2411111094641,-2.88416666,0.45274469509615456,0.7009452574333043,0.6605589740680877,-0.6110393719349999,5.8290663,10.853039,9.539120234604106,20.19873417721519,18.719932812499998,51.39464,8.187415730337078,9.53448275862069,38.12818992248062,64.3678529424119,Europa Zachodnia
2742,CONSTITUCIÓN,GIJÓN,ES,Hiszpania,43.529900000007785,-5.6734999998595255,1.2667106968862905,0.726787133559505,0.337354771214233,-0.888471120179368,3.6326177,10.116637,10.545185929648241,24.73643504531722,19.004784784784782,49.44359719438878,12.909471544715448,9.122878787878788,40.630840336134455,53.09423076923077,Europa Zachodnia
2746,NET.04,Amt der Oberösterreichischen Landesregierung,AT,Austria,48.22527779946668,14.238888890000002,0.22655893651328274,0.6167153949540813,-0.0582818043366573,1.809666117731726,5.2958546,7.825344,11.543968526466381,15.088818311874107,17.46063559322034,45.66733850493653,15.638173410404624,7.843743016759777,28.96045355191257,65.82787709497207,Europa Środkowa
2748,NET.04,Amt der Oberösterreichischen Landesregierung,AT,Austria,48.16499999946656,14.035556000000001,-0.014199630245423877,0.8350507523433038,0.40496485407661126,1.8277060715499405,5.468749,7.624145,10.131604255319148,15.493055162659124,17.603215297450426,46.50359773371105,12.990033519553071,7.076256983240224,30.067292817679558,67.98337078651686,Europa Środkowa
2752,Wiener Neustadt,2700 Wiener Neustadt,AT,Austria,47.814166999937704,16.254999999598795,-1.391307275508753,-0.7182604989816849,1.307890339095372,1.3522676736261698,6.839387,6.5392194,9.568817472919314,14.218809283551968,11.953544176706826,58.70238190954774,11.69357142857143,8.170128309942317,41.65052208835341,79.64291338582677,Europa Środkowa
2757,NET.04,Amt der Oberösterreichischen Landesregierung,AT,Austria,48.27444444346679,14.314722200000002,0.986511591638811,1.0604129975475272,0.1499003567772835,1.6505260980749006,4.976924,8.048228,12.012879603399435,17.154101838755306,22.04205091937765,44.10108603667137,15.960955801104973,8.164972067039105,27.765245901639343,64.36089385474861,Europa Środkowa
2758,Enns Kristein - A1 Westautobahn,4470 Enns,AT,Austria,48.209443999983016,14.436944000080794,0.4906112311188344,1.53534997373247,0.568870761646459,0.35507720852390773,3.7029784,10.951904,10.426245197740114,15.85385135135135,25.99125,51.39464,14.649737623762375,7.923515625,38.12818992248062,64.3678529424119,Europa Środkowa
2761,Mürzzuschlag Roseggerpark,8680 Mürzzuschlag,AT,Austria,47.604721999960276,15.673056000049757,-0.7294195756677071,0.4847148608764938,-0.6424326633320471,1.1372281021596768,6.624269,8.020372,9.568817472919314,14.801229838709677,12.10324949698189,44.77773556231003,11.69357142857143,8.170128309942317,31.99336614173228,58.892913385826766,Europa Środkowa
2764,Grünbach bei Freistadt,4264 Grünbach,AT,Austria,48.53110999980738,14.574722000058197,-4.8582337858245515,-1.9996925839344124,1.6593982908991436,0.23396179624852192,10.534584,6.150263,6.2814139676113365,8.606749492900608,3.357471659919028,74.89427710843373,5.872729411764706,5.8512329317269085,61.179607843137255,91.04016064257029,Europa Środkowa
2766,Liezen Pyhrnbach,8940 Liezen,AT,Austria,47.56543899973233,14.244675999684107,-0.8070772559668197,0.5397092360989638,-0.6934186704979848,1.3164785307545688,6.5846586,7.986205,9.568817472919314,13.8569898989899,10.959230150753768,44.862469879518066,11.69357142857143,8.170128309942317,30.828837209302325,58.99251968503937,Europa Środkowa
2770,Bruck an der Mur Flurgasse,8600 Bruck an der Mur,AT,Austria,47.40944299996983,15.253333000357205,-0.8009521546429812,-0.15310611694243753,-0.2885314105466091,0.18396306902878748,7.690065,9.82192,9.568817472919314,17.05889224572004,11.282639839034205,51.39464,11.69357142857143,8.170128309942317,38.12818992248062,64.3678529424119,Europa Środkowa
2773,NET.03,Amt der Niederösterreichischen Landesregierung,AT,Austria,48.08388888835528,16.33027777777778,-0.4662784090080012,0.6882664503564502,-0.06550319293161838,0.4529466598119091,8.432648,10.547028,9.37372778561354,16.43867418899859,16.582169014084506,51.39464,12.33560655737705,5.8036312849162,38.12818992248062,64.3678529424119,Europa Środkowa
2899,AT10003,Burgenland,SK,Słowacja,48.1094443994665,17.0713889,-0.8653333557018851,-0.6273495292519524,0.724081414317526,0.5128734288904218,6.763768,6.9430976,9.568817472919314,17.3081884057971,11.451706970128024,55.99768901569187,11.69357142857143,8.170128309942317,38.3947191011236,72.86888888888889,Europa Środkowa
2914,AVENIDA JUAN XXIII,MÁLAGA,ES,Hiszpania,36.70729999972174,-4.446000000297394,2.940499501825737,1.7806299538310622,1.899257383300373,-1.6999441583200103,2.6178617,9.91713,9.568817472919314,28.847314343845373,31.52287287287287,51.39464,11.69357142857143,8.170128309942317,38.12818992248062,64.3678529424119,Europa Południowo-Zachodnia
2915,Lazaropole,None,MK,Macedonia Północna,41.535829999785626,20.698900000171665,-3.557162043019669,-0.4029217305703399,0.5256000974073592,-0.629651048075251,9.93697,7.382876,4.654961538461539,9.130855450236966,4.725297429906542,60.19922363847045,4.6212,8.170128309942317,59.82631578947369,63.4844262295082,Europa Południowa
2916,Hagen Graf-von-Galen-Ring,Hagen,DE,Niemcy,51.36281799989878,7.463549999908939,0.43290176577281153,1.8735585506467431,0.8551564655159886,0.18572387945381663,3.3249865,10.988829,9.976745283018868,15.485530660377359,27.361251461988303,51.39464,11.350294117647058,8.906548672566371,38.12818992248062,64.3678529424119,Europa Środkowa
2918,Kumanovo,None,MK,Macedonia Północna,42.13555999972074,21.71473999992518,7.786597370265005,-1.2745091308337226,-4.2825530616793275,1.6898198686173516,0.60018474,7.6112304,27.91873949579832,32.14126815642458,22.915040935672515,22.894750585480093,46.91875,9.766153846153845,10.197583690987123,38.11386178861789,Europa Wschodnia
2919,Gazi Baba,None,MK,Macedonia Północna,42.003610000119245,21.463620000176764,3.356176255749916,-2.5624107928246325,0.5106092327590951,2.1210800459499115,2.1279774,7.083425,14.6358,28.955581395348837,8.471572805139186,45.103641304347825,28.477117647058822,10.29940119760479,17.84540322580645,76.69682634730539,Europa Wschodnia
2920,ES1867A,A Coruña,ES,Hiszpania,43.48055554946381,-8.24138888,-2.457944492293876,1.1842208664288079,-1.5088013791797947,-0.15869466802022128,10.354588,8.987645,6.620034904013962,11.816349206349207,9.547110332749561,50.56351211072664,8.354124293785311,4.45056,46.05301675977653,45.91811023622048,Europa Zachodnia
2922,PUYO,DONOSTIA-SAN SEBASTIÁN,ES,Hiszpania,43.302777770142654,-1.9844444402843806,-2.4468496186126267,0.7040196025149774,-0.9646519657099085,-0.9693583519806354,10.180084,8.8541,5.895340753424658,11.503752151462995,10.695344070278185,52.652252747252746,6.098083333333333,7.165130681818183,49.971333333333334,50.862096774193546,Europa Zachodnia
2923,ALAGÓN,ALAGÓN,ES,Hiszpania,41.76279999970938,-1.1432999997848563,-0.5303317763874691,0.0722748116445317,-0.19742786682316568,0.3714283167154339,7.37415,9.586439,9.568817472919314,16.909750369800115,13.288952668680766,49.94713139418255,11.69357142857143,8.170128309942317,34.686764705882354,63.31015625,Europa Południowo-Zachodnia
2924,MEDINA DE POMAR,MEDINA DE POMAR,ES,Hiszpania,42.95190000018525,-3.47530000041445,-2.8986491999729393,-1.727243292224129,-1.0947516800158639,-0.8486513906871826,9.705162,7.3840714,9.568817472919314,12.045098901098902,2.4286331658291456,58.28974248927039,11.69357142857143,8.170128309942317,50.01227941176471,62.05363636363636,Europa Zachodnia
2925,SORIA,SORIA,ES,Hiszpania,41.76669999991624,-2.4666999996427585,-1.0597452850364972,0.7452132251444803,1.1288455065807759,-0.951105693280748,6.0302014,11.022178,6.440777777777777,13.481977107180022,17.377915831663326,59.24799176107106,5.7701086956521745,9.828863636363637,48.54832214765101,68.53013698630137,Europa Południowo-Zachodnia
2926,MONFRAGÜE,TORIL,ES,Hiszpania,39.84916999982423,-5.93972000040763,-2.578876077875223,-1.871654553984936,0.26871222233525494,0.4127884829120695,8.388915,6.1781526,9.568817472919314,11.311029561671765,3.1253384146341463,60.09186186186186,11.69357142857143,8.170128309942317,41.068875000000006,78.31467181467181,Europa Południowo-Zachodnia
2927,LARIO,BURÓN,ES,Hiszpania,43.04140000012391,-5.08970000008512,-3.531245081974208,-1.0755868044544052,-1.6826588048812894,-0.39226637957003185,9.997575,7.624116,9.568817472919314,7.1542540322580646,3.020301204819277,56.46441207075963,11.69357142857143,8.170128309942317,55.40620155038759,51.25168181818182,Europa Zachodnia
2928,ZAGREB-3,Zagreb,HR,Chorwacja,45.76494722249051,16.00646944486083,4.508482925802378,0.9451051337260944,1.2066525935747485,-0.8666683947597035,3.2881687,8.948725,9.568817472919314,35.5320479704797,26.393159478435305,42.26765339074274,11.69357142857143,8.170128309942317,22.536262135922332,61.80019379844961,Europa Środkowa
2930,Ostrava-Zabreh,Ostrava,CZ,Czechy,49.796039581162525,18.247180938620843,1.1798644777182041,-1.1758078842663644,-0.1546015808717183,-0.15320895858367609,3.070336,6.72467,15.485561224489796,20.887122448979593,14.078098190672772,51.39464,16.203467741935484,12.31527027027027,38.12818992248062,64.3678529424119,Europa Środkowa
2931,Lappeenrannan keskusta 4,Lappeenranta,FI,Finlandia,61.0557600001088,28.184310000361407,-2.410316049867242,-0.32613445683198655,-0.9324375860750702,0.9255402403228977,8.746393,9.139252,9.568817472919314,9.147520491803279,7.389451318458418,51.39464,11.69357142857143,8.170128309942317,38.12818992248062,64.3678529424119,Europa Północna
2935,Spremberg,Spremberg,DE,Niemcy,51.564499999956375,14.376399999636918,-1.9653834286448746,-0.6705403778599673,-0.9508311064412357,0.28639831692465767,8.696767,8.540305,9.382083333333332,13.892616632860042,6.643772635814889,48.635360000000006,10.722307692307693,7.969230769230769,39.33789256198347,62.891623036649214,Europa Środkowa
2936,Stuttgart-Bad Cannstatt,Stuttgart,DE,Niemcy,48.808799999840296,9.229745000433322,0.16007299945674755,1.2408500301287717,0.40010530371095937,1.555279360909473,5.2355714,7.9725304,9.496097165991904,14.20366026289181,19.319997995991983,44.518522483940046,11.62152888888889,8.36665306122449,31.348525423728816,64.29933962264151,Europa Środkowa
2941,Frankfurt (Oder),Frankfurt (Oder),DE,Niemcy,52.33468,14.525960000148581,-2.03289423420542,-0.6481485418491107,-0.15299652939663178,0.4795543533151898,8.525682,8.627943,8.995842696629214,13.309918450560653,8.796760563380282,54.009015486725666,10.148961038961039,7.546138211382114,41.289032258064516,69.71595744680852,Europa Środkowa
2942,43H201 - LIEGE,Saint-Nicolas,BE,Belgia,50.624991569679906,5.547464182591416,-1.5111656776618057,0.8176138279169373,-0.2945531118708195,0.6038241237477703,9.215329,10.586347,6.47746942482341,12.625606143001006,14.078098190672772,51.39464,8.172908267716537,4.738392996108949,38.12818992248062,64.3678529424119,Europa Środkowa
2943,43R221 - LIEGE,Herstal,BE,Belgia,50.65844441760887,5.627835290438242,-0.8734736621317314,1.197788560562037,-0.7009507221830172,0.28736884086277975,8.759334,10.566075,6.743251059535822,14.130484004024146,15.350910010111223,45.28550100200401,8.261356451612905,5.236665369649806,37.18402702702703,56.33818897637795,Europa Środkowa
2947,Leiret,Elverum,NO,Norwegia,60.88364255000167,11.559300630377594,-1.2430933888188977,1.3233840766066653,-0.09301942505843092,0.9989557009299748,9.846272,11.007915,6.090144777662875,14.001280575539568,13.78025364431487,51.39464,9.457752631578947,4.068996254681648,38.12818992248062,64.3678529424119,Europa Północna
2948,NET.DE_RP,Margit von Döhren,DE,Niemcy,49.62869999999999,8.3649,1.1503170827853584,0.4213063458911062,0.8356395616535945,0.9350589966361306,4.8768206,7.212245,10.913251533742333,18.22151702786378,18.84498480243161,46.72552,13.084408602150537,10.499285714285715,30.530824742268045,68.70434782608696,Europa Środkowa
2949,Jüchen-Hochneukirch,Jüchen,DE,Niemcy,51.09763799992601,6.46946300030611,-0.833283372235964,-0.017387361863917525,-0.1337658166745481,-0.2064717608555714,7.681097,9.6069765,8.699420035149386,17.258489583333336,11.921724137931035,51.39464,11.01086956521739,7.746885245901639,38.12818992248062,64.3678529424119,Europa Środkowa
2950,Keskusta Pitkänsillankatu,Kokkola,FI,Finlandia,63.8376399994767,23.131599999697386,-2.436148758762644,-0.358171844173208,-0.9649298491322895,0.9586538807422257,8.778871,9.124672,9.568817472919314,8.92369170984456,7.329473684210527,51.39464,11.69357142857143,8.170128309942317,38.12818992248062,64.3678529424119,Europa Północna
2953,DK0012R,Sjælland,DK,Dania,55.6941046893584,12.0886287783964,-3.3117194429289962,-1.606443664398128,-0.1975032316964818,-0.4812490995645671,9.835529,7.066136,9.568817472919314,11.078013355592654,4.799022488755622,63.77276785714286,11.69357142857143,8.170128309942317,55.372727272727275,72.3967320261438,Europa Północna
2955,"""Århus/6153""",Aarhus,DK,Dania,56.15055846999699,10.200841900263304,-0.46036676472804117,0.9626925197306121,0.2640478038594528,0.1364447204070947,6.9286327,10.695174,9.568817472919314,15.686860986547085,18.739195171026154,51.39464,11.69357142857143,8.170128309942317,38.12818992248062,64.3678529424119,Europa Północna
2956,"""Århus/6160""",Aarhus,DK,Dania,56.15975999993407,10.193639999730998,-1.8576218125055173,-1.3467249970611115,0.15382230393628424,-1.0548199442378292,9.218253,6.6886177,9.568817472919314,16.909750369800115,8.240921686746988,62.5486432160804,11.69357142857143,8.170128309942317,54.9522633744856,67.39832635983264,Europa Północna
2958,KOPAČKI RIT,Lug,HR,Chorwacja,45.69802777780952,18.834638889011966,-0.4342356443039769,0.5212959655628948,-1.3685868663148837,0.5197231477968071,6.6928425,9.276689,9.907240647118302,14.797901408450704,14.078098190672772,46.459934065934064,16.153901408450704,7.263141993957704,34.26763888888889,55.26745019920318,Europa Środkowa
2960,DESINIĆ,Desinić,HR,Chorwacja,46.169055555705135,15.660638888812993,-2.147859188325461,-3.007347240704129,1.1660778002544578,1.1606372877833027,8.293229,6.0616503,11.537132653061224,15.039101621073963,4.469127401415571,68.62986516853933,18.21382575757576,6.973831417624521,53.24954128440367,84.97430830039525,Europa Środkowa
2961,VIŠNJAN,Višnjan,HR,Chorwacja,45.29120277768798,13.749777777392483,-1.5302726661109567,0.7903776406140188,-0.27132665323047733,0.6422522848228701,9.25301,10.441534,6.8465752302968275,11.966845381526104,14.078098190672772,51.39464,9.613744360902254,5.711949019607843,38.12818992248062,64.3678529424119,Europa Środkowa
2962,Schmücke,Suhl,DE,Niemcy,50.65406600025244,10.76953400035172,-4.621262540914347,-2.645320374390295,1.7872896055089795,-0.06649870510701313,10.439107,5.941036,6.949016393442623,9.146578313253013,2.1235912408759123,78.17540983606558,11.69357142857143,7.03051724137931,60.90824742268042,93.26206896551724,Europa Środkowa
2963,Eisenhüttenstadt,Eisenhüttenstadt,DE,Niemcy,52.14626399984409,14.638166000292758,-1.8444799810693515,-0.7898587564042434,-0.4000488000826241,0.1931908504445928,8.505874,8.522006,9.19764887063655,14.118973577235773,7.694819277108434,52.42743929359823,10.124310344827586,8.175284552845527,40.99566801619433,67.87631578947368,Europa Środkowa
2964,Bottrop-Welheim,Bottrop,DE,Niemcy,51.52595499972467,6.976879999768464,-0.29146315135293704,1.1004068019473487,-0.4649585374190203,0.6187812354502428,6.529008,10.590175,9.664561403508772,14.978810020876827,17.723582554517137,44.13053917050691,11.926435643564355,7.871497584541063,33.62317741935484,61.22727999999999,Europa Środkowa
2965,Weißenfels/Am Krug,Weißenfels,DE,Niemcy,51.19724899989497,11.960960000011557,-1.6465010489299217,-0.2824124040698068,-0.5467077206355123,0.13545823463788836,8.356078,8.682378,8.413113149847094,13.997448680351907,9.591034068136274,51.39464,8.56984,7.981660079051383,38.12818992248062,64.3678529424119,Europa Środkowa
2967,Göhlen,Göhlen,DE,Niemcy,53.302352000134725,11.362964999983921,-2.5937964461118987,-1.1292138567052268,-0.7948355082844138,-0.19940960635739655,9.844442,7.4593062,9.20888779527559,13.063878192534382,4.811916,55.37007283464567,9.695748299319728,7.763456790123457,47.1834693877551,61.567499999999995,Europa Środkowa
2968,Güstrow,Güstrow,DE,Niemcy,53.78175000011868,12.175512000113262,-2.596995094218037,-0.7345547689364734,-1.1512865473943659,-0.5488431782787181,9.935519,7.8021727,8.35987218813906,13.945835030549897,5.3040588832487305,53.402108167770415,9.076717391304348,7.068339622641509,44.5956779661017,60.442583732057415,Europa Środkowa
2969,Solingen-Wald,Solingen,DE,Niemcy,51.18378200025224,7.052572999619207,-1.6559363109300846,-0.21425212954301717,0.5576442055887275,0.9991248513875738,7.070806,7.0767794,9.568817472919314,11.801030303030302,12.695109717868338,54.48209278350515,11.69357142857143,8.170128309942317,41.2265564516129,74.3897191011236,Europa Środkowa
2970,Rostock-Warnemünde,Rostock,DE,Niemcy,54.171329999740905,12.080002999629743,-2.119154379227091,-0.23292087760883282,-0.5712946758974786,-0.2965738091677098,9.867945,8.310195,8.519878172588832,13.286515609264853,9.149055443548386,54.33236203090508,9.42982683982684,7.351908396946565,46.42164556962025,61.98634146341464,Europa Środkowa
2972,Bitola 2 Strezevo,None,MK,Macedonia Północna,41.03028000015313,21.33666999978336,6.755120780459152,-3.4169171992689282,-1.5437336586190245,-0.7141014234390247,0.78122973,7.6507697,22.673484520547944,35.86295725806452,15.274731837606836,38.88591829268293,42.044179870129874,15.84572864321608,21.91593137254902,56.99121333333333,Europa Południowa
2973,Hamburg Stresemannstraße,Hamburg,DE,Niemcy,53.560631999888095,9.95723599974441,0.957890337794349,2.1063858466618117,1.0327551200181897,0.09473102530010863,3.1641319,10.9278,12.35,17.040171543895056,28.74781909547739,51.39464,12.35,8.170128309942317,38.12818992248062,64.3678529424119,Europa Środkowa
2974,OSIJEK-1,Osijek,HR,Chorwacja,45.55879166677219,18.698769444297312,2.681183501037809,0.6596470489397848,0.9528933141191169,-0.782824396242005,3.4158368,9.318252,9.568817472919314,29.505205319148935,23.1513126252505,47.20450372736954,11.69357142857143,8.170128309942317,30.037723214285712,65.68884615384614,Europa Środkowa
2975,Vartiokylä Huivipolku,Helsinki,FI,Finlandia,60.223929999968256,25.102440000281153,-3.500397324460494,1.0181738312933224,-1.569654225324444,-0.34745002034980116,11.462397,8.557236,4.850204843592331,8.606345177664975,8.26343602865916,49.63161161161162,5.227802816901408,4.883205992509364,44.31111111111112,54.651685393258425,Europa Północna
2976,Lisice,None,MK,Macedonia Północna,41.97833000030147,21.469999999716283,7.728572154811474,-0.28373963397320995,-2.8570782674617217,-2.0029741935718848,0.64514786,8.036078,18.543098039215685,40.523091732729334,24.78758544652701,26.30858585858586,33.53590909090909,12.025329341317365,15.12217391304348,37.04404761904762,Europa Południowa
2977,Karpos,None,MK,Macedonia Północna,42.005999999811685,21.38700000003825,4.427920383649289,-1.0254100695121593,0.3726493824399194,-0.5700012907753337,3.388771,8.819164,12.75252,34.66935260115607,16.190804849884525,40.22965517241379,15.54409090909091,11.843526011560693,24.620416666666667,60.484,Europa Wschodnia
2978,Miladinovci,None,MK,Macedonia Północna,41.98743999998875,21.65249999998782,2.8003825474139794,-2.106423641035365,-0.5864843675646582,0.6417604221094012,2.0119684,7.024139,15.061439453125,26.870977198697066,11.883304604486423,44.87931008583691,27.878804347826087,10.356685534591195,27.16112676056338,65.09385258964144,Europa Południowa
2979,Rektorat,None,MK,Macedonia Północna,41.99917000009409,21.4408400001792,5.191841284473227,2.123876440617775,-4.205860985682404,-3.266803301565306,3.8527808,8.866868,9.568817472919314,39.36302215189873,13.771417218543046,14.118773333333333,11.69357142857143,8.170128309942317,10.413146067415731,20.968125,Europa Południowa
2982,RIJEKA-2,Rijeka,HR,Chorwacja,45.320794444443784,14.483511111222425,-2.27890026514813,-0.9922503760014809,2.274489223238515,-0.1669016135270375,7.8278008,6.5791163,7.242833578792342,11.860185185185186,11.784698492462313,70.78070987654321,8.319534090909091,9.071724137931035,54.614598540145984,85.74048780487804,Europa Środkowa
2983,Rautionkylä,Imatra,FI,Finlandia,61.23807000009866,28.87368999979487,-2.7947282609562873,-0.6807499700808921,-1.1507814984755296,0.8783902438205491,8.773192,9.032738,9.568817472919314,8.310057636887608,4.931022857142857,51.39464,11.69357142857143,8.170128309942317,38.12818992248062,64.3678529424119,Europa Północna
2984,MK0041A,Tetovo Municipality,MK,Macedonia Północna,42.0044399994659,20.96807,11.865358037499025,-3.4297097230600238,-3.919669385567671,1.1482010275674843,0.43362597,7.439306,33.58930348258706,43.277942583732056,27.81064814814815,26.651705069124425,66.46727272727273,13.908125,8.483050847457626,43.96911764705882,Europa Wschodnia
2985,Kicevo,None,MK,Macedonia Północna,41.51444999972238,20.958619999733028,5.230432680398819,-0.31805617085452564,-4.2352393962635135,-3.500482605753443,3.5320678,8.855893,9.568817472919314,44.442530655373055,11.959297619047618,18.906645021645023,11.69357142857143,8.170128309942317,14.761549295774648,21.75560483870968,Europa Południowa
2987,Kavadarci,None,MK,Macedonia Północna,41.440560000116655,22.00723000026542,9.500118284488956,-1.9335290866847863,0.2937769697014366,0.06745002051225053,0.5811105,7.643086,22.533174904942967,44.442530655373055,24.592823779193203,41.69488441835645,48.23722222222222,12.149240506329113,26.336666666666666,61.107083333333335,Europa Południowa
2988,Kocani,None,MK,Macedonia Północna,41.913889999693204,22.415850000014363,3.5807258459595532,0.7135445197182995,-5.266930433279697,-1.2490344679648928,5.7672544,8.705547,12.571954887218045,23.099642857142857,14.539815533980583,16.964453781512606,25.847904761904765,8.472634730538923,11.342789699570815,25.2600796812749,Europa Południowa
2989,KUTINA-1,Kutina,HR,Chorwacja,45.47905555563724,16.780666666621816,1.8258754776817105,-0.7868092717858642,0.6782057568220684,-0.442042700972505,3.5086055,8.93257,9.568817472919314,30.456961883408074,15.982529411764707,52.27967105263158,11.69357142857143,8.170128309942317,29.907545454545453,67.8991967871486,Europa Środkowa
2990,BARCELONA (PARC DE LA VALL D'HEBRON),BARCELONA,ES,Hiszpania,41.426099999937115,2.147999999784839,-0.3885153603412135,0.9938179877517771,1.5877533369091958,-0.9212969548245548,6.0032673,10.945856,6.777321428571428,17.769354413702242,19.97934869739479,58.63380503144654,8.512,8.170128309942317,43.052083333333336,71.56046511627908,Europa Południowa
2992,Pyykösjärvi,Oulu,FI,Finlandia,65.04338000014958,25.49790000001967,-2.8229505268353785,-0.08879749759874346,-1.7451718365391773,-0.01450514274936999,10.032761,7.668111,9.568817472919314,8.27418556701031,6.66094099378882,51.632172172172176,11.69357142857143,8.170128309942317,49.396574074074074,48.17202247191011,Europa Północna
2993,Berlin Neukölln,Berlin,DE,Niemcy,52.48945100006434,13.430843999965024,-0.5744054444556492,0.0605662603904342,0.1495969755984827,0.6096486794478514,7.211356,9.578786,10.842310030395137,16.02922064777328,14.043616161616162,50.597380380380386,11.825657894736842,9.083257575757576,37.14872340425532,64.04185606060605,Europa Środkowa
2994,Mansikkala,Imatra,FI,Finlandia,61.18892000012932,28.770120000346967,-2.5273666739546803,-0.6046195956698566,-1.0390776164154825,0.7939039945514654,8.765705,9.032466,9.568817472919314,9.73809194214876,5.666183229813665,51.39464,11.69357142857143,8.170128309942317,38.12818992248062,64.3678529424119,Europa Północna
2995,Bitola 1 UHMR,None,MK,Macedonia Północna,41.03999999997533,21.35640000020241,1.9757490803792634,-2.205860866509552,0.22370519768405778,0.35893612382221696,2.4249527,6.9995837,13.64991017964072,24.51633079847909,12.158478555304741,52.26554535017222,22.54907894736842,11.79430303030303,39.58941176470588,68.71543103448276,Europa Południowa
2996,Centar,None,MK,Macedonia Północna,41.992000000223015,21.4230000003207,8.404524745443888,1.4413163427158462,-1.4224948912433424,-2.222038840612547,0.7208288,8.400557,15.963266129032258,41.85721164613662,35.47996987951807,23.16979761904762,27.194117647058825,12.601656441717793,9.128689655172414,41.723,Europa Południowa
2998,Leppävaara 4,Espoo,FI,Finlandia,60.22023999980049,24.811329999965213,-2.028017197071753,1.1640230182905724,-0.09721409753507163,0.42688065405856856,9.8857355,10.570622,5.579431451612903,12.04902590673575,13.476396761133604,51.39464,5.599967136150235,5.488545112781955,38.12818992248062,64.3678529424119,Europa Północna
3000,Veles 2 Gradinka,None,MK,Macedonia Północna,41.70583000012344,21.765290000288093,6.355384627100113,-1.6835203676186639,-2.3664484931606817,-1.498870170983931,0.7394435,7.8656883,17.19090551181102,43.22593291404612,15.148539045553145,29.17589632829374,33.1038202247191,11.769151515151515,15.020138248847926,45.41112449799197,Europa Południowa
3009,DENW094,Nordrhein-Westfalen,DE,Niemcy,50.754704,6.093923,-1.9965729292399033,-1.2245068175145113,0.2122367684044804,-0.63103518314507,9.248415,6.898513,9.568817472919314,15.024071428571428,7.8726666666666665,58.89140287769784,11.69357142857143,8.170128309942317,50.899899999999995,72.1784,Europa Środkowa
3010,Hamburg Habichtstraße,Hamburg,DE,Niemcy,53.59230100007087,10.053859000113452,1.3507724171796742,2.230342740873696,1.220531205680073,-0.024465934194460467,3.0632036,10.851301,10.291965199590583,18.43859311740891,28.91146439317954,51.39464,11.393695652173912,8.568846153846154,38.12818992248062,64.3678529424119,Europa Środkowa
3011,Kleinwallstadt/Hofstetter Straße,Kleinwallstadt,DE,Niemcy,49.86942200005782,9.171544000286532,-0.8341363243933322,-0.4738520006668838,-0.7563948048791538,0.11033117785640546,7.3502073,8.303481,9.582231927710843,16.909750369800115,9.05836048879837,45.42831831831832,10.053832599118941,9.945200757575757,36.49232067510549,59.138636363636365,Europa Środkowa
3013,Kempten (Allgäu)/Westendstraße,Kempten (Allgäu),DE,Niemcy,47.72514000004717,10.306560999552527,-0.5463622425041741,0.37832530907838685,0.27309140969038265,0.6613281007289966,6.351592,7.6820903,8.047474973375932,16.909750369800115,13.332857142857142,48.7693427230047,10.004405,8.119314814814816,33.80466346153846,67.47281105990784,Europa Środkowa
3014,Hamburg Wilhelmsburg,Hamburg,DE,Niemcy,53.50792999974057,9.990568999864676,-0.9075634397656094,1.0074916471884974,0.0727751204551558,0.3799890846275756,7.230596,10.648418,8.864141829393628,14.021977573904179,17.092004048582996,51.39464,10.256118143459915,7.047602996254682,38.12818992248062,64.3678529424119,Europa Środkowa
3015,Hamburg Sternschanze,Hamburg,DE,Niemcy,53.564140000083924,9.967881999753526,-0.7212286438247488,1.0206493158742378,-0.30924266071052847,0.4153688517201086,7.125225,10.656467,8.936598557692308,14.16421052631579,16.689905882352942,47.33055335968379,10.682338308457712,7.638923766816143,35.690240384615386,62.34470588235294,Europa Środkowa
3016,Hamburg Bramfeld,Hamburg,DE,Niemcy,53.63074000007194,10.110594999847127,-1.0283030894398075,-0.36620581590209067,-0.7057141582494769,-0.04274599811553318,7.9265122,8.335717,9.568817472919314,16.909750369800115,9.455278766310794,48.33043325526933,11.69357142857143,8.170128309942317,42.81082524271845,56.40766666666667,Europa Środkowa
3019,Berlin Mitte,Berlin,DE,Niemcy,52.51360600001067,13.41883300000022,-0.4267319317065493,-0.1449750529687343,-0.07289686960928081,-0.1667803665459659,7.1012907,9.89975,11.045547667342799,17.51423387096774,13.66359959555106,51.39464,11.650131578947368,9.377651515151515,38.12818992248062,64.3678529424119,Europa Środkowa
3020,DERP007,Rheinland-Pfalz,DE,Niemcy,50.017078,8.216498,-0.09976980489494434,0.23041225412226707,1.1674828267454576,1.4451332177172402,5.677403,7.2599235,9.568817472919314,15.680062893081761,14.372758620689655,48.87269375,11.69357142857143,8.170128309942317,33.891600000000004,73.17391304347827,Europa Środkowa
3022,Oettingen/Goethestraße,Oettingen i. Bay.,DE,Niemcy,48.95217999995068,10.597720000272268,-0.5153820282881137,0.26410912663147784,-1.0244068799665678,0.3186732493498036,6.9412675,8.392906,9.173470171890798,16.909750369800115,10.947762096774193,41.71421721721721,9.287826086956521,9.309201520912548,33.64149781659389,51.64935606060606,Europa Środkowa
3023,Plauen-Süd,Plauen,DE,Niemcy,50.486137999993126,12.138053999988704,-1.8282866220385212,0.7109210871242713,-0.2897007980547415,0.3856274286253679,9.778354,10.174693,7.149073319755601,12.727484725050916,13.830040120361083,51.39464,7.253333333333333,6.301379310344828,38.12818992248062,64.3678529424119,Europa Środkowa
3024,Leverkusen Gustav-Heinemann-Straße,Leverkusen,DE,Niemcy,51.03147299999885,7.010934000312177,0.009181002281900113,2.495078486598898,0.8898713597168197,0.4735422121843878,3.442534,11.1622095,8.436365625,13.161327800829875,27.51986570247934,51.39464,10.260532520325203,7.288577586206896,38.12818992248062,64.3678529424119,Europa Środkowa
3025,DEBE063,Berlin,DE,Niemcy,52.467534,13.441654,1.2339074268492738,1.3150900728186024,0.9499125427808813,-0.1666724630908272,2.9644144,9.892752,12.367344000000001,18.693428571428573,25.78169036334913,51.39464,13.245153846153846,10.591169590643274,38.12818992248062,64.3678529424119,Europa Środkowa
3027,Neu-Ulm/Gabelsbergerstraße,Neu-Ulm,DE,Niemcy,48.39707899982625,10.008293000270534,0.039766028855652474,1.4428662838098143,-0.04681406531862703,1.291540074798631,5.18074,8.150084,9.336776435045318,13.915302136317395,18.83816816816817,42.57570870870871,10.392694690265486,9.084810606060605,29.846375545851526,58.66507575757576,Europa Środkowa
3028,DERP010,Rheinland-Pfalz,DE,Niemcy,50.000973,8.261277,1.5003897324805666,1.3374067380464663,1.0826737541995515,-0.33896035090885895,2.6375823,9.686637,10.374627329192547,17.58166144200627,26.330062111801244,51.39464,11.65141304347826,11.277605633802818,38.12818992248062,64.3678529424119,Europa Środkowa
3029,Dortmund Brackeler Straße,Dortmund,DE,Niemcy,51.52354299997976,7.483562000360297,1.0182956164888668,2.4753295288558457,1.2212284457144154,0.23865495691720331,3.0967898,10.920125,10.041113423517169,15.571880165289256,30.66778121775026,51.39464,11.226275303643725,8.907820512820512,38.12818992248062,64.3678529424119,Europa Środkowa
3030,Hattingen-Blankenstein,Hattingen,DE,Niemcy,51.4030070001994,7.20854600018066,-1.8137005678338725,0.7575520070905309,-1.3753281530535106,0.142191815255555,10.316193,9.470265,7.82755838641189,12.133256784968685,11.425873684210526,43.65076323119777,9.37563559322034,6.902403433476395,38.14677884615384,56.050197368421045,Europa Środkowa
3031,Westeifel Wascheid,Gondenbrett,DE,Niemcy,50.266546999924984,6.378081000375019,-3.7605304826060615,-2.1582620088857567,0.3138897399836426,0.26546941945105096,10.337726,6.1985836,9.568817472919314,8.29353001017294,2.7546309403437816,65.403197353914,11.69357142857143,8.170128309942317,55.34364406779661,79.95279187817259,Europa Środkowa
3032,Datteln-Hagem,Datteln,DE,Niemcy,51.64137700006872,7.3314090002046095,-0.7985048139210447,-0.023348722739345223,-0.27528002142899904,0.30682412260173075,7.625203,9.893547,10.325648535564854,15.273177083333334,12.895892116182573,51.39464,12.335349794238683,8.59905982905983,38.12818992248062,64.3678529424119,Europa Środkowa
3043,SLAVONSKI BROD-1,Slavonski Brod,HR,Chorwacja,45.15947222215163,17.99510000023323,3.8036555958163136,-3.3860341795276927,-1.96857646038246,3.416195536216427,1.114712,7.3000493,32.322676056338025,16.909750369800115,13.2710985,44.79668874172186,46.14021276595745,12.8275,26.287272727272725,64.18690476190476,Europa Środkowa
3126,43N070 - MONS,Mons,BE,Belgia,50.46519215745776,3.939714325629131,-0.26700730848308757,1.0959338786126895,-1.5949124044165588,0.19851519894742845,6.5231214,9.210606,8.371938594704684,16.451384848484846,14.323983822042468,39.32816449348044,9.918897950819671,6.017412403100775,34.48320610687023,47.19288537549407,Europa Zachodnia
3140,SORT (ESCOLA DE CAIAC),SORT,ES,Hiszpania,42.405400000309996,1.1300000000323471,-1.5582399364154802,1.7419567043652189,-0.49259840108251723,0.572215791608317,6.8560476,8.34595,5.12875,9.97544474393531,14.078098190672772,41.98928939237899,4.791041666666667,7.732443181818183,33.39441860465116,52.45755760368664,Europa Zachodnia
3150,ES1753A,La Rioja,ES,Hiszpania,42.3399999994653,-2.05972,-2.0580278866267756,-1.0692680403818782,-0.5770956342878133,-1.2399959451221831,9.112118,7.8817215,7.8631845841785,16.89030864197531,6.230727902946274,55.78389273356402,9.167416666666666,7.761788617886179,45.375786516853935,65.0992,Europa Zachodnia
3165,44R740 - Gent,Gent,BE,Belgia,51.15013609082371,3.8087354305937873,1.4269047674446385,-0.02039554132681905,-0.2103193683516499,-1.0651050343198232,5.1906214,9.363591,11.630515320334261,23.553067729083665,16.531859296482413,45.41144827586207,12.848144329896908,10.208388888888889,39.66708333333334,52.1275,Europa Zachodnia
3199,ES1779A,La Rioja,ES,Hiszpania,42.4388899994652,-2.25028,-2.1261467828427323,0.4301377122796113,-1.1724339975187155,-0.05208829506657818,10.628796,9.524694,6.631474747474748,13.90567901234568,9.227362068965517,46.03067297762478,6.606048387096774,6.117520000000001,36.92022471910113,56.804365079365084,Europa Zachodnia
3217,EL PRAT DE LLOBREGAT (CEM SAGNIER),PRAT DE LLOBREGAT (EL),ES,Hiszpania,41.3218000002883,2.0821000001736003,0.9775893658851159,2.086150683072491,0.261595015132194,0.8501086698941898,4.738515,8.592606,9.568817472919314,16.909750369800115,24.59156783919598,46.021268343815514,11.69357142857143,8.170128309942317,28.268858267716535,56.81219512195122,Europa Południowa
3218,ALACANT-EL PLÁ,ALICANTE/ALACANT,ES,Hiszpania,38.3594444399257,-0.4719444396090833,-0.9368818284571481,-0.37385416713373654,1.02027915069351,-0.2786939062107887,7.7348948,7.0543985,9.568817472919314,16.909750369800115,13.44597014925373,62.341574415744155,11.69357142857143,8.170128309942317,47.32488038277512,73.46478873239437,Europa Południowo-Zachodnia
3219,EL PINÓS,PINOSO,ES,Hiszpania,38.451666659839354,-1.0647222202992845,-2.8053769877970804,-2.645912635904103,0.19298896406822189,-1.5191735581914518,9.355972,6.461104,9.568817472919314,16.909750369800115,2.67241454965358,68.68028028028029,11.69357142857143,8.170128309942317,59.34659090909091,75.97219917012448,Europa Południowo-Zachodnia
3220,ES1348A,,ES,Hiszpania,42.3683181094653,1.776783258,-1.2370806924640354,0.5871487076887535,-2.288584005531305,0.05389508442348187,6.7621727,8.634201,9.568817472919314,12.687142857142858,8.938666666666666,39.11397163120567,11.69357142857143,8.170128309942317,34.73566666666667,41.01842105263158,Europa Zachodnia
3221,CONSTANTÍ (GAUDÍ),CONSTANTÍ,ES,Hiszpania,41.15490000010146,1.2176999996499336,-0.2753964325261195,0.8397526990150167,-1.5598108605361256,-0.35769940022846963,6.4701953,8.973065,9.568817472919314,16.909750369800115,13.702179616548941,42.142724097788125,11.69357142857143,8.170128309942317,36.25625,46.34205607476636,Europa Południowa
3222,ES0588A,Bizkaia,ES,Hiszpania,43.320555549464,-3.07388888,-0.7985734876823429,0.849809996339203,0.07658564187892165,0.5720456613491987,7.119113,10.566647,9.568817472919314,12.643007518796994,14.98671087928465,51.39464,11.69357142857143,8.170128309942317,38.12818992248062,64.3678529424119,Europa Zachodnia
3224,EL MAILLO,MAÍLLO (EL),ES,Hiszpania,40.56972221979555,-6.223888880219928,-3.8346610588164034,-2.4245459009254176,0.7617682806956352,-1.5280505643712181,9.977438,5.955334,9.568817472919314,7.947479935794542,3.84779797979798,74.70433436532508,11.69357142857143,8.170128309942317,69.84309764309765,80.39140271493213,Europa Południowo-Zachodnia
3225,EL CIEGO,ELCIEGO,ES,Hiszpania,42.51833333022212,-2.619444439801727,-3.1031859565615743,-1.1958902893858254,-0.8614853535582093,-0.20061375839733603,9.895398,7.3948917,9.568817472919314,9.516045081967214,4.609739217652959,59.706606606606606,11.69357142857143,8.170128309942317,47.952991452991455,64.70653846153846,Europa Zachodnia
3226,SANTA PERPÈTUA DE MOGODA (ONZE DE SETEMBRE),SANTA PERPÈTUA DE MOGODA,ES,Hiszpania,41.5266999997818,2.183800000050747,2.757823924876422,0.7227426052337277,1.479413020100385,-1.0262752653898415,2.20989,9.07795,12.59032258064516,24.40161161161161,27.077141424272817,51.39464,16.05263157894737,14.032967032967033,38.12818992248062,64.3678529424119,Europa Południowa
3227,SANTA PAU (CAN JORDÀ),SANTA PAU,ES,Hiszpania,42.14330000015835,2.510200000096341,-1.8184455245502018,-1.2819913628645596,-1.9520602668811349,-0.6945341179752734,9.002594,7.871475,9.568817472919314,16.909750369800115,2.70548488008342,47.21884576098059,11.69357142857143,8.170128309942317,41.41127946127946,52.4920814479638,Europa Zachodnia
3229,SANT ADRIÀ DE BESÒS (OLÍMPIC),SANT ADRIÀ DE BESÒS,ES,Hiszpania,41.42560000019848,2.222199999633375,2.8260692013761766,3.0940348052901236,-0.12324385124125485,0.3412355820189092,4.138582,9.603922,9.568817472919314,23.946286579212916,28.33872872872873,32.59314227226203,11.69357142857143,8.170128309942317,20.122549019607842,42.99438202247191,Europa Południowa
3231,SANT ANDREU DE LA BARCA (CEIP JOSEP PLA),SANT ANDREU DE LA BARCA,ES,Hiszpania,41.450799999793624,1.974900000290731,1.9681008890639702,1.4661911006701411,1.516205738460103,-0.7132915102491751,2.3468134,9.358222,11.523498694516972,20.21237693389592,29.131384152457375,51.39464,12.844827586206897,13.011194029850746,38.12818992248062,64.3678529424119,Europa Południowa
3375,Outreau,OUTREAU,FR,Francja,50.69434999996249,1.5765700000004375,-1.7593908398523983,-1.2504820626247304,-0.4543743174530697,-1.6672216891448364,9.220213,6.762776,9.568817472919314,17.770784114052955,6.920030687830688,59.382439759036146,11.69357142857143,8.170128309942317,53.4203056768559,62.958333333333336,Europa Zachodnia
3448,BETMEU1,Brussels-Capital Region,BE,Belgia,50.895101,4.392718,-0.06514027952697234,1.115758821012096,-0.1658665883050841,0.5043805726674209,5.7046432,10.403016,9.780416803953871,16.364800664451828,16.616628664495114,46.26763727121464,10.93910447761194,7.920713414634147,36.7575,57.57439024390244,Europa Zachodnia
3450,42M802 - ANTWERPEN,Antwerpen,BE,Belgia,51.26098970853363,4.424399006770883,1.2672569131170375,0.9711878981923744,0.7211656921480255,-0.157473971769192,3.454335,10.178038,11.172071065989847,21.31040404040404,22.33712273641851,51.39464,13.384822134387353,8.462156862745097,38.12818992248062,64.3678529424119,Europa Zachodnia
3841,Ostrava-Ceskobratrsk,Ostrava,CZ,Czechy,49.83984756493202,18.28997612000419,2.395775287454534,0.770394483381419,0.8211952653181283,-0.12442799636664938,2.384926,9.427714,14.315189355168885,21.637346938775508,28.852046138415247,51.39464,16.463508064516127,10.630900900900901,38.12818992248062,64.3678529424119,Europa Środkowa
3842,Kilkenny Seville Lodge,Kilkenny,IE,Irlandia,52.638797999971516,-7.268113999932961,-2.006582857437861,-1.2365580044852706,-1.6585273482146814,-1.572262366519961,9.351383,7.745224,9.568817472919314,16.909750369800115,4.163627450980392,53.827589999999994,11.69357142857143,8.170128309942317,52.0347533632287,50.690827067669176,Europa Zachodnia
3930,40AL04 - BEVEREN,Beveren,BE,Belgia,51.290694464706185,4.293286429844849,-0.020141634295968287,-0.15404658571592458,-0.012229358121053377,-0.21284574671029713,6.53858,10.015752,10.571792260692463,19.59951367781155,14.078098190672772,51.39464,12.273252032520324,8.746062992125983,38.12818992248062,64.3678529424119,Europa Zachodnia
3944,"""Miskolc Buza""",Miskolc,HU,Węgry,48.106943999772746,20.790005999918233,4.379473153518286,0.0483949484343698,-1.569453506484912,-0.409917027538189,1.2170027,8.306162,18.47037037037037,27.29239837398374,26.329258517034067,38.63262042389211,28.938275862068966,12.69939393939394,20.607444444444447,50.56514285714285,Europa Wschodnia
3945,"""Budapest Teleki""",Budapest,HU,Węgry,47.49194400023793,19.087781000058193,1.252875251904,2.028707197976169,1.2041221064358447,-0.1643967186582722,3.127653,10.87516,9.568817472919314,18.8359547123623,28.68423216444982,51.39464,11.69357142857143,8.170128309942317,38.12818992248062,64.3678529424119,Europa Środkowa
3946,"""Pecs Szabadsag""",Pécs,HU,Węgry,46.07111100016818,18.225286000163695,2.963927507823229,1.932511505226506,1.0800205276817196,0.40838636574448023,2.094984,9.478095,12.875863473053892,21.747573588709677,36.33520561685055,51.39464,21.841980676328504,7.115360824742267,38.12818992248062,64.3678529424119,Europa Środkowa
3947,"""Veszprem""",Veszprém,HU,Węgry,47.091111000108405,17.90112200028506,-0.039071192758639094,-0.9196655269656104,1.0834279550654053,0.35528566425903235,4.949114,6.6646204,11.927105263157895,18.978525252525255,14.06464864864865,56.7717017017017,14.534870689655174,9.979396226415094,41.75833333333333,77.81917293233083,Europa Środkowa
3948,"""Gyor Ifjusag""",Gyr,HU,Węgry,47.676111000033536,17.649736000397873,1.1938269414754763,0.6064647250492675,-2.366886748804558,-0.2865074164214107,6.1690207,8.642392,11.955258152173913,20.77200636942675,12.673707874015749,32.39837803590285,13.375181347150258,10.732765957446809,22.990411067193673,40.01209459459459,Europa Środkowa
3949,"""Sarrod""",Sarród,HU,Węgry,47.67194400016462,16.838893999982847,-1.2168561873991264,-1.285092438681426,-1.2581770030732655,-0.43825539549269626,8.629594,8.21319,9.568817472919314,17.295509708737864,4.75264592760181,46.824907151230946,11.69357142857143,8.170128309942317,34.282735658914724,64.075,Europa Środkowa
3950,"""Kazincbarcika""",Kazincbarcika,HU,Węgry,48.24722199996222,20.616402999560567,2.1783886198065763,-2.0625533992980487,-1.6083347710100642,1.6960668327520099,1.910495,6.7979326,17.74793172690763,23.33931658291457,11.681112112112112,44.083023023023024,29.504426877470355,8.104630350194553,25.675194805194806,64.77443609022556,Europa Wschodnia
3951,"""Sajoszentpeter""",Sajószentpéter,HU,Węgry,48.21805599992679,20.70305799978792,0.5710888504891817,-0.6119774992590474,-0.89626729444534,0.24330125721253615,6.001732,9.521984,9.568817472919314,23.478966042154568,10.726886291179596,44.186981934112644,11.69357142857143,8.170128309942317,26.33829383886256,63.67790262172284,Europa Wschodnia
3952,"""Ajka""",Ajka,HU,Węgry,47.1052780001576,17.556667000295818,-0.4080771526902752,-0.21931805817517488,-0.2950191994936668,0.25488863233171266,7.2062755,9.419254,9.568817472919314,18.406025201612902,14.137883650952858,50.754764764764765,11.69357142857143,8.170128309942317,35.9821645021645,65.51127819548873,Europa Środkowa
3953,"""K-puszta""",Kecskemét,HU,Węgry,46.96666700001057,19.54999999992366,-1.2253137237481135,-1.536075171960462,0.16721583512858004,0.2873775306972837,6.9249477,6.878988,9.568817472919314,18.478663316582914,6.863262233375157,54.5161061061061,11.69357142857143,8.170128309942317,39.92955102040816,73.82494208494208,Europa Środkowa
3954,"""Hernadszurdok""",Hernádszurdok,HU,Węgry,48.473889000224624,21.211677999722568,0.34286661028754956,-0.18728642785277624,-0.6588728141187173,0.42640481060163143,4.0844216,6.4654446,12.523281807372175,17.600709219858157,14.078098190672772,47.27462529274005,18.484093264248703,9.448807339449543,32.700049019607846,62.5199074074074,Europa Wschodnia
3955,"""Szeged2""",Szeged,HU,Węgry,46.26661399989855,20.15305300009114,0.8071868303395797,-0.23743389256085898,-1.3721701311780468,-0.14689148131710214,3.856895,7.03432,12.68414038657172,20.70312373225152,12.93625754527163,42.058684426229505,16.293358490566035,9.446724890829696,26.608190476190476,55.87322097378277,Europa Wschodnia
3956,"""Szazhalombatta""",Százhalombatta,HU,Węgry,47.30666700005354,18.92000300029457,-0.029923271330624637,-0.012245381956786941,0.18982905963517815,0.4735234453643067,7.1228514,9.438483,9.568817472919314,18.914413239719156,16.46983066361556,48.308420523138835,11.69357142857143,8.170128309942317,34.973079584775085,71.50927835051546,Europa Środkowa
3957,"""Tatabanya Sagvari""",Tatabánya,HU,Węgry,47.557222000067455,18.420835999942486,-0.9056676802269696,0.7656193372408295,-2.3830313724937335,1.1307429873960047,6.8148813,8.785648,9.568817472919314,11.22158,11.328946280991735,38.08998994974874,11.69357142857143,8.170128309942317,23.453984375,55.586122448979594,Europa Środkowa
3958,"""Esztergom""",Esztergom,HU,Węgry,47.78999999990577,18.74612200010256,-0.36580722094889256,-1.0495055141178373,-0.8362672586307577,1.0103590258882718,5.382353,6.2423625,13.113838383838385,16.687947421638018,8.864313174946004,47.77790280561123,17.605136054421767,9.039513274336283,31.38996688741722,67.25714285714285,Europa Środkowa
3959,"""Gyor Szent Istvan""",Gyr,HU,Węgry,47.68527800000957,17.639444000391087,1.5973728137491063,-0.35312780174329933,-0.1373362631796211,0.3404607917094379,3.416927,6.317173,15.345298759864713,22.397850678733032,20.70870221327968,51.39464,19.849601328903656,7.9798675496688745,38.12818992248062,64.3678529424119,Europa Środkowa
3960,"""Budapest Gilice""",Budapest,HU,Węgry,47.43083299988452,19.184175000098374,0.7290704495346987,0.8666095005160545,1.4830843524990192,1.2611877611907933,5.126511,7.5238466,8.805407002188183,20.05234879032258,21.394949698189137,48.97624229979466,11.760317567567569,7.3784375,29.333196721311477,76.60772200772202,Europa Środkowa
3961,"""Debrecen Kalotaszeg""",Debrecen,HU,Węgry,47.5133330000319,21.624444000290516,-0.25816303564773324,-0.10222972575297219,0.31464706803591963,0.4953635572982319,6.205799,7.5863023,9.568817472919314,18.788157614483495,14.28230277185501,50.18538977955912,11.69357142857143,8.170128309942317,32.38055555555555,71.31520912547529,Europa Wschodnia
3962,"""Budapest Korakas""",Budapest,HU,Węgry,47.54194400001803,19.146121999947066,1.1086435179742289,0.7549829414395511,1.1584408953994698,1.1095249690710627,4.977965,7.6744027,9.568817472919314,21.25888665997994,21.263107429718875,47.835755755755756,11.69357142857143,8.170128309942317,29.183734439834023,73.1715953307393,Europa Środkowa
3963,"""Budapest Pesthidegkut""",Budapest,HU,Węgry,47.5619440001522,18.9600080000324,-0.94273156741192,-0.6758624937083602,1.6054773099471824,1.265681055491043,6.8296204,6.4414887,9.568817472919314,16.172244918699185,13.574934673366833,58.113777555110225,11.69357142857143,8.170128309942317,42.251728395061726,80.07290076335877,Europa Środkowa
3964,"""Budapest Szena""",Budapest,HU,Węgry,47.50805600019224,19.02806699981771,1.3882543714557902,2.344330010457884,1.239697656001515,0.14630364562636142,3.027349,10.927813,9.568817472919314,17.46738814993954,30.834830230010954,51.39464,11.69357142857143,8.170128309942317,38.12818992248062,64.3678529424119,Europa Środkowa
3965,"""Dunaujvaros""",Dunaújváros,HU,Węgry,46.97611099972465,18.936114000149306,0.3413296572873512,-1.1732291597330213,0.39655756023452987,-0.050778678225190395,3.8772645,6.77816,12.80289314516129,20.990211480362536,13.303860887096775,52.13727180527383,15.635738396624474,10.250859375,36.332697095435684,73.72261904761905,Europa Środkowa
3966,"""Nyiregyhaza""",Nyíregyháza,HU,Węgry,47.96111099974752,21.705838999813345,2.2252351655854627,-0.9824847752945156,0.8417186370339776,0.04591467728427149,2.5098367,7.4937215,13.822902857142859,26.164400210084036,17.652285113636363,54.74591517857142,21.06083333333333,10.772424242424243,32.346964285714286,68.4212643678161,Europa Wschodnia
3967,"""Sopron""",Sopron,HU,Węgry,47.69194399989986,16.575008000409312,-1.0631624681067025,0.10031042210610688,0.04420774522390895,0.2655964286862899,8.041523,9.750207,9.568817472919314,13.540030674846625,14.46397997496871,56.410050000000005,11.69357142857143,8.170128309942317,39.154540540540545,68.27012195121951,Europa Środkowa
3968,"""Pecs Boszorkany""",Pécs,HU,Węgry,46.080278000038724,18.211121999872606,-0.7224408403283752,-1.612948174990675,1.893921562976943,0.8323463084188785,7.140158,6.17004,10.973440860215053,17.508992878942014,11.754388777555109,63.48994277108434,12.98450704225352,9.762754716981133,41.8473196347032,86.01338289962824,Europa Środkowa
3972,Plzen-Slovany,Plzeň,CZ,Czechy,49.73244857793753,13.402280807865045,0.13785316647370205,-0.18164048420027062,-0.5859317994131207,-0.010792155535473174,3.9266043,6.4436426,12.446197757390417,17.225475708502024,14.700822467402206,46.063133133133135,13.123374485596708,10.976249999999999,36.67873015873016,60.95646551724138,Europa Środkowa
4353,Luukki,Espoo,FI,Finlandia,60.314389999957555,24.684859999970833,-4.5365834884749034,0.3792436514595596,-2.127071076506867,-0.5485981787742829,11.743077,8.588831,3.9567138643067845,6.7546711111111115,2.771410267857143,48.51158081705151,3.2884864864864864,4.869237569060774,48.84745098039215,51.62460317460317,Europa Północna
4354,PULA FIŽELA,Pula,HR,Chorwacja,44.86246944453279,13.816858333068645,-1.1515959623725236,-1.2808307019536396,2.3866502168563337,1.2009696893214634,7.1117625,6.1536064,9.568817472919314,16.909750369800115,10.560283806343906,68.3740047393365,11.69357142857143,8.170128309942317,40.1826582278481,88.65983606557377,Europa Środkowa
4361,Plzen-Lochotin,Plzeň,CZ,Czechy,49.77012634267684,13.368221282682333,-1.1692745573485976,-0.60519935288858,0.3006995773915357,1.0073031183788228,6.810584,6.957003,10.311565040650406,14.33749494949495,12.236626506024097,53.21433433433434,12.145645161290322,7.978017241379311,40.3402734375,71.23922413793103,Europa Środkowa
4362,Praha 9-Vysocany,Praha,CZ,Czechy,50.11108016953929,14.503095626786267,1.7470846049161184,1.9714031040765743,0.3190999437940057,-0.17069491015901553,4.0442543,9.718507,9.568817472919314,22.30181268882175,27.592595190380763,42.24946946946947,11.69357142857143,8.170128309942317,29.837490494296578,59.31293103448276,Europa Środkowa
4363,Cervena hora,Budišov nad Budišovkou,CZ,Czechy,49.77714157122627,17.541946411041206,-2.58351520649806,-2.8560121832119885,1.5613696713884897,-0.1511054411582742,8.582628,6.0429544,9.568817472919314,16.909750369800115,4.500193482688391,71.41391391391392,11.69357142857143,8.170128309942317,54.83293650793651,87.72875536480686,Europa Środkowa
4364,Litomerice,Litoměřice,CZ,Czechy,50.54089736912085,14.11940860759824,-0.203435464997524,-0.10601450263119819,0.6625866110273667,0.9844915640059644,6.1110888,7.3307686,9.568817472919314,18.43310797174571,14.078098190672772,50.324684684684684,11.69357142857143,8.170128309942317,34.5293536121673,70.58515283842794,Europa Środkowa
4365,Mlada Boleslav,Mladá Boleslav,CZ,Czechy,50.42864608736334,14.91385936702755,-0.0034434867849887827,-0.8016608588300204,0.3277193755792341,0.7012511832511877,4.7911663,6.6051617,12.528159757330638,17.41050505050505,13.737763289869608,51.848068068068066,14.094112903225808,10.531845493562232,37.03666666666667,70.79742489270386,Europa Środkowa
4366,Mikulov-Sedlec,Sedlec,CZ,Czechy,48.79176712023864,16.72449684177406,-2.005238867604205,-2.1068243206873367,0.7432738839059528,0.6506518230277981,8.1511965,6.1534967,10.830525783619818,14.388618951612903,6.202666666666667,61.60594594594594,12.207459677419354,9.499008620689654,45.04520754716981,80.96113537117904,Europa Środkowa
4367,Prebuz,Přebuz,CZ,Czechy,50.37247848496927,12.615380286889135,-2.7621944900766247,-2.780324162500706,0.7787313898537078,-1.0293658352220811,9.245932,6.3751273,9.568817472919314,16.909750369800115,3.5578229908443544,68.91411411411411,11.69357142857143,8.170128309942317,59.51953125,81.96768558951965,Europa Środkowa
4368,Teplice,Teplice,CZ,Czechy,50.64527893046822,13.851249695018993,0.3614520066513292,-0.8186814482283872,0.7949278169202617,1.8310099124746086,5.063551,6.773092,12.248066666666666,17.514266666666668,14.078098190672772,53.180725274725276,16.24707692307692,9.304680851063829,31.506425120772946,74.06320346320345,Europa Środkowa
4369,Praha 4-Libus,Praha,CZ,Czechy,50.00730514514777,14.445933342314293,-0.9225928863910353,-0.8736724487648566,0.8840556181258329,0.6015412026030117,6.555932,6.617188,11.489672466734902,14.84150559511699,12.48867336683417,55.960790790790796,11.262355371900826,10.68625,43.71909803921569,74.4703056768559,Europa Środkowa
4370,Rudolice v Horach,Hora Svaté Kateřiny,CZ,Czechy,50.579833984531795,13.419506072608312,-2.6343436711135393,-0.9496643196047407,2.5708702934135927,0.5776809472961572,7.8468885,6.58989,9.568817472919314,9.390141414141414,14.078098190672772,73.47845691382766,11.69357142857143,8.170128309942317,60.412830188679244,90.26173913043479,Europa Środkowa
4371,Rozdalovice-Ruska,Rožďalovice,CZ,Czechy,50.301982879621896,15.178302764946674,-1.0407968097248128,-1.4657512877784789,-0.9566752682012098,0.1961850061234337,5.537687,6.2565737,12.42606490872211,16.430638297872342,7.072537917087968,51.39464,15.248046875,9.5648,38.12818992248062,64.3678529424119,Europa Środkowa
4372,Zlin,Zlín,CZ,Czechy,49.23290634144726,17.66717529324916,-0.5452790620581467,-1.2160514274147267,-0.150355451304314,0.6597540749479212,5.4429307,6.31255,12.7510183299389,16.67428716904277,10.127467204843592,52.244144144144144,15.219705882352942,10.034931506849315,38.33598540145985,68.91645021645022,Europa Środkowa
4373,Praha 6-Suchdol,Praha,CZ,Czechy,50.12652969383733,14.38463878597581,-0.7021118763624818,-0.16977663838448903,0.870077409983302,0.7035150535283532,6.6416736,7.147379,9.568817472919314,16.440686868686868,14.078098190672772,53.81940881763527,11.69357142857143,8.170128309942317,39.66546816479401,73.31315789473685,Europa Środkowa
4374,Sneznik,Jílové,CZ,Czechy,50.78944396967381,14.086798667738373,-2.032775128235348,-2.3435305899870422,2.137718781412015,0.6911036900328879,7.9877353,6.070466,9.568817472919314,16.909750369800115,6.961641337386019,68.98306306306307,11.69357142857143,8.170128309942317,50.234552529182885,90.51168831168832,Europa Środkowa
4375,Tusimice,Kadaň,CZ,Czechy,50.376586913967685,13.3276224138967,-1.0663171002300218,-1.5497197340893847,0.6212327989197364,0.29118835911476953,6.6290674,6.4489026,11.230060913705584,16.48922064777328,9.155570131180626,56.049338677354704,10.541290322580647,11.041422413793104,43.463622047244094,75.15905172413794,Europa Środkowa
4376,Plzen-Doubravka,Plzeň,CZ,Czechy,49.76861572260633,13.42338085138179,-1.583282838856273,-0.2845958334812215,-0.23304688680964272,0.44515570724123676,8.250825,8.620037,8.691430030643513,14.823512145748987,9.35797786720322,50.03315315315316,9.003070539419086,7.951948051948053,36.7396062992126,67.76379310344828,Europa Środkowa
4378,Ceske Budejovice,České Budějovice,CZ,Czechy,48.98438644420315,14.465683937509557,-1.2225276446144702,-0.377806400911699,-0.5079757161223836,0.4086380174941513,8.268263,9.504959,10.73254376930999,13.317072671443194,10.830030241935484,50.4194994994995,11.737257383966245,9.719008620689655,38.272490272373545,65.09655172413792,Europa Środkowa
4379,Cesky Tesin,Český Těšín,PL,Polska,49.7489585878417,18.609725952188573,1.3996687412211843,-0.6986535785120753,0.14432255775325226,-0.23191681918172707,3.0740256,6.810991,15.04685393258427,21.33651282051282,17.339789156626505,51.39464,15.20688796680498,12.557844827586207,38.12818992248062,64.3678529424119,Europa Środkowa
4380,Plzen-stred,Plzeň,CZ,Czechy,49.747329712187366,13.381038666141714,0.3339280185399549,-0.373027235322355,-0.21394392942959248,0.21942289065715906,3.970837,6.222955,12.320435222672065,17.63510574018127,16.47244488977956,51.39464,15.336367041198502,9.31,38.12818992248062,64.3678529424119,Europa Środkowa
4382,Pardubice Dukla,Pardubice,CZ,Czechy,50.02403640733767,15.763548851105888,-0.0644450897718582,-0.37806475529144756,0.1933818971318785,0.8017498142186438,4.6884265,6.5790124,11.724478935698448,16.56266888150609,14.078098190672772,51.81596933187295,14.603065326633164,9.399872881355932,35.046285714285716,69.55887445887446,Europa Środkowa
4383,Liberec-Rochlice,Liberecký,CZ,Czechy,50.75510025041825,15.069967270290167,-1.5164648509715128,-0.9550917284908419,0.574639077676065,0.40904887746231394,7.00518,6.703458,11.066761421319796,14.039094608341811,11.514726720647772,58.29205410821643,11.100201612903225,10.044891774891774,44.63805243445693,73.50224215246637,Europa Środkowa
4384,Hojna Voda,Horní Stropnice,CZ,Czechy,48.72419738761879,14.723381996453005,-2.4024317238916533,-0.37481968525510406,1.406264450255822,0.3876491541387607,7.81206,6.7024775,9.568817472919314,9.203427704752276,14.078098190672772,66.63203203203203,11.69357142857143,8.170128309942317,55.21673151750973,79.96249999999999,Europa Środkowa
4385,CZ0HPLO,Královéhradecký,CZ,Czechy,50.350276947021506,16.3225002288818,-3.727163269786636,-2.581974324829859,1.550233759474177,0.6034627689055926,10.343485,6.034023,9.568817472919314,10.18192474674385,3.903194029850746,73.0558106169297,11.69357142857143,8.170128309942317,56.61284916201118,89.56114285714285,Europa Środkowa
4386,Praha 8-Kobylisy,Praha,CZ,Czechy,50.12218856813133,14.467577934674807,-0.5143641404670151,0.01182494097251881,1.1491886267258227,1.0652735391878843,6.2452154,7.1554093,9.568817472919314,16.545681130171545,16.08986960882648,53.93420841683366,11.69357142857143,8.170128309942317,37.255346153846155,75.25689655172413,Europa Środkowa
4387,Praha 8-Karlin,Praha,CZ,Czechy,50.09423828151478,14.442049026127448,0.9816898469994497,1.1340671350138192,0.832121651283451,-0.5156681131049643,3.6934168,10.222921,9.568817472919314,21.183668341708543,24.456716716716716,51.39464,11.69357142857143,8.170128309942317,38.12818992248062,64.3678529424119,Europa Środkowa
4388,Znojmo,Znojmo,CZ,Czechy,48.84295654279996,16.06012725857732,-0.2724964375155494,-0.9918562823626994,-0.5492079134968586,0.13331560022333142,4.4260235,6.293769,12.419370558375634,17.610269151138716,11.095485485485485,51.39464,14.569428571428572,9.88780172413793,38.12818992248062,64.3678529424119,Europa Środkowa
4389,Praha 6-Brevnov,Hlavní město Praha,CZ,Czechy,50.08438491845225,14.380116462917982,-0.47020752387056625,0.6428590769366912,0.12278898741313286,0.14627280456270067,6.925323,10.702886,9.568817472919314,15.637629179331308,17.835286432160803,51.39464,11.69357142857143,8.170128309942317,38.12818992248062,64.3678529424119,Europa Środkowa
4390,Praha 5-Stodulky,Praha,CZ,Czechy,50.046131134039506,14.33141326942181,-0.37282016178504795,-0.40098923984120516,0.727504661735911,0.6976572081257791,5.005395,6.651564,11.498616480162767,15.740151362260344,14.078098190672772,52.707985971943884,11.576611570247934,10.627186147186148,39.23606299212598,71.90387931034483,Europa Środkowa
4391,Havirov,Havířov,CZ,Czechy,49.79097747824571,18.40683555591518,1.4728017858467692,-1.4013623806631625,-0.21079582247276946,-0.1283916518717488,2.9431586,6.7535014,16.22804281345566,22.11812053115424,14.078098190672772,51.39464,18.227941176470587,12.702068965517242,38.12818992248062,64.3678529424119,Europa Środkowa
4393,Doksany,Doksany,CZ,Czechy,50.45885467502592,14.170162201238838,-0.990436459218813,-0.5696710063908095,-0.48554408844351593,0.3658020453957894,7.5954638,8.393759,9.568817472919314,16.909750369800115,9.749285714285714,48.391482965931864,11.69357142857143,8.170128309942317,35.97481060606061,65.18558951965065,Europa Środkowa
4394,CZ0CTAB,Jihočeský,CZ,Czechy,49.4112319946289,14.6763887405395,-0.3776564061367957,0.06484904079010279,0.10615646166456164,0.14028074836458895,7.265672,9.659836,9.568817472919314,18.733827160493828,15.94369982547993,52.41355191256831,11.69357142857143,8.170128309942317,37.358260869565214,65.02057142857143,Europa Środkowa
4395,Ostrava-Privoz,Ostrava,CZ,Czechy,49.85625839210628,18.269741057986316,1.6679429050434638,-0.8823181797769878,-0.007748323934748516,0.0004299434397869106,3.0155482,6.853733,15.484630872483221,21.000044593088074,17.55055187637969,51.39464,20.03041450777202,12.080170212765958,38.12818992248062,64.3678529424119,Europa Środkowa
4397,Ostrava-Fifejdy,Ostrava,CZ,Czechy,49.83918762199719,18.263689041441875,0.14625237000441232,-0.18507842429472182,0.23660223414094664,-0.5984039563481417,6.159895,9.837984,9.568817472919314,22.109175991861648,15.519077079107504,51.711621621621624,11.69357142857143,8.170128309942317,40.34609561752988,65.65536480686696,Europa Środkowa
4398,Most,Most,CZ,Czechy,50.51036453231943,13.645272255339709,1.154565317543551,-0.7720391450138309,0.8491274430324068,0.47715179501234045,4.575895,6.840731,13.057316582914574,20.29406030150754,16.77177177177177,50.464529058116234,13.300833333333333,12.054260869565217,36.0456106870229,70.68628318584071,Europa Środkowa
4399,Tesnovice,Zlínský,CZ,Czechy,49.25939178455446,17.410560607928247,-2.1547919639751067,-1.9152208970350613,0.4030565885698739,0.2031684028904627,8.340679,6.1679688,9.863781979977754,14.474039955604884,5.903855555555555,61.647558011049725,12.425255102040817,8.53480686695279,46.14270531400967,77.1825327510917,Europa Środkowa
4400,Praha 2-Riegrovy sady,Praha,CZ,Czechy,50.0814819336594,14.442691803052586,0.4389241646564289,0.09597726597589609,0.6038145838554224,0.6763357002910162,4.781646,6.877597,11.85827060020346,18.008891129032257,18.222306920762286,49.6804004004004,12.673070866141732,9.69930735930736,35.74365019011407,69.51353711790394,Europa Środkowa
4401,Praha 2-Legerova,Praha,CZ,Czechy,50.07238769517217,14.430672645486688,3.4425247650892956,2.040736318717416,1.562083890728196,-0.12563009653937596,1.9732187,9.4193125,14.255152542372883,22.455120724346077,37.767201604814446,51.39464,18.021785714285716,10.414505494505494,38.12818992248062,64.3678529424119,Europa Środkowa
4402,Hradec Kralove-Brnen,Hradec Králové,CZ,Czechy,50.19536209116374,15.846376419165129,-0.027297386887238997,-0.6910809591526214,-0.3463173599110578,0.19978306255334638,4.015997,6.3552847,12.85953722334004,16.874454545454544,13.676066066066065,51.39464,14.008273092369478,10.821030042918455,38.12818992248062,64.3678529424119,Europa Środkowa
4452,Vernovice-Dolni Lutyne,Dolní Lutyně,PL,Polska,49.92467880258486,18.422872543573657,0.9652155184416783,-1.8191716910593916,-0.6624518543234555,-0.00496360378285004,2.9979002,6.4989,15.637523219814241,22.155300829875518,11.425672396359959,51.39464,18.364347826086956,10.730515021459228,38.12818992248062,64.3678529424119,Europa Środkowa
4463,43N132 - HABAY-LA-N.,Habay,BE,Belgia,49.7192811887373,5.630397740176085,-3.8846079332449692,0.05716616306494955,-1.0894259861032418,0.7797642367952465,11.686841,8.914862,4.4157014170040485,8.277827620967741,4.90525282631038,52.350391959799,5.704249407114625,3.217917120622568,44.23372549019608,60.71692913385827,Europa Środkowa
4467,Konstanz,Konstanz,CH,Szwajcaria,47.66436099999235,9.169288999852993,-0.9707735231362131,0.3557430782957057,0.5007415597512502,1.7385936182964996,6.000208,7.399811,8.591513131313132,12.357603222557906,14.078098190672772,49.1788237791932,10.918368421052632,7.74864,33.58859751037345,70.06981132075471,Europa Środkowa
4472,Kaleva,Tampere,FI,Finlandia,61.49910000008054,23.802210000408156,-2.284386934603374,0.7212065367552253,-1.144499272293368,-0.8173651120831411,10.809732,9.172641,3.908655804480652,16.909750369800115,8.153261758691206,48.43707,3.6642648401826485,4.429651162790697,40.81432098765432,51.123456790123456,Europa Północna
4476,Pirkankatu,Tampere,FI,Finlandia,61.49873000013047,23.735689999757493,-1.887850080796862,0.18735043289458025,-0.6007446077897847,0.956382247825153,8.591036,9.424944,9.568817472919314,9.421731364275667,12.040747800586512,51.39464,11.69357142857143,8.170128309942317,38.12818992248062,64.3678529424119,Europa Północna
4494,Weil am Rhein,Weil am Rhein,CH,Szwajcaria,47.58815199972278,7.63327099993656,-1.2352282120784914,0.35757616091266237,-0.3689306499312896,1.115695920245073,6.6373606,7.940724,8.330663617886179,12.31210101010101,11.308347082494969,46.829658174097666,10.999839826839828,7.825966386554621,33.879913580246914,63.95734597156398,Europa Środkowa
4517,FI00893,Kymenlaakso,FI,Finlandia,60.530019999540606,27.675400000000003,-4.780718773551145,0.13189171907481925,-1.579836394935315,-0.45777699670231464,11.751116,8.5971775,3.846576315789474,5.738454545454545,3.1589049531459166,54.28214193548388,4.130644230769231,4.6394156626506025,51.87137440758294,55.0,Europa Północna
4529,Tikkurila 3,Vantaa,FI,Finlandia,60.289949999980074,25.03952999997397,-2.161781869852861,1.3067283249111332,-0.049526926266159135,0.4315132079359701,9.908594,10.462284,5.563101729399796,11.29283091286307,13.999481707317074,51.39464,5.641971153846153,5.775622641509433,38.12818992248062,64.3678529424119,Europa Północna
4535,PLITVIČKA JEZERA,Plitvička Jezera,HR,Chorwacja,44.89933333338828,15.609777777612669,-3.800734778018889,-1.5027496321973373,-0.2234991842488876,-0.42879338593433164,9.942648,7.2992086,6.885913461538461,9.744309959349593,2.382549398797595,60.658339350180505,6.4148,8.384685714285714,57.44292682926829,65.10640394088671,Europa Środkowa
4536,Vaasan keskusta,Vaasa,FI,Finlandia,63.09515000010568,21.618319999945726,-1.8228238959906868,0.6473277154578454,-0.37748256304852734,1.1336976524717666,8.488305,9.657468,9.568817472919314,8.225888773388773,12.641785571142284,51.39464,11.69357142857143,8.170128309942317,38.12818992248062,64.3678529424119,Europa Północna
4537,FI00586,Ostrobothnia,FI,Finlandia,63.1012099995673,21.60407,-3.749739057367896,2.304765670659992,-0.313878061550148,1.3604621974432383,10.863453,10.369058,2.583028386167147,4.521291666666667,14.078098190672772,51.39464,2.505377840909091,2.6416497175141243,38.12818992248062,64.3678529424119,Europa Północna
4547,Tasavallankatu,Kuopio,FI,Finlandia,62.88198000006624,27.66193000036671,-1.2636083250520922,0.18029023805616654,-0.3815909669355689,0.5597178189836043,8.429606,9.676799,9.568817472919314,11.956992731048807,12.25489430894309,51.39464,11.69357142857143,8.170128309942317,38.12818992248062,64.3678529424119,Europa Północna
4548,FI00558,Northern Savonia,FI,Finlandia,62.893499999565,27.6883,-2.16091404763925,-0.21680127222086956,-0.806240615484508,0.8238694804573065,8.6910095,9.210925,9.568817472919314,9.207099850968703,8.603710294117647,51.39464,11.69357142857143,8.170128309942317,38.12818992248062,64.3678529424119,Europa Północna
4555,BETN043,Brussels-Capital Region,BE,Belgia,50.8835598117798,4.38296325180234,-0.01223968953133325,1.3568942410549336,0.3305224147161488,-0.7318309184229704,5.7430644,10.974709,8.970765182186234,18.159236947791165,21.174728682170542,49.62935742971887,8.884761904761906,8.820795454545454,40.51590909090909,60.21590909090909,Europa Zachodnia
4572,Sammaltunturi,Muonio,FI,Finlandia,67.9671500000993,24.112329999646295,-6.903531237290619,-0.24712256348466702,-1.0279885211350224,-1.2866275219720749,11.647668,8.290168,1.3686950375939848,2.448765625,0.7474632116788321,66.6022770398482,0.9641843137254901,2.429210843373494,69.46934306569342,62.73174603174603,Europa Północna
4584,Laune,Lahti,FI,Finlandia,60.96703999990396,25.654890000382267,-1.6351954337762318,0.2566171639993362,-0.5017499200502528,0.8447233627826235,8.516969,9.554166,9.568817472919314,10.336239451476793,12.929815005138748,51.39464,11.69357142857143,8.170128309942317,38.12818992248062,64.3678529424119,Europa Północna
4588,Mannerheimintie,Helsinki,FI,Finlandia,60.169640000006716,24.939240000258355,-0.7921779718051712,1.1735909757115939,0.4387200255770745,-0.40434700173031785,8.418859,10.732585,6.3651324570273005,16.991217038539553,17.260684104627767,51.39464,5.7313425925925925,6.799811320754717,38.12818992248062,64.3678529424119,Europa Północna
4589,Epila 2,Tampere,FI,Finlandia,61.508540000142915,23.675829999927146,-2.954961549822112,1.7843227411821947,-0.20781393338606452,0.965670991158367,10.709867,10.486441,4.392423469387755,7.795772340425532,14.078098190672772,51.39464,4.308328621908127,4.283377551020409,38.12818992248062,64.3678529424119,Europa Północna
4593,Kallio 2,Helsinki,FI,Finlandia,60.187389999815856,24.95060000011991,-3.1714457311288906,0.9368051728501845,-0.559796988985014,-0.07540145442477512,11.132872,9.843788,5.162716279069768,9.196587878787879,10.369700203252032,54.22780780780781,5.2610138248847935,5.562462121212121,43.31060185185185,62.79138576779026,Europa Północna
4598,FI00208,Uusimaa,FI,Finlandia,60.3135960714999,24.6894769317978,-4.58720547302619,0.5336655693303092,-1.7664424519395927,-0.138117650314737,11.740633,8.559213,3.5118709677419355,6.363604606525912,3.366491851851852,50.57781428571429,3.5992090395480223,4.015369047619048,46.53322222222222,53.53446327683616,Europa Północna
4609,Raahen keskusta 2,Raahe,FI,Finlandia,64.68337000001124,24.48162000005011,-2.5680039070957,-0.22588658861982475,-0.9778305705799142,1.1201201698281753,8.739471,9.165561,9.568817472919314,7.925335073068893,7.599939611054247,51.39464,11.69357142857143,8.170128309942317,38.12818992248062,64.3678529424119,Europa Północna
4635,Oulanka,Kuusamo,FI,Finlandia,66.32170000013899,29.40156999979529,-2.7184004860293296,-2.0867912619757862,-1.6243582830134442,-1.904212132129338,9.343237,7.6742115,9.568817472919314,16.909750369800115,0.8042890704800817,57.7945945945946,11.69357142857143,8.170128309942317,61.239814814814814,48.754681647940075,Europa Północna
4644,Oulun keskusta 2,Oulu,FI,Finlandia,65.0099700000657,25.471319999707823,-1.5351685030944715,0.491446168695105,-0.31228488181247077,0.783562134891997,8.409844,9.675841,9.568817472919314,10.498240165631469,13.470441025641026,51.39464,11.69357142857143,8.170128309942317,38.12818992248062,64.3678529424119,Europa Północna
4809,44R701 - GENT,Gent,BE,Belgia,51.05833171710871,3.729298171790459,0.404947344339511,0.4620583209131905,0.44501342931437216,-0.12582549137039137,5.8566146,10.547135,10.435881753312946,19.29889908256881,17.928661971830987,51.060806451612905,11.95806324110672,9.028339920948618,40.82865546218487,61.64430379746836,Europa Zachodnia
4811,Clare Ennis Drumbiggle Road,Ireland Air Quality e-Reporting monitoring network for compliance and informative reporting,IE,Irlandia,52.503489600213925,-8.591935500101956,-0.6371422210444736,0.0605375837307793,-0.6575382886626662,1.0391980017177067,8.831226,10.402355,10.74626455026455,15.26764337851929,14.078098190672772,51.39464,16.888504672897195,5.416352941176471,38.12818992248062,64.3678529424119,Europa Zachodnia
4816,Monaghan Kilkitt Waterworks,Ireland Air Quality e-Reporting monitoring network for compliance and informative reporting,IE,Irlandia,54.066110999795235,-6.883055999806086,-2.387981649181043,-1.5092298640695139,-2.47060058723264,-2.440212062156591,9.35148,7.7361174,9.568817472919314,16.909750369800115,2.027782208588957,53.212212212212215,11.69357142857143,8.170128309942317,54.39780701754386,47.78901098901099,Europa Zachodnia
4824,Mayo Castlebar John Moore Road,Mayo,IE,Irlandia,53.851110999737834,-9.299722000368277,-2.3411285175076357,-0.5816773811841174,-1.6982940487031588,-1.0804172835929104,9.841932,7.830697,9.568817472919314,13.71441064257028,6.6170264765784115,53.346836836836836,11.69357142857143,8.170128309942317,55.40696035242291,48.40339622641509,Europa Zachodnia
4836,Dublin Swords Watery Lane,Ireland Air Quality e-Reporting monitoring network for compliance and informative reporting,IE,Irlandia,53.27481000019952,-6.222367000279653,-2.400040551015462,0.5443034839859322,-0.8954131129052063,-1.6901971004790413,10.10171,8.654365,6.538333333333334,11.315,10.760756565656566,53.66478,11.69357142857143,8.170128309942317,53.26055762081784,51.40459770114943,Europa Zachodnia
4837,Dublin Rathmines Wynnefield Road,Ireland Air Quality e-Reporting monitoring network for compliance and informative reporting,IE,Irlandia,53.353888999745415,-6.278056000074956,-1.9684840925301372,1.6567804590519186,-1.320059298825173,-0.24844319347971056,10.419665,8.932973,7.336324895833333,11.674890185950414,15.13790437436419,49.85745934959349,8.846142322097378,4.688744541484716,49.851600000000005,45.39353711790393,Europa Zachodnia
4838,Dublin Dun Laoghaire The Glen,Ireland Air Quality e-Reporting monitoring network for compliance and informative reporting,IE,Irlandia,53.285833000178,-6.131944000423384,-2.053556636180431,1.1060170564504095,-0.28675990772605103,0.8123951533249381,10.14459,10.502346,7.134642116182572,11.74934358974359,13.53823469387755,51.39464,8.27375,5.2579700854700855,38.12818992248062,64.3678529424119,Europa Zachodnia
4854,Laois Emo Court,Ireland Air Quality e-Reporting monitoring network for compliance and informative reporting,IE,Irlandia,53.10694400023341,-7.196388999727675,-1.9762186818268617,-1.0113235738251138,-2.8345093794094325,-2.037974666148863,9.359278,7.8027616,9.568817472919314,16.909750369800115,2.8540524625267665,47.425057351407716,11.69357142857143,8.170128309942317,48.228125,43.78172549019608,Europa Zachodnia
4857,43R223 - JEMEPPE,Seraing,BE,Belgia,50.62067087992639,5.5164047555731885,-0.5316900286145597,0.20859302844076388,-0.12334700998885127,0.25062586553322286,7.164301,10.456511,10.148696969696969,14.541634984833165,14.639453993933266,51.39464,11.63468253968254,8.6029296875,38.12818992248062,64.3678529424119,Europa Środkowa
4858,Dublin Winetavern Street,Ireland Air Quality e-Reporting monitoring network for compliance and informative reporting,IE,Irlandia,53.34166699998854,-6.288888999681823,-2.1350509623502556,2.14312061381445,0.16483192007174527,0.9679546179202712,10.298895,10.787152,5.466184210526316,9.745897435897435,17.482767820773933,51.39464,6.680357142857143,4.665423728813559,38.12818992248062,64.3678529424119,Europa Zachodnia
4859,42R831 - BERENDRECHT,Antwerpen,BE,Belgia,51.3487952927084,4.339709947084943,0.4407382535403718,1.492509733579239,-0.2196321234442289,0.7674143346038921,4.779726,9.261981,9.568817472919314,16.909750369800115,19.398785140562246,43.04484905660377,11.69357142857143,8.170128309942317,34.67223140495868,50.406645962732924,Europa Zachodnia
4860,43R222 - SERAING,Liège,BE,Belgia,50.613412502456065,5.57022281436332,-1.235183468946414,0.9311683644832309,-0.7948913516562868,0.3019289215137563,8.933936,10.551338,6.988099596774194,14.04984521651561,13.259385771543087,47.10471299093656,9.1106572,4.810212890625,40.98783783783784,56.2875,Europa Środkowa
4862,43N121 - OFFAGNE,Bertrix,BE,Belgia,49.87712849238941,5.202387466678868,-4.227326235802044,-0.14858865720838363,-1.1299116780196585,0.2985149392529183,11.731466,8.721693,4.271987474747475,7.687707847082495,3.7817433467741934,55.256472361809045,4.738606746031746,3.324849609375,47.55058365758755,61.99490196078432,Europa Środkowa
4863,BETB011,Brussels-Capital Region,BE,Belgia,50.8580305936746,4.2883363663059,-1.148345626793548,0.21886717868037497,-0.11186032617468354,0.25828510296437596,7.62799,9.99385,9.57034731543624,14.34393220338983,11.722389718076284,51.35915032679738,10.137692307692308,8.400795031055901,44.23419117647059,60.42060606060606,Europa Zachodnia
4864,43N113 - SAINT-ODE,Sainte-Ode,BE,Belgia,50.02702901806032,5.593016914317587,-5.052775526272987,-0.33923578400042476,-0.29305744680893936,0.30984622563504544,11.717264,8.681135,3.2280960486322186,5.724978564206269,4.099526209677419,62.452562814070355,3.7621549019607845,2.749413095238095,53.822868217054264,71.80685483870967,Europa Środkowa
4865,43N100 - DOURBES,Viroinval,BE,Belgia,50.09568343505851,4.594762762164075,-4.159924083374861,-0.22223323634684422,-1.1442312003616133,0.26638720749287453,11.736227,8.712553,4.293598067141404,7.872044590495451,3.7078069105691056,55.30217085427135,5.741200806451613,3.5282592156862744,49.23734375,59.81968503937008,Europa Zachodnia
4866,BETB004,Brussels-Capital Region,BE,Belgia,50.8508105371924,4.34858747427388,0.7240460969594337,2.0898154868574346,-1.0227870734329532,0.2921734921316651,4.6635566,10.020618,9.568817472919314,16.909750369800115,20.386688417618274,36.96271523178808,11.69357142857143,8.170128309942317,32.9075641025641,45.57435897435898,Europa Zachodnia
4867,43N093 - SINSIN,Somme-Leuze,BE,Belgia,50.27447751216645,5.235168655076294,-3.8155116135880265,-0.13694613223490987,-1.010531018073307,-0.01730345919597011,11.654525,8.632021,4.591762127659575,9.373183262711864,4.9638456591639875,55.775222457627116,5.827863106796117,3.8263044444444447,46.61004739336492,63.76642066420664,Europa Środkowa
4869,42R817 - ANTWERPEN,Antwerpen,BE,Belgia,51.177193802563146,4.417963004459926,0.2851521148212426,0.4238341913041382,0.2827151679061046,-0.18562397937366165,6.0894623,10.460533,10.20579695431472,19.403091641490434,17.22246215943491,51.39464,12.134674796747968,8.14734375,38.12818992248062,64.3678529424119,Europa Zachodnia
4870,42R811 - SCHOTEN,Schoten,BE,Belgia,51.2521034125731,4.491362027773584,-0.35951281607079927,0.6807325145876926,-0.07432540872982625,0.5901498984989058,6.86055,9.486398,9.467720207253887,17.57509337860781,14.712996575342466,48.10723023023023,10.832589285714286,7.4598148148148145,36.62227053140097,57.59305993690852,Europa Zachodnia
4871,42R805 - ANTWERPEN,Antwerpen,BE,Belgia,51.20824745625844,4.421544962095185,1.6197530667731261,0.7717644521897581,0.8199740100411104,-0.3751568517532072,3.2556002,9.99831,11.841023302938197,22.19133198789102,23.594105156723963,51.39464,14.024609375,9.695714285714287,38.12818992248062,64.3678529424119,Europa Zachodnia
4873,42R803 - ANTWERPEN,Antwerpen,BE,Belgia,51.228638787841454,4.428482820816028,0.989930256033644,0.778156623165648,0.6281142384602569,-0.20231622358204301,3.5961156,10.17303,11.069825997952917,20.895945399393327,20.92115267947422,51.39464,12.959426229508196,8.777019607843137,38.12818992248062,64.3678529424119,Europa Zachodnia
4875,40OB01 - Oostrozebeke,Oostrozebeke,BE,Belgia,50.91713868625402,3.3074020495092578,0.7471595306520515,-0.6948677286560011,-0.0256183585555406,-0.4003017517206243,3.6443434,6.8477235,12.546002034587996,22.35854398382204,14.078098190672772,51.39464,15.157459677419356,9.861338582677167,38.12818992248062,64.3678529424119,Europa Zachodnia
4876,42R802 - BORGERHOUT,Antwerpen,BE,Belgia,51.20951873233602,4.431792230492399,0.9227036496855869,1.1721227034725568,0.7817460732598721,-0.17939595510633943,3.565481,10.222573,10.671046255506607,19.85420591456736,23.324804469273744,51.39464,11.538700564971752,8.920316205533597,38.12818992248062,64.3678529424119,Europa Zachodnia
4877,43N085 - VIELSALM,Vielsalm,BE,Belgia,50.30320782896729,6.001736288398207,-4.232050025798252,0.2191874744177935,-1.424999758958201,0.39048644281820327,11.738998,8.823582,3.8379236842105264,7.51574843592331,3.611795744680851,51.26781690140845,4.364203088803089,3.3902363999999996,45.40191570881226,58.497188755020076,Europa Środkowa
4878,42R801 - BORGERHOUT,Antwerpen,BE,Belgia,51.20966253203894,4.431821046650083,1.060332279073192,1.2571020400620017,0.09552011497471913,0.28401426945886904,4.068926,10.101292,10.780590631364563,19.553836032388663,21.303477822580643,45.0927755511022,12.768809523809523,8.60901185770751,35.05686046511628,57.439920948616596,Europa Zachodnia
4879,42R020 - VILVOORDE,Vilvoorde,BE,Belgia,50.941387115400794,4.436720763636869,-0.090864641225709,0.22213626142539566,0.09454352963015647,-0.1274937851997714,6.380711,10.280572,9.778306709265175,18.9304033970276,15.42858208955224,51.39464,12.297647058823529,7.826679104477613,38.12818992248062,64.3678529424119,Europa Zachodnia
4881,42N054 - WALSHOUTEM,Landen,BE,Belgia,50.71170609487294,5.10315860907914,-1.7714128938715257,-0.5415750305092393,-0.5546873430336663,-0.6280266240537342,9.112835,8.221725,8.396744897959183,16.318346774193547,8.06927624872579,53.94935779816514,9.570515873015873,7.044065040650406,44.026732673267325,61.581595092024536,Europa Środkowa
4882,42N046 - GELLIK,Lanaken,BE,Belgia,50.88229882672417,5.618873985523073,-1.0671600164121504,-0.4227359397302407,-0.3852558604665229,-0.1935617481536298,8.00059,8.38624,9.568817472919314,16.909750369800115,10.109640410958903,51.102847082494975,11.69357142857143,8.170128309942317,44.37695121951219,60.39462809917355,Europa Środkowa
4883,42N040 - ST.P.LEEUWG,Sint-Pieters-Leeuw,BE,Belgia,50.7681375140758,4.225194247191261,-1.2384127985685545,-0.637167467335731,-0.44982552133673076,-0.29142756301325523,8.09942,8.328866,9.568817472919314,16.909750369800115,8.885643002028399,52.349438314944834,11.69357142857143,8.170128309942317,44.948455598455595,60.76904761904762,Europa Zachodnia
4884,42N035 - AARSCHOT,Aarschot,BE,Belgia,50.97757733490418,4.837618376282942,-1.3417668785224577,-0.6631926404170062,-0.08203842454460858,-0.15227218077133878,8.093925,8.22753,9.508851926977687,16.881011122345804,9.672474437627812,54.74143289606458,11.227106719367589,7.69772,45.16976470588236,64.63759999999999,Europa Zachodnia
4885,43N073 - VEZIN,Andenne,BE,Belgia,50.502716341788755,4.9884229539931955,-2.5616852371455843,-0.16713091642423436,-1.4375186961457043,0.342383724170975,10.635782,9.43884,6.723643044354839,11.52324974874372,6.157171573604061,48.895265326633165,8.501166932270916,5.1238821011673155,44.040439688715956,54.4598,Europa Zachodnia
4888,40RL01 - ROESELARE,Roeselare,BE,Belgia,50.95317728089703,3.1211555992941555,-0.0973268320187448,-0.1940880984936579,-0.06947330652165051,-0.01208150782169086,4.23234,6.4668036,11.133122222222221,17.91217294900222,14.078098190672772,51.39464,11.71092485549133,9.696399999999999,38.12818992248062,64.3678529424119,Europa Zachodnia
4889,43N067 - MEMBACH,MEMBACH,BE,Belgia,50.61227752901603,5.9927527187387195,-2.410746312010202,1.3898678273067622,-0.4025395046079458,1.0630514254457204,10.386221,10.643725,4.925258770161291,9.1455718875502,14.078098190672772,51.39464,6.705588461538461,3.3532620689655173,38.12818992248062,64.3678529424119,Europa Środkowa
5170,"""Copenhagen/1259""",Copenhagen,DK,Dania,55.70027924002429,12.561400410075299,-1.9388768740418585,-1.552862695299477,0.21273384298901066,-1.0130875683937004,9.260581,6.6220093,9.568817472919314,16.909750369800115,7.761246875,63.384899598393574,11.69357142857143,8.170128309942317,52.385596707818934,72.12352941176471,Europa Północna
5171,"""Ulborg""",Holsterbro,DK,Dania,56.29039999989111,8.427399999899087,-2.751638664165153,-2.4810595317156325,-0.21445201796301555,-1.5478733869078865,9.352521,6.592764,9.568817472919314,16.909750369800115,2.513741158536585,65.20610663983904,11.69357142857143,8.170128309942317,59.99212244897959,69.87372881355932,Europa Północna
5172,"""Risoe""",Roskilde,DK,Dania,55.6941999997893,12.088900000441926,-3.1341060512862535,-1.5583749720976978,-0.4818423898866816,-0.7335974437789188,9.729005,7.2137938,9.568817472919314,11.93217391304348,4.336889589905363,63.317644859813086,11.69357142857143,8.170128309942317,52.66546052631579,68.71424137931035,Europa Północna
5173,"""Aalborg/8158""",Aalborg,DK,Dania,57.04666519015225,9.930847169908175,-2.113968269877565,-1.6237099849455554,-0.05220986271083934,-1.3596188873507515,9.262597,6.6263347,9.568817472919314,16.909750369800115,7.074898373983739,63.10340703517588,11.69357142857143,8.170128309942317,56.95673469387755,67.88410041841004,Europa Północna
5175,"""Odense/9159""",Odense,DK,Dania,55.39638901022616,10.389172549735397,-2.1624952975069975,-1.85704777697438,0.2037835636148118,-0.8768629027918904,9.329808,6.569492,9.568817472919314,16.909750369800115,5.971209465020576,62.65969818913481,11.69357142857143,8.170128309942317,55.3601593625498,70.66652719665272,Europa Północna
5182,SK0021A,Trnavský kraj,SK,Słowacja,48.68055724946769,17.36334419,0.3404616140653805,-0.5869824083013883,-0.13764891247432132,0.0748198687190226,3.8439374,6.3968105,13.082979651162791,18.403701015965165,14.078098190672772,51.39464,15.143954802259888,11.35608187134503,38.12818992248062,64.3678529424119,Europa Środkowa
5183,"""Banska Bystrica - Zelena""",Banska Bystrica,SK,Słowacja,48.733256000210446,19.11526799966801,-1.1261562661681854,-1.132541937884796,-0.2739021076882956,0.561308154955507,5.862495,6.3542743,10.98905527638191,15.008329979879276,7.179368951612903,51.39371771771772,14.212706422018348,9.756679245283019,37.478616,68.59730941704036,Europa Środkowa
5184,SK0008A,Žilinský kraj,SK,Słowacja,49.0791664094688,19.30252457,1.70698245350375,-0.0878934912028543,-1.7605564841753492,0.16751558774645744,3.598544,7.0971494,14.72979441997063,19.494620991253644,16.30551724137931,38.73764540059347,19.88885542168675,11.753728813559322,27.617166666666666,53.85120481927711,Europa Środkowa
5185,SK0265A,Košický kraj,SK,Słowacja,48.9155578594683,20.42388916,1.5218700667226834,-1.7318725287993424,-0.5457937137053038,0.19857982838439195,2.8643281,6.5321903,16.231015965166907,21.745852601156066,13.264720229555238,51.39464,25.8687134502924,11.364463276836158,38.12818992248062,64.3678529424119,Europa Wschodnia
5186,SK0001A,Bratislavský kraj,SK,Słowacja,48.1250189994665,17.125611,-0.15325330622428102,-0.1578558507920497,0.41278043305778506,1.173217380102873,4.9720435,6.8097816,10.819443959243085,15.901002906976743,15.235598227474151,49.349625899280575,13.017272727272728,9.563107344632769,32.83423728813559,72.03898305084745,Europa Środkowa
5187,SK0007R,Trnavský kraj,SK,Słowacja,47.9599999994661,17.860564,-1.472208686204838,-1.8465013659127683,-0.8794748119005855,0.48669680976775764,5.6537433,6.2825494,12.556767830045523,14.416596385542169,5.025388714733542,52.67374213836478,15.891396648044692,9.569147727272728,40.51994444444445,68.15636363636364,Europa Środkowa
5188,"""Handlova - Morovianska cesta""",Handlova,SK,Słowacja,48.73311999986536,18.756377000299423,-0.4256091572359277,-0.045419462401435996,-0.2388808256882281,0.40057905414326894,4.3383617,6.308124,10.441945454545454,15.048939037433154,14.078098190672772,51.39464,15.150862944162435,8.993333333333332,38.12818992248062,64.3678529424119,Europa Środkowa
5189,"""Nitra - Sturova""",Nitra,SK,Słowacja,48.30945600029666,18.076831000215037,1.4902120346289758,0.4926908128220017,0.7961796949174867,-0.5016394602068835,2.8318696,9.674168,12.218180904522614,21.105241448692155,22.31645499495459,51.39464,13.883935742971888,11.754291845493562,38.12818992248062,64.3678529424119,Europa Środkowa
5190,"""Prievidza - Malonecpalska""",Prievidza,SK,Słowacja,48.78270500006217,18.628133000095442,0.21438841878658,0.02139425509313088,-0.2553642697033715,1.107064296512583,4.5414286,6.582563,12.196950354609928,16.00767441860465,14.174369230769232,48.313043043043045,16.826619047619047,9.719207547169812,30.71710659898477,63.57361111111111,Europa Środkowa
5191,SK0013A,Trenciansky kraj,SK,Słowacja,48.6669464094677,18.53084755,0.23436169817870636,-0.5225530362317604,-0.20554542031727555,0.18767033943983571,3.950951,6.3946953,12.90863768115942,17.3679015918958,14.078098190672772,51.39464,17.76764367816092,10.32502824858757,38.12818992248062,64.3678529424119,Europa Środkowa
5192,SK0047A,Trenciansky kraj,SK,Słowacja,48.8963890094683,18.04139328,1.3371856473430481,0.7148176266900544,0.47140660558289865,0.2652649500707519,3.4260657,10.110956,12.47394074074074,20.214837278106508,23.889583333333334,51.39464,16.485511363636363,8.620813953488373,38.12818992248062,64.3678529424119,Europa Środkowa
5193,SK0031A,Prešovský kraj,SK,Słowacja,48.8863906894683,21.687501909999998,0.6825815684037319,-0.878741264416355,-0.3042626591252652,0.25243208748744317,3.476588,6.4280095,14.212876453488374,18.49140988372093,14.078098190672772,51.39464,20.24543352601156,10.979039548022598,38.12818992248062,64.3678529424119,Europa Wschodnia
5194,SK0407A,,SK,Słowacja,48.4366669994672,17.019722,0.34180276065432735,-0.13460638867840238,-0.1367860406706974,0.20745217810446712,4.0851593,6.2072725,13.764224137931036,21.017068965517243,19.508843478260868,51.39464,11.824406779661016,8.170128309942317,38.12818992248062,64.3678529424119,Europa Środkowa
5195,SK0264A,Košický kraj,SK,Słowacja,48.6911125194678,21.2863884,1.1076370442671757,-1.1209668619454378,-0.14500991585436157,-0.1235218519830236,3.1157382,6.6904573,14.845739130434781,20.355158959537572,14.078098190672772,51.39464,20.279302325581394,12.3709604519774,38.12818992248062,64.3678529424119,Europa Wschodnia
5196,SK0006R,Prešovský kraj,SK,Słowacja,49.0422210694687,22.25973129,-2.166785219158271,-1.7017892548104547,-1.497401229101982,-1.1864970001724466,9.267661,7.7521796,9.568817472919314,16.909750369800115,2.5129181286549707,53.52453237410072,11.69357142857143,8.170128309942317,47.00555555555555,59.773446327683615,Europa Wschodnia
5197,SK0004R,Prešovský kraj,SK,Słowacja,49.152778629469,20.29111671,-2.9359093029320498,-0.5198469875053834,-1.6162949642386628,-0.7172068603313765,9.937725,7.7466764,7.786522302158273,10.576791366906475,4.19859011627907,48.24722703639515,6.725786516853933,9.20723163841808,42.39162011173185,59.671052631578945,Europa Wschodnia
5198,"""Bratislava - Kamenne nam.""",Bratislava - mestska cast Stare Mesto,SK,Słowacja,48.14467199991588,17.11357600025164,0.24673229888240186,-0.4800741797165406,-0.05712599699590162,-0.059039195939958995,3.873424,6.444117,11.99208904522613,18.05180722891566,14.078098190672772,51.39464,14.106923076923078,11.265496183206107,38.12818992248062,64.3678529424119,Europa Środkowa
5199,SK0002A,Bratislavský kraj,SK,Słowacja,48.1584279994666,17.128678,2.9412356718191366,0.925985801531383,1.3721716787690257,-0.694351866364502,2.2346594,9.249905,13.90309051724138,22.22744252873563,30.089971014492757,51.39464,16.19815168539326,13.470169491525423,38.12818992248062,64.3678529424119,Europa Środkowa
5200,SK0039A,Žilinský kraj,SK,Słowacja,49.0669441194687,18.92194748,1.64148322969051,-1.0217367075358343,0.22728983482819826,-0.5994076603666901,2.943409,6.8742876,15.33253623188406,22.43840517241379,16.5948493543759,51.39464,17.651271676300578,13.428813559322034,38.12818992248062,64.3678529424119,Europa Środkowa
5201,SK0262A,Banskobystrický kraj,SK,Słowacja,48.5580559994674,19.156667,0.2359266697985807,-0.545081707730595,-0.2375350619976366,0.26863994398367047,3.9645104,6.376053,13.230568965517243,17.481848137535817,14.078098190672772,51.39464,17.626516853932586,10.64890395480226,38.12818992248062,64.3678529424119,Europa Środkowa
5202,SK0266A,Prešovský kraj,SK,Słowacja,48.9933319094685,21.26749992,3.362913461245071,0.7020807738594244,1.262520733245533,-0.5047067902946532,2.1299958,9.312116,16.343997093023255,23.207950581395348,33.025072046109514,51.39464,20.461,14.619265536723164,38.12818992248062,64.3678529424119,Europa Wschodnia
5204,SK0018A,Košický kraj,SK,Słowacja,48.5922203094675,21.17528534,3.8881958261086376,-2.8072164415769665,0.32766050784244016,-1.7960870951469992,1.7854092,7.418676,20.38063492063492,32.766060606060606,14.078098190672772,51.39464,24.7064,16.6193167374646,38.12818992248062,64.3678529424119,Europa Wschodnia
5205,"""Kosice - Stefanikova""",Kosice,SK,Słowacja,48.72626699972071,21.258836000200212,2.506912385828304,-0.545802074202224,0.5056231034458223,-0.3830266029592776,2.13439,8.076288,15.351121580547114,24.36509072580645,21.141471471471473,51.39464,21.25117924528302,12.915361216730037,38.12818992248062,64.3678529424119,Europa Wschodnia
5206,SK0020A,Žilinský kraj,SK,Słowacja,49.2119445794691,18.77111435,2.3340573607877384,0.5103716507185876,-1.6244127821965417,0.22563753121362426,3.6069643,7.26069,14.897080291970802,21.18584415584416,19.15486646884273,36.52017316017316,19.441834319526627,11.036723163841808,25.024611111111113,50.88139534883721,Europa Środkowa
5207,"""Ziar nad Hronom - Jilemnickeho""",Ziar nad Hronom,SK,Słowacja,48.599558000220036,18.84246099989116,-0.6089290426950756,0.12168875822674874,-0.047947655794572004,0.16024478627114816,7.346532,10.096413,10.47473092369478,15.122696177062373,14.078098190672772,51.39464,12.736405405405405,9.738854961832061,38.12818992248062,64.3678529424119,Europa Środkowa
5208,SK0214A,Banskobystrický kraj,SK,Słowacja,48.7350006094679,19.15499878,2.446088976283018,0.015768643419353426,0.6077752940778006,-0.29681622130193985,2.1540654,8.491631,14.060663780663782,23.939898843930635,22.883299711815564,51.39464,19.910842696629214,10.778587570621468,38.12818992248062,64.3678529424119,Europa Środkowa
5209,SK0406A,Prešovský kraj,SK,Słowacja,48.9349999994684,22.27361,-0.8248845124876721,0.30120766143281147,-0.007121068375935518,0.12431808097801686,7.3358564,10.137243,9.86882225433526,14.43605187319885,14.078098190672772,51.39464,11.211412429378532,9.167175141242938,38.12818992248062,64.3678529424119,Europa Wschodnia
5210,SK0134A,Nitriansky kraj,SK,Słowacja,48.2830499994668,18.14112,-1.196345327755431,-1.6957174108821587,0.6759688577894223,0.6602321175778597,7.3906975,6.462081,11.689620029455082,16.44099560761347,8.855127448071215,60.39967280163599,15.174090909090909,8.8988,43.084833333333336,77.84521739130436,Europa Środkowa
5211,SK0022A,Banskobystrický kraj,SK,Słowacja,48.5836105294675,19.95168495,0.5764908787443974,-0.7238797540081982,-0.3383454754094706,0.22865777513712485,3.4553344,6.332398,13.30363768115942,19.848234442836468,14.078098190672772,51.39464,21.51764367816092,8.974858757062147,38.12818992248062,64.3678529424119,Europa Środkowa
5212,SK0025A,Banskobystrický kraj,SK,Słowacja,48.6311111494676,20.24028397,3.582793611652387,-3.4875079518485843,-2.180075179357504,1.224618478710202,1.6573272,6.9667993,20.57083068017366,29.58984218077475,7.395286541244573,41.9629203539823,37.18849162011173,9.386608187134502,24.49643312101911,60.92448717948717,Europa Wschodnia
5213,SK0041A,Prešovský kraj,SK,Słowacja,49.06666564946871,20.25,-2.289580773700178,-0.7548421668179129,-1.1745690851331068,-0.6435599200713162,9.867611,7.838016,9.568817472919314,12.089962962962963,6.7669723435225615,53.040476923076916,11.69357142857143,8.170128309942317,46.16728395061729,62.73670886075949,Europa Wschodnia
5214,SK0030A,Košický kraj,SK,Słowacja,48.8741645794682,21.83750343,0.7163764347619865,-0.8919992015041225,-0.2521842297349094,0.16684412594697537,3.5156188,6.481737,14.503410740203194,18.84186685962373,14.078098190672772,51.39464,20.24296511627907,11.323672316384181,38.12818992248062,64.3678529424119,Europa Wschodnia
5215,SK0048A,Bratislavský kraj,SK,Słowacja,48.1666679394666,17.11666679,-1.4364090320965495,-1.9995292769087774,1.8047000589419466,1.4252088178759552,7.222335,6.138979,11.055751445086704,15.160448625180898,8.775232558139534,64.53242380261247,12.916201117318435,9.64764367816092,42.76849162011173,87.37231638418079,Europa Środkowa
5216,SK0037A,Prešovský kraj,SK,Słowacja,48.9308357194684,21.9136219,1.2127989296699,-2.2905193591217583,-0.9614169211188934,-0.3161915937943142,3.04264,6.566459,16.973140376266283,20.723994252873563,8.793973988439307,49.21030259365994,23.737745664739887,14.861864406779661,36.18844444444444,62.194797687861275,Europa Wschodnia
5217,SK0045A,Trnavský kraj,SK,Słowacja,48.371109009467,17.58501816,1.8473321956887696,0.8528186702686851,0.8035414769176404,-0.05163204986527631,2.5001266,9.501231,13.543597122302158,19.640590778097984,27.63164464023495,51.39464,16.301899441340783,11.439428571428572,38.12818992248062,64.3678529424119,Europa Środkowa
5218,SK0042A,Košický kraj,SK,Słowacja,48.783332819468,20.99223137,-3.8853366471843347,-3.0706212581016175,1.523061131103657,-0.26821550292965685,10.290177,5.8596425,9.568817472919314,7.502615384615385,2.0678721804511278,75.76503759398496,11.69357142857143,8.170128309942317,60.28813559322034,92.37272727272727,Europa Wschodnia
5378,Norrlandsgatan,Stockholm,SE,Szwecja,59.33635627,18.07062632,-2.0176523600838037,-0.2817771998270426,-0.8014145336690186,0.6725263166355225,8.66417,9.156468,9.568817472919314,10.95408950617284,9.389578461538461,51.39464,11.69357142857143,8.170128309942317,38.12818992248062,64.3678529424119,Europa Północna
5503,MT00005,Msida,MT,Malta,35.8958358794896,14.48998642,3.8476032332148824,0.25312840652796176,2.257451267523431,-2.926832948408876,2.1529934,8.7705345,14.140223214285713,29.27340425531915,29.136577777777777,58.08173252279635,14.41739393939394,15.868870056497174,44.426066666666664,62.29039548022599,Europa Południowa
5507,Zejtun Station,Zejtun,MT,Malta,35.852266000333806,14.538941000058859,0.13060494826400312,-1.9146295308353407,2.206674455915058,-3.8686165429776964,9.106848,5.524444,11.449015286624205,25.185041152263373,13.919138276553106,73.49689689689689,9.25959090909091,13.665019157088123,65.20240963855422,76.10224719101123,Europa Południowa
5577,Gharb Station,Gharb,MT,Malta,36.067050000123075,14.197073999690769,-3.0292868910467186,-4.104955584367873,2.279143610020793,-3.808125816088223,9.946061,5.657317,9.086537558685446,19.65443523316062,2.4100134615384614,89.12630879948368,6.816646341463415,11.833692307692306,70.8754423262549,96.47932330827068,Europa Południowa
5674,Sverresgate,Grenland,NO,Norwegia,59.13815999999836,9.65219999968707,-1.3908546271710307,0.0017457138923442457,-0.47121571005572677,0.6036074072070529,8.3471575,9.671293,9.568817472919314,13.442919708029198,10.441868041237113,51.39464,11.69357142857143,8.170128309942317,38.12818992248062,64.3678529424119,Europa Północna
5734,Basel-Binningen,Nationales Beobachtungsnetz für Luftfremdstoffe,CH,Szwajcaria,47.54110000003129,7.58327999961538,-1.1609945681772131,0.3316326011909887,0.6544228946235547,1.890737755199017,6.046548,7.331963,8.847996579476861,11.755756369107322,13.782669669669671,51.704004004004005,11.153664383561644,7.169737991266375,36.022525252525256,72.37117903930131,Europa Środkowa
5735,Ebikon-Sedel,inLUFT,CH,Szwajcaria,47.067700000042095,8.30067999965945,-0.8028755605093837,0.2838048103216304,0.3026130225436061,1.4975744850178352,6.109012,7.4403615,9.568817472919314,12.765494070351759,14.28943943943944,48.70447447447447,11.69357142857143,8.170128309942317,32.2745,71.33805309734512,Europa Środkowa
5736,Opfikon-Balsberg,OSTLUFT,CH,Szwajcaria,47.43870000028494,8.57011999966538,0.4103892116033279,2.3230463327927406,-0.20729029655128434,1.2061233098102189,4.729456,8.593903,9.568817472919314,13.276760280842527,24.93720720720721,40.67528028028028,11.69357142857143,8.170128309942317,27.19326962457338,59.13381974248927,Europa Środkowa
5737,Zürich-Schimmelstrasse,OSTLUFT,CH,Szwajcaria,47.37089999996605,8.52354000039437,0.4955792274822151,2.047828450321591,1.1366244927605478,1.7405470328188783,4.865885,8.353885,9.568817472919314,13.44365731462926,26.244294294294292,47.083803803803804,11.69357142857143,8.170128309942317,30.960341296928323,69.2094017094017,Europa Środkowa
5738,Saxon,Canton du Valais,CH,Szwajcaria,46.138999999734644,7.148329999799844,-0.2847365345161552,0.6055397797745119,0.37877912097284094,1.8849595743608025,5.742827,7.451168,9.568817472919314,13.492125502008031,13.362650300601201,46.33385985985986,11.69357142857143,8.170128309942317,27.687849999999997,66.99102222222223,Europa Środkowa
5784,Longford Town Dublin Road Railway,,IE,Irlandia,53.72555599995296,-7.791389000428379,-1.9681265305229463,1.06286424449242,-0.28810220957927807,0.8489735721449022,10.031248,10.467203,6.739069767441861,10.69837962962963,14.078098190672772,51.39464,10.577333333333334,5.5732608695652175,38.12818992248062,64.3678529424119,Europa Zachodnia
6161,Hornsgatan,Stockholm,SE,Szwecja,59.31713213999999,18.04878744,-1.5380675464733684,1.3533336223091907,0.16356017436395498,0.031304932808227715,9.431428,10.7543745,5.474524291497976,13.855615226337449,16.619592778335004,51.39464,5.097885714285715,5.634548507462687,38.12818992248062,64.3678529424119,Europa Północna
6188,Folkungagatan,Stockholm,SE,Szwecja,59.31462368,18.07585555,-1.8060416504717114,0.0032926794053482794,-0.599990854029292,0.6113776501975323,8.582401,9.345798,9.568817472919314,10.724389880952382,11.256418128654971,51.39464,11.69357142857143,8.170128309942317,38.12818992248062,64.3678529424119,Europa Północna
6209,Sollentuna E4 Häggvik,Sollentuna,SE,Szwecja,59.44353499937188,17.922358000226797,-2.4515677380656036,1.529355385650496,-0.12927030678530807,0.6156048634092206,10.374576,10.629957,4.675129796839729,10.98444059976932,14.078098190672772,51.39464,4.558469194312796,4.302228346456693,38.12818992248062,64.3678529424119,Europa Północna
6229,Sveavägen,Stockholm,SE,Szwecja,59.34516113,18.05428175,-3.5343274977888823,2.0084254403370414,-0.11527855632225609,0.018673191189107638,11.099224,10.118448,0.0,12.672457055214725,12.22903815261044,51.39464,0.0,0.0,38.12818992248062,64.3678529424119,Europa Północna
6230,Södertälje Turingegatan 26,Södertälje,SE,Szwecja,59.19811500016407,17.62108399995059,-1.696183563270576,1.6907560075339432,0.23853496647014594,0.27065122290998656,9.695846,10.827549,4.986440433212996,13.560589451913133,17.13806032225579,51.39464,5.98,4.915155555555556,38.12818992248062,64.3678529424119,Europa Północna
6348,Montemor-o-Velho,Rede de Qualidade do Ar do Centro,PT,Portugalia,40.18277800003292,-8.676666999795179,-2.531791752484635,-1.8768721236783916,-0.44623340922214794,-1.0127942785747923,9.413418,6.7954097,9.568817472919314,15.364535,3.3319673224043718,62.9932059447983,11.69357142857143,8.170128309942317,51.296208530805686,66.58666666666667,Europa Południowo-Zachodnia
6351,"Olesno, ul. Słowackiego",Olesno,PL,Polska,50.8769830001303,18.416878000342773,0.07833898759220732,-0.8258441977701286,0.5768165138886293,-0.739481796491911,6.111704,9.709291,9.568817472919314,24.975369807497465,13.199556898288016,54.952477432296895,11.69357142857143,8.170128309942317,43.73780269058296,67.84479087452472,Europa Środkowa
6363,Alvim,Sarpsborg,NO,Norwegia,59.27377543980679,11.089190169693003,-1.4356911659680607,0.42448105236757,-0.35686504358740795,0.7246417235800744,8.664017,9.95487,8.46672986748216,12.628265848670756,12.010841093117408,51.39464,10.6299609375,7.157914893617021,38.12818992248062,64.3678529424119,Europa Północna
6378,Czerniawa,Czerniawa,PL,Polska,50.91247500020062,15.312189999731803,-3.8698355172251815,-3.281673595503226,2.3662436737465207,-0.220676572916943,10.265436,5.7635775,9.568817472919314,12.954623188405797,3.571886586695747,80.663539445629,11.69357142857143,8.170128309942317,68.39362745098039,94.64344569288389,Europa Środkowa
6381,"Warszawa, ul. Tołstoja",Warszawa,PL,Polska,52.285073000210836,20.933017999762576,2.0707147595806403,-1.8085290121938131,-0.30476685760558037,-0.19561101060251987,2.7331371,6.7947264,18.271981891348087,24.853677811550153,14.078098190672772,51.39464,22.683916349809884,12.136039215686274,38.12818992248062,64.3678529424119,Europa Wschodnia
6382,"Zakopane, ul. Sienkiewicza",Zakopane,PL,Polska,49.29356400004286,19.960083000435894,0.1571847269519498,0.20232819175882322,0.23531701533812452,-0.3965981512432231,6.2643294,10.381359,9.568817472919314,20.431973550356055,15.088367179487179,52.49168168168168,11.69357142857143,8.170128309942317,41.65009302325581,61.568164794007494,Europa Środkowa
6384,"Szczecin, ul. Andrzejewskiego",Szczecin,PL,Polska,53.38097500020279,14.663347000313731,-1.2419343232897613,-0.8401995888422994,0.14438801692580566,-0.1323288817337322,8.175855,8.0437,10.626459627329192,17.02857581967213,10.81142179616549,55.97626130653266,12.136069651741293,8.041471698113206,45.747511520737326,69.87366412213741,Europa Środkowa
6386,"Warszawa, ul. Wokalna",Warszawa,PL,Polska,52.16077200027042,21.033818999839358,0.3552427921262214,0.23722755311624144,-0.03315977550568257,0.8772379829227259,4.0845947,6.2158656,12.687591775325979,18.16320241691843,18.20518181818182,48.473333333333336,16.207657657657656,7.617599250936329,36.995714285714286,66.43478260869566,Europa Wschodnia
6387,"Piastów, ul. Pułaskiego",Piastów,PL,Polska,52.19172800020462,20.83748900008589,1.4453665342842736,-0.16607803560662823,-0.1991310222047902,0.5378593040548654,3.5341067,6.3263516,15.13377263581489,21.555916919959472,18.73930443548387,47.17366733466934,19.056740088105727,9.163496240601503,35.52087962962963,62.457677902621725,Europa Wschodnia
6391,Moheia Vest,Rana,NO,Norwegia,66.31219100015043,14.149922999784136,-1.743194489115834,0.9728957351949029,-0.32244438612248005,0.7492545817488461,9.545667,10.672301,6.55447261663286,13.031560574948665,14.078098190672772,51.39464,8.610215311004785,4.817187265917603,38.12818992248062,64.3678529424119,Europa Północna
6406,Wexford Enniscorthy Parnell Road,Wexford,IE,Irlandia,52.49850000010686,-6.570749999731383,-1.494111571912601,0.7351196051103508,-0.3619815540620548,0.8114028386871731,9.308783,10.477807,8.472920081967214,13.103241590214068,14.078098190672772,51.39464,11.989893048128343,5.5650813008130084,38.12818992248062,64.3678529424119,Europa Zachodnia
6409,Aprilia 2,Latina,IT,Włochy,41.595344,12.653581,0.19906488039584144,-0.03783502911590697,0.22049541008016188,-0.6030834458020565,6.2643447,9.96879,9.568817472919314,21.325780463242697,14.240952858575726,51.39464,11.69357142857143,8.170128309942317,38.12818992248062,64.3678529424119,Europa Południowa
6502,Olav V gate,unknown,NO,Norwegia,67.27550099990026,14.419057000366632,-3.1741048499414752,1.993960786940617,-0.17568237508052126,0.9196575786745743,10.898802,10.386469,3.1826841025641026,8.045234984193888,14.078098190672772,51.39464,2.6010790697674415,3.4380269230769227,38.12818992248062,64.3678529424119,Europa Północna
7137,"Koszalin, ul. Armii Krajowej",Koszalin,PL,Polska,54.19398599976215,16.172543999893893,-0.32606794964974484,0.6380406183270925,0.14248981919079554,0.05925548825705398,6.714954,10.715159,9.568817472919314,17.73599593495935,17.386359077231695,51.39464,11.69357142857143,8.170128309942317,38.12818992248062,64.3678529424119,Europa Środkowa
7163,Custóias-Matosinhos,Porto,PT,Portugalia,41.19972200032716,-8.644722000095136,0.006748209666666829,0.8846312259871073,0.286655170012714,0.2522102276641414,5.4905562,11.067097,9.568817472919314,15.85408422459893,18.59354481369587,51.39464,11.69357142857143,8.170128309942317,38.12818992248062,64.3678529424119,Europa Południowo-Zachodnia
7173,Monte Velho,Rede de Qualidade do Ar do Alentejo,PT,Portugalia,38.07694400005979,-8.798610999927275,-2.0464312007903995,-1.0043151825631969,-2.007316819565455,-1.7440828361481941,9.322421,7.7641196,9.138084163898117,17.407232142857143,3.367225077399381,50.81141141141141,9.883655913978494,8.949744897959183,45.50595238095238,48.77509293680298,Europa Południowo-Zachodnia
7178,Santiago do Cacém,Setúbal,PT,Portugalia,38.02000000007205,-8.697500000229098,-4.664251259209764,-1.7598101464145768,0.4748754769793116,-1.9669298041774126,10.736278,7.16054,3.9500746268656717,13.382566765578636,1.5866028121484814,72.63919540229885,3.3039975247524755,4.401272289156626,67.45308056872038,70.85701754385964,Europa Południowo-Zachodnia
7182,Sonega,Setúbal,PT,Portugalia,37.87111100027024,-8.723888999846922,-3.0523254846468557,-0.30625131903395003,0.31873717527029455,0.31912723093744194,9.674439,7.549318,5.428895,13.392061855670102,5.425282323232323,54.56128073770491,5.261684210526316,6.605217391304348,62.52067669172932,40.14672,Europa Południowo-Zachodnia
7183,Minho-Lima,Rede de Qualidade do Ar do Norte,PT,Portugalia,41.802222000139054,-8.693889000060706,-5.885560280669884,-1.2912757879378975,0.5552139849383537,-0.827384361394808,10.79347,6.6224203,3.990265483234714,5.6810323333333335,2.6082128418549346,74.75515075376885,2.9571071428571427,5.25424358974359,68.13584905660377,77.12867132867133,Europa Południowo-Zachodnia
7184,Instituto Geofísico de Coimbra,Rede de Qualidade do Ar do Centro,PT,Portugalia,40.20694399982838,-8.410832999934769,-0.8069617971759568,-0.8770403402383404,0.21693283674133437,-0.36005291967759784,7.7092752,8.504497,9.568817472919314,19.816548117154813,9.561730382293764,56.083114228456914,11.69357142857143,8.170128309942317,40.58774887892376,62.87388059701493,Europa Południowo-Zachodnia
7185,Fundão,Rede de Qualidade do Ar do Centro,PT,Portugalia,40.23305599969045,-7.301944000170687,-3.907694536636567,-1.3640051181649477,0.6553759747247192,-0.17184072664348987,10.185435,7.0067463,4.611556113902848,11.70485312899106,2.203779218106996,64.67883,6.044038461538462,5.332403409090909,50.642857142857146,74.52835820895523,Europa Południowo-Zachodnia
7186,Joaquim Magalhães,Rede de Qualidade do Ar do Algarve,PT,Portugalia,37.01500000002294,-7.92666699974986,-2.162960353717267,0.4007316425082563,-0.2793898630485383,-1.5379301558573888,10.821946,9.124668,3.279765784114053,20.094081675392673,8.97267336683417,55.12500821355236,3.4003571428571426,3.472781954887218,41.63627450980392,61.5752808988764,Europa Południowo-Zachodnia
7187,Ermesinde-Valongo,Rede de Qualidade do Ar do Norte,PT,Portugalia,41.20666699975217,-8.552777999749257,-0.5782266991977519,-0.4065062038386465,1.9153700805807852,-0.9967262882720261,7.829501,7.1257043,9.568817472919314,18.560732714138286,16.743965957446807,67.71149425287356,11.69357142857143,8.170128309942317,60.10138248847926,68.390625,Europa Południowo-Zachodnia
7188,Fr Bartolomeu Mártires-S.Vitor,Braga,PT,Portugalia,41.549722000175315,-8.405833000419557,4.144378650949639,2.9997222543842854,2.5379490049581097,-1.215730983242689,2.2280507,9.90685,9.568817472919314,28.093210355987054,38.7624320083682,51.39464,11.69357142857143,8.170128309942317,38.12818992248062,64.3678529424119,Europa Południowo-Zachodnia
7189,D.Manuel II-Vermoim,Porto,PT,Portugalia,41.23555600000465,-8.618611000311658,-0.1030342597340588,0.7332468929512306,0.2114048283856468,0.1798635344734419,5.9160285,10.996791,9.568817472919314,15.889704284221526,18.346201629327904,51.39464,11.69357142857143,8.170128309942317,38.12818992248062,64.3678529424119,Europa Południowo-Zachodnia
7190,Avintes,Porto,PT,Portugalia,41.096666999899476,-8.555833000248958,-0.3626322061836007,0.7953062260948958,-1.5904081153537393,-0.765641543587882,6.425843,9.003442,9.568817472919314,16.822858638743455,13.6522022022022,44.1035503560529,11.69357142857143,8.170128309942317,38.3067,44.69148148148148,Europa Południowo-Zachodnia
7191,Frossos-Braga,Braga,PT,Portugalia,41.56944400010007,-8.456943999575724,0.13101732014108908,1.5237517116265582,-3.9223433839625232,-0.03737182612225733,6.2031393,8.69657,9.568817472919314,16.909750369800115,9.624916666666666,24.471042424242423,11.69357142857143,8.170128309942317,21.850641509433963,24.23042748091603,Europa Południowo-Zachodnia
7193,Odivelas-Ramada,Rede de Qualidade do Ar de Lisboa e Vale do Tejo,PT,Portugalia,38.802222000265,-9.182222000082698,0.412077562926352,1.214893902979236,0.6455672148250003,0.12672044112935943,4.1972957,11.020017,9.568817472919314,18.22115625,20.767626774847873,51.39464,11.69357142857143,8.170128309942317,38.12818992248062,64.3678529424119,Europa Południowo-Zachodnia
7194,Meco-Perafita,Porto,PT,Portugalia,41.232222000155645,-8.713056000240057,0.29510559958584576,-0.4821767402486633,0.3717157532951554,-1.4522906798592807,6.2290673,9.780542,9.568817472919314,24.35599147121535,14.078098190672772,57.87504184100418,11.69357142857143,8.170128309942317,46.15697435897436,58.43174603174603,Europa Południowo-Zachodnia
7195,Douro Norte,Vila Real,PT,Portugalia,41.371389000197034,-7.790832999861373,-5.801294355148501,-1.59028242713518,1.8891402024182438,-0.6692880810925108,10.713727,6.425413,2.502794169416942,7.473691712707182,3.212527638190955,81.57793380140421,2.1391110576923076,3.780324632352941,69.17401960784314,87.93320754716981,Europa Południowo-Zachodnia
7196,Ílhavo,Aveiro,PT,Portugalia,40.589722000301116,-8.67055599986918,-0.8590606041351061,-1.9625882128770726,0.0997854431003821,-1.5722650933753008,7.8112187,8.436635,9.568817472919314,23.804105534105535,4.919873943661972,60.28798798798798,11.69357142857143,8.170128309942317,48.03738738738738,61.925468164794005,Europa Południowo-Zachodnia
7199,Restelo,Lisboa,PT,Portugalia,38.70500000003812,-9.210277999780002,-0.39468550679482023,0.605859173107042,0.13263698325240175,-0.4973171760704137,6.063329,10.525441,9.568817472919314,16.909750369800115,15.997147147147146,56.525909999999996,11.69357142857143,8.170128309942317,44.39585903083701,58.697003745318355,Europa Południowo-Zachodnia
7200,Pe Moreira Neves-Castelões de Cepeda,Porto,PT,Portugalia,41.20749999999324,-8.33805599976824,0.532801255447961,0.7316474059134175,0.25254429541820106,0.14047022542909404,5.6966166,11.02718,9.568817472919314,23.093314606741572,20.22532128514056,51.39464,11.69357142857143,8.170128309942317,38.12818992248062,64.3678529424119,Europa Południowo-Zachodnia
7207,"Łódź, ul. Gdańska",Łódź,PL,Polska,51.77537800003529,19.450992000323055,0.2425557047979363,0.5561160109647072,0.3216462421858656,-0.24085933034402623,5.8584642,10.79878,9.568817472919314,20.201843971631206,18.81496439471007,51.39464,11.69357142857143,8.170128309942317,38.12818992248062,64.3678529424119,Europa Środkowa
7209,Liniewko Kościerskie,Liniewko Kościerskie,PL,Polska,54.10411100018107,18.182971999565655,-1.6844332628216825,-1.1564831475075315,-0.9895821218240333,-0.8552759375685778,9.000196,7.885734,9.568817472919314,16.909750369800115,6.430340703517588,54.10833833833834,11.69357142857143,8.170128309942317,44.11584821428572,61.83656370656371,Europa Środkowa
7210,"Kościerzyna, ul. Targowa",Kościerzyna,PL,Polska,54.12069400009938,17.975861000083857,-0.8941149937136034,-1.0367768865297,-0.5683476546985936,-0.7503377543863093,9.100376,7.2907424,12.543559095580678,17.769167860798362,12.98566091954023,59.48271929824561,16.174014634146342,6.9987969924812035,54.36322033898305,64.3678529424119,Europa Środkowa
7211,"Lębork, ul. Malczewskiego",Lębork,PL,Polska,54.54616700016444,17.746194000012157,0.6650807330021984,-1.6755214754330854,-1.1757091070196755,-0.44123256849150677,3.0924144,6.3837748,15.545935064935065,22.443479381443296,11.351546184738956,51.9403003003003,20.41127551020408,8.256094674556213,46.74646825396825,56.33067226890756,Europa Środkowa
7239,"Kraków, ul. Bujaka",Kraków,PL,Polska,50.01057500006781,19.949188999831346,2.180050899976833,2.107858310612659,-0.23309185592307138,-0.08254313731321765,4.154548,9.605566,9.568817472919314,23.80600814663951,25.113038229376258,39.16344044044044,11.69357142857143,8.170128309942317,26.62106046511628,54.21588014981273,Europa Środkowa
7241,"Konstancin-Jeziorna, ul. Wierzejewskiego",Konstancin-Jeziorna,PL,Polska,52.080625,21.111186,0.0944328335944693,-0.5196887954710382,-0.5170355870500202,0.7291101471194831,4.128636,6.1281037,14.215775862068966,16.98942363112392,14.078098190672772,51.39464,17.5625,8.739347826086956,38.12818992248062,64.3678529424119,Europa Wschodnia
7242,"Duszniki-Zdrój, ul. Sportowa",Duszniki-Zdrój,PL,Polska,50.40256100004686,16.393310999678672,0.27542122028229743,-0.6276622303200379,-0.7422208371856459,0.9401302405890697,4.0965843,6.030814,12.37316091954023,16.745558739255014,14.078098190672772,51.39464,21.357763157894738,6.714666666666666,38.12818992248062,64.3678529424119,Europa Środkowa
7300,Ringsakervegen,unknown,NO,Norwegia,60.88593000015307,10.937850000240683,-0.8903297309831617,0.34108227435327965,-0.5420168984404807,0.83395827583356,8.996201,10.549035,8.160751764705882,15.320186298076923,14.078098190672772,51.39464,14.345395604395605,4.657565384615385,38.12818992248062,64.3678529424119,Europa Północna
7456,Monte Chãos,Rede de Qualidade do Ar do Alentejo,PT,Portugalia,37.95416700019476,-8.838055999798453,-3.2953349774517275,0.6158499902373221,-1.3776153566452571,-2.1337577786880826,11.14104,8.124091,4.134481761006289,14.452933333333334,8.573857938718662,54.011286407766995,3.848814569536424,4.228674418604651,51.221637426900585,53.8289156626506,Europa Południowo-Zachodnia
7504,Paços de Ferreira,Rede de Qualidade do Ar do Norte,PT,Portugalia,41.27416700028732,-8.37611099956937,-0.0998980869408678,1.291188422790577,-1.9239884534857365,-1.3885367057560092,6.395445,9.143165,5.361325321888412,19.850594479830146,13.97981343283582,40.83283582089552,11.225433333333333,4.146503643724697,35.37915254237288,41.910410557184754,Europa Południowo-Zachodnia
7511,Anta-Espinho,Aveiro,PT,Portugalia,40.99944399986209,-8.623332999992526,-0.5450119729231842,-0.031955223084404495,-0.9817341664152048,-1.1904400711295129,7.068084,9.072273,9.568817472919314,19.043821733821733,11.522673373373374,51.286699999999996,11.69357142857143,8.170128309942317,47.03862660944206,49.005992509363296,Europa Południowo-Zachodnia
7512,Fiumaretta,Civitavecchia,IT,Włochy,42.102157999999996,11.784358,-0.14545414098907825,0.19424062075163853,0.4947960456140083,-1.042818687420012,6.7202725,9.975452,9.215210355987056,19.04679802955665,14.649803240740741,51.39464,8.811188811188812,10.882716049382717,38.12818992248062,64.3678529424119,Europa Środkowa
7514,Allumiere Aldo Moro,via Aldo Moro snc - Allumiere (RM),IT,Włochy,42.16096599992137,11.900003999839035,-3.6312961172106695,-3.448619168346282,2.949453070091108,-0.8574996705441105,10.082766,5.663783,8.42195367573011,15.100606673407482,4.506652834008097,86.59939999999999,12.231441048034934,7.401486988847584,68.92844444444444,102.55535055350553,Europa Środkowa
7515,S. Gordiano,"Via del tiro a segno, snc - Civitavecchia (RM)",IT,Włochy,42.07361199972038,11.815902999795961,-0.1743013807348135,-0.20427996995166214,0.12196569806553732,-0.8311156981980228,6.5963187,9.864341,9.568817472919314,20.202935222672064,12.43886,51.39464,11.69357142857143,8.170128309942317,38.12818992248062,64.3678529424119,Europa Środkowa
7516,Monte Romano,Civitavecchia,IT,Włochy,42.268561,11.910914,-1.7781479574206869,-1.3925288257611204,-0.8790123144191306,-0.424455886657162,8.702526,8.258396,9.568817472919314,16.294117647058822,4.194677419354838,51.39464,11.69357142857143,8.170128309942317,38.12818992248062,64.3678529424119,Europa Środkowa
7517,Campo dell'Oro,Via A. De Gasperi - Civitavecchia (RM),IT,Włochy,42.08179200025957,11.809369000270658,-1.1537239202421616,0.015109124042035956,0.06404481697063567,-0.7959714787152773,7.779854,9.2701025,7.644084934277047,17.321681864235057,11.06234704112337,51.39464,7.5152838427947595,9.101694915254237,38.12818992248062,64.3678529424119,Europa Środkowa
7518,Faro,Via Nuova di S.Liborio snc - Civitavecchia (RM),IT,Włochy,42.09883700016232,11.817651999891206,-1.6043235682694692,-0.5505564165809619,-0.37418985887158135,-0.4691887944220658,8.443987,8.538811,8.107587768969422,15.628048780487806,7.224449484536083,51.39464,8.723958333333334,9.435294117647059,38.12818992248062,64.3678529424119,Europa Środkowa
7519,S. Agostino,via di Torrevaldaliga - Civitavecchia (RM),IT,Włochy,42.159982999867076,11.74270600040318,-3.0949115755805185,-1.910363688344734,0.6969787428260402,-1.905360595758492,9.366693,6.5595155,6.716216216216216,15.82995951417004,3.8387082494969818,67.4379,5.969162995594714,8.598859315589353,55.81194690265487,77.94126394052044,Europa Środkowa
7520,Aurelia,Civitavecchia,IT,Włochy,42.137344,11.793163,-1.7636997302929833,-0.6074011653986455,-0.6797220122011167,0.06148490118601702,8.641028,8.493536,9.568817472919314,13.043610547667344,7.460636363636364,51.39464,11.69357142857143,8.170128309942317,38.12818992248062,64.3678529424119,Europa Środkowa
7526,COLLEFERRO EUROPA,V.LE EUROPA - Colleferro (RM),IT,Włochy,41.725004999784296,13.009667999554923,3.924259621988427,-1.050654219198728,0.5417185661418685,-0.6190144801946711,1.5111881,8.124599,16.389285714285716,28.826395939086293,21.607091273821464,51.39464,28.443396226415093,12.155430711610487,38.12818992248062,64.3678529424119,Europa Południowa
7527,L.GO MAGNA GRECIA,LARGO MAGNA GRECIA - Roma (RM),IT,Włochy,41.883074999854905,12.508950000372625,2.792934663189613,3.0728465633295663,2.1015853392136092,-0.4104269780444403,2.1606834,10.046948,9.568817472919314,23.322255790533735,37.34827794561933,51.39464,11.69357142857143,8.170128309942317,38.12818992248062,64.3678529424119,Europa Południowa
7529,ARENULA,Piazza Cairoli adiacente via dei Giubbonari - Roma (RM),IT,Włochy,41.89397099978775,12.475387000098593,3.5728172521793087,2.669412814279944,-0.6341577654375615,-0.385238525711486,3.9521987,9.59501,12.51356783919598,21.83937562940584,31.04523,36.791128,17.601809954751133,12.199261992619926,21.395616071428574,45.66420664206642,Europa Południowa
7530,C.SO FRANCIA,CORSO FRANCIA - Roma (RM),IT,Włochy,41.94744799997372,12.46956300022777,3.3205538870115814,1.6068916373192008,1.7002068186093229,-0.9117301217637649,1.9070148,9.298607,12.744209466263847,25.530181086519114,35.9445,51.39464,17.397260273972602,11.547169811320755,38.12818992248062,64.3678529424119,Europa Południowa
7531,Colleferro-Oberdan,Roma,IT,Włochy,41.73084,13.00435,2.5234575377639605,1.8659387890886114,-1.051109682892491,-1.5733323166796487,4.608831,9.513062,9.568817472919314,26.08953722334004,25.025650000000002,37.55528528528529,11.69357142857143,8.170128309942317,24.8866985645933,45.728205128205126,Europa Południowa
7532,Civ. Villa Albani,Roma,IT,Włochy,42.099363,11.798061,0.5870670381158029,0.4256595518057327,1.6780435284975563,-1.6462873018122088,6.0240865,10.909271,9.256709451575263,22.12185297079557,20.88098,61.2475350140056,9.950980392156863,10.502304147465438,49.840823529411765,66.35714285714286,Europa Środkowa
7533,Ferentino,Frosinone,IT,Włochy,41.69,13.250411,2.9311563448251574,-1.686552186258576,-0.18206565176132125,-0.24714915371211335,1.9330219,7.2950664,16.40212981744422,25.85764587525151,16.26607,51.39464,30.118483412322274,11.195075757575758,38.12818992248062,64.3678529424119,Europa Południowa
7534,Fermi,Roma,IT,Włochy,41.864194,12.469531,3.653793259255965,3.913489694092909,2.703323392557306,-0.5598006652027026,1.9954734,9.963261,9.568817472919314,24.75227502527806,45.46201,51.39464,11.69357142857143,8.170128309942317,38.12818992248062,64.3678529424119,Europa Południowa
7535,Allumiere,Roma,IT,Włochy,42.157741,11.908744,-3.6219519289847644,-2.714087501085206,2.067717723828198,-1.2009074812109057,10.142009,5.7622485,9.568817472919314,12.073529411764707,6.69365,81.5522,11.69357142857143,8.170128309942317,68.87292576419213,93.03866171003718,Europa Środkowa
7536,Fiumicino Porto,porto di fiumicino - Fiumicino (RM),IT,Włochy,41.774843999922716,12.223403999636512,0.11501110653058473,0.061133619168057284,0.28897303228067156,-0.6378389205331605,6.341101,10.040646,9.568817472919314,21.48665297741273,13.97191374122367,51.39464,11.69357142857143,8.170128309942317,38.12818992248062,64.3678529424119,Europa Południowa
7537,Alatri,Frosinone,IT,Włochy,41.73,13.338333,1.9081379557859945,1.6984067292533906,1.1867052157433458,-0.24653188005495122,3.0138764,10.093706,9.568817472919314,21.598890010090816,29.290650000000003,51.39464,11.69357142857143,8.170128309942317,38.12818992248062,64.3678529424119,Europa Południowa
7538,Malagrotta,Roma,IT,Włochy,41.874894,12.345598,0.6307188176458332,-0.22806547243004577,0.6884568854609241,-0.15908388458326975,5.959319,10.235212,11.174442190669371,20.13050153531218,15.23988,54.24996,15.726415094339623,10.638376383763838,39.296299559471365,64.7275092936803,Europa Południowa
7539,FROSINONE MAZZINI,VIA MAZZINI - Frosinone (FR),IT,Włochy,41.63960900005591,13.348977000439092,2.0264459397476275,0.630571490050251,0.1078030646787082,0.08455946348635474,2.7041326,9.342046,11.885892116182573,21.283742331288344,21.868445336008023,47.363277000000004,19.730569948186528,9.853932584269662,32.300625000000004,61.184870848708485,Europa Południowa
7540,VILLA ADA,VIA SALARIA - Roma (RM),IT,Włochy,41.9328920002536,12.506946999834165,1.6808581675369196,0.523667519620617,0.6367153243025154,0.7539321685186907,4.861916,7.375566,11.02116935483871,21.22334004024145,20.84312312312312,45.29487,15.423076923076923,10.362869198312236,22.245288888888886,68.94301470588235,Europa Południowa
7541,Rieti 1,Rieti,IT,Włochy,42.404092999999996,12.858224000000002,-0.17017177400704078,0.47813497951256945,0.04636116022969465,1.6941368602917486,5.642381,7.6312203,8.27639751552795,16.42472024415056,14.278361809045226,45.72872340425532,15.16326530612245,5.92910447761194,27.958452380952384,67.85232558139535,Europa Środkowa
7542,Acquapendente,Viterbo,IT,Włochy,42.736649,11.876578,-2.90631116110311,-1.8897462274075378,0.42192238144272765,-0.6545198553829842,9.47203,6.7198634,8.887437185929649,13.471153846153847,3.9312139253279517,64.3649,11.195652173913043,9.014814814814814,52.1965811965812,76.52177121771219,Europa Środkowa
7543,VITERBO,V.LE R. CAPOCCI - Viterbo (VT),IT,Włochy,42.422120000299806,12.1091959996771,-0.6700567044480092,-0.3117409197602581,3.301499305101885,0.6807125984598349,7.128245,6.164431,8.840521564694082,17.197275479313824,19.666643286573148,68.82,10.466960352422907,9.431226765799256,45.23294117647059,87.316091954023,Europa Środkowa
7544,Villa Guglielmi,via di Villa Guglielmi - Fiumicino (RM),IT,Włochy,41.768233999903224,12.237040999672912,1.121633256867394,1.0431449227035776,1.2943015009675414,-0.20792802152308099,3.4061525,10.08792,9.855544252288912,20.287223340040242,23.584829659318636,53.949769999999994,13.320754716981131,9.468401486988848,36.755814977973564,67.55613382899628,Europa Południowa
7545,BUFALOTTA,"VIA MONTE CANDA, ADIACENTE CIVICO 12 - Roma (RM)",IT,Włochy,41.94765399996921,12.5336669998881,2.164605259415833,1.9629781340013288,1.5570471028066926,0.8296792024189554,4.6783533,8.287787,9.568817472919314,22.047064777327936,29.173173173173172,46.48129,11.69357142857143,8.170128309942317,24.547229437229436,69.38327137546467,Europa Południowa
7546,Guidonia,Roma,IT,Włochy,41.995679,12.726371,0.7048334286864112,0.6948861305221488,0.5884946755701225,-0.382871763717738,3.7049758,10.237086,9.78714859437751,20.19517102615694,20.64026026026026,51.39464,14.22972972972973,9.0817843866171,38.12818992248062,64.3678529424119,Europa Południowa
7547,LT TASSO,VIA TASSO - Latina (LT),IT,Włochy,41.46402699983643,12.913043000434374,0.6165074956353788,0.7696324870328528,1.0762885713803703,-0.2672055456584729,4.0287676,10.782788,9.568817472919314,20.291330645161292,20.06367735470942,56.3904,11.69357142857143,8.170128309942317,37.90580357142857,69.40258302583025,Europa Południowa
7548,Latina-Scalo,Latina,IT,Włochy,41.531431,12.946064000000002,1.054764961489925,0.9632591118608578,0.8020983244203722,-0.39877595614441874,3.48151,10.123711,9.946946946946946,20.462701612903224,23.302979999999998,51.39464,14.638009049773755,9.28624535315985,38.12818992248062,64.3678529424119,Europa Południowa
7549,Latina De Chirico,via De Chirico - Latina (LT),IT,Włochy,41.45113099980048,12.891731000324656,2.0066960966980276,0.46633891100030084,0.8166589810132144,-0.4589899275071926,2.516689,9.255674,12.55464159811986,22.405870445344128,22.434294294294293,51.39464,18.51578947368421,10.708333333333334,38.12818992248062,64.3678529424119,Europa Południowa
7550,Cassino,Frosinone,IT,Włochy,41.49,13.83069,4.822228334713008,-0.09081617088865064,1.1289453724604541,-0.5887176416672917,1.3801949,8.476462,15.951891891891892,28.62460732984293,30.63764,51.39464,27.726114649681527,12.362745098039216,38.12818992248062,64.3678529424119,Europa Południowa
7551,CASTEL DI GUIDO,VIA AURELIA KM 20 CASTEL DI GUIDO - Roma (RM),IT,Włochy,41.88945099994251,12.26632699960669,-1.493849168441443,-1.5622709273181012,0.46488273557382775,-2.2168389190109856,9.208793,6.4307556,9.234642497482376,19.219635627530366,8.051017241379311,63.64994984954865,11.832512315270936,9.438461538461539,55.14514563106796,71.85854545454545,Europa Południowa
7571,Francisco Sá Carneiro-Campanha,Rede de Qualidade do Ar do Norte,PT,Portugalia,41.16444400021757,-8.589444000203567,2.3107914682601223,1.8222319240335945,1.560145592897082,-0.9028183050757015,2.877867,10.035945,9.568817472919314,23.84754756637168,27.253309929789367,51.39464,11.69357142857143,8.170128309942317,38.12818992248062,64.3678529424119,Europa Południowo-Zachodnia
7658,Hafnarfjörður Norðurhella,Hafnarfjörður,IS,Islandia,64.04415999990884,-21.985349999893124,-2.4002491981371348,-0.001436511508751851,-0.6320989456156859,0.8741158058190209,8.722597,9.209541,10.958028985507246,6.19025665601704,9.81844421699079,51.39464,10.194745762711865,11.382375757575758,38.12818992248062,64.3678529424119,Europa Północna
7659,Kópavogur Dalsmári,Kópavogur,IS,Islandia,64.10495000011132,-21.889000000233874,-3.333237804100372,1.138742709976573,-0.5448443110402463,0.8465077753574881,11.130096,10.049488,3.619044585987261,8.704034554973822,7.789834437086093,51.39464,3.869949074074074,3.61853515625,38.12818992248062,64.3678529424119,Europa Północna
7767,Alfragide/Amadora,Lisboa,PT,Portugalia,38.73888900002024,-9.20750000018805,0.37794496619024637,1.5706955440524961,-0.2783578985795195,0.026770823358013833,4.94488,10.384423,9.568817472919314,16.909750369800115,19.597241379310347,47.85865566037736,11.69357142857143,8.170128309942317,35.316105263157894,54.21752577319588,Europa Południowo-Zachodnia
7769,PCC norður,Húsavík,IS,Islandia,66.07927600017685,-17.342172999920432,-5.2175793118823215,0.1860507446512788,-1.46529218880416,1.0456717880700055,11.710528,9.073142,2.7823148058252425,3.934663098591549,0.8812479338842976,51.39464,2.2896231884057974,3.6639879518072287,38.12818992248062,64.3678529424119,Europa Północna
7772,David Neto,Rede de Qualidade do Ar do Algarve,PT,Portugalia,37.13833299980628,-8.542222000151824,0.8557246986545274,0.24655884892692814,0.6579674494851553,-1.2572049866247215,5.3189816,9.570808,9.568817472919314,24.975204301075266,17.419038461538463,51.39464,11.69357142857143,8.170128309942317,38.12818992248062,64.3678529424119,Europa Południowo-Zachodnia
7796,AMS Shumen,Шумен,BG,Bułgaria,43.268205999952116,26.938438999589817,0.644503165841118,-0.03722546465458025,0.8101102523911168,0.27155105453661527,5.6019487,7.765224,9.568817472919314,22.6100110864745,15.697863145258102,51.28233142857143,11.69357142857143,8.170128309942317,29.145810055865923,72.61472868217054,Europa Wschodnia
7821,Dublin Inchicore Davitt Road,Ireland Air Quality e-Reporting monitoring network for compliance and informative reporting,IE,Irlandia,53.33629500021436,-6.309019999958868,-1.0542753381492,1.2174949580755214,0.17143553557358052,0.30760079526463235,8.740988,10.673892,7.391318553092182,14.939746251441754,16.279587557603687,51.39464,8.26532,5.800634146341464,38.12818992248062,64.3678529424119,Europa Zachodnia
7822,Mindelo-Vila do Conde,Porto,PT,Portugalia,41.30861100021069,-8.720833000420624,-0.8128194091674922,0.11419094621142277,-1.3359329072945472,-0.5011152480393615,7.0135484,8.94534,9.568817472919314,16.68045696068013,10.444684104627767,50.10471,11.69357142857143,8.170128309942317,41.96137339055794,47.23298850574712,Europa Południowo-Zachodnia
7828,Lukavac,,BA,Bośnia i Hercegowina,44.53330277777778,18.534891666666667,5.773730238656596,-2.363116645929586,-5.00631174217904,2.8264693985039337,0.92502314,7.2157087,38.451009895833785,16.909750369800115,29.481818181818184,24.7,57.73636363636364,8.170128309942317,24.7,64.3678529424119,Europa Środkowa
7832,ARISTOTELOUS,monitoring network of Athens,GR,Grecja,37.98806600025286,23.727617000199235,6.5354409636158515,1.7765896574993096,2.646048201418292,-1.3301378623874396,1.1529914,9.039825,18.22944841675179,32.38176056338028,46.065095095095096,51.39464,23.35794871794872,15.416964980544746,38.12818992248062,64.3678529424119,Europa Południowa
7852,AMS Gorna Oryahovitsa,Велико Търново,BG,Bułgaria,43.126475000260534,25.691211000156766,1.720957452381617,0.6711187959614712,-0.9422393223079185,-0.9316717386009657,4.962118,9.468034,9.568817472919314,26.414456740442656,18.110380761523047,39.38087087087087,11.69357142857143,8.170128309942317,25.348645418326694,58.752822580645166,Europa Wschodnia
7861,KOROPI,ΑΤΤΙΚΗ,GR,Grecja,37.90130800001128,23.879026000365254,-0.5250530018993119,-2.0940953932680344,2.9920744954546383,-1.866812326886328,9.446215,5.58395,9.568817472919314,26.78897565922921,13.191441441441441,75.48476953907816,11.69357142857143,8.170128309942317,58.052836879432625,90.82857142857144,Europa Południowa
7882,Lourinhã,Rede de Qualidade do Ar de Lisboa e Vale do Tejo,PT,Portugalia,39.27833300021285,-9.245555999814092,-3.77119558025097,-0.7731220664517916,0.12662430517795809,-0.8190808890083126,10.847323,7.5086603,5.025588477366256,12.45217901234568,5.824535496957404,68.074749498998,6.9296747967479675,4.101601449275362,56.23920704845815,68.55692883895131,Europa Południowo-Zachodnia
7891,Klosterhaugen,Bergen,NO,Norwegia,60.39592899982734,5.3126739997245425,-2.9760588964547217,1.6874225869607729,-0.36766687033208884,0.022116159632400687,10.547187,8.8444805,5.08738198757764,8.542731958762888,13.474187308085979,55.29110403397028,6.016553488372093,4.43512734082397,50.73013071895425,56.080427046263345,Europa Północna
7896,St.Croix,Fredrikstad,NO,Norwegia,59.21028000018185,10.945350000411816,-1.2172427140838094,1.3992377284484157,-0.05737022811455331,0.9982547451712755,9.652918,10.860592,7.858576604554866,12.018994769874476,17.814855701311807,51.39464,10.474392523364486,5.683765873015873,38.12818992248062,64.3678529424119,Europa Północna
7899,Živinice,,BA,Bośnia i Hercegowina,44.45388888888889,18.648333333333333,6.938573480433156,-1.4067102152700797,-5.193195082742947,3.2106131318934077,0.8731384,7.2225866,38.451009895833785,16.909750369800115,35.90909090909091,18.752727272727274,66.55243064630685,8.170128309942317,18.752727272727274,64.3678529424119,Europa Środkowa
7907,Haukenes,Grenland,NO,Norwegia,59.202429999945295,9.48709999995629,-2.2176809229141767,-1.5586610708629873,-1.5114218372164805,-1.5893424050217797,9.329496,7.6987896,9.568817472919314,16.909750369800115,2.996611282051282,54.549649649649645,11.69357142857143,8.170128309942317,54.09669421487603,54.16616541353384,Europa Północna
7910,Chamusca,Rede de Qualidade do Ar de Lisboa e Vale do Tejo,PT,Portugalia,39.35250000005803,-8.466110999826338,-4.2986845459725185,-1.488966965380036,0.5960249004484085,-0.9290079912409832,10.73409,7.1424522,4.960206434316354,12.661162303664922,3.473552966101695,70.7123178807947,5.651030927835051,4.741770833333333,57.88142857142857,77.01328125,Europa Południowo-Zachodnia
7911,Laranjeiro,Rede de Qualidade do Ar de Lisboa e Vale do Tejo,PT,Portugalia,38.66361100016094,-9.1577780003787,-1.007332798978451,0.9585265451826593,1.4964763026542234,-0.7146499951303183,6.044674,10.965975,5.3083196046128505,19.85953795379538,17.535821643286575,62.55881,6.475917721518988,5.303944444444444,46.314229074889866,68.97191011235955,Europa Południowo-Zachodnia
7913,Loures-Centro,Rede de Qualidade do Ar de Lisboa e Vale do Tejo,PT,Portugalia,38.829721999784134,-9.164444000148482,-0.05640181110640015,0.14785574475534885,0.4798717855088643,0.2434983968481431,6.3000407,10.193463,9.568817472919314,19.49219152854512,14.23549,54.105050000000006,11.69357142857143,8.170128309942317,36.49445736434109,62.59962546816479,Europa Południowo-Zachodnia
7914,Quinta do Marquês,Lisboa,PT,Portugalia,38.69750000007551,-9.323333000394149,-0.9644049018810354,-0.46214674422745167,1.0617908446600635,-0.47545553372571936,7.786658,7.106329,9.568817472919314,18.25014827018122,12.341076612903226,65.02998997995992,11.69357142857143,8.170128309942317,49.82982532751092,68.5190114068441,Europa Południowo-Zachodnia
7917,Torvet,Trondheim,NO,Norwegia,63.43037999999999,10.39355,-3.2898095311759903,0.9409069229692367,-0.6272415501470804,0.8123861064607895,11.153267,9.870762,4.730060606060606,8.443064846416384,9.715,51.39464,5.191,4.704516129032259,38.12818992248062,64.3678529424119,Europa Północna
7922,Malpique,Rede de Qualidade do Ar do Algarve,PT,Portugalia,37.09166700015384,-8.24972199976584,-1.960012841760821,-0.3253521590074758,-1.864607429737459,-1.3876097179997833,9.778603,7.9288487,9.568817472919314,13.36104918032787,6.44004524361949,51.4779,11.69357142857143,8.170128309942317,49.83223140495868,47.21056910569106,Europa Południowo-Zachodnia
7929,Mitrovice,Mitrovice,XK,Kosowo,42.89176999983937,20.868908000254464,-0.011921563008866485,1.178777810509015,-4.291250250241489,-1.2908357697369564,6.1213455,8.761458,10.334122965641953,15.87863063063063,12.463575,27.73209677419355,16.607142857142858,8.376607142857143,29.16,31.181772727272726,Europa Wschodnia
7930,Prizren,Prizren,XK,Kosowo,42.220314,20.727926,-1.5223422592383433,-0.290604874431028,0.7599560313792206,0.21462417544448945,7.3745737,7.1847334,8.605416666666667,14.06020202020202,12.521717171717173,64.34845360824742,12.271666666666667,7.519767441860465,39.13333333333333,73.63414634146342,Europa Wschodnia
7931,AQMS Prishtine - IHMK,AQMS Prishtine - IHMK,XK,Kosowo,42.64882999970873,21.13710700015327,0.649100957885923,3.589987476042169,-1.3565295473602883,0.08809873230837244,4.656389,10.060421,8.30935114503817,13.60343984962406,29.10104089219331,35.56926691729323,11.69357142857143,7.795321100917432,26.6375,40.37028169014085,Europa Wschodnia
7932,Gjilan,Gjilan,XK,Kosowo,42.468070000000004,21.460363,-1.6905082261927888,0.22310129210544563,0.10342704154986417,-0.5567930604919777,9.4612465,8.519159,9.235272727272728,13.104464285714286,13.950166666666666,65.12333333333333,11.69357142857143,8.48825,38.12818992248062,66.8,Europa Wschodnia
7933,AQMS Prishtine Rilindje,AQMS Prishtine Rilindje,XK,Kosowo,42.659636000265685,21.157317000073025,0.9490078894065195,-0.7468463171462233,0.705072120504541,-0.42136757645711426,3.6716146,6.9138994,12.641167883211677,21.934014466546113,17.447586206896553,56.24685557586837,19.834666666666667,10.994419642857142,36.85333333333333,69.61422018348624,Europa Wschodnia
7934,Drenas-Municipality,Drenas-Municipality,XK,Kosowo,42.62528399981385,20.891046000369617,-1.997410424166402,-0.5226287513264102,0.784739773706484,-0.4457825615773544,8.801476,7.711189,7.644970534069982,14.191189781021897,11.579873417721519,59.61186932849365,10.844666666666667,7.822727272727272,51.16,70.31552511415525,Europa Wschodnia
7935,AQMS Hani i Elezit,Podgorica,XK,Kosowo,42.15401000011497,21.29596999956135,-2.387652969651513,-0.4040053367831688,0.9217573457261904,0.9440811777503182,7.5322723,6.9463954,7.440276243093923,11.165779816513762,10.437633027522937,60.21556513761468,13.776428571428571,6.565656108597285,46.55384615384616,76.36367713004483,Europa Wschodnia
7945,"Vangsveien, Hamar",Hamar,NO,Norwegia,60.79646,11.097770000000002,-0.8283006388368191,1.3824188038900553,0.0727128146839804,0.8506803474595624,9.782442,11.020962,7.00303231292517,15.418541666666666,15.933739279588337,51.39464,11.758897637795277,4.475140243902439,38.12818992248062,64.3678529424119,Europa Północna
7947,Stockholm E4/E20 Lilla Essingen,Stockholm,SE,Szwecja,59.325525999887155,18.0043910003324,0.26036169740023307,0.7843053915698244,0.42924719184587673,-0.22402680511576925,5.711658,10.965563,9.568817472919314,18.7362677484787,20.566960882647944,51.39464,11.69357142857143,8.170128309942317,38.12818992248062,64.3678529424119,Europa Północna
7948,Entrecampos,Rede de Qualidade do Ar de Lisboa e Vale do Tejo,PT,Portugalia,38.7486110000273,-9.148888999962436,1.2004393349213736,2.9758743329010264,1.1885860050519452,0.26581606974222494,3.4155414,11.097955,7.814484412470024,19.238559523809524,30.3863645943098,50.15621131270011,9.898190476190475,6.627272727272727,34.59118483412322,61.1777358490566,Europa Południowo-Zachodnia
7962,THRAKOMAKEDONES,ΑΤΤΙΚΗ,GR,Grecja,38.14352099994721,23.758195000293767,-2.044937888679947,-3.589623532515057,3.660049793873111,-1.142756645203259,9.699873,5.573016,11.782862944162437,18.748963039014374,6.882540160642571,83.37334334334335,12.060068965517242,12.07110599078341,64.66478873239437,103.71951686371256,Europa Południowa
7965,CT-5,CONSTANTA,RO,Rumunia,44.14937800007027,28.62381700000137,0.057532117842253504,2.2095846545814424,-0.5898165776732669,0.9365781683811335,4.574753,11.157123,9.568817472919314,10.478196022727273,23.760787949015064,43.443304347826086,11.69357142857143,8.170128309942317,31.694576271186442,64.3678529424119,Europa Wschodnia
7966,Escavadeira,Rede de Qualidade do Ar de Lisboa e Vale do Tejo,PT,Portugalia,38.65861100013332,-9.066943999720381,-0.7766707278330354,-0.6647584672427631,0.786060288478083,-0.45858117986438773,7.760667,7.179705,9.568817472919314,18.56945418326693,12.81281914893617,61.905329787234045,11.69357142857143,8.170128309942317,45.71870813397129,70.0546468401487,Europa Południowo-Zachodnia
7967,Cork South Link Road Landfill,Ireland Air Quality e-Reporting monitoring network for compliance and informative reporting,IE,Irlandia,51.911111000176795,-8.475000000242604,-0.6636743315792362,1.3607665795164456,-1.9300097492832644,-1.063310316031864,5.526711,9.960283,9.568817472919314,15.22878125,15.898765625,45.39317725752508,11.69357142857143,8.170128309942317,44.22,42.077777777777776,Europa Zachodnia
7971,GR0020A,ΚΕΝΤΡΙΚΗ ΜΑΚΕΔΟΝΙΑ,GR,Grecja,40.67354965,22.89343834,3.3880264029269402,0.6571934131867424,3.026953675297754,-0.5292387516738539,2.979405,8.754633,9.568817472919314,34.41727810650888,28.73357142857143,54.88360429447853,11.69357142857143,8.170128309942317,33.095397727272726,79.2775,Europa Południowa
7972,Åsveien skole,Trondheim,NO,Norwegia,63.41535799984427,10.368372000042802,-3.12091292081654,0.9052521347286066,-0.41688323903780933,0.42816165557189867,11.0847435,9.896247,3.9907384937238497,8.908465208747515,9.802475247524752,51.39464,3.929970588235294,5.582122222222223,38.12818992248062,64.3678529424119,Europa Północna
7980,Kirkeveien,Oslo,NO,Norwegia,59.93230999987503,10.724550000116762,-2.169242002251629,0.9515938675710621,-0.2703110838140566,0.5851989056392574,10.127512,10.375056,5.859468860164513,11.87720848056537,11.505533742331288,51.39464,7.571599999999999,5.384906367041198,38.12818992248062,64.3678529424119,Europa Północna
7984,AMS Rozhen peak,Смолян,BG,Bułgaria,41.69434200024909,24.738078000320844,-4.528205187951096,-3.296420402371114,1.975361985930404,-0.9546012672026897,10.231642,5.7621756,9.568817472919314,9.133202099737533,2.699733111849391,83.6130699088146,11.69357142857143,8.170128309942317,70.8754423262549,98.4748,Europa Południowa
7985,Lavradio,Rede de Qualidade do Ar de Lisboa e Vale do Tejo,PT,Portugalia,38.66666699998462,-9.047778000264257,-0.5703951006374778,-0.16813840649006132,-0.17874263856458614,-0.1504621192831865,7.537983,9.636782,9.568817472919314,18.52819536423841,12.522275931520646,51.39464,11.69357142857143,8.170128309942317,38.12818992248062,64.3678529424119,Europa Południowo-Zachodnia
8001,IE0095A,South Dublin,IE,Irlandia,53.352778,-6.366667,-2.5626515661433573,1.5121429244849738,-0.23954603172550243,0.9065723854146636,10.454634,10.650225,5.70453717754173,9.696293494704992,14.078098190672772,51.39464,6.647,4.512514285714286,38.12818992248062,64.3678529424119,Europa Zachodnia
8003,ALIARTOS,monitoring network of Athens,GR,Grecja,38.37529500017302,23.11030199983137,1.2173436797886916,-3.1903744547767903,1.109384004825875,-0.11818019504965703,2.3317847,7.3820915,14.545345717234262,26.613766632548618,7.63079556898288,59.61953893442623,23.660696721311474,10.531201716738197,39.70564748201439,82.81744186046512,Europa Południowa
8008,VNTelha-Maia,Porto,PT,Portugalia,41.2522219999231,-8.66055599994044,-0.22764113908686892,0.24989166641147728,-0.09380179732555147,-0.749124559918226,6.3041306,10.366678,9.568817472919314,19.219255474452556,15.10989888776542,55.325977933801404,11.69357142857143,8.170128309942317,44.8734693877551,57.01417624521073,Europa Południowo-Zachodnia
8023,Fernando Pó,Rede de Qualidade do Ar de Lisboa e Vale do Tejo,PT,Portugalia,38.63555599971323,-8.690555999726657,-2.994602294176835,-0.8358514169462681,-0.20206419354913976,-1.3195995819165456,10.77359,7.888924,5.3228140625,15.974050632911393,5.328291457286432,61.074206755373595,6.100301775147929,5.552126436781609,47.28434782608696,67.75984848484848,Europa Południowo-Zachodnia
8024,Arcos,Rede de Qualidade do Ar de Lisboa e Vale do Tejo,PT,Portugalia,38.52916700008665,-8.894167000266462,-1.2700894657854167,-0.9315561046953342,0.7659928860004567,-0.2461176757808329,7.826195,7.197061,9.568817472919314,17.572801161103047,10.579167502507524,63.06713,11.69357142857143,8.170128309942317,45.98823788546255,70.2498127340824,Europa Południowo-Zachodnia
8026,Avenida da Liberdade,Rede de Qualidade do Ar de Lisboa e Vale do Tejo,PT,Portugalia,38.720278000014765,-9.145832999637822,3.4481210323289577,4.2579781589774175,2.7269569999792074,-0.37495656273288214,1.9974618,9.961339,9.568817472919314,23.005114285714285,44.23995,51.39464,11.69357142857143,8.170128309942317,38.12818992248062,64.3678529424119,Europa Południowo-Zachodnia
8036,Olivais,Rede de Qualidade do Ar de Lisboa e Vale do Tejo,PT,Portugalia,38.76888900024995,-9.108055999671036,-0.3597148688844596,1.2667460386651392,1.3082678619112873,0.3749557627204098,4.5702586,11.301637,8.166992665036675,16.840091346153848,20.470928270042194,58.733027426160334,10.297676767676768,6.901739130434783,40.699099526066355,68.3911111111111,Europa Południowo-Zachodnia
8040,Quebedo,Setúbal,PT,Portugalia,38.524167000257016,-8.894167000266462,-0.025121540806333845,0.519124826261114,0.2739211517568474,-0.12713394119429813,6.2404547,10.610071,9.568817472919314,18.28631549586777,16.507311475409836,51.39464,11.69357142857143,8.170128309942317,38.12818992248062,64.3678529424119,Europa Południowo-Zachodnia
8056,"""Liivalaia""",Tallinn,EE,Estonia,59.431114199411134,24.760564800091142,-1.5800783686990632,-0.1267225468567843,-0.9226616971758295,-0.915562289509681,9.682493,8.1239195,9.568817472919314,14.528855345911952,11.196025039123631,54.40839563862929,11.69357142857143,8.170128309942317,46.44025210084034,59.311235955056176,Europa Północna
8062,"""Vilnius - Zirmunai""",irmn seninija,LT,Litwa,54.715278629962725,25.28944397013095,1.959456138397167,2.9065702245684553,0.29295221508545244,-0.49157035887686223,3.1746957,10.756434,9.800030927835051,19.478669749009246,30.123163636363635,43.672983293556086,10.310662337662338,8.588979591836736,34.3596043956044,50.704921259842514,Europa Wschodnia
8073,Paio Pires,Setúbal,PT,Portugalia,38.619444000027514,-9.08111100038452,-0.20658426030203927,0.331900965527456,0.8269309022330158,-0.23168414693092632,6.1841063,10.626108,7.843636363636363,20.093496503496503,16.464364364364364,58.75033199195171,10.440419161676646,6.686969696969697,39.831896551724135,66.04641509433962,Europa Południowo-Zachodnia
8074,Mem Martins,Rede de Qualidade do Ar de Lisboa e Vale do Tejo,PT,Portugalia,38.78500000029047,-9.347222000254366,-1.834694106343684,-0.9038690050164548,1.6594777822502367,-1.069892536363014,7.961093,6.976819,8.163464837049743,17.965093062605753,10.98075452716298,71.71773547094189,10.402569444444445,7.7194972067039105,58.24778761061947,74.66704119850186,Europa Południowo-Zachodnia
8080,RO0107A,,RO,Rumunia,47.0686089599835,21.9272472646586,-1.2836969235751563,-1.0526715751744098,1.457266597634752,-0.18989731385282668,7.7046933,6.792696,9.568817472919314,16.909750369800115,13.967011494252874,65.45172413793104,11.69357142857143,8.170128309942317,46.10508474576271,85.92399999999999,Europa Wschodnia
8081,"""Saarejärve""",Saare,EE,Estonia,58.70277785960615,26.75889778036958,-3.6526509679127273,-0.33186876519080144,-2.184722111976964,-1.917824241184585,11.14596,8.109026,3.459215488215488,16.909750369800115,1.0283583468395463,49.99503194888179,3.697044642857143,3.0010569620253165,51.917833333333334,45.33033707865169,Europa Północna
8083,"""Kohtla-Järve""",Kohtla-Järve,EE,Estonia,59.40972518967773,27.27862166957997,-3.984184507446019,-0.4842401889439005,-0.9229087063688359,-1.5843222439377844,11.086394,7.956183,3.869097693574959,13.768875205254517,3.4128633440514466,57.87679810725552,4.043435897435898,3.5888266666666664,54.04575,60.56117647058824,Europa Północna
8084,"""Lahemaa""",Vihula,EE,Estonia,59.49444579966882,25.930568700323413,-3.635367456533578,-0.6332236071172964,-1.7999161849041865,-2.1539759851417486,11.109991,8.055412,3.763111111111111,16.909750369800115,1.3431492063492063,52.62028081123245,3.235826086956522,4.17128125,53.708333333333336,51.84213483146067,Europa Północna
8085,"""Rahu""",Tallinn,EE,Estonia,59.45694350962585,24.69862365976735,-2.471694003315622,-0.5611189687108555,-1.2088235372469083,-0.7219362526299642,9.931274,7.8626294,9.568817472919314,11.118523510971787,7.766770247933884,55.81440129449839,11.69357142857143,8.170128309942317,50.1825,58.37307692307693,Europa Północna
8087,"""Õismäe""",Tallinn,EE,Estonia,59.414169309349745,24.649457930019587,-4.452051774341066,0.593416579362902,-1.1788816500285604,-0.7060590594524812,11.640488,8.571766,3.4041631147540983,8.214601895734598,5.930470125786163,56.42109375,3.0320427350427352,3.3683625,51.21666666666667,58.916853932584274,Europa Północna
8105,"""Vilnius - Lazdynai""",Karolini ki seninija,LT,Litwa,54.686111449971484,25.210834499878786,-1.2931319040716538,-0.44222772826924955,0.5375560395704893,0.20274133526906354,8.143445,8.164481,9.568817472919314,15.542189819724284,10.946018904403866,56.849029227557416,11.69357142857143,8.170128309942317,48.645265151515154,61.17137254901961,Europa Wschodnia
8106,"""Mazeikiai""",Ma eiki seninija,LT,Litwa,56.30972290016531,22.331390379933453,-2.401010802071473,-1.2380623392795986,-0.5207722810017321,-0.3661954112758523,9.778667,7.416642,9.568817472919314,13.065063424947144,5.793356046267087,56.57574819401445,11.69357142857143,8.170128309942317,53.685745454545454,61.320661157024794,Europa Północna
8107,"""Siauliai""",UNK,LT,Litwa,55.93783569005497,23.308027270070657,-0.311540697913694,0.30066628088832537,-0.2701845921623232,-1.0020459352780529,6.8963304,9.396396,9.568817472919314,18.98197722567288,14.447850715746421,51.590846075433234,11.69357142857143,8.170128309942317,44.65787439613527,58.73993610223642,Europa Północna
8108,"""Panevezys - Centras""",UNK,LT,Litwa,55.724999999763085,24.365570000109035,-0.9163817679366086,0.029093805728624966,-0.5086191989672881,-0.7635903995739151,7.457131,9.0342245,9.568817472919314,15.88527072402938,11.774903266596418,51.34581347150259,11.69357142857143,8.170128309942317,45.835220588235295,56.62113821138211,Europa Północna
8111,"""Vilnius - Senamiestis""",Senamiesio seninija,LT,Litwa,54.677624999997384,25.28518599970167,-0.1524422382299109,0.12987058252669129,0.1418132827192627,-0.49989869498667877,6.533439,9.951923,9.568817472919314,19.65467299578059,14.345355578727842,51.39464,11.69357142857143,8.170128309942317,38.12818992248062,64.3678529424119,Europa Wschodnia
8112,"""N.Akmene""",Naujosios Akmens miesto seninija,LT,Litwa,56.319440000023526,22.870839999870345,-1.338911496931922,0.6618581263963571,-0.1459100306898515,0.42242014335983513,8.658262,10.103377,7.939198296836983,12.766894031668699,14.078098190672772,51.39464,8.921476470588235,7.055896414342629,38.12818992248062,64.3678529424119,Europa Północna
8113,"""Vilnius - Savanoriu""",Vilkpds seninija,LT,Litwa,54.67333300001639,25.248902999562002,-0.5511498684902119,0.6743047628866545,0.07736362162912548,0.2670162796530542,7.068559,10.617462,9.568817472919314,14.956648992576882,16.13321205357143,51.39464,11.69357142857143,8.170128309942317,38.12818992248062,64.3678529424119,Europa Wschodnia
8115,"""Klaipeda - Silutes""",UNK,LT,Litwa,55.69000000020217,21.179460000211055,-0.5745197646326257,0.753748082661099,0.5328806098311816,0.22345937778596184,8.353425,10.672167,8.01537539766702,17.812830188679243,17.419531416400428,51.51716942148761,9.51207894736842,5.877685950413223,44.01075630252101,65.27936708860759,Europa Północna
8116,"""Jonava""",Jonavos miesto seninija,LT,Litwa,55.07222199994876,24.283894000378808,-1.27444880924993,-0.6155859429323743,-0.6756687979420612,-0.34553709006689837,8.189618,8.279719,9.568817472919314,16.871812121212123,8.560196543504171,51.55169383003492,11.69357142857143,8.170128309942317,44.83569148936171,57.10809523809524,Europa Północna
8117,"""Kedainiai""",Kdaini miesto seninija,LT,Litwa,55.28000000023175,23.957779999665167,-1.8225510662525446,-1.0008086631144706,-0.4947153042106837,-0.14850759591170207,8.451399,8.093451,9.568817472919314,14.386645636172451,6.716808977035491,54.013969230769234,11.69357142857143,8.170128309942317,46.97963768115942,61.074814814814815,Europa Północna
8134,RO0086A,Iaşi,RO,Rumunia,47.1988984112593,27.5453110515421,-2.3885868132999213,-0.3754135094246761,-0.3711051864914021,-2.5210415488513,9.907688,8.039998,7.623200000000001,16.1796,11.489583333333334,76.52,11.69357142857143,8.170128309942317,38.12818992248062,64.3678529424119,Europa Wschodnia
8141,AMS Dolno Ezerovo-Burgas,Бургас,BG,Bułgaria,42.518891999704515,27.37514400024669,0.7743298642454765,-0.7585667269806675,0.17952618289587552,-1.0215692612703071,5.788617,9.560697,9.568817472919314,27.022548764629388,12.792882882882884,51.401129999999995,11.69357142857143,8.170128309942317,33.600112781954884,67.96819923371648,Europa Wschodnia
8144,"""Kaunas - Petrasiunai""",Petra in seninija,LT,Litwa,54.89512800014952,23.986222000050162,1.2946244775409754,0.9780406391100761,0.9436202016678594,-0.3413090443643329,3.3562584,10.070307,11.448284210526317,20.190910994764398,21.44730093071355,51.95360369609856,13.586653992395437,8.752186234817813,46.547661870503596,60.12654471544715,Europa Wschodnia
8145,PT01052,Porto,PT,Portugalia,41.187778,-8.672222,0.13524749368774214,0.8483534114541404,-2.6464074533474022,-0.5681778038144759,6.267925,8.801941,9.568817472919314,17.056192307692307,12.627477313974591,36.722048192771084,11.69357142857143,8.170128309942317,27.27288590604027,41.1294674556213,Europa Południowo-Zachodnia
8147,"""Zemaitija""",Plateli seninija,LT,Litwa,56.00833511001658,21.886947630084027,-1.8041420286409207,-1.155667773286832,-1.508677440542877,-0.8353845201876932,9.034963,7.789382,9.568817472919314,16.909750369800115,4.467684782608695,49.97461538461538,11.69357142857143,8.170128309942317,48.76761904761904,49.93629310344827,Europa Północna
8149,FI00356,Lapland,FI,Finlandia,67.9673440876493,24.1122195302226,-6.925777021283209,-0.11074371115795548,-0.9335906758830598,-0.7246409830794275,11.718062,8.408808,1.172453216374269,2.3438337295690936,0.7441516034985423,66.31537356321839,1.2650741379310346,1.8552727272727274,67.65083798882682,59.520903954802264,Europa Północna
8150,Hyytiälä,Juupajoki,FI,Finlandia,61.86111000005478,24.283330000314194,-2.2594532417184476,-1.552952036605321,-2.1329766847300253,-1.5229402567167962,9.24486,7.7101393,9.568817472919314,16.909750369800115,1.552856846473029,51.10404809619238,11.69357142857143,8.170128309942317,52.31548387096774,46.128464419475655,Europa Północna
8151,"""Klaipeda - Centras""",UNK,LT,Litwa,55.707777999784106,21.141110999783734,-0.38532823119198645,0.25788217425074433,0.06339183873010829,-0.042767812269924745,6.7691207,10.11194,9.568817472919314,17.492807933194154,13.088564016736402,51.39464,11.69357142857143,8.170128309942317,38.12818992248062,64.3678529424119,Europa Północna
8152,"""Kaunas - Noreikiskes""",Ringaud seninija,LT,Litwa,54.88361359025449,23.83583450024486,-0.6480367493851238,-1.1372746984550932,-0.356667006528585,-1.4841896192761903,7.8126864,8.52308,9.31965170940171,22.95809322033898,7.595027765726681,52.150687500000004,10.746556420233462,8.230471311475409,47.97610294117647,55.89390041493776,Europa Wschodnia
8158,MT00008,Attard,MT,Malta,35.8900179994896,14.434464,-1.502495602379521,-1.7608747580258906,1.624787625484,-2.167731852937709,9.344113,6.162373,10.11422525107604,16.909750369800115,11.28148275862069,73.29871244635194,7.769085714285714,13.763390804597702,64.29588235294118,76.35254237288136,Europa Południowa
8161,"""NICOSIA RESIDENTIAL""",Strovolos,CY,Cypr,35.126941679714875,33.33166503959792,-0.7499306953147374,-0.7677080604941653,3.4620053884965722,1.0555377843197136,7.091835,6.2205524,9.568817472919314,16.909750369800115,17.15950950950951,74.75814814814815,11.69357142857143,8.170128309942317,44.15089622641509,96.9789667896679,Europa Południowa
8209,Santa Cruz de Benfica,Lisboa,PT,Portugalia,38.74805599990359,-9.202499999774522,1.2742605544867058,2.1880535338325298,1.221344584531633,0.24772308455277234,3.4862242,11.066262,9.568817472919314,18.360555555555557,28.426211498973306,51.39464,11.69357142857143,8.170128309942317,38.12818992248062,64.3678529424119,Europa Południowo-Zachodnia
8211,Reboleira,Lisboa,PT,Portugalia,38.75416700018299,-9.230833000379576,-0.28036018516952366,0.7129811857880789,1.2081356133842396,0.7277281410997855,4.536289,11.34782,9.568817472919314,16.011884297520663,16.84260441767068,59.585171026156935,11.69357142857143,8.170128309942317,42.31769911504424,66.08876404494383,Europa Południowo-Zachodnia
8220,Beato,Rede de Qualidade do Ar de Lisboa e Vale do Tejo,PT,Portugalia,38.89472200014884,-9.117499999931082,-0.29202782786919135,0.5133602212186815,0.8568102933510763,-0.005049497090117405,5.953761,10.96816,9.568817472919314,16.909750369800115,17.947132579650567,59.040211267605635,11.69357142857143,8.170128309942317,42.25116379310345,66.13984674329502,Europa Południowo-Zachodnia
8238,RO0123A,Buzău,RO,Rumunia,45.1536029994632,26.819144,0.04933331597517336,1.4241482135517467,-0.6659827896184723,-0.28750217504220305,5.0320396,10.443331,9.568817472919314,16.48071794871795,20.4491968503937,47.97018315018315,11.69357142857143,8.170128309942317,37.70429752066116,55.49430894308943,Europa Wschodnia
8464,SE0116A,Skåne,SE,Szwecja,56.042899999503,13.148,-3.2414340577364493,1.156834537438888,0.18336511850287293,-0.655123339845455,10.575301,8.6992235,5.134094955489615,9.069739130434783,14.078098190672772,60.777056277056275,5.3565517241379315,4.968481012658228,55.82555555555556,63.165517241379305,Europa Północna
8482,VELIKA GORICA,Velika Gorica,HR,Chorwacja,45.71484722227542,16.068288888616458,0.09641417183808192,0.5711930858405164,-0.00640624495048979,1.7035384074924538,5.6549053,7.459433,9.568817472919314,16.909750369800115,14.39815117466803,43.589175824175825,11.69357142857143,8.170128309942317,23.9053738317757,63.413969465648854,Europa Środkowa
8500,RO0101A,Argeş,RO,Rumunia,44.9806079994631,24.762619,-0.14902812149373443,0.9895321931599302,-2.552048453026007,-0.6258684997819538,6.256252,8.748318,9.568817472919314,16.909750369800115,15.880204081632654,35.74869696969697,11.69357142857143,8.170128309942317,27.142380952380954,45.92022471910113,Europa Wschodnia
8554,Umeå Västra Esplanaden,Umeå,SE,Szwecja,63.828858999913656,20.25849100035829,-0.8321223361785551,2.879932868725126,1.030824341478253,0.5078947961880631,3.9188273,11.622829,4.461456607929515,13.483433127572017,20.924727642276423,51.39464,3.1289285714285717,4.847663813229572,38.12818992248062,64.3678529424119,Europa Północna
8659,"""Aukstaitija""",Tauragn seninija,LT,Litwa,55.46333313022679,26.004169460097053,-1.3480886761502695,1.0980375838528704,-0.7222022918987264,-1.0330775935751528,10.056689,9.121225,6.273637276785714,16.909750369800115,14.078098190672772,48.97150205761317,7.329994764397906,5.925395683453237,49.87795366795367,47.66154166666667,Europa Północna
8716,PCC suður,Húsavík,IS,Islandia,66.05485800017858,-17.34754999990251,-5.217767434616306,0.42641818139852145,-1.387020908167915,0.9009576842043863,11.725094,9.117286,1.7742307692307693,5.089293871866295,1.440736496350365,51.39464,1.5808988764044942,1.9244329896907217,38.12818992248062,64.3678529424119,Europa Północna
8761,BV-4,SANPETRU,RO,Rumunia,45.71807500023249,25.624194000286955,-0.7159512439076561,-0.7572959788367208,0.41962578377135573,0.5001070218521058,6.836318,6.877165,9.568817472919314,17.736674208144795,11.187267952522255,56.00631790744467,11.69357142857143,8.170128309942317,46.7274347826087,64.73426294820717,Europa Wschodnia
8762,RO0168A,Mureş,RO,Rumunia,46.533355709464,24.5336132,0.45466904008017167,1.4549601199193238,-0.9460900214947329,0.6154949640796302,4.739653,10.001899,9.568817472919314,16.909750369800115,15.547452830188679,39.41060402684564,11.69357142857143,8.170128309942317,24.89284482758621,57.279775280898875,Europa Wschodnia
8781,SE0005R,Jämtland,SE,Szwecja,63.8488899995757,15.33558,-4.7346350749211,2.0530121065743137,0.173202244513619,0.11654540360476519,10.659299,8.814541,2.446722126929674,3.180577319587629,14.078098190672772,63.363294117647065,1.9091506849315067,2.9523046357615894,67.48846153846154,46.06091954022989,Europa Północna
8782,Råö,Kungsbacka,SE,Szwecja,57.39361199979441,11.91417999982569,-2.6350822103816167,0.27250573758454844,0.7061134785321833,-0.7317344272923121,10.282091,8.326193,7.256613314447592,10.239107645875253,14.078098190672772,64.42833333333333,7.221195979899497,7.511781609195402,57.51347826086957,69.83396946564885,Europa Północna
8843,AMS SOU Angel Kanchev-Varna,Варна,BG,Bułgaria,43.22438900023895,27.915733000170828,3.191927058260574,2.589198632944885,0.9002866725119029,-0.4744847894382746,2.8102937,10.103791,10.742085714285714,25.548988433228182,29.448182828282828,45.22910282258064,13.555263157894736,8.964273504273503,33.25521929824561,56.39425287356322,Europa Wschodnia
8844,AMS ExEA/Pavlovo-Sofia,София (столица),BG,Bułgaria,42.669796999685126,23.26840299970644,2.501923883266095,1.9662235818016935,1.3471262012481973,-0.19379538564541546,2.9388015,10.091564,9.568817472919314,25.211729399796543,26.2714185110664,46.26736895161291,11.69357142857143,8.170128309942317,32.0432905982906,64.80833333333334,Europa Wschodnia
8845,AMS Nesebar,Бургас,BG,Bułgaria,42.6597579997012,27.72095599979571,1.0302752211856552,0.5703880036972451,-0.6094309641662314,-0.9894433064096104,5.1826143,9.393959,9.568817472919314,24.295911379657603,16.487713139418254,42.10891675025075,11.69357142857143,8.170128309942317,28.3975,61.56150234741784,Europa Wschodnia
8846,AMS Kopitoto,София (столица),BG,Bułgaria,42.63719199997135,23.243863999567886,-3.6845133254898603,-3.5741851809236693,3.9558278932576116,-0.6365683868512492,10.0355215,5.61561,9.014867469879519,13.114090909090908,5.464750756811302,88.99635542168674,7.457900552486189,11.23974358974359,70.8754423262549,103.71951686371256,Europa Wschodnia
8849,AMS Blagoevgrad,Благоевград,BG,Bułgaria,42.00193300017839,23.097822000236512,1.006511065112222,2.091630967315948,-3.698892634957236,-1.6770131409188873,5.9712224,8.826114,9.568817472919314,20.10896865520728,14.748235294117647,27.03197080291971,11.69357142857143,8.170128309942317,21.31206896551724,33.639041666666664,Europa Wschodnia
8851,AMS Meden rudnik-Burgas,Бургас,BG,Bułgaria,42.45662200009979,27.42096700000757,-0.6928717719838766,0.03776769368239146,-0.2929646701691345,0.11438923488379575,7.4230037,9.557157,9.568817472919314,15.94974835309618,14.67678,51.39464,11.69357142857143,8.170128309942317,33.232127659574466,69.01149425287356,Europa Wschodnia
8852,AMS Zelen klin-Stara Zagora,Стара Загора,BG,Bułgaria,42.43235600005722,25.63738899955917,1.3269924995219482,1.488966813903508,0.6520965214136305,0.6536060280161777,4.7209234,8.270001,9.568817472919314,19.88648452012384,22.83862745098039,46.60706118355065,11.69357142857143,8.170128309942317,24.650000000000002,68.94182509505704,Europa Wschodnia
8853,AMS Druzhba -Sofia,София (столица),BG,Bułgaria,42.666508000039954,23.400164000367486,1.181274239868961,1.2889419012715475,1.3823849316286632,1.061017894980457,4.799097,7.9720764,9.568817472919314,19.900149094781685,22.39554425228891,49.62612576064909,11.69357142857143,8.170128309942317,29.223502109704643,72.99656652360515,Europa Wschodnia
8855,AMS Kamenitsa-Plovdiv,Пловдив,BG,Bułgaria,42.14288899986875,24.765239000415747,1.0082121685853178,-0.8950687078586511,-0.052141341479705776,-0.2536624678641134,5.6337814,9.417899,9.568817472919314,27.142865916069603,7.443834381551362,46.37350806451612,11.69357142857143,8.170128309942317,24.897511312217198,68.0142857142857,Europa Wschodnia
8856,AMS Hipodruma-Sofia,София (столица),BG,Bułgaria,42.68055800032477,23.296785999641887,3.727568278053552,1.9259055537819478,0.020789354954744627,-1.1552605447969595,4.008811,9.577762,10.652011934156379,28.211213047910295,27.460682046138416,36.79944944944945,12.744594957983194,11.21475,22.684602510460252,55.78408163265306,Europa Wschodnia
8857,AMS Vazrazhdane-Ruse,Русе,BG,Bułgaria,43.85136699995016,25.964085999705684,3.1527138580354728,-1.034468096478401,1.3187371435211335,-0.9383018714024107,2.2838402,7.910469,14.845872448979591,32.14596134282808,19.495653923541248,51.12077,18.646518691588785,12.342251908396946,30.478913043478258,73.7057251908397,Europa Wschodnia
8858,AMS Railway Station-Vratsa,Враца,BG,Bułgaria,43.20797800011708,23.557414000122765,-1.3657448148848368,-1.1796620056968932,-1.1747838473104355,-0.16761059798671707,8.529407,8.26774,9.568817472919314,17.757050592034446,4.3480745473908415,48.7105925925926,11.69357142857143,8.170128309942317,32.31554502369668,66.61641791044777,Europa Wschodnia
8859,AMS Rakovski-Dimitrovgrad,Хасково,BG,Bułgaria,42.05638300020802,25.59344999961276,1.272139849964057,1.4927875389595373,-0.7541923285479212,-0.6207061168867829,4.8813276,9.718013,9.568817472919314,20.56197592778335,19.50761809045226,40.90879279279279,11.69357142857143,8.170128309942317,28.534930434782606,56.22786259541985,Europa Wschodnia
8860,AMS Nadezhda-Sofia,София (столица),BG,Bułgaria,42.73229199975311,23.31097199967429,2.7558985182657443,1.555203422955384,0.1671648553221949,-0.7814991354801668,3.865711,9.517928,9.568817472919314,27.37654081632653,23.980770440881763,41.33918,11.69357142857143,8.170128309942317,26.425911111111112,58.58533834586466,Europa Wschodnia
8862,AMS Studen kladenets-Kardzhali,Кърджали,BG,Bułgaria,41.63607800005789,25.37968300040692,1.391861523307918,2.122689891307973,-4.460355287736881,-1.729525533917757,5.9208636,8.814463,9.568817472919314,22.49848178137652,14.078098190672772,20.845839499999997,11.69357142857143,8.170128309942317,12.651967213114753,30.483346007604563,Europa Południowa
8863,AMS Izvorite-Devnya,Варна,BG,Bułgaria,43.223043999730294,27.587239000248495,0.711271275806501,-0.279747144181884,-1.0532008497914969,-1.0673898963145967,5.286002,9.347676,9.568817472919314,26.15707317073171,10.34855063965885,40.853263902932255,11.69357142857143,8.170128309942317,28.374499999999998,57.42131147540983,Europa Wschodnia
9181,SK0002R,Žilinský kraj,SK,Słowacja,48.9422225994684,19.59223175,-3.7311175976671795,-4.186603388948445,2.508345176324461,-1.646413715131567,10.072762,5.6459365,9.568817472919314,16.909750369800115,1.9207555393586007,89.12630879948368,11.69357142857143,8.170128309942317,70.8754423262549,102.77570621468927,Europa Środkowa
9250,Saimaankatu,Lahti,FI,Finlandia,60.991290000013926,25.66578999993628,-3.239060191244175,0.8246383122503215,-0.592531104952887,0.6168259022177268,11.152004,9.863604,4.466467005076143,9.265475,9.391352459016392,51.39464,4.16215593220339,4.665429864253394,38.12818992248062,64.3678529424119,Europa Północna
9358,RO0067A,Bucureşti,RO,Rumunia,44.4405559994632,26.151122,3.277961253743073,2.919650286332346,2.3179588854030024,-1.3395121606169458,2.1978967,9.936787,9.568817472919314,26.915900439238655,39.74452554744526,51.39464,11.69357142857143,8.170128309942317,38.12818992248062,64.3678529424119,Europa Wschodnia
9360,RO0069A,Bucureşti,RO,Rumunia,44.4116669994632,26.052244,2.551518494536721,2.1998970031867757,-0.3866716702922365,-2.2877384385051753,4.4971604,9.598097,9.568817472919314,26.879910714285714,29.347340267459135,38.01130434782609,11.69357142857143,8.170128309942317,31.484745762711864,64.3678529424119,Europa Wschodnia
9361,RO0071A,Ilfov,RO,Rumunia,44.3488680301443,26.0336260914258,1.910980679955371,-0.2942686772009641,-0.45320199694628716,-0.11003120613581811,3.347129,6.940797,14.509879879879879,23.025914454277284,18.18834319526627,43.92928257686677,18.825,11.251428571428571,25.906888888888886,64.3754601226994,Europa Wschodnia
9363,CJ-2,CLUJ,RO,Rumunia,46.775032999974705,23.59661899979443,3.350013976843435,1.1872558369565405,-2.694716655424365,-0.2854202943824821,3.6396286,7.4205065,15.655061224489796,21.53673387096774,22.7204,21.723846153846157,25.554222222222222,9.535141700404857,21.723846153846157,64.3678529424119,Europa Wschodnia
9364,RO0075A,Cluj,RO,Rumunia,46.7652778594642,23.55027771,2.796659111150714,-0.2754277544286144,0.5042928571605821,-0.6674329075458314,1.9666371,8.259022,14.522384937238494,26.68048192771084,42.3,47.830666666666666,21.556938775510204,12.003947368421052,38.12818992248062,64.3678529424119,Europa Wschodnia
9365,RO0077A,Cluj,RO,Rumunia,47.1538886994648,23.87750053,4.2944248822207065,-1.1762288090572017,-0.6385176394105103,0.6288296492920347,1.1471032,7.7840366,19.124021164021165,26.171375661375663,23.89695278969957,51.51953488372094,36.93779661016949,9.704588235294118,44.54915254237288,55.188059701492534,Europa Wschodnia
9369,IS-1,IASI,RO,Rumunia,47.15683599990919,27.574907999718235,4.0192985848578795,1.959308589614987,1.9952706877557123,-0.9279180301676778,1.8301569,9.327409,13.367565337001375,28.05787837837838,36.793822152886115,51.39464,16.63821138211382,10.732543859649123,38.12818992248062,64.3678529424119,Europa Wschodnia
9370,RO0084A,Iaşi,RO,Rumunia,47.1511115994648,27.58361435,3.830918213393724,0.5786650666575214,1.401945869687954,-1.1259758389530536,1.8252641,9.083386,14.245340501792114,29.096028622540253,30.535304054054055,51.39464,20.553333333333335,11.289454545454545,38.12818992248062,64.3678529424119,Europa Wschodnia
9372,RO0087A,Iaşi,RO,Rumunia,47.1371599994647,27.693067,1.7467510020228294,0.5258267782179364,-0.8298566748544772,-0.43618311334540427,4.8965836,9.442658,11.187001828153566,24.176342342342345,20.715625,41.36534306569343,16.894190476190477,8.434451219512194,28.577111111111112,55.298181818181824,Europa Wschodnia
9373,RO0093A,Alba,RO,Rumunia,45.9668998694635,23.56139946,0.4878485432380392,0.6945766702935992,-0.8080225457662853,-1.0745641748762862,5.3323736,10.076491,9.568817472919314,22.7326582278481,23.452857142857145,42.92816901408451,11.69357142857143,8.170128309942317,40.50689655172414,64.3678529424119,Europa Wschodnia
9376,RO0095A,Arad,RO,Rumunia,46.1813888494637,21.33472061,2.421882776910841,1.6846851095500956,1.4418239605269436,-0.6331039585456525,2.9698362,10.107198,9.568817472919314,25.59860465116279,30.433151260504204,51.39464,11.69357142857143,8.170128309942317,38.12818992248062,64.3678529424119,Europa Wschodnia
9377,RO0096A,Arad,RO,Rumunia,46.1905517594637,21.3024826,1.0570551393160694,0.8295861051929849,-0.8994815502577155,-1.263198751557688,5.0720434,9.869591,9.568817472919314,21.185291262135923,19.190768072289156,45.12887426900585,11.69357142857143,8.170128309942317,33.37577777777778,58.29636363636364,Europa Wschodnia
9378,RO0097A,Arad,RO,Rumunia,46.1668167094636,20.73685074,-1.040862625520736,0.0696188465348365,-0.3829339409724539,0.3776076498770087,7.6069818,9.7125225,9.568817472919314,14.846367924528302,14.340560578661844,51.39464,11.69357142857143,8.170128309942317,38.12818992248062,64.3678529424119,Europa Wschodnia
9381,RO0104A,Bacău,RO,Rumunia,46.564581214605,26.9106513033117,0.477556654837894,1.550270141284429,0.06962398403031998,0.22123327757840952,4.904669,10.6496,9.568817472919314,16.909750369800115,21.249655172413796,47.76672131147541,11.69357142857143,8.170128309942317,33.58305785123967,60.16315151515152,Europa Wschodnia
9382,RO0105A,Bacău,RO,Rumunia,46.5559337814818,26.9270006414827,0.41890152860982877,1.2341455924088294,0.7348831118111306,0.46025573629060534,4.854439,11.000508,9.568817472919314,18.31037037037037,42.6,52.01346613545817,11.69357142857143,8.170128309942317,32.72677966101695,68.36842105263158,Europa Wschodnia
9385,BN-1,BISTRITA,RO,Rumunia,47.127374999964395,24.495493999912973,0.678408269146077,2.428827177442459,-1.186614480555418,0.49658667452009125,4.62222,10.016465,9.568817472919314,16.491440217391304,21.29929479768786,38.089268292682924,11.69357142857143,8.170128309942317,24.255568181818184,48.334251968503935,Europa Wschodnia
9386,BT-1,BOTOSANI,RO,Rumunia,47.739918999753456,26.658519000154435,0.7988399700881039,0.5964566119115682,0.4134563386203791,-0.8292421892537316,5.233707,9.657843,9.568817472919314,23.182717520858162,19.690723888314373,51.074214214214216,11.69357142857143,8.170128309942317,36.15694560669456,61.687044534412955,Europa Wschodnia
9387,RO0114A,Brăila,RO,Rumunia,45.2629699994632,27.96966,-0.824281747324805,-0.4669640749212862,1.7430435541354619,0.2141716784780331,7.546603,6.8475833,9.568817472919314,16.909750369800115,16.080032362459544,64.42620087336245,11.69357142857143,8.170128309942317,45.813559322033896,80.63536585365854,Europa Wschodnia
9388,RO0115A,Brăila,RO,Rumunia,45.2708549494632,27.88944244,-1.2629762706713117,-0.9049884427933599,-0.13210031852698056,-0.22099022387123568,8.0695505,8.564692,9.568817472919314,16.909750369800115,11.336889632107024,54.354669811320754,11.69357142857143,8.170128309942317,39.30916666666667,72.66179775280898,Europa Wschodnia
9389,RO0116A,Brăila,RO,Rumunia,45.2977399994632,27.96139,0.028360311437385027,-0.1901382101548118,0.3499504276702001,-0.38450417367575185,6.382625,9.845413,9.568817472919314,24.074603174603176,14.492556701030928,50.160816,11.69357142857143,8.170128309942317,34.911144578313255,68.33548387096775,Europa Wschodnia
9391,BV-1,BRASOV,RO,Rumunia,45.637667000204765,25.630747000078838,2.973045454472337,-0.12352008623319172,0.058586419874389374,1.3204552010915531,2.086759,8.750591,22.38266666666667,21.783185595567865,23.531745571955717,51.39464,22.38266666666667,8.170128309942317,38.12818992248062,64.3678529424119,Europa Wschodnia
9393,BV-5,BRASOV,RO,Rumunia,45.65159700027666,25.625652999953974,1.5715034964568824,1.3169160991976054,1.8553307709084486,0.004674318554824956,3.132443,10.536075,9.568817472919314,26.331204819277104,23.85259109311741,58.51460869565218,11.69357142857143,8.170128309942317,44.10983050847457,64.3678529424119,Europa Wschodnia
9397,CS-4,BUCHIN,RO,Rumunia,45.36312500029752,22.24318599964003,-1.102619060494199,0.9436755379664903,-0.0534949770719821,0.7427025438840587,7.3817415,10.508763,9.568817472919314,11.57672932330827,17.6080604534005,51.39464,11.69357142857143,8.170128309942317,38.12818992248062,64.3678529424119,Europa Wschodnia
9399,RO0133A,Constanţa,RO,Rumunia,44.3123693544312,28.6231097294287,-1.1474042560885325,0.9668820373848548,-1.9843465594994998,-1.5330813337979716,5.5112615,9.964531,9.568817472919314,14.008684210526317,14.078098190672772,49.34064748201439,11.69357142857143,8.170128309942317,39.755932203389825,52.588764044943815,Europa Wschodnia
9402,CT-6,NAVODARI,RO,Rumunia,44.31963899968053,28.610292000117962,-0.08182822481798722,0.4460125020044494,-1.8065601694221143,1.0786296627943819,6.7716417,9.0413065,9.568817472919314,18.5315940397351,13.999748031496063,37.132782608695656,11.69357142857143,8.170128309942317,22.840169491525423,64.3678529424119,Europa Wschodnia
9403,RO0137A,Constanţa,RO,Rumunia,44.2483133224139,28.2612683329854,1.8271721049101104,-0.32192839987757743,-0.7796040697093619,-1.9216062967509302,5.1607347,9.351132,9.568817472919314,32.42036036036036,14.454106583072099,36.3915652173913,11.69357142857143,8.170128309942317,28.95576271186441,64.3678529424119,Europa Wschodnia
9467,SE0021A,Västra Götaland,SE,Szwecja,57.7013899995155,11.99501,0.5069217490644655,0.8711801119083699,0.5326040721011996,-0.19940376367307366,5.585852,10.920812,9.568817472919314,20.207151607963247,20.31267441860465,51.39464,11.69357142857143,8.170128309942317,38.12818992248062,64.3678529424119,Europa Północna
9468,Malmö Rådhuset,Malmö,SE,Szwecja,55.60638800021767,13.001964000067606,-3.447749797518291,0.1450622987536033,-1.1817034696986932,-0.3301021061855305,11.528695,8.509637,6.18397643442623,10.208624113475178,7.09321608040201,53.48546746746747,6.686317991631799,5.440505882352941,46.59307053941909,58.885882352941174,Europa Północna
9470,SE0003A,Stockholm,SE,Szwecja,59.31721999952921,18.04918,-1.387005097863946,2.100815546168736,0.5248494320748045,0.07408971076196823,9.481085,10.79185,5.136401515151515,12.747807692307692,21.11900763358779,51.39464,4.941016949152542,5.171379310344828,38.12818992248062,64.3678529424119,Europa Północna
9473,SE0022A,Stockholm,SE,Szwecja,59.3169399995293,18.057501,-2.8666668586855075,-0.43319809708372303,-1.452439726529483,-0.1911421384043723,10.008404,7.7034783,9.568817472919314,8.916122418879057,6.974266666666667,53.45057803468209,11.69357142857143,8.170128309942317,48.57222222222222,55.721022727272725,Europa Północna
9474,SE0027A,Stockholm,SE,Szwecja,59.3411099995295,18.05862,-0.8047721234653994,0.5424678182394082,-0.05859523351864589,0.35063623776007824,7.290499,10.541594,9.568817472919314,13.931507462686568,16.188695652173916,51.39464,11.69357142857143,8.170128309942317,38.12818992248062,64.3678529424119,Europa Północna
9478,Lund Spyken,Lund,SE,Szwecja,55.70083199998794,13.200842000157573,-1.5073045659455662,-0.6135288318225383,-2.542499796945833,-1.4884442186222426,9.296332,7.8761983,9.568817472919314,16.909750369800115,5.344998990918264,46.0342042042042,11.69357142857143,8.170128309942317,39.78145833333333,49.19695817490494,Europa Północna
9479,SE0058A,Skåne,SE,Szwecja,55.583889999499696,13.00806,-1.8860414391077642,1.2517185109025368,-0.8298991035964268,-0.9743744325910143,10.199259,8.99138,6.289568965517241,13.582205438066465,15.22041067761807,51.062258543833586,6.168925619834711,6.528875000000001,44.23295454545455,56.621637426900584,Europa Północna
9480,SE0066A,Stockholm,SE,Szwecja,59.832499999534,18.63112,-4.933904399647111,-0.07775734988990692,-1.778858377844656,-0.5317553763996617,11.731296,8.572198,4.388817777777778,5.509922962962963,2.275348148148148,54.168779069767446,4.1025222222222215,5.105910179640719,53.55444444444444,53.918843930635845,Europa Północna
9484,SE0095A,Västernorrland,SE,Szwecja,62.3875999995595,17.3099,-2.7004634169357447,0.1433655966348997,-0.5117120944377689,-0.15481491872963066,10.864625,9.5593195,4.836607692307693,12.699922779922781,7.816779661016949,51.39464,3.3742413793103445,5.71546511627907,38.12818992248062,64.3678529424119,Europa Północna
9486,Falun Östra Falan,Falun,SE,Szwecja,60.60829900015628,15.629399999960565,-0.8806552585301285,0.22926303190007724,-2.217189984461088,-1.089643649724983,6.7141113,8.952947,9.568817472919314,16.909750369800115,8.277413721413721,45.18661661661662,11.69357142857143,8.170128309942317,38.35431893687708,44.409777777777784,Europa Północna
9506,PANORAMA,monitoring network of Central Macedonia Region,GR,Grecja,40.58891800028266,23.031689000098456,-2.0185138144340784,-2.445449468087773,2.7404021609620663,-0.9054212072618908,9.602479,5.601087,9.513309403437816,18.515227043390514,8.44854657113613,75.73306613226454,11.442006802721087,8.959761904761905,57.79045801526718,96.92871287128712,Europa Południowa
9512,GR0046A,ΚΕΝΤΡΙΚΗ ΜΑΚΕΔΟΝΙΑ,GR,Grecja,40.65784454,22.80236626,1.4861903291393574,-0.07017347107656316,0.11975546269755029,-1.4077515696336231,5.238636,9.340001,9.568817472919314,29.643991769547323,14.865756302521008,43.394059196617334,11.69357142857143,8.170128309942317,35.958277777777774,61.29117647058824,Europa Południowa
9514,Agia PARASKEVI,monitoring network of Athens,GR,Grecja,37.99510999998216,23.819420999904715,-1.1689620578611772,-2.293465887666253,3.9336671079734127,-0.9974951754918746,9.475695,5.546859,11.047129909365559,20.102610483042138,13.21382530120482,77.87295918367347,10.024785714285715,11.745551020408163,58.43260073260073,102.05798319327731,Europa Południowa
9535,Elefsina,monitoring network of Athens,GR,Grecja,38.05132200026413,23.53843199989134,3.2879358255569895,-0.7640532286271227,3.4192617416206406,-0.34691435065131443,2.4245462,8.296797,15.797689969604862,29.42946192893401,25.88074074074074,60.2836936936937,17.916022304832712,14.902823529411766,36.8826907630522,83.08783269961977,Europa Południowa
9538,GR0035A,ΑΤΤΙΚΗ,GR,Grecja,38.06963348,23.77688599,2.25045543731226,-2.7857079329979593,2.201893389226858,0.342859097035837,2.372647,7.7225914,17.567260273972604,26.51109939759036,14.078098190672772,61.449433681073025,22.42248484848485,14.979132947976877,36.476369047619045,84.83085714285714,Europa Południowa
9566,GR0032A,ΑΤΤΙΚΗ,GR,Grecja,37.99945831,23.73304749,5.707558681195738,9.138322900414442,-1.041634384082686,0.030477250885063343,1.2672981,9.712976,9.568817472919314,16.909750369800115,59.74815044725781,16.369553314121035,11.69357142857143,8.170128309942317,8.606777777777777,25.08843023255814,Europa Południowa
9567,NEA SMIRNI,monitoring network of Athens,GR,Grecja,37.93199799970204,23.7130200002631,2.5152815249840352,1.333184500051077,2.9495604907717827,-0.16029478683541523,2.875484,9.17472,9.568817472919314,27.87214439655172,29.01151151151151,56.93688688688688,11.69357142857143,8.170128309942317,34.76576335877862,79.61003759398497,Europa Południowa
9577,Avully-Passeiry,Canton de Genève,CH,Szwajcaria,46.16259999999076,6.005179999802816,-1.7509561835239664,-0.7466306559932093,-0.08209271837657016,0.5931069809649587,8.390608,8.49476,9.568817472919314,12.257258324924319,7.937798378926039,53.14708708708709,11.69357142857143,8.170128309942317,41.30919463087248,69.77155172413794,Europa Środkowa
9578,Meyrin-Vaudagne,Canton de Genève,CH,Szwajcaria,46.231100000206006,6.074170000073853,-1.0493384171488882,-0.07172084008195824,0.43392053494317917,1.0266301398738278,6.6482744,7.2038736,9.568817472919314,12.879841893252769,12.531750852557673,52.085805805805805,11.69357142857143,8.170128309942317,36.77044067796611,72.5056277056277,Europa Środkowa
9580,CH0043A,Ticino,CH,Szwajcaria,46.02589572569159,8.96752215525154,0.3598735804195703,0.4320402733060616,1.6358500905117497,2.533811467278373,5.5155997,7.2116933,9.568817472919314,16.89421081081081,18.042522522522525,48.09338738738739,11.69357142857143,8.170128309942317,25.708202247191014,80.78487394957983,Europa Środkowa
9581,Magadino-Cadenazzo,Nationales Beobachtungsnetz für Luftfremdstoffe,CH,Szwajcaria,46.16030000011032,8.933940000200698,0.47596896773756214,-0.01876611417882466,0.467928441704789,2.3946390322176967,5.5960526,7.270681,10.744880161127895,15.486691767068274,13.7697592778335,45.75437437437438,14.920651877133107,9.200471365638768,23.98872053872054,71.0938596491228,Europa Środkowa
9582,Bern-Bollwerk,Nationales Beobachtungsnetz für Luftfremdstoffe,CH,Szwajcaria,46.95100000021143,7.440870000368799,0.6871685512092103,1.727960490157423,0.16334046322392667,0.9799440245910784,4.7765727,8.437984,9.096526923076922,15.807868373493976,23.508428428428427,42.73941941941942,11.44017006802721,8.002015929203539,27.411346801346802,63.85263157894737,Europa Środkowa
9583,Basel-Feldbergstrasse,,CH,Szwajcaria,47.566999999575025,7.594709999797136,0.8641922122570158,1.934096423871208,0.9438741182346236,0.17276832368067638,3.1815345,10.976812,9.568817472919314,17.03588429752066,28.95579207920792,51.39464,11.69357142857143,8.170128309942317,38.12818992248062,64.3678529424119,Europa Środkowa
9584,Lausanne-César-Roux,Nationales Beobachtungsnetz für Luftfremdstoffe,CH,Szwajcaria,46.52199999998234,6.639630000397568,-0.31313482025706674,1.199921086499358,1.0017882971872263,1.1725210271475965,4.671967,11.205648,9.568817472919314,12.015309619238478,22.343223223223223,51.859389389389385,11.69357142857143,8.170128309942317,35.94632996632996,74.05438596491229,Europa Środkowa
9585,CH0019A,Sankt Gallen,CH,Szwajcaria,47.4069895689662,9.39431174673672,-4.092030573047299,-2.625928001875827,1.7937745668002834,0.5307223119513123,10.356937,5.9134135,9.568817472919314,7.888021778584393,3.8439824858757063,74.25998188405798,11.69357142857143,8.170128309942317,63.99162921348315,93.35603448275862,Europa Środkowa
9586,Basel-St-Johann,Beide Basel,CH,Szwajcaria,47.56590000002686,7.58208000041445,-0.40088130995136156,0.49957768557602117,0.6102588301520373,1.4288671871361598,5.744924,7.5933504,9.568817472919314,14.273671013039118,16.957237237237237,48.85195395395395,11.69357142857143,8.170128309942317,33.08060666666667,70.81504424778761,Europa Środkowa
9587,Zürich-Stampfenbachstrasse,OSTLUFT,CH,Szwajcaria,47.38679999983631,8.539810000257768,-0.2653014255536619,1.0136420210253414,0.8693680428539428,1.6445154159716542,5.523683,7.770234,9.568817472919314,13.326376376376375,19.35185185185185,49.499310310310314,11.69357142857143,8.170128309942317,33.09555517241379,71.00338983050847,Europa Środkowa
9588,Lugano-Università,Nationales Beobachtungsnetz für Luftfremdstoffe,CH,Szwajcaria,46.01110000001776,8.957100000139862,0.20508685702505391,0.6167173461951337,2.5133845827895773,3.4736255417045223,5.5605164,7.121081,9.157316751269036,13.577524623115579,20.52866866866867,52.54853853853854,12.025310104529618,7.896920704845815,25.51037037037037,89.43903508771929,Europa Środkowa
9589,Zürich-Kaserne,Nationales Beobachtungsnetz für Luftfremdstoffe,CH,Szwajcaria,47.377600000102944,8.530410000378652,-0.8358167945906038,1.0938754888034774,1.4700215310849518,1.828874040539657,5.7823987,7.3716264,7.820311557788945,11.617458917835672,19.142432432432432,52.58297897897898,8.940376271186441,7.449868421052631,35.78985185185185,75.91798245614035,Europa Środkowa
9590,Rigi-Seebodenalp,Nationales Beobachtungsnetz für Luftfremdstoffe,CH,Szwajcaria,47.06739999978191,8.463329999861337,-5.525285711216062,-1.9518999855353132,2.062291402914609,-0.2056495810422839,10.629576,6.242339,4.1623808660624375,6.196485397784491,3.387734439834025,78.54768768768768,3.2762228956228956,5.491893805309734,68.6240404040404,93.94410480349346,Europa Środkowa
9591,Dübendorf-EMPA,Nationales Beobachtungsnetz für Luftfremdstoffe,CH,Szwajcaria,47.4028999998603,8.613400000010936,-0.594954282106646,1.2912304389552394,0.28872990839986873,1.6820906469611814,5.4115977,7.8982234,8.570234406438631,11.325855421686747,18.055425425425426,46.24413013013013,10.37789864864865,7.638766519823789,32.49732,66.33568281938327,Europa Środkowa
9593,Chaumont,Nationales Beobachtungsnetz für Luftfremdstoffe,CH,Szwajcaria,47.049500000117035,6.979150000270615,-4.885354038068396,-2.9337662241447617,1.915257431996832,0.1751990528564935,10.40113,5.896664,9.568817472919314,5.222371443089431,3.1926029411764705,80.96926926926928,11.69357142857143,8.170128309942317,70.61047297297297,95.9755458515284,Europa Środkowa
9594,Tänikon,Nationales Beobachtungsnetz für Luftfremdstoffe,CH,Szwajcaria,47.47979999984894,8.904680000206188,-2.421555195784271,-0.7577733566178915,-0.034059226227766796,1.335954208880055,8.619951,8.880344,9.568817472919314,8.952844571428571,7.454528735632183,54.09009132420091,11.69357142857143,8.170128309942317,40.030616113744074,73.30749999999999,Europa Środkowa
9595,Payerne,Nationales Beobachtungsnetz für Luftfremdstoffe,CH,Szwajcaria,46.81309999982213,6.944479999783753,-2.272323450115946,-0.29097096174487025,0.015399371491210448,0.7722860841246614,8.639587,8.797552,7.4938,10.767696088264794,9.34531124497992,53.77725725725726,8.962691780821917,6.96188596491228,41.142020202020205,71.51217391304347,Europa Środkowa
9604,GR0030A,ΑΤΤΙΚΗ,GR,Grecja,37.9432869,23.64751053,7.9511258247118795,5.112845882742251,2.142813168512078,-2.5171944571777214,1.1449561,9.349476,13.041318840579711,38.62719298245614,55.671736011477755,36.34110315186246,16.464772727272727,11.438977272727273,24.89811111111111,49.21864406779662,Europa Południowa
9618,PERISTERI,ΑΤΤΙΚΗ,GR,Grecja,38.02081100010977,23.688360999575632,2.50997540570269,0.45875349585208547,4.096950428921562,0.4948150221594476,2.9468396,8.611544,9.568817472919314,29.058270762229807,26.38438918918919,63.562025761124126,11.69357142857143,8.170128309942317,34.751560975609756,89.57406015037594,Europa Południowa
9619,MAROUSI,ΑΤΤΙΚΗ,GR,Grecja,38.03083700003538,23.787372000447597,1.685425443822437,-0.15184159514782058,3.17591917215967,0.4367960052749811,3.0475707,8.521385,9.568817472919314,27.237768762677483,21.48811811811812,60.396416416416415,11.69357142857143,8.170128309942317,37.62,86.02198275862068,Europa Południowa
9626,GR0018A,ΚΕΝΤΡΙΚΗ ΜΑΚΕΔΟΝΙΑ,GR,Grecja,40.6337738,22.945287699999998,8.226487551900506,2.6805871532504613,0.5512649593470157,-0.48213276783036146,0.98820394,8.91749,19.514799196787152,37.84282868525896,48.82601156069364,30.068103448275863,26.230847457627117,12.408863636363636,16.269756097560975,56.773529411764706,Europa Południowa
9642,Luxembourg Pl. Winston Churchill,Air Quality Luxembourg,LU,Luksemburg,49.61157000022713,6.118469999695286,-0.5262194661955528,0.8414429451724916,0.3412895686843602,-0.28373330009335157,6.409314,10.653223,8.676477732793522,18.248266129032256,17.453056112224452,51.39464,9.939703703703703,7.421072796934866,38.12818992248062,64.3678529424119,Europa Środkowa
9645,Beidweiler,Air Quality Luxembourg,LU,Luksemburg,49.72226000000245,6.305330000147759,-2.9740998778327,-1.135447837246251,0.31332741223852034,0.08961310432486419,9.964747,6.921584,7.712677484787018,13.257721774193548,5.513701020408163,59.056986986986985,7.809695817490494,7.4897188755020085,46.81258181818181,72.92452107279694,Europa Środkowa
9648,Beckerich,Air Quality Luxembourg,LU,Luksemburg,49.7318099998994,5.847140000027115,-1.4239473421567592,-0.7943594597752693,-1.1757342764922825,-0.6490729750042067,8.801444,8.000487,9.568817472919314,16.909750369800115,7.219565656565656,49.65623623623624,11.69357142857143,8.170128309942317,43.17580071174377,58.12035019455253,Europa Środkowa
9649,Mont St. Nicolas,Air Quality Luxembourg,LU,Luksemburg,49.94395999949975,6.175910000133973,-2.6465227440325134,-2.772226983757042,1.2426975751715414,-0.5745132739448523,8.881478,6.1294007,9.568817472919314,16.909750369800115,4.280570749108205,71.75301974448315,11.69357142857143,8.170128309942317,57.119103773584904,83.18587786259542,Europa Środkowa
9650,Esch/Alzette,Air Quality Luxembourg,LU,Luksemburg,49.50504000003322,5.976939999982496,-0.6181068543549693,0.34695833430372797,0.4709524232946864,-0.40932584693350504,6.680018,10.187102,8.83242179616549,18.349056795131844,15.28413967611336,51.20211211211212,9.307211155378486,8.65107296137339,41.92317518248176,65.43320610687023,Europa Środkowa
9651,Luxembourg Bonnevoie,Air Quality Luxembourg,LU,Luksemburg,49.59769000023517,6.137590000018973,-0.0693808781276013,1.3350124411307123,-0.45581175136181307,-0.10858740326564886,5.515884,10.530287,8.620030241935483,17.834437751004014,18.3327027027027,43.660590590590594,9.926802721088436,7.358073770491803,33.081875000000004,57.0412213740458,Europa Środkowa
9658,Skøyen,Oslo,NO,Norwegia,59.919750000224326,10.689729999842074,-1.614625821367931,0.9203324168381446,-0.2944996847394025,0.6336615960371734,9.435858,10.63755,6.384399172699069,13.839548057259714,14.078098190672772,51.39464,9.135257352941176,4.625221052631579,38.12818992248062,64.3678529424119,Europa Północna
9742,Escaldes-Engordany,Escaldes-Engordany,AD,Andora,42.50969400015972,1.5391379998151493,1.9505999758562211,2.9045599519088623,-0.19860715495960854,-0.5125850433657756,4.0527964,9.568229,6.555580993520518,20.16828426395939,24.701122244488978,37.52245490981964,5.72264161849711,9.042200772200772,20.793262711864408,49.15210727969349,Europa Zachodnia
9752,Wicklow Bray Wurzburg Road,Ireland Air Quality e-Reporting monitoring network for compliance and informative reporting,IE,Irlandia,53.18722199975573,-6.121666999586895,-3.549809218804444,1.3546156108539984,-0.30485241441001176,-0.6935869718900811,10.5784235,8.782879,4.9895385390428215,8.217363636363636,14.078098190672772,59.32915688259109,6.271204597701149,3.187821917808219,66.62461240310078,51.57136820083682,Europa Zachodnia
9755,Dublin Blanchardstown River Road,Ireland Air Quality e-Reporting monitoring network for compliance and informative reporting,IE,Irlandia,53.38563600013712,-6.3699340002985965,-0.45004581064340177,3.2464191896949917,1.0729963858996145,0.6007585508176599,3.544498,11.407904,4.9107692307692306,13.385780933062879,26.965522088353413,51.39464,11.69357142857143,5.104269662921348,38.12818992248062,64.3678529424119,Europa Zachodnia
9756,IE0110A,Cork City,IE,Irlandia,51.881944,-8.456667,-2.0941123328490323,1.1836458482231746,-0.31241138811537766,0.8793312355759559,10.050474,10.526561,6.565045791245791,11.238592739273928,14.078098190672772,51.39464,9.191974545454546,4.701736526946108,38.12818992248062,64.3678529424119,Europa Zachodnia
9758,NET.IE001,Ireland Air Quality e-Reporting monitoring network for compliance and informative reporting,IE,Irlandia,53.39025,-6.305266,-2.154449627465096,1.232989017898975,-0.22243651972712797,0.7657676088837078,10.047117,10.523594,6.616850791366907,11.05254085106383,14.078098190672772,51.39464,7.645599999999999,5.236342857142858,38.12818992248062,64.3678529424119,Europa Zachodnia
9761,IE0036A,Dublin City,IE,Irlandia,53.333333,-6.366667,-2.2166597108374875,0.9770880879723762,-0.3534457106467802,0.7869156602661059,10.18725,10.41587,6.888870481927711,11.463928035982008,11.819156832298138,51.39464,7.98358024691358,5.223657142857143,38.12818992248062,64.3678529424119,Europa Zachodnia
9773,Laois Portlaoise Dublin Road,Ireland Air Quality e-Reporting monitoring network for compliance and informative reporting,IE,Irlandia,53.03612499983143,-7.288675000380318,-2.8279877334121766,0.42807906324176287,-0.6911832299663722,0.6688226894522006,10.997916,9.780941,5.731923076923077,11.117359836901121,8.307259595959597,51.39464,7.441666666666666,5.472333333333333,38.12818992248062,64.3678529424119,Europa Zachodnia
10495,Alnabru,Oslo,NO,Norwegia,59.92769000012273,10.846550000325356,0.23974579006494717,2.1689464851418054,0.8683908112246735,0.29164420311514366,3.7284698,11.449184,6.997272540983606,18.18413025641026,23.102745934959348,51.39464,8.795409691629956,5.740375478927203,38.12818992248062,64.3678529424119,Europa Północna
10496,SE0004A,Västra Götaland,SE,Szwecja,57.70860999951551,11.97,-2.282786469261246,0.5148242853980395,-0.3144938271915792,0.14232597921475246,10.260824,9.705208,6.2394315619967795,12.829394568690097,10.385275974025975,51.39464,6.457830188679246,6.756162790697674,38.12818992248062,64.3678529424119,Europa Północna
10502,SE0067A,Västra Götaland,SE,Szwecja,57.698609999515405,11.96084,-1.5382479792830865,0.27053758747227213,-0.07396434893415314,-0.380755830415893,8.130581,9.453665,6.094062030075189,15.611693333333331,11.412588454376165,51.39464,5.278156424581005,7.896298701298701,38.12818992248062,64.3678529424119,Europa Północna
10514,Lillehammer barnehage,Lillehammer,NO,Norwegia,61.1208699999983,10.46562999972325,-2.4634840387927532,0.9733536148057369,-0.38173856664097616,0.8360876615546584,10.24729,10.4128,5.734484567901235,11.829511698880976,9.053514922279794,51.39464,7.896161137440758,4.763591760299625,38.12818992248062,64.3678529424119,Europa Północna
10519,GR0048A,ΔΥΤΙΚΗ ΕΛΛΑΔΑ,GR,Grecja,38.24597549,21.73589706,4.5501294057434185,0.1305669515138862,1.27798088507922,-0.9167221997988969,1.4767246,8.714914,17.952517321016167,30.85872596153846,32.78777319587629,51.39464,24.525232558139535,11.727500000000001,38.12818992248062,64.3678529424119,Europa Południowa
10523,Vårveien,Drammen,NO,Norwegia,59.75361800013131,10.144396999597447,-0.6033233153453735,0.21343614904756034,-0.46679382484725657,0.5753871409266723,8.982723,10.545864,8.604088504577822,18.339248197734296,14.078098190672772,51.39464,13.414941818181818,4.723171945701357,38.12818992248062,64.3678529424119,Europa Północna
10526,Lensmannsdalen,Grenland,NO,Norwegia,59.159299999844094,9.635729999807133,-1.2334493589054785,0.8894278717395517,0.08272597098515318,0.04377255804158413,8.5927105,10.540494,6.792542735042734,17.40542739443872,13.581005076142134,51.39464,8.428534031413612,5.905106382978723,38.12818992248062,64.3678529424119,Europa Północna
10530,Vigernes,Lillestrøm,NO,Norwegia,59.955477,11.073983,-1.8476908499378084,1.0804072943883094,-0.28266655772748905,0.9980573930384578,10.077971,10.659903,7.275222916666667,11.76780473372781,12.456664705882352,51.39464,8.932517021276595,5.095357142857142,38.12818992248062,64.3678529424119,Europa Północna
10540,"Rv 4, Aker sykehus",Oslo,NO,Norwegia,59.94102999999999,10.798030000000002,-1.8528825745033568,1.7715328244603987,0.08791711390779104,0.7654316031327857,10.034297,10.9537325,5.033192771084337,11.792026509572901,14.577467930029155,51.39464,6.711220238095238,4.383329411764707,38.12818992248062,64.3678529424119,Europa Północna
10546,Rådal,Bergen,NO,Norwegia,60.29426799982011,5.324618999567106,-2.2495899941110884,1.8018589091459123,-0.026236882040982987,0.8625045797367502,10.359116,10.751234,4.98995060728745,10.441914459049546,15.453081570996979,51.39464,6.197485849056603,4.305884644194757,38.12818992248062,64.3678529424119,Europa Północna
10550,Loddefjord,Bergen,NO,Norwegia,60.361135000126446,5.2368600003982895,-2.2198174183252424,1.9845688613311205,0.07172315487644544,0.9686067721307647,10.292503,10.788642,5.02468501529052,10.121875637104994,15.894095238095238,51.39464,5.908336448598131,4.499700374531836,38.12818992248062,64.3678529424119,Europa Północna
10554,Sofienbergparken,Oslo,NO,Norwegia,59.92305000003403,10.765739999885222,-2.2576399670342466,0.8211698649555792,-1.203290779514429,0.5181546234651355,10.640344,9.723048,6.199597447795823,11.501481651376146,8.987575609756098,49.9760875,8.770274725274726,5.334943820224719,34.606976,55.69243445692884,Europa Północna
10557,Solheim,Lørenskog,NO,Norwegia,59.92861200005068,10.95320299986205,0.3382422994899735,2.0286773225367183,0.7018048491968993,0.7749875344116439,3.8033462,11.390372,8.587085889570552,15.8509167544784,23.00061880165289,51.39464,12.036484018264842,6.17392,38.12818992248062,64.3678529424119,Europa Północna
10559,BKC,,BA,Bośnia i Hercegowina,44.53194444444444,18.654722222222222,6.704584106089766,-1.569796336129699,-6.336729384452058,2.43795034876263,0.8622258,7.1688657,38.451009895833785,16.909750369800115,32.92727272727273,14.631818181818181,66.55243064630685,8.170128309942317,14.631818181818181,64.3678529424119,Europa Środkowa
10563,E6-Tiller,Trondheim,NO,Norwegia,63.35761000017131,10.371739999638633,-1.4933447994034699,2.1481023188449395,0.3652303254307285,0.5561259091457694,9.880632,10.996573,4.994656339468303,13.690084024896265,18.187820372398686,51.39464,5.507205084745762,3.9895880149812735,38.12818992248062,64.3678529424119,Europa Północna
10567,Kransen,Moss,NO,Norwegia,59.43347100001061,10.661762360232748,-1.510059476448515,0.7918701704689203,-0.17217833576242425,0.504937769603191,9.193345,10.252858,7.383263211382114,12.41921968911917,14.078098190672772,51.39464,8.716070038910507,6.623671936758893,38.12818992248062,64.3678529424119,Europa Północna
10582,Omkjøringsvegen,Trondheim,NO,Norwegia,63.41049100017761,10.44435199994872,-1.1834349470679215,2.888118212328729,0.8071812757153212,0.7385563141663548,3.919616,11.609419,4.949704106776181,11.75281802757158,21.03963704630788,51.39464,5.315655172413793,4.837551724137931,38.12818992248062,64.3678529424119,Europa Północna
10591,Nygaardsgata,Fredrikstad,NO,Norwegia,59.21019099990093,10.9400970002783,-3.3585330460730654,0.3437453362250511,-0.9765976906448868,0.9599093374387717,11.204724,9.72868,4.731335870698644,9.014756087408948,3.7875232558139533,51.39464,7.242967701863354,3.930853424657534,38.12818992248062,64.3678529424119,Europa Północna
10592,Knarrdalstranda,Grenland,NO,Norwegia,59.13353999993064,9.6219000003252,-1.0698476522651297,-0.3926676796318659,-0.638642517154981,0.3994262266089402,7.9495664,9.031655,8.937067816091954,15.923850967007963,9.35875830469645,51.39464,14.745537634408603,6.7785131086142325,38.12818992248062,64.3678529424119,Europa Północna
10607,Stener Heyerdahl,Kristiansand,NO,Norwegia,58.148880000097094,7.991829999942439,-2.6255687401395247,0.47125311437032225,-0.7417660705954571,0.9836672857987772,10.939708,9.859351,6.818842497482376,9.302051006036217,9.497353720693171,51.39464,8.871822580645162,5.57371923076923,38.12818992248062,64.3678529424119,Europa Północna
10608,E6 Alna senter,Oslo,NO,Norwegia,59.925559999963816,10.850367000358071,0.4392625511189565,2.1330698271976134,0.7488247147495122,0.724141810894919,3.715173,11.407424,8.353089024390245,15.99873577749684,23.8554609929078,51.39464,11.39872340425532,6.1617727272727265,38.12818992248062,64.3678529424119,Europa Północna
10624,"""Tartu""",Nõo,EE,Estonia,58.370555999440015,26.734721999643114,-3.5004464630056322,0.7723205051196207,-1.6599620544152556,-0.4154766671049578,11.553596,8.523527,4.52209884678748,11.797984152139462,7.102324840764331,49.899874999999994,5.7152521739130435,2.8887088607594937,45.367333333333335,53.14494382022472,Europa Północna
10634,"""Narva""",Narva,EE,Estonia,59.3761596693461,28.17916678962697,-4.150365541069222,0.2677799597270467,-1.0707237891166126,-0.5616995446560599,11.583347,8.485801,3.9440351219512193,9.830188383045526,5.074358044164038,55.471109375000005,4.112157894736842,3.902240251572327,50.89773109243698,56.97796610169492,Europa Północna
10665,Reykjavik Grensas,Reykjavík,IS,Islandia,64.13010000003462,-21.874650000169947,-0.7036658778642473,1.6649325334907334,0.30724188387920476,1.062826778285979,4.415363,11.480903,8.619888613861386,12.000860058309039,17.278547243243242,51.39464,7.01320987654321,7.398865979381442,38.12818992248062,64.3678529424119,Europa Północna
10673,Reykjavik Husdyragardurinn,Reykjavík,IS,Islandia,64.13886099998248,-21.873410999712643,-1.8592165121736715,4.432468882274665,-5.472687930134267,-1.5640896711782073,6.0057173,8.804253,3.497066525871172,8.778248152059135,12.464468,22.112448979591836,3.7060193236714976,3.628809917355372,22.13305785123967,20.533548387096772,Europa Północna
10675,Hafnarfjörður Hvaleyrarholt,Hafnarfjörður,IS,Islandia,64.058867,-21.990733,-2.801808479259094,0.10678506440049412,-0.530407210345812,-0.40389863445270124,10.9017315,9.3651905,3.7199232432432434,16.909750369800115,4.806406191369606,51.39464,3.4416244343891407,3.8434615384615385,38.12818992248062,64.3678529424119,Europa Północna
10715,Hjortnes,Oslo,NO,Norwegia,59.911260000201956,10.703980000346888,0.2656019412767091,2.0889654701510216,0.944429554552744,0.09834965329524523,3.792587,11.441033,7.128657786885245,19.771505711318795,22.450665995975854,51.39464,8.253429951690821,6.344022556390978,38.12818992248062,64.3678529424119,Europa Północna
10721,"Minnesundvegen, Gjøvik",Gjøvik,NO,Norwegia,60.79088999980557,10.696700000283784,-1.2993905987669705,1.7293720996911441,0.10733822260028811,0.9356137276881665,9.883163,11.090806,6.288494897959184,13.636056074766357,17.448665306122447,51.39464,9.036573426573426,4.307264573991032,38.12818992248062,64.3678529424119,Europa Północna
10777,Manglerud,Oslo,NO,Norwegia,59.8986400000827,10.814900000178097,-0.15832925546860194,2.5725520142377807,1.0171653324352068,0.3915538965270704,3.7480984,11.473886,6.791325796505653,16.211545741324922,23.351342078708377,51.39464,7.584132653061225,6.230524344569289,38.12818992248062,64.3678529424119,Europa Północna
10822,Nis-IZJZ,Nis,RS,Serbia,43.31655200013079,21.91354799969495,6.318328359173498,-1.6282536737413018,-0.26743085187262666,1.433526151823837,0.98073953,7.671045,23.358219461697722,28.414215384615385,30.134504504504502,51.39464,45.33005154639176,10.284942084942086,38.12818992248062,64.3678529424119,Europa Wschodnia
10830,Novi Sad Liman,Novi Sad ,RS,Serbia,45.23864199991949,19.835703999945203,1.8184296215618259,-1.8415878927553222,1.5205278392935795,0.6268140796368147,2.34805,7.437209,12.729842105263158,21.37592783505155,17.38245983935743,59.7225925925926,29.74761904761905,8.685405405405406,39.37227488151658,81.46974169741698,Europa Środkowa
10837,Belgrade-Stari grad,Belgrade,RS,Serbia,44.821119999948465,20.459112999622317,5.506840409512597,-0.23733688625871122,-0.21773684296645976,-0.02930752429518547,1.1215615,8.278858,19.353602040816327,30.938590263691683,26.502497492477435,40.613983983983985,29.6105076142132,12.855276752767528,23.695746606334843,56.57671755725191,Europa Wschodnia
10858,Nis-Osnovna skola Sveti Sava,Nis,RS,Serbia,43.32255400004996,21.91902500013445,6.754683749693427,-2.2694923715032123,0.1744278333070293,0.8301133350207242,0.7843273,7.587647,23.20769784172662,34.829621289662235,24.575140280561122,48.861511511511516,42.59075,12.192818532818533,28.9196,69.32945736434108,Europa Wschodnia
10871,Kikinda,Kikinda,RS,Serbia,45.821483000056055,20.454007999626807,3.267053844690125,-4.138349397337152,0.31531436752511255,0.23415080106561476,1.7162383,7.198146,17.972445652173914,28.414408602150537,10.508659003831418,56.66216216216216,41.56956521739131,10.521621621621621,36.76957345971564,80.00738007380073,Europa Wschodnia
10879,Beograd Novi Beograd,Beograd,RS,Serbia,44.803179000008406,20.400151999592335,4.364594792107253,-0.8825212876708777,1.066657053284509,0.7007002146462046,1.4051813,8.173582,18.48134969325153,27.939574898785423,25.287376387487388,50.00447447447448,27.91497435897436,12.317121771217712,29.806056338028167,72.09296296296296,Europa Wschodnia
10891,Skverindeks kvalitete zraka iznosi 126,Tuzla,BA,Bośnia i Hercegowina,44.54083333333333,18.673333333333336,6.797758157095324,-1.5929828834147657,-2.281680256178302,3.6963653520235984,1.0101303,7.3343005,34.20917695473251,16.909750369800115,30.36991902834008,31.986835443037975,54.601573033707865,16.6193167374646,17.61236559139785,59.66060606060606,Europa Środkowa
10924,Sankt Eriksgatan,Stockholm,SE,Szwecja,59.338921,18.035773,-3.1494952382335417,0.2898175549163204,-0.7748243610696359,0.3524807748254542,11.105612,9.6872225,4.73814255319149,11.008482653061225,7.122497835497835,51.39464,4.516812749003984,4.647627906976744,38.12818992248062,64.3678529424119,Europa Północna
11585,Kamenicki vis,Nis,RS,Serbia,43.404011000155585,21.9477460001787,-3.197695196649792,-3.7923399877725235,2.7795064829448415,-0.24140290252700372,10.000079,5.5883,9.568817472919314,16.909750369800115,2.9667231695085254,81.76886886886888,11.69357142857143,8.170128309942317,64.23955555555555,100.20769230769231,Europa Wschodnia
11587,Belgrade-Mostar,Belgrade,RS,Serbia,44.79874600031132,20.450183999921396,5.417875484859926,0.9791899131190605,1.073376632107942,0.8587346315418312,1.3742514,8.548974,18.02030456852792,25.354143870314083,38.0198997995992,51.39464,31.53402985074627,9.599778597785978,38.12818992248062,64.3678529424119,Europa Wschodnia
11588,Belgrade-Vracar,Belgrade,RS,Serbia,44.79695899997687,20.475287999949472,5.055540201650997,0.33705245802645645,0.4154666693089928,0.019473939885376535,1.2270963,8.358345,17.912269129287598,27.681315104166668,29.201256281407034,43.71275075075075,29.694140625,12.331940298507462,25.99448598130841,62.6163670411985,Europa Wschodnia
11589,Kragujevac,Kragujevac,RS,Serbia,44.011573,20.925031,2.570554528274986,-0.9521818026466358,0.39214230539065814,-0.02334431275580909,2.037965,8.071774,15.330662100456621,22.62357941834452,21.949914255091105,53.346593886462884,26.740294117647057,12.001756756756757,34.222941176470584,70.6195945945946,Europa Wschodnia
11590,RS0029A,Južnobački upravni okrug,RS,Serbia,45.245065,19.84119,2.5023305326002703,1.1955305842859998,0.8743166685021773,0.4674019034668458,2.433864,9.436641,13.775923076923078,20.514885496183204,28.74664150943396,51.39464,23.174716981132075,9.76125,38.12818992248062,64.3678529424119,Europa Środkowa
11591,Smederevo-Carina,Smederevo,RS,Serbia,44.65233600010452,20.93167500044651,2.834125593836347,-2.8631978031664147,0.23741482483727094,2.016371001680769,1.9658637,7.0208,14.836617021276597,21.577907216494843,12.790905432595574,59.76422222222222,35.126315789473686,8.942972972972973,7.14,83.69189189189188,Europa Wschodnia
11592,Kruševac,Kruševac,RS,Serbia,43.58547000000001,21.307667,6.715427289343576,-4.542013913081939,-0.6471169033599715,1.200369192523385,0.82401633,7.49079,25.32,34.17744680851064,15.434384303112314,59.045833333333334,55.35909090909092,12.534864864864865,9.15,78.74054054054054,Europa Wschodnia
11594,Zaječar,Zaječar,RS,Serbia,43.902072,22.273254999999995,9.63538260667246,-6.569695310418895,-1.9509273700742218,0.9803683924644006,0.39047962,7.2683735,33.8909375,44.442530655373055,18.20668004012036,51.39464,66.55243064630685,10.618108108108109,38.12818992248062,64.3678529424119,Europa Wschodnia
11595,Pančevo Sodara,Pančevo ,RS,Serbia,44.862975,20.64429,3.5012330050047784,-2.2535798749180924,-0.054050362959923375,-0.8031236561391218,1.8636527,7.3815,18.00563829787234,27.505578947368424,15.512172808132147,51.39464,33.515,12.048378378378379,38.12818992248062,64.3678529424119,Europa Wschodnia
11596,Valjevo,Valjevo,RS,Serbia,44.27304899993499,19.899005999889546,9.645227659155815,-4.5431400758310865,-0.38758132712692495,-0.2337673937496734,0.43601137,7.3601203,28.829176788124155,43.895113788487286,28.045295887662988,51.39464,61.07734375,14.024432432432432,38.12818992248062,64.3678529424119,Europa Środkowa
11597,Bor Institut IRM,Bor,RS,Serbia,44.059937,22.101434,6.061790642203578,-2.0394594942781397,0.7834127809811683,-1.599926584438188,0.9066735,7.895217,19.20340206185567,36.33574358974359,24.796204819277108,51.39464,37.5375,14.100000000000001,38.12818992248062,64.3678529424119,Europa Wschodnia
11598,Kostolac,Kostolac,RS,Serbia,44.71749000025005,21.173398999615454,2.611386227128278,-2.372056348612095,0.008872738224213238,-1.6006845335405935,1.9918432,7.3988786,15.68157068062827,27.805052083333333,12.343657929226735,51.39464,27.66818181818182,11.881891891891891,38.12818992248062,64.3678529424119,Europa Wschodnia
11614,Portable Farstöð 1,Reykjavík,IS,Islandia,64.14200000008154,-21.945999999558193,-3.7823897804017217,0.8121628702365481,-0.7533287953543545,0.5293459291512015,11.356035,9.680453,3.3863327974276527,8.812700964630226,8.229587301587301,51.39464,3.57283615819209,3.4729352941176472,38.12818992248062,64.3678529424119,Europa Północna
270795,ATHINAS,ΑΤΤΙΚΗ,GR,Grecja,37.978204000197664,23.726844999722157,2.567868197253657,5.274379904468573,-2.243311660360139,-0.5225932532028149,4.376043,10.041529,9.568817472919314,16.909750369800115,36.16477146042364,28.93118918918919,11.69357142857143,8.170128309942317,32.835593220338986,5.292162162162162,Europa Południowa
270796,GR0029A,ΑΤΤΙΚΗ,GR,Grecja,37.98362732,23.70678902,-0.14589366382238259,-0.02938187229325824,1.5728360604331937,1.926037349146489,5.588028,7.1169076,9.568817472919314,16.909750369800115,15.272208398133749,53.101007751937985,11.69357142857143,8.170128309942317,28.147944444444445,81.73959731543624,Europa Południowa
270797,LIOSIA,ΑΤΤΙΚΗ,GR,Grecja,38.076741000042894,23.697781000444547,2.827515611474765,-0.7546283005026209,3.8593522275781003,-0.5143765536054477,2.9788487,8.583878,9.568817472919314,35.07306680161943,21.73175395858709,62.7019019019019,11.69357142857143,8.170128309942317,39.80434782608695,88.73574144486692,Europa Południowa
282704,Riga Kronvalda boulevard,Riga,LV,Łotwa,56.95484699998251,24.10475599985532,0.11354291262306873,1.7700148096428898,-0.8225613372739894,-0.46596389672363553,5.0515847,10.334193,8.678309859154929,17.490352822580647,19.62279515640767,43.811682439537336,10.762394957983192,7.000204918032787,33.998086124401915,51.60460251046025,Europa Północna
282705,Rucava,Rucava,LV,Łotwa,56.16235099999266,21.173330999843387,-3.345078889435708,-1.2591313921177931,-0.5318861314596353,-0.7497910190196566,10.677445,7.6293077,7.337839756592292,13.283350305498981,3.4588395560040364,59.47102510460251,9.002749999999999,5.451125,53.607772277227724,65.0172131147541,Europa Północna
282706,Ventspils parventa,Ventspils,LV,Łotwa,57.403996999795524,21.59031699995187,-0.9656303094639798,0.5157654322376016,-0.07049878363430173,0.09475203973039396,8.277572,10.397761,8.248626262626264,16.30451515151515,14.078098190672772,51.39464,10.52564315352697,6.322139917695473,38.12818992248062,64.3678529424119,Europa Północna
302031,Gradina,Pljevlja,ME,Czarnogóra,43.278596,19.281092,-0.6679651167661553,0.7092006799470386,-4.381689546118362,-1.333772959854534,6.182216,8.728757,9.568817472919314,16.909750369800115,6.050893854748603,29.798571428571428,11.69357142857143,8.170128309942317,27.43007692307692,28.611009174311924,Europa Środkowa
302032,Pljevlja,Pljevlja,ME,Czarnogóra,43.3572219999458,19.349125000041326,9.99796827026781,-6.479826742024041,-1.6290128547178344,0.7173874380186295,0.41392154,7.2893457,32.88667218543046,43.875844370860925,17.38409669211196,51.39464,66.55243064630685,12.420150375939851,38.12818992248062,64.3678529424119,Europa Środkowa
302033,Podgorica 2 (UB),Podgorica,ME,Czarnogóra,42.448023999899355,19.240949000365195,4.482020025046339,-3.334267743994345,-0.5032940054057568,-0.765249948140909,1.3858733,7.350379,17.26032200357782,29.851345826235097,14.078098190672772,51.39464,34.71,12.36416,38.12818992248062,64.3678529424119,Europa Środkowa
302034,Bar2,Bar,ME,Czarnogóra,42.10382800002746,19.094311000283845,0.6588944744937191,0.3914001707422806,-0.7225811854012126,-1.8778354434674802,5.5764184,9.346654,8.927740384615385,19.68774193548387,13.16145186136072,42.46268203883495,9.676369426751593,11.63827067669173,32.824830917874394,56.66222222222222,Europa Środkowa
302035,Gornje Mrke,Gornje Mrke,ME,Czarnogóra,42.518204,19.327783,-2.3031389936997666,-2.6000370600892118,0.7966800038495445,0.3203978139190107,8.283672,6.1012645,9.568817472919314,16.909750369800115,3.1729906542056074,61.95152091254753,11.69357142857143,8.170128309942317,45.318461538461534,85.62556390977444,Europa Środkowa
302038,"Osnovna škola ""Risto Ratković""",Bijelo Polje,ME,Czarnogóra,43.02901,19.7426,8.66722823921467,-7.0925032130343695,-2.830745402156355,2.0393446083178226,0.41428784,7.237099,36.89022916666667,41.01352697095436,13.983784313725492,51.39464,66.55243064630685,10.086666666666668,38.12818992248062,64.3678529424119,Europa Środkowa
302039,"Gimnazija ""Stojan Cerović""",Nikšić,ME,Czarnogóra,42.78137,18.942683,2.9033854579564355,-1.7447741908579686,0.5397311828641849,-0.2862271070943599,3.4688065,8.850051,10.729431578947368,32.99696,12.8184375,49.7801171875,16.828775510204082,7.149473684210526,29.05696,74.11287878787878,Europa Środkowa
370158,GR0045A,ΚΕΝΤΡΙΚΗ ΜΑΚΕΔΟΝΙΑ,GR,Grecja,40.739842,22.876231,-1.599053505299786,-2.1545989075145404,0.9824590265106434,-1.63467811523688,9.274096,6.318773,9.568817472919314,20.818940568475455,7.3794345238095245,65.66508875739645,11.69357142857143,8.170128309942317,54.16942148760331,85.88529411764705,Europa Południowa
494935,AQMS Obiliq,AQMS Obiliq,XK,Kosowo,42.68389200003613,21.0732960003959,-0.8963764147964496,0.6403754734043979,-1.874633581309882,1.6151898003207708,6.7498603,8.121666,8.266768642447419,12.358075471698113,9.104981617647057,41.48394525547445,16.66357142857143,6.609504504504504,18.82133333333333,52.208211009174306,Europa Wschodnia
494936,Mobile,Mobile,XK,Kosowo,42.646519,21.133536,6.416544669417027,7.615140195505723,-0.3158872111127817,-0.6990254640440181,1.243461,9.683142,14.341204819277108,19.45421686746988,59.74815044725781,28.72176470588235,16.411666666666665,11.07840909090909,25.765384615384615,26.73918918918919,Europa Wschodnia
494937,Brezovica,Brezovica,XK,Kosowo,42.187773,21.030856,-4.4180929889474845,-3.4282254168630057,1.8017489700693197,-2.096780558450109,10.083521,5.685589,8.261020408163265,9.971144329896907,1.3289518072289157,86.67283950617283,2.8778,11.816818181818183,67.24666666666667,93.57027027027027,Europa Wschodnia
494938,Palaj,Palaj,XK,Kosowo,42.677721,21.052604,-2.9729112561649633,-1.0518327658538702,0.3888021076536205,0.31975646139902264,9.948061,6.9485254,7.7699,11.151717171717172,7.0972,62.412121212121214,8.824000000000002,7.345681818181817,48.5,71.86590909090908,Europa Wschodnia
494939,AQMS Dardhishte,AQMS Dardhishte,XK,Kosowo,42.65972200026088,21.08332800011169,-1.9191630044679726,-0.07579945460767545,-1.5880199540554105,1.3765377112978283,6.9918456,8.06578,6.843295668549906,12.669815498154982,4.4391791044776125,48.577572463768114,10.436428571428573,5.897162790697675,10.162,63.68807339449541,Europa Wschodnia
494941,AQMS Peje,AQMS Peje,XK,Kosowo,42.66569999989244,20.305089999895873,-1.707200365987421,-0.6437235563441299,1.1282788829993855,1.0979655276942237,7.228484,6.8226137,7.949797047970479,12.655725318761384,11.40489010989011,64.81476014760148,16.705000000000002,6.801165919282512,37.54666666666667,79.01173708920187,Europa Wschodnia
663493,Limassol - Traffic Station,Λεμεσός - Κυκλοφοριακός Σταθμός,CY,Cypr,34.6861111,33.03555559999995,3.5937652095741743,-0.6513079948119892,2.462929562705072,-3.275989269264829,2.1904764,8.676975,14.494824824824825,34.18642424242424,25.56319,61.148900000000005,15.058995215311004,16.340830188679245,42.64976076555023,72.53509433962265,Europa Południowa
663494,Paralimni - Traffic Station,Παραλίμνι - Κυκλοφοριακός Σταθμός,CY,Cypr,35.04569276191925,33.977734884655774,1.6921890999634066,-2.8937874134073045,2.882017738086909,-3.3614735847954083,9.100222,5.4606495,15.147002012072436,32.19743902439024,15.887487487487489,73.96894999999999,16.9086,15.899400749063672,57.51829268292683,83.42921348314606,Europa Południowa
663495,Kalavasos - Industrial Station,Καλαβασός - Βιομηχανικός Σταθμός ,CY,Cypr,34.77152999999999,33.29623,0.5985323829927534,-3.50022938938465,1.208357359815201,-4.42871325740027,9.068879,5.4834175,12.61751572327044,30.01938080495356,6.525123188405797,67.35,10.825916666666666,16.6193167374646,55.749047619047616,72.02762645914396,Europa Południowa
663496,Mari - Industrial Station,Μαρί - Βιομηχανικός Σταθμός,CY,Cypr,34.74015413889849,33.30027554245612,-2.458032007542917,-2.042182360911215,1.1815297312905313,-2.1297699101825343,9.548665,6.173406,9.568817472919314,16.909750369800115,9.368881881881883,76.1858,11.69357142857143,8.170128309942317,66.66971153846154,80.67014925373134,Europa Południowa
663497,"""Emep - Ayia Marina""",Agia Marina (Xyliatou),CY,Cypr,35.038021999934216,33.05778899971721,-3.0453168907269714,-4.493887255684572,3.227278648074172,-2.581592886614291,9.910763,5.5554914,9.84979859719439,19.604529652351737,2.3631860940695297,89.12630879948368,7.773155339805825,11.798913857677903,70.8754423262549,103.71951686371256,Europa Południowa
663498,Zygi - Industrial Station,Ζύγι - Βιομηχανικός Σταθμός ,CY,Cypr,34.7294444,33.33749999999998,0.23243163301291148,-3.206692420470054,1.713926256448652,-4.642818771364346,9.107158,5.4701595,11.752565130260521,29.53912209889001,9.364094094094094,71.8481,9.728413461538462,14.897293233082706,60.60579710144928,76.44868913857678,Europa Południowa
663499,Paphos - Traffic Station,Πάφος - Κυκλοφοριακός Σταθμός ,CY,Cypr,34.7752778,32.42194440000003,0.7918285421512095,-2.541150607710561,3.0260937948178386,-3.611138026917072,9.089636,5.464241,12.57349292709467,29.228070175438596,15.067926167209555,75.16898047722343,13.37110576923077,14.724369369369368,60.92037914691944,85.97522522522523,Europa Południowa
663500,Nicosia - Traffic Station,Λευκωσία - Κυκλοφοριακός Σταθμός,CY,Cypr,35.15192246950294,33.347919957077806,4.825416267697245,-1.58889455919796,3.788448347358967,-0.856831385046677,2.273902,8.35143,17.094295774647886,36.766646341463414,26.079900000000002,62.72707,21.602010050251256,16.6193167374646,31.76521951219512,88.2481343283582,Europa Południowa
663501,Larnaca - Traffic Station,Λάρνακα - Κυκλοφοριακός Σταθμός,CY,Cypr,34.9166667,33.627500000000055,3.2853983108004057,-1.0924726721731315,2.7403624029473255,-2.9780649466636016,2.2100677,8.58395,14.385040080160321,33.34249492900608,23.45771,64.62383,16.098522167487683,15.784029850746268,43.759460784313724,77.06567164179104,Europa Południowa
783871,Szombathely,Szombathely,HU,Węgry,47.238944,16.620351,-0.9491822894169121,-0.8929296420613491,0.12871079133188293,0.4484399390246514,6.900254,6.9867473,9.568817472919314,17.50789968652038,9.501941860465116,54.7860889395667,11.69357142857143,8.170128309942317,34.5546875,71.9073469387755,Europa Środkowa
783874,K-Puszta,K-Puszta,HU,Węgry,46.96524399999999,19.54528,-0.8811792112135087,-1.835061137873449,-0.472484254960418,0.8620099740594963,5.397085,6.178153,11.85753959873284,16.961362683438153,6.615453551912569,54.06256673511294,18.60427135678392,7.8084824902723735,38.00116504854369,70.2330739299611,Europa Środkowa
783876,Farkasfa,Farkasfa,HU,Węgry,46.909557,16.30934,-1.0931507441269572,-0.008416281064999078,0.5604740318024343,0.5238258106614915,7.103878,7.2681446,9.568817472919314,14.077811341330424,14.078098190672772,56.858280044101434,11.69357142857143,8.170128309942317,41.3800495049505,69.19699248120301,Europa Środkowa
783877,Budapest Budatétény,Budapest Budatétény,HU,Węgry,47.40605,19.0099,0.5024449553375171,0.5597826672757108,1.3077309083694448,2.3482457333372615,5.3108582,7.516119,10.59531728665208,16.520445168295332,20.17592641261498,53.95735912240185,17.44538860103627,5.931315789473683,30.214029850746268,74.41376061776062,Europa Środkowa
783879,Pécs Nevelési Központ,Pécs Nevelési Központ,HU,Węgry,46.040885,18.220884,0.08958125184902534,-0.6831128821446938,-0.31442543691336466,0.8674209833212131,4.270847,6.0689907,12.164044823906083,17.70589607635207,13.441324152542373,51.091317122593715,19.892139303482587,7.599024390243902,35.30528571428571,67.65355805243446,Europa Środkowa
783882,Budapest Honvéd,Budapest Honvéd,HU,Węgry,47.522693,19.069867,1.0809847180191723,0.8011321802837194,0.24459485383840956,0.6205332923630288,3.6078477,10.371687,11.684894795127354,18.642257709251098,22.099182389937106,51.39464,18.803563829787233,6.731060606060606,38.12818992248062,64.3678529424119,Europa Środkowa
783884,Ajka,Ajka,HU,Węgry,47.103172,17.561381,-0.4532663779434133,-1.2999075623045369,-0.4981567974322952,1.31888401054169,4.5123982,6.0765085,12.172276795005203,16.488006230529596,11.134235055724417,54.32099190283401,21.891497584541064,6.429846153846154,37.11090476190476,70.58726591760299,Europa Środkowa
783885,Székesfehérvár,Székesfehérvár,HU,Węgry,47.195944,18.400246,0.39659556332205503,0.9267716569501436,-1.7102940854235134,0.1513890043636785,5.4405246,10.095238,11.333592592592593,16.388925184404638,18.313960498960498,45.099384615384615,18.695658536585366,6.3950619834710745,31.15677777777778,52.671264367816086,Europa Środkowa
783886,Budapest Csepel,Budapest Csepel,HU,Węgry,47.40444,19.09083,0.9876727879231705,0.26378020738987923,1.766236618048668,0.9895898789033896,5.098721,7.533554,9.568817472919314,21.60713675213675,18.527147177419355,54.39332618025751,11.69357142857143,8.170128309942317,31.85848837209302,73.07191780821918,Europa Środkowa
783887,EMI mobil 2,EMI mobil 2,HU,Węgry,48.099356,20.727048999999997,3.032736761936463,-2.4137108268670366,-1.2014778181105528,0.5256933179908247,1.7852445,7.017912,18.58348500517063,26.397917525773195,13.188059210526315,46.69707547169811,31.470515463917526,10.778646616541353,32.54702290076336,62.308045977011496,Europa Wschodnia
783888,Miskolc Alföldi,Miskolc Alföldi,HU,Węgry,48.09042,20.81201,2.8914426188743456,-2.890165058895831,-1.3380248925040958,0.9894857721538215,1.6366905,6.8962374,20.558339438339438,25.771572916666667,11.136356363636365,51.39464,35.01547619047619,7.95554347826087,38.12818992248062,64.3678529424119,Europa Wschodnia
783889,Nyírjes,Nyírjes,HU,Węgry,47.899660000000004,19.946894,-4.06630703598877,-3.4911433189875956,2.841015199993651,-0.19001285324437794,10.162264,5.706357,8.327585071350166,12.15392817679558,2.7422445414847165,83.5375,9.341436274509803,8.368484848484847,66.09268292682927,101.77727272727273,Europa Środkowa
783892,Hernádszurdok,Hernádszurdok,HU,Węgry,48.47295,21.212,-0.4351182650997975,-1.1575703243140303,-1.2876124013345283,0.118871743520256,5.612252,6.3234916,12.236977225672877,17.605971223021584,8.037729007633589,47.821441624365484,17.851413612565445,9.801044776119403,33.02169902912622,59.28464419475655,Europa Wschodnia
783893,Százhalombatta 1 Búzavirág tér,Százhalombatta 1 Búzavirág tér,HU,Węgry,47.309166,18.920566000000004,0.0041056243633212745,-0.29210998613121036,-0.4701898198384383,0.9554843017238244,4.2834888,6.079457,11.500504587155964,16.535634285714288,15.175012165450122,49.51225976768743,19.45896551724138,7.203589743589744,33.15681818181818,67.88056680161944,Europa Środkowa
783894,Békéscsaba,Békéscsaba,HU,Węgry,46.668115,21.06731,2.0337821027638783,-2.4337766031736114,-1.5621081795350256,1.3314187381555316,1.8774319,6.761481,18.30509090909091,22.450103092783504,10.628226804123711,48.31141225337487,29.605128205128207,7.894732824427481,29.06308080808081,68.40488721804512,Europa Wschodnia
783896,Szolnok,Szolnok,HU,Węgry,47.17712,20.196879999999997,0.485825597676175,-0.479905109740216,1.0177522373381591,0.9465671421714636,4.876061,6.8459144,12.389618104667608,17.889425531914895,16.06089219330855,53.78536307053942,15.445689655172416,10.719252873563219,32.29174129353234,74.44730769230769,Europa Wschodnia
783897,Dorog,Dorog,HU,Węgry,47.72443,18.73681,0.39864092984450117,3.999570044002819,-7.478420695538477,-0.89525880392752,6.01137,8.749208,9.568817472919314,10.675017482517484,15.505755760368663,9.871871921182265,11.69357142857143,8.170128309942317,2.940526315789474,8.30012048192771,Europa Środkowa
783898,Putnok,Putnok,HU,Węgry,48.29351,20.42765,0.1965556579244033,-1.1753172330686326,-1.203658011784801,-0.3599700022857402,6.0374713,9.5578165,9.568817472919314,23.811284974093265,6.821224874371859,46.42523421588595,11.69357142857143,8.170128309942317,30.26052380952381,60.74562737642586,Europa Wschodnia
783899,Kazincbarcika,Kazincbarcika,HU,Węgry,48.247032999999995,20.61445,2.06973598125331,-1.732722298293133,-2.238990331360573,1.4563489572239694,1.9577825,6.733056,17.01966457023061,21.870975865687303,11.527858739837399,42.14573886639676,30.778851674641146,7.892134831460673,24.49995238095238,59.84419475655431,Europa Wschodnia
783900,Tököl,Tököl,HU,Węgry,47.3221,18.96109,0.5279857542532096,-0.2009084957130097,0.05203145548424336,-0.42129040258340805,6.002252,9.667888,9.568817472919314,22.45819783197832,13.30635687732342,48.93808,11.69357142857143,8.170128309942317,36.52549707602339,64.02530120481929,Europa Środkowa
783903,Sajószentpéter,,HU,Węgry,48.21819,20.70334,-0.0429436086682415,-1.2397950307924461,-1.676858156291156,-0.7609650137321999,8.580477,7.8703623,13.9,18.047142857142855,8.768333333333333,50.028571428571425,11.69357142857143,8.170128309942317,38.12818992248062,64.3678529424119,Europa Wschodnia
783905,Szentgotthárd,Szentgotthárd,HU,Węgry,46.95623,16.27491,-0.015208912663730801,-1.0404326467212581,-2.8023810643928644,0.8511865781095408,6.737101,8.129091,16.380394736842106,17.819757462686567,5.374604452054794,38.78789595375722,17.863,8.170128309942317,25.36927083333333,47.535106382978725,Europa Środkowa
783906,Győr 1 Szent István,,HU,Węgry,47.68537,17.63955,-0.6071314771526826,0.6004123613478348,-1.869087848415223,-1.9712457096202114,5.5357084,9.926287,9.105714285714287,14.801428571428572,16.93857142857143,43.42857142857143,11.69357142857143,8.170128309942317,38.12818992248062,64.3678529424119,Europa Środkowa
784128,Beočin Centar,Beočin,RS,Serbia,45.208386,19.721709,2.24339439980986,-1.9608955730606261,-0.39355242949169617,-0.4203193642462691,2.1734383,7.034725,15.380533854166666,25.56577806122449,13.886615776081424,51.39464,27.127446808510637,10.225742574257426,38.12818992248062,64.3678529424119,Europa Środkowa
784129,Beograd Ada Marina,Beograd,RS,Serbia,44.790166,20.4169,4.327629003626827,-1.148805780163957,0.24121629040883066,0.27143495436495524,1.310438,8.151641,18.767208737864078,26.655126658624848,21.86354415274463,47.865292014302746,30.86819277108434,12.988277511961723,28.95921787709497,66.24197115384615,Europa Wschodnia
784130,Beograd Ada petlja,Beograd,RS,Serbia,44.7913433933573,20.4256007812383,6.69009236687704,1.1614485849025449,-0.9901004291906114,-0.4693875255518648,0.9016864,8.601133,18.801398898408813,30.20120768307323,33.11241954707986,31.055606060606063,31.87666666666667,13.223684210526315,15.206145251396649,48.06130434782609,Europa Wschodnia
784131,Beograd Banovo brdo,Beograd Banovo brdo,RS,Serbia,44.777284,20.409701,4.097405798531451,-0.8991966133078986,0.4428934761369484,0.7524685466088439,1.3658234,8.130055,18.75247549019608,25.301909424724602,22.26594011976048,47.508735777496845,30.35813664596273,12.58574879227053,28.890167597765362,69.6242718446602,Europa Wschodnia
784132,Beograd Barajevo,Beograd,RS,Serbia,44.58871,20.429121,0.5679324087707529,-2.8522256454909685,-0.8226215016511316,-0.6533972844708181,2.969517,6.463173,15.59691463414634,22.009418886198546,6.75289238210399,51.69769585253456,25.358154761904764,11.563076923076922,41.18723404255319,72.45945945945945,Europa Wschodnia
784133,Beograd Bežanijska kosa,Beograd,RS,Serbia,44.815028000000005,20.3779,4.770849274758361,-0.3797729124900236,-0.41775783481816353,0.7842618732180116,1.2524209,8.197834,18.534724602203184,27.26609431680774,23.309557945041814,36.87473457675753,30.613086419753085,12.189519230769232,20.21195530726257,65.26356589147287,Europa Wschodnia
784134,Beograd Borča,Beograd,RS,Serbia,44.873952,20.446585,6.71867907125459,-3.2669839684367914,-0.6878960422090683,-0.12610674281359804,0.857972,7.588295,24.06181707317073,36.48432889963724,19.489389952153108,44.11997607655503,42.61429447852761,14.301196172248803,26.134469273743015,63.45755980861244,Europa Wschodnia
784135,Beograd Despota Stefana ,Beograd,RS,Serbia,44.8168146768154,20.4699406027794,9.039402668704092,0.5863451603103079,2.6962249874882978,-1.8752761942051137,1.0259057,8.818131,22.544261294261293,37.1146762589928,45.6380385078219,51.39464,34.15426829268293,16.6193167374646,38.12818992248062,64.3678529424119,Europa Wschodnia
784136,Beograd Dragiša Mišović,Beograd,RS,Serbia,44.777237,20.457029,2.172255074369721,-1.5747487111611371,1.8203499468171775,-0.1595307541523157,2.2452085,7.813213,16.43962241169306,23.97607961399276,19.84572966507177,62.92219570405728,26.00114457831325,11.412057416267942,48.54831460674158,77.6231884057971,Europa Wschodnia
784137,Beograd Franša Deperea,Beograd,RS,Serbia,44.794262,20.463173,7.913293333019798,2.102459238525715,0.5831069312312317,-0.13908454262900785,0.9836731,8.825015,19.690575980392158,32.07582725060828,43.518960573476704,32.05462643678161,32.4206875,13.330813397129186,19.439550561797752,59.40157480314961,Europa Wschodnia
784138,Beograd Lazarevac ,Lazarevac ,RS,Serbia,44.384113,20.265436,5.646508807474774,-3.227232616603454,-2.6035737178629894,-0.04030276212584754,1.0917395,7.3032565,23.65205630354957,32.385630354957165,13.970785024154589,40.882211981566826,45.71105590062112,11.630191387559808,42.670212765957444,33.75675675675676,Europa Wschodnia
784139,Beograd Leštane,Beograd-Leštane,RS,Serbia,44.728534,20.580721,9.413383625566272,-2.3283662164536216,-1.5617065077934713,-0.4770175460364963,0.5816193,7.788238,26.49340144230769,43.580815347721824,28.30206197854589,32.23373925501433,48.73410404624278,14.15358851674641,18.489385474860335,56.27421875,Europa Wschodnia
784140,Beograd Mladenovac,Beograd-Mladenovac,RS,Serbia,44.44404699999999,20.696033,6.953187819604016,-2.5363763879041845,-0.23506641511182605,-1.4549404335931042,0.7194668,7.760021,23.175630354957164,40.16583535108959,21.053059523809523,39.669957081545064,36.727044025157234,16.507607655502394,25.040055865921786,63.96124031007752,Europa Wschodnia
784141,Beograd Obrenovac,Obrenovac,RS,Serbia,44.6699995831708,20.1973316073418,3.1564130859213884,-2.907464694106384,-0.41735961507209524,-0.7503710731238018,1.7686937,7.3008776,18.46596899224806,28.12292917166867,12.02068345323741,51.39464,29.495276073619628,13.31263157894737,38.12818992248062,64.3678529424119,Europa Wschodnia
784142,Beograd Obrenovac Ušće,Beograd Obrenovac Ušće,RS,Serbia,44.629741,20.011135,3.423176634464278,-4.098695143516117,-0.9291603983608088,-0.47266730427300124,1.7998765,7.3015275,21.63990314769976,26.796872727272728,9.531434010152285,51.39464,36.48011695906433,16.619082125603864,38.12818992248062,64.3678529424119,Europa Wschodnia
784143,Beograd Oml. brigada ,Beograd,RS,Serbia,44.805925,20.398811,7.7960635420653945,-0.913574171187097,-0.13545510322206822,-1.57429893099012,0.6194529,7.948797,20.49311656441718,40.305179425837316,27.16037304452467,37.31239234449761,32.75449367088608,14.630191387559808,21.549661016949152,53.33165048543689,Europa Wschodnia
784144,Beograd Ovča,Beograd,RS,Serbia,44.88411200000001,20.527552,3.8991277453872804,-3.327002833623228,-0.9372316807355029,0.48230759439382626,1.5302713,7.151994,21.03749696233293,28.389538274605105,12.433754469606674,50.007821428571425,38.30463414634146,11.943990384615384,33.92748603351956,63.64215311004784,Europa Wschodnia
784145,Beograd Sopot,Beograd,RS,Serbia,44.51980699999999,20.578488,3.408245485841207,-4.243707314345954,0.5645689065354776,0.795019013451245,1.6506726,7.247442,21.247518159806297,27.92587378640777,11.863988023952096,56.27309899569584,38.80441176470588,12.852153110047846,38.298659217877095,86.08294573643411,Europa Wschodnia
784146,Beograd Stojčino Brdo,Beograd,RS,Serbia,44.776953,20.535435,2.6815031765652417,-3.5888872840479547,2.5538264738711947,1.4603928445613006,2.159482,7.5788755,18.930072376357057,26.710878459687127,15.236206482593037,63.36497126436781,33.10229885057471,11.647129186602871,41.88335195530726,97.58527131782945,Europa Wschodnia
784147,Beograd Surčin,Beograd,RS,Serbia,44.79240000000001,20.272734,5.319528682917708,-2.4080772995973585,0.0036300833030761615,0.21787143163169903,1.1669002,7.6792693,21.236711491442545,31.761083032490973,19.483500717360116,47.40052505966587,36.04900621118013,13.549904306220094,27.371284916201116,68.71866028708135,Europa Wschodnia
784148,Beograd Topčiderska Zvezda,Beograd Topčiderska Zvezda,RS,Serbia,44.788646,20.444507,3.6623735302273612,0.12204922465393701,-0.057032099574087565,0.5019739366519295,1.3512928,8.284719,16.486885644768854,24.98952955367913,23.57242243436754,42.3907747318236,26.23207317073171,11.282822966507178,24.60206703910615,62.103557692307696,Europa Wschodnia
784149,Beograd Vinča,Beograd,RS,Serbia,44.766649,20.61098,2.8397392729920026,-2.793972486497064,0.20534450006390262,0.3343531357679344,1.8743389,7.1715813,18.88367839805825,25.593264812575576,14.091547732696897,55.690511904761905,33.62883435582822,11.593397129186602,37.35331460674158,74.97368421052632,Europa Wschodnia
784150,Beograd Vračar Dom zdravlja,Beograd,RS,Serbia,44.796427,20.486154,3.6641348095551525,-0.29274281840242977,0.6403953097726345,0.1392758057146377,1.4850885,8.313977,16.928676470588233,25.613861985472155,23.83436754176611,46.690829493087556,26.849433962264154,11.645741626794258,31.47042553191489,72.1837837837838,Europa Wschodnia
784151,Beograd Zeleno brdo,Beograd,RS,Serbia,44.786488,20.521715,2.950327910160086,-2.6983706816867272,2.2240993178047117,1.1020945908956394,2.1898253,7.685264,18.23549525101764,25.670690121786198,17.389503355704697,61.57300802139037,31.095546875,12.887142857142857,39.51686131386862,86.45414364640884,Europa Wschodnia
784152,Beograd Zemun TB,Beograd,RS,Serbia,44.835246,20.403299,5.970011776924824,-1.498440919580518,0.7590008219558191,-0.8016446480328232,1.0699698,7.975776,20.129242424242424,31.825641975308642,26.58748201438849,51.39464,36.52678082191781,13.965837320574163,38.12818992248062,64.3678529424119,Europa Wschodnia
784153,Beograd Zemun Ugrinovačka,Beograd,RS,Serbia,44.849212,20.377265999999995,7.687604464255017,-1.2168572341173363,-0.03808267982199559,0.43080179492667275,0.6370142,7.8137693,22.43340320591862,36.28717575757575,29.06953405017921,38.94077844311377,39.91282051282051,13.336124401913876,18.981229050279328,62.67218446601942,Europa Wschodnia
784155,Bor Gradski park,Bor,RS,Serbia,44.07600299999999,22.099514,1.4739088228917143,-1.1609249348262825,0.08482353456633136,-0.7793327519913595,3.0312252,6.9988484,13.58945945945946,23.91649333333333,14.078098190672772,51.39464,19.16676923076923,11.477717391304349,38.12818992248062,64.3678529424119,Europa Wschodnia
784158,Čačak ,Čačak ,RS,Serbia,43.893316,20.345513,4.465428802912953,-3.707532329610667,-0.3479517680679941,1.520796617795804,1.3353155,7.221538,21.146840659340658,27.9153698630137,13.788185483870967,51.99585006693441,44.765,11.12820652173913,32.910714285714285,75.49673913043478,Europa Wschodnia
1850659,Kópavogur Hörðuvallaskóli,Kópavogur,IS,Islandia,64.08563699983581,-21.824893000200497,-4.7020978918172585,0.5930568417716979,-1.1533167539837141,0.8296886796285391,11.696696,9.18451,2.5161472148541115,7.103063829787234,3.387518513323983,51.39464,2.47,2.4278275862068965,38.12818992248062,64.3678529424119,Europa Północna
2162032,VARAŽDIN-1,Varaždin,HR,Chorwacja,46.282911111221324,16.363802778103167,-0.24288436005315842,0.08722370227008826,0.097119931840762,1.5530979811887633,5.810061,7.4873304,9.568817472919314,16.909750369800115,11.834427083333333,47.797524271844665,11.69357142857143,8.170128309942317,24.158266666666666,65.85967741935484,Europa Środkowa
2162033,KARLOVAC-1,Karlovac,HR,Chorwacja,45.493524999759,15.56513055577773,-0.4542481615082535,0.21465942344275254,-2.3003148532153106,0.69183735140534,6.809859,8.33056,9.568817472919314,16.909750369800115,6.968872822299652,36.30663571428571,11.69357142857143,8.170128309942317,19.8496,48.06349206349206,Europa Środkowa
2162034,POLAČA (Ravni kotari),Polača,HR,Chorwacja,44.02109444443817,15.516111111284099,-1.6341131520028884,0.8728338981557512,-0.09052810017214423,0.45199792429625524,9.183722,10.122989,6.747186177474402,11.508959284497445,14.078098190672772,51.39464,7.781485294117647,7.481265060240965,38.12818992248062,64.3678529424119,Europa Środkowa
2162037,Kittsee,2421 Kittsee,SK,Słowacja,48.109153000076795,17.07031599999757,-1.257037569922292,-0.9413550738690187,0.4946575460386481,0.7425361039876837,6.8619328,6.8074484,9.568817472919314,15.677738636363635,9.14992356687898,56.080528,11.69357142857143,8.170128309942317,37.10862745098039,75.51272727272728,Europa Środkowa
2162110,AMS Mladost-Sofia,National air network,BG,Bułgaria,42.655487999914236,23.383270999989932,1.6754614182099872,1.1346443910540809,1.0971726557815256,-0.8338015082032032,3.210531,9.973284,9.568817472919314,24.1907250755287,23.712536443148686,51.39464,11.69357142857143,8.170128309942317,38.12818992248062,64.3678529424119,Europa Wschodnia
2162111,AMS Center-Pernik,National air network,BG,Bułgaria,42.610334999673164,23.03219100023879,2.142086368192261,0.8733540740693857,0.9652897606830593,-0.7627741701804862,3.2233257,9.771921,9.568817472919314,25.301823802163835,24.409060283687943,51.39464,11.69357142857143,8.170128309942317,38.12818992248062,64.3678529424119,Europa Wschodnia
2162114,AMS Trakia - Plovdiv,National air network,BG,Bułgaria,42.14118599999057,24.787951999567845,4.0160111915806285,2.349524075175932,2.2203267055663134,-1.259451148838302,2.3872395,9.889059,9.568817472919314,31.291738484398216,35.47193786982248,51.39464,11.69357142857143,8.170128309942317,38.12818992248062,64.3678529424119,Europa Wschodnia
2162115,AMS Patriarch Evtimiy - Pleven,National air network,BG,Bułgaria,43.40904000009234,24.624251999952854,0.6221247724707024,-0.32395909172564363,0.18825209584538283,-0.9182808126239917,5.9479604,9.67351,9.568817472919314,24.38928888888889,14.15924889543446,51.39464,11.69357142857143,8.170128309942317,38.12818992248062,64.3678529424119,Europa Wschodnia
2162142,Beromünster,Nationales Beobachtungsnetz für Luftfremdstoffe,CH,Szwajcaria,47.189600000271085,8.17543999990154,-3.98798206739004,-1.2355055665913115,1.6869111164975887,1.2381681459520715,10.304906,6.2537756,5.612395833333333,7.914335640138408,6.159558260869566,66.95427586206897,6.609993006993007,6.026738255033557,51.85144827586207,87.87413333333333,Europa Środkowa
2162143,Bern-Morgartenstrasse,Stadt Bern,CH,Szwajcaria,46.96309999988725,7.462519999689005,-0.8114787570804731,0.4260054216797634,0.2675274275157449,2.129474664406793,5.90071,7.5490694,9.568817472919314,11.468525846702317,13.70987610619469,45.88753982300885,11.69357142857143,8.170128309942317,27.39986577181208,72.14533333333333,Europa Środkowa
2162144,Bern-Morgartenstrasse,Stadt Bern,CH,Szwajcaria,46.96309999988725,7.462519999689005,-0.8261598531795449,0.3263971422308122,0.2717153354088461,2.1683614232759596,5.8932657,7.4426847,9.568817472919314,11.57425536062378,12.979613152804642,47.086885880077375,11.69357142857143,8.170128309942317,26.07539130434783,71.994,Europa Środkowa
2162145,Lugano-Pregassona,Cantone Ticino,CH,Szwajcaria,46.02549999995425,8.9672900000394,0.030285306385520672,0.29585625686775124,1.354264384943178,2.6184195961354084,5.5636334,7.1973186,9.568817472919314,14.985033783783782,15.310593080724878,48.01942339373971,11.69357142857143,8.170128309942317,22.9425974025974,79.22894736842105,Europa Środkowa
2162146,Lugano-Pregassona,Cantone Ticino,CH,Szwajcaria,46.02549999995425,8.9672900000394,-0.0535320967788613,0.21960586996602763,1.3879504201750483,2.7135308961236646,5.5730166,7.1952224,9.568817472919314,14.809926739926741,14.533636363636363,49.44076648841355,11.69357142857143,8.170128309942317,21.976666666666667,78.77105263157895,Europa Środkowa
2162147,Lausanne-Plaines-du-Loup,Canton de Vaud,CH,Szwajcaria,46.53580000019585,6.622300000177009,-1.1455727184295104,-0.3243098357293609,1.5441729654619,1.7957402536786802,6.6700745,6.5451603,9.568817472919314,12.034729950900164,13.774026186579379,57.28701468189234,11.69357142857143,8.170128309942317,37.74487012987013,83.08223684210526,Europa Środkowa
2162148,Lausanne-Plaines-du-Loup,Canton de Vaud,CH,Szwajcaria,46.53580000019585,6.622300000177009,-1.1634961029179174,-0.4499430273844006,1.505356634130671,1.749197461732221,6.717379,6.581866,9.568817472919314,12.167592920353982,13.116855123674911,58.44008833922261,11.69357142857143,8.170128309942317,36.56766666666667,82.74407894736842,Europa Środkowa
2162149,Genève-Necker,Canton de Genève,CH,Szwajcaria,46.20779999992909,6.1411300000422555,1.0443992198298635,2.0093014848319535,0.671003972323516,1.5777591153845067,4.7840695,8.383967,9.568817472919314,14.935930034129692,26.097227891156464,43.26173469387756,11.69357142857143,8.170128309942317,24.210387596899224,67.60657894736842,Europa Środkowa
2162150,Genève-Necker,Canton de Genève,CH,Szwajcaria,46.20779999992909,6.1411300000422555,0.9191021123804023,1.9986206324759175,0.6859297331431167,1.4806293558557158,4.840549,8.342705,9.568817472919314,14.72314502529511,26.100689075630253,43.44003361344538,11.69357142857143,8.170128309942317,26.469127516778524,67.24900662251656,Europa Środkowa
2162151,Winterthur-Veltheim,OSTLUFT,CH,Szwajcaria,47.508200000281114,8.720349999648551,-1.2238278432525698,0.3926063876726885,-0.6436153641406214,1.7644299372695003,6.525464,7.8739777,9.568817472919314,10.69453488372093,11.49798347107438,44.29691024793389,11.69357142857143,8.170128309942317,27.88500472972973,64.64407894736841,Europa Środkowa
2162152,Zürich-Rosengartenstrasse,OSTLUFT,CH,Szwajcaria,47.39519999987911,8.526080000334947,1.0852020379758007,2.7689059463249177,0.16333810046742617,1.5905843616069812,4.7622275,8.508394,9.568817472919314,13.73518456375839,29.158959731543625,39.07655536912752,11.69357142857143,8.170128309942317,21.451331081081083,62.04304635761589,Europa Środkowa
2162153,Zürich-Heubeeribüel,OSTLUFT,CH,Szwajcaria,47.38150000020877,8.565920000216332,-1.2159649611477985,-1.3571866124740346,1.5916112283652297,1.3989593615040992,6.9433193,6.36505,9.568817472919314,16.909750369800115,9.263156146179401,59.46909240924092,11.69357142857143,8.170128309942317,38.891891891891895,84.09078947368421,Europa Środkowa
2162154,St-Gallen-Blumenbergplatz,OSTLUFT,CH,Szwajcaria,47.427100000283566,9.373989999988874,-0.1453870522501535,1.6957692280397079,0.3624223140263471,1.7653277427365979,4.9427056,8.282357,9.568817472919314,11.352911813643928,21.642620232172472,45.63636363636363,11.69357142857143,8.170128309942317,28.214054054054056,67.18815789473685,Europa Środkowa
2162155,St-Gallen-Stuelegg,OSTLUFT,CH,Szwajcaria,47.40670000000518,9.394379999833692,-3.851413959511579,-2.2556010345709137,1.4393992811965655,0.7573593494679293,10.417627,6.089521,9.568817472919314,7.490476666666667,4.491970099667775,70.7122607260726,11.69357142857143,8.170128309942317,60.48120805369128,87.11842105263158,Europa Środkowa
2162156,Winterthur-Veltheim,OSTLUFT,CH,Szwajcaria,47.508200000281114,8.720349999648551,-1.2233008389134992,0.32471072082365526,-0.5817350990034051,1.8480678700687925,6.4590445,7.8220997,9.568817472919314,10.726816876122083,11.059607843137254,45.276985714285715,11.69357142857143,8.170128309942317,26.90080701754386,64.95723684210526,Europa Środkowa
2162157,Zürich-Rosengartenstrasse,OSTLUFT,CH,Szwajcaria,47.39519999987911,8.526080000334947,0.9929468647500146,2.6852927194793432,0.20907715439137156,1.5926894874627422,4.796231,8.482758,9.568817472919314,13.470736086175942,28.572872531418312,40.40568043087971,11.69357142857143,8.170128309942317,21.619070175438598,62.06092715231789,Europa Środkowa
2162158,Zürich-Heubeeribüel,OSTLUFT,CH,Szwajcaria,47.38150000020877,8.565920000216332,-1.1825107128739227,-1.370485703219014,1.6812564541010575,1.5602435148378897,6.976466,6.276425,9.568817472919314,16.909750369800115,8.981747747747747,60.62754919499106,11.69357142857143,8.170128309942317,36.92184210526316,84.18157894736842,Europa Środkowa
2162159,St-Gallen-Blumenbergplatz,OSTLUFT,CH,Szwajcaria,47.427100000283566,9.373989999988874,-0.11260653429193808,1.6720469493290888,0.3156964838017321,1.8891231907921484,4.918257,8.312315,9.568817472919314,11.34937275985663,21.050840787119856,45.99050267379679,11.69357142857143,8.170128309942317,25.476573913043477,67.09144736842104,Europa Środkowa
2162160,St-Gallen-Stuelegg,OSTLUFT,CH,Szwajcaria,47.40670000000518,9.394379999833692,-3.7884508871094655,-2.230656804578088,1.4851332645061301,0.8706042816964147,10.39098,6.0283675,9.568817472919314,7.610553956834532,4.50176523297491,71.09951871657755,11.69357142857143,8.170128309942317,58.77894736842106,87.2532894736842,Europa Środkowa
2162161,Luzern-Moosstrasse,inLUFT,CH,Szwajcaria,47.045799999953765,8.304389999562042,-0.12143210352667656,1.5000824895107618,0.4759824543097487,0.5773190220782286,4.619814,11.2298155,9.568817472919314,12.880690296052633,23.523822075782537,51.39464,11.69357142857143,8.170128309942317,38.12818992248062,64.3678529424119,Europa Środkowa
2162162,Luzern-Moosstrasse,inLUFT,CH,Szwajcaria,47.045799999953765,8.304389999562042,-0.19050811009164167,1.401095883003223,0.4155959105417969,0.556558726665611,4.666506,11.208291,9.568817472919314,12.76682918149466,22.741314387211368,51.39464,11.69357142857143,8.170128309942317,38.12818992248062,64.3678529424119,Europa Środkowa
2162163,"""NICOSIA TRAFFIC POLICE""",Lefkosia,CY,Cypr,35.15194399997359,33.347777999576614,2.7355057105684177,-0.20690775585119256,4.055549950530248,-0.5045352344861069,2.9177678,8.615089,9.568817472919314,34.582674772036476,25.251842105263155,64.1393411420205,11.69357142857143,8.170128309942317,33.63372549019608,91.05754189944133,Europa Południowa
2162232,"""Keldsnor/9054""",Magleby,DK,Dania,54.75447100021363,10.715520999958411,-2.114801529590109,-1.6901610108267828,-0.20059795918116613,-1.269770360903278,9.308285,6.6197963,9.568817472919314,16.909750369800115,5.679057450628367,63.88618181818182,11.69357142857143,8.170128309942317,51.83739837398374,68.99767441860466,Europa Środkowa
2162233,"""Keldsnor/9054""",Magleby,DK,Dania,54.75447100021363,10.715520999958411,-2.102311338983064,-1.6710090347317816,-0.2794673784844957,-1.3136021021243267,9.27916,6.6500278,9.568817472919314,16.909750369800115,5.5113072407045,64.42998027613412,11.69357142857143,8.170128309942317,50.337078651685395,68.7343023255814,Europa Środkowa
2162780,NEOCHOROUDA,monitoring network of Central Macedonia Region,GR,Grecja,40.73980500017718,22.8760600003919,-2.0762308180579434,-2.90997687715666,2.5518680231432747,-1.2817160826792038,9.642534,5.588355,9.568817472919314,19.589535655058043,6.861020066889632,76.53360655737706,11.69357142857143,8.170128309942317,58.20933333333333,98.51796407185628,Europa Południowa
2162781,AGIA SOFIA,monitoring network of Central Macedonia Region,GR,Grecja,40.633723999745825,22.945099000168426,6.7578709950583615,2.678588519138952,0.5421358593121061,-1.1888063899723078,1.0357782,8.970527,15.352692307692308,35.82215189873418,41.62189952904239,34.525852895148674,22.651086956521738,10.966818181818182,18.079597315436242,52.01333333333333,Europa Południowa
2162782,SINDOS,monitoring network of Central Macedonia Region,GR,Grecja,40.65784200021254,22.802169000339852,1.7217284595989741,0.6826739437537499,-0.17213657360285814,-1.2540686451876275,5.127363,9.399339,9.568817472919314,26.753050847457626,18.31517766497462,44.977064220183486,11.69357142857143,8.170128309942317,26.277441860465117,56.431555555555555,Europa Południowa
2162784,NEOCHOROUDA,monitoring network of Central Macedonia Region,GR,Grecja,40.73980500017718,22.8760600003919,-2.067046788471827,-2.9140258271377055,2.6013537483700353,-1.15722370095463,9.557286,5.5928345,9.568817472919314,19.415052447552448,6.862175438596491,77.50761245674741,11.69357142857143,8.170128309942317,56.108620689655176,99.00736196319019,Europa Południowa
2162785,AGIA SOFIA,monitoring network of Central Macedonia Region,GR,Grecja,40.633723999745825,22.945099000168426,6.518900312009528,2.7513466535758475,0.49711075437838415,-1.0613256883173932,1.017715,8.940702,14.727672727272727,35.09073504273504,41.047946127946126,34.68968013468013,22.33650485436893,10.796078431372548,15.95698275862069,51.7,Europa Południowa
2162786,KORDELIO,monitoring network of Central Macedonia Region,GR,Grecja,40.67345299997995,22.89321900000992,4.29446219018406,0.4051327834749012,3.558301917771226,-0.840459366134917,2.9857693,8.787213,9.568817472919314,37.300993377483444,28.745837398373983,54.69907317073171,11.69357142857143,8.170128309942317,30.015434782608697,81.38636363636364,Europa Południowa
2162787,SINDOS,monitoring network of Central Macedonia Region,GR,Grecja,40.65784200021254,22.802169000339852,1.8147617692918596,0.6741461539610594,-0.2271059383928527,-1.355600796916154,5.090918,9.398566,9.568817472919314,26.797180327868855,18.54872756933116,43.98738053097345,11.69357142857143,8.170128309942317,27.27327731092437,56.72558139534883,Europa Południowa
2162789,PATRA-2,monitoring network of Patra,GR,Grecja,38.2464690000783,21.73451200017702,3.5519410636883264,1.0975084605659702,1.3854877817176576,-0.5542963359454588,1.8962574,9.231704,14.499780405405406,25.90707920792079,32.9633487654321,51.39464,22.194097222222222,10.995617283950617,38.12818992248062,64.3678529424119,Europa Południowa
2162790,PATRA-2,monitoring network of Patra,GR,Grecja,38.2464690000783,21.73451200017702,3.6094187881084996,1.106433360000625,1.4187194193938553,-0.600589195995058,1.8799016,9.218818,14.160512820512821,25.718999999999998,32.84817880794702,51.39464,23.098828828828825,11.049938271604939,38.12818992248062,64.3678529424119,Europa Południowa
2162791,VOLOS-1,monitoring network of Volos,GR,Grecja,39.36671100031335,22.942921999552695,0.49930739147320063,-1.2859526920872675,3.3714972918644617,0.3917464516310837,6.898822,6.130718,9.791626213592233,23.467278911564627,16.712861842105262,72.03464052287582,16.2453125,8.837025316455696,34.63214285714286,96.35057471264368,Europa Południowa
2162792,VOLOS-1,monitoring network of Volos,GR,Grecja,39.36671100031335,22.942921999552695,0.48619590584036004,-1.243185633571354,3.41086840842418,0.34765833138891095,6.8860803,6.0827465,9.63468982630273,23.19439252336449,16.761498371335502,71.80714285714285,15.47125,8.965389221556887,34.403571428571425,96.62413793103447,Europa Południowa
2162793,LYKOVRISI,monitoring network of Athens,GR,Grecja,38.06779299986957,23.788985999925316,1.8116521409625919,-1.0064047220056513,3.8182156696460914,1.0133742823255647,2.8070016,8.148553,14.07643396226415,24.167038391224864,22.238076923076925,64.49267527675276,18.127464788732393,11.438260869565218,43.24411764705882,92.16269841269842,Europa Południowa
2162794,PATISION,monitoring network of Athens,GR,Grecja,37.99958700010067,23.73305299973254,5.763853927800072,9.180785599398359,-0.7344353110386381,0.15437401126394115,1.2591661,9.707194,9.568817472919314,16.909750369800115,59.74815044725781,16.690233644859813,11.69357142857143,8.170128309942317,9.974161073825504,27.62282485875706,Europa Południowa
2162796,PIREAUS-1,monitoring network of Athens,GR,Grecja,37.94465599978361,23.645230000091306,7.425398301344867,6.188785322724212,3.2922634343177832,-2.1382961504710196,1.1431019,9.378995,10.791246006389775,35.17129186602871,59.74815044725781,41.31843434343435,12.79832167832168,10.294444444444444,25.35530612244898,53.002339181286544,Europa Południowa
2162797,LYKOVRISI,monitoring network of Athens,GR,Grecja,38.06779299986957,23.788985999925316,1.7936094958867215,-1.017829515546595,4.058877283717144,1.0947860310927424,2.7867608,8.198378,13.502588932806326,23.736546489563565,22.060852390852393,66.65279158699808,18.135887850467288,11.570645161290322,41.46431372549019,92.35955882352941,Europa Południowa
2162798,PATISION,monitoring network of Athens,GR,Grecja,37.99958700010067,23.73305299973254,5.7469752287106415,9.100859910159066,-0.5102787211268389,0.31889725384677203,1.2445425,9.686841,9.568817472919314,16.909750369800115,59.74815044725781,18.1786941580756,11.69357142857143,8.170128309942317,9.942844827586208,28.546949152542375,Europa Południowa
2162800,PIREAUS-1,monitoring network of Athens,GR,Grecja,37.94465599978361,23.645230000091306,7.519456380243733,6.146838138435643,3.2359867888539227,-2.0221071074494703,1.1546956,9.418947,10.702824561403508,35.33095652173913,59.721934369602764,41.80711359404096,12.889285714285714,10.422298850574713,23.124741379310343,51.386896551724135,Europa Południowa
2162803,Dublin Tallaght Old Bawn Road,Ireland Air Quality e-Reporting monitoring network for compliance and informative reporting,IE,Irlandia,53.28054100007582,-6.358842000225645,-3.0019421649932294,0.8744171376104424,-0.5040239411498217,0.6380568287634384,11.076234,9.88374,4.940785,10.031694915254237,8.840049504950496,51.39464,5.915333333333334,5.111866666666667,38.12818992248062,64.3678529424119,Europa Zachodnia
2162804,Dublin Kilmainham St. John's Road West,Ireland Air Quality e-Reporting monitoring network for compliance and informative reporting,IE,Irlandia,53.34584000003476,-6.294794999568407,0.1789080089645487,3.609618454179886,1.3600844103934153,0.8017803070970291,3.4449985,11.321794,7.4886005830903795,12.966293103448278,33.284772727272724,51.39464,7.797252747252747,6.155730337078652,38.12818992248062,64.3678529424119,Europa Zachodnia
2162808,Dublin Clonskeagh Road Richview,Ireland Air Quality e-Reporting monitoring network for compliance and informative reporting,IE,Irlandia,53.31183899984361,-6.235316000402882,-3.0626895862284953,1.6537188530523692,-0.8020060026477148,-1.0134164400419885,10.5210905,8.783285,4.959916666666667,8.982785388127853,14.078098190672772,54.47956259426847,5.605333333333333,5.386067415730337,55.20948905109489,51.247252747252745,Europa Zachodnia
2162809,Carlow Carlow Town County Council Offices,Ireland Air Quality e-Reporting monitoring network for compliance and informative reporting,IE,Irlandia,52.83972200010714,-6.931666700065658,-2.0358327655959703,1.1289789710634177,-0.27225888026669126,0.8194781489905854,10.057626,10.474402,6.812868338557993,11.151368584758943,14.078098190672772,51.39464,8.430604026845637,5.31585635359116,38.12818992248062,64.3678529424119,Europa Zachodnia
2162811,Louth Dundalk Meadow Grove,Ireland Air Quality e-Reporting monitoring network for compliance and informative reporting,IE,Irlandia,54.003129999894654,-6.39262800008244,-2.468256469320625,0.3932764549103803,-0.616683126233246,0.5933694848357876,10.868708,9.841302,5.222566371681416,12.319115887850467,9.217569852941176,51.39464,11.69357142857143,5.5267532467532465,38.12818992248062,64.3678529424119,Europa Zachodnia
2162812,Dublin Tallaght Old Bawn Road,Ireland Air Quality e-Reporting monitoring network for compliance and informative reporting,IE,Irlandia,53.28054100007582,-6.358842000225645,-2.9098962821168377,0.8442170637143436,-0.49316018437072373,0.6376634558707875,11.013235,9.915845,5.067151960784314,10.148189233278956,8.967186274509805,51.39464,6.256758620689655,5.364487179487179,38.12818992248062,64.3678529424119,Europa Zachodnia
2162813,Dublin Ballyfermot Library,Ireland Air Quality e-Reporting monitoring network for compliance and informative reporting,IE,Irlandia,53.340484030143536,-6.352255639699064,-2.1746367147160997,0.9588094869054611,-0.33049840226380106,0.7836012656461855,10.174605,10.329288,6.94778761061947,11.364057971014493,12.780116959064328,51.39464,7.3,5.585111111111112,38.12818992248062,64.3678529424119,Europa Zachodnia
2162814,Dublin Kilmainham St. John's Road West,Ireland Air Quality e-Reporting monitoring network for compliance and informative reporting,IE,Irlandia,53.34584000003476,-6.294794999568407,0.180260726566919,3.713155354331909,1.392722715169164,0.8724625500151851,3.408448,11.324195,7.407311475409836,12.604803921568628,33.43141935483871,51.39464,7.982372881355932,6.075730337078652,38.12818992248062,64.3678529424119,Europa Zachodnia
2162818,Dublin Ringsend recycling Centre,Ireland Air Quality e-Reporting monitoring network for compliance and informative reporting,IE,Irlandia,53.34187500024688,-6.2140750004382745,-1.3124284609827146,1.6987794540629466,0.25607770256628093,0.5925031733401317,9.66573,10.922477,6.964570552147238,12.006066350710901,18.40172932330827,51.39464,7.458543046357616,5.7296045197740115,38.12818992248062,64.3678529424119,Europa Zachodnia
2162819,Dublin Clonskeagh Road Richview,Ireland Air Quality e-Reporting monitoring network for compliance and informative reporting,IE,Irlandia,53.31183899984361,-6.235316000402882,-3.0432388280444975,1.6372061892966394,-0.7894447507508422,-0.9725441735055023,10.506394,8.822612,4.992537037037037,8.983607305936074,14.078098190672772,54.41855118110236,5.734266666666667,5.376436781609195,55.285,51.175977653631286,Europa Zachodnia
2162820,Carlow Carlow Town County Council Offices,Ireland Air Quality e-Reporting monitoring network for compliance and informative reporting,IE,Irlandia,52.83972200010714,-6.931666700065658,-2.0061299071846266,1.1090679171617888,-0.2852456803595387,0.82743377541573,10.026832,10.489523,6.803670033670034,11.211120401337793,14.078098190672772,51.39464,8.88801724137931,5.221508379888268,38.12818992248062,64.3678529424119,Europa Zachodnia
2162821,Waterford Waterford City Paddy Brownes Road,Ireland Air Quality e-Reporting monitoring network for compliance and informative reporting,IE,Irlandia,52.247064000035664,-7.151624999600743,-2.0701566778583538,0.8043360758128142,-1.3395175565337771,-1.1817875123079875,10.364126,8.815286,7.763202160493828,12.906030627871365,13.054188481675393,52.53874345549738,8.822686274509804,5.958421052631579,52.4483870967742,51.01774193548387,Europa Zachodnia
2162824,Cork UCC Distillery Fields,Ireland Air Quality e-Reporting monitoring network for compliance and informative reporting,IE,Irlandia,51.90012000006774,-8.486370000149902,-2.386676742889431,-0.3265903786946024,-1.0158598671564516,-1.2038686921003734,10.90422,8.107886,6.4654524886877835,16.909750369800115,7.186977409638555,53.38668393782383,8.00288590604027,5.118160919540229,46.88935483870968,59.54705882352941,Europa Zachodnia
2162826,Roscommon Roscommon Town County Council Offices,Ireland Air Quality e-Reporting monitoring network for compliance and informative reporting,IE,Irlandia,53.6294439999523,-8.194443999874272,-2.246246333157797,1.262216313465934,-0.26811574123638954,0.8838865331250266,10.234367,10.522663,6.476255663430421,10.22065184,14.078098190672772,51.39464,7.006298611111111,5.2454857142857145,38.12818992248062,64.3678529424119,Europa Zachodnia
2163021,Gorizia - via Duca D'Aosta 117,via Duca D'Aosta 117 - Gorizia (GO),SI,Słowenia,45.93647800010719,13.616126999851385,0.0161488004953533,0.20332019040124413,1.7324026420002554,1.976810885031524,5.6227403,7.176721,9.568817472919314,16.909750369800115,16.110899550224886,54.549581464872944,11.69357142857143,8.170128309942317,28.552587412587414,80.73181818181818,Europa Środkowa
2163039,"Liepaja, Ganibu street",Liepaja,LV,Łotwa,56.49628099982827,21.01441300018372,-2.1206352657802343,-1.9534674157115715,0.24560683700983965,-0.7948380019236952,9.284073,6.590613,11.367261724659606,17.45827123695976,6.537853731343284,63.89219959266802,14.41,8.041944444444445,55.872115384615384,74.7128,Europa Północna
2163040,"Liepaja, Ezerlicu street",Liepaja,LV,Łotwa,56.48668000022222,21.01669600020635,-0.7019660969197464,-0.5175431971492774,0.10999514053136608,-1.8817076368378443,7.2829056,8.98329,9.568817472919314,21.61763197586727,12.427660208643815,58.149322448979596,11.69357142857143,8.170128309942317,53.243809523809524,63.66694214876033,Europa Północna
2163041,Riga-Valdemara street,Riga,LV,Łotwa,56.9608780000991,24.121171000381988,0.3716953556307539,1.7114377438448136,-0.5342938358366568,-0.3685489021553679,5.0504956,10.371153,9.568817472919314,17.636636500754147,21.787296898079763,44.49352705410822,11.69357142857143,8.170128309942317,38.027545454545454,54.24596774193548,Europa Północna
2163042,"Rezekne, Darzu street",Rezekne,LV,Łotwa,56.51101399980861,27.337747000221505,-1.9163321369158441,0.2304372180670243,-2.0966744354938203,-0.7730730642240949,9.686434,8.367104,9.28125,14.518223999999998,8.553704318936877,46.979052863436124,11.080695652173914,6.647790055248619,40.830128205128204,49.8603125,Europa Północna
2163043,"Rezekne, Atbrivosanas alea",Rezekne,LV,Łotwa,56.51350999979287,27.33462200029992,0.07187839053964463,1.1114810346383979,-1.333767321405246,-1.467774090232178,5.4303684,10.020674,9.568817472919314,19.705224550898205,17.106095380029807,45.27826262626263,11.69357142857143,8.170128309942317,42.31428571428572,49.18888888888889,Europa Północna
2163044,"Liepaja, Ganibu street",Liepaja,LV,Łotwa,56.49628099982827,21.01441300018372,-2.198883188312855,-1.8904645757970233,0.24874575847187347,-0.7761441384036927,9.261355,6.536138,11.123595505617978,17.10390476190476,6.464559936908517,64.14729074889867,14.02081081081081,8.014189944134078,55.61973684210527,73.98629032258064,Europa Północna
2163045,"Liepaja, Ezerlicu street",Liepaja,LV,Łotwa,56.48668000022222,21.01669600020635,-0.7562555419565137,-0.6094294916621805,0.005643036579884987,-1.8215158452943316,7.3873315,8.979145,9.568817472919314,21.437920000000002,12.185920634920635,57.94349889135255,11.69357142857143,8.170128309942317,51.35131578947368,64.1710743801653,Europa Północna
2163046,Riga-Valdemara street,Riga,LV,Łotwa,56.9608780000991,24.121171000381988,0.3009081557373103,1.6138029928316528,-0.5470997561154811,-0.21555721284538545,5.020825,10.366833,9.568817472919314,17.447835218093697,21.28900787401575,44.46365217391304,11.69357142857143,8.170128309942317,36.69914634146341,54.605645161290326,Europa Północna
2163047,"Rezekne, Darzu street",Rezekne,LV,Łotwa,56.51101399980861,27.337747000221505,-1.8602614090592937,0.15570037826485544,-2.0081332431343224,-0.7544140644241651,9.613657,8.224458,9.656153846153845,14.699456193353473,8.886974921630095,47.202510204081634,11.625384615384617,6.5707262569832405,43.21855769230769,50.251171875,Europa Północna
2163048,"Rezekne, Atbrivosanas alea",Rezekne,LV,Łotwa,56.51350999979287,27.33462200029992,-0.04966331382470901,1.0545750310542636,-1.4631593689414704,-1.3952367100960499,5.477036,9.975341,9.568817472919314,19.29869565217391,16.414664536741213,45.045066079295154,11.69357142857143,8.170128309942317,40.53157894736842,49.20645161290323,Europa Północna
2163049,Strumica,None,MK,Macedonia Północna,41.439129999959086,22.643160000443583,6.90976362117637,-5.106372340420212,-1.5604380138895377,0.6457516517730035,0.8094791,7.5128455,22.406048109965635,40.57716262975778,7.979991304347827,39.68663366336634,45.95636363636363,12.761505376344086,14.419402985074628,65.42795698924732,Europa Południowa
2163050,Gevgelija,Gevgelija,MK,Macedonia Północna,41.13914199980563,22.496040000313386,2.830493542762848,-3.086861887336062,-4.556945831494606,0.765019647189627,1.8195182,6.829636,22.497478991596637,29.263781512605043,2.9699020408163266,28.729166666666668,34.869696969696975,9.504999999999999,14.035714285714286,47.21814432989691,Europa Południowa
2163051,Berovo,Berovo,MK,Macedonia Północna,41.7073108692799,22.852708980894093,-1.0701204881470052,-1.3802121930792686,-0.6835253048950926,-0.5662051907962073,8.57336,7.962136,9.568817472919314,13.809118867924528,6.642834890965732,54.05432692307692,11.69357142857143,8.170128309942317,41.32857142857143,67.92873563218392,Europa Południowa
2163052,Tetovo,None,MK,Macedonia Północna,41.99759000017612,20.965180000095913,7.969831766473378,-0.6258653208036907,-3.516289618666654,-0.9596864116575062,0.5940801,8.018768,21.842847896440126,34.73227722772277,25.985658682634728,24.497353741496596,45.50731707317073,13.867745098039215,10.095189189189188,37.64235294117647,Europa Południowa
2163053,Gostivar,None,MK,Macedonia Północna,41.799740000202235,20.909729999776893,5.749480792862531,-3.8191612012924137,-0.2593467888276229,-0.6871447610091156,0.90952766,7.5502443,21.735548387096774,37.524272151898735,11.6670900621118,43.29651234567901,36.80814814814815,16.21325842696629,27.49283582089552,65.22696629213483,Europa Południowa
2163054,Prilep,Prilep,MK,Macedonia Północna,41.34300300015729,21.562862000129105,6.037081816338382,-4.925622091996668,-3.384793861425493,4.592769773603533,0.6962702,7.1881957,38.451009895833785,20.933844086021505,14.579817518248175,43.80209386281589,54.492,8.170128309942317,23.31234375,67.43666666666667,Europa Południowa
2163055,Strumica,None,MK,Macedonia Północna,41.439129999959086,22.643160000443583,4.285991265772177,-3.872011315179844,-1.1671797216775894,-0.3709510718411156,1.0842522,7.329449,15.902851851851853,34.278260869565216,6.0829114186851205,43.59900684931507,34.17142857142857,12.855151515151515,13.6696875,64.49393939393939,Europa Południowa
2163056,Gevgelija,Gevgelija,MK,Macedonia Północna,41.13914199980563,22.496040000313386,2.85427374330013,-2.9951586146534055,-4.893047467412947,0.6750496704409354,1.8529482,6.827538,22.50898305084746,28.801016949152544,3.035930795847751,26.74642424242424,34.945454545454545,9.740909090909092,14.318181818181818,46.413333333333334,Europa Południowa
2163057,Berovo,Berovo,MK,Macedonia Północna,41.7073108692799,22.852708980894093,-3.0227073775900584,-0.6612082266999584,-0.7430524974193812,-0.02054347393672262,9.896681,7.583891,9.568817472919314,0.08862,5.844607142857143,58.64650887573965,11.69357142857143,8.170128309942317,42.6,68.31879518072289,Europa Południowa
2163058,Tetovo,None,MK,Macedonia Północna,41.99759000017612,20.965180000095913,6.847175731092541,0.24162390545636422,-3.1899826877876905,-1.2032540467583464,0.6913506,8.107894,18.38313253012048,31.796919999999997,25.20247311827957,26.44770833333333,38.51666666666667,13.9974,2.5866666666666664,37.859,Europa Południowa
2163059,Gostivar,None,MK,Macedonia Północna,41.799740000202235,20.909729999776893,6.108450577618147,-3.721444875819699,-0.44047228340199346,-0.005011383650630632,0.841301,7.5055,19.98554307116105,35.46780219780219,11.79313357400722,44.14928057553957,43.554545454545455,16.345,14.816666666666666,64.46555555555555,Europa Południowa
2163060,Prilep,Prilep,MK,Macedonia Północna,41.34300300015729,21.562862000129105,4.175214724559684,-3.995582026508033,-3.175720885531677,5.646393390927423,1.027385,7.1498337,38.451009895833785,10.983,13.54237704918033,46.35923387096774,53.319500000000005,8.170128309942317,16.05548387096774,70.30116279069767,Europa Południowa
2163223,TR-5,ZIMNICEA,BG,Bułgaria,43.65072199989578,25.363583000422835,-0.8095733026648722,-0.6867026640549196,0.6127771442993278,1.6335948371795135,6.779946,6.7869787,9.568817472919314,16.677993079584773,11.382617246596066,55.41863333333333,11.69357142857143,8.170128309942317,36.8138,76.5047619047619,Europa Wschodnia
2163225,TR-5,ZIMNICEA,BG,Bułgaria,43.65072199989578,25.363583000422835,-0.7636931977453254,-0.5748893614850362,0.6868605453128575,1.6788513913418208,6.7027283,6.7701383,9.568817472919314,16.523923611111112,11.682188006482981,55.35,11.69357142857143,8.170128309942317,37.009,76.71666666666667,Europa Wschodnia
2163349,"""Komarno - Vnutorna Okruzna""",Komarno,SK,Słowacja,47.76411700019712,18.138552000293622,0.4207438699670241,-1.4780263268759897,0.6497305907477271,0.7395264265052253,4.778784,6.705547,12.384408554572273,18.58143906020558,11.58627802690583,52.94549483013294,15.084761904761905,12.727921348314608,34.28422818791947,74.08595505617977,Europa Środkowa
2163350,"""Liptovsky Mikulas - Skolska""",Liptovsky Mikulas,SK,Słowacja,49.08389299996568,19.61935000004481,0.19043931575612708,-0.9309887300326223,-0.20274359765058236,-0.12494726851455003,3.7805529,6.4407153,12.171310751104565,17.92585294117647,10.919451410658306,51.39464,16.57855172413793,11.3925,38.12818992248062,64.3678529424119,Europa Środkowa
2163351,"""Ruzomberok - Riadok""",Ruzomberok,SK,Słowacja,49.07901199975088,19.302524900067514,1.5563184492482591,-0.10458613836899916,-1.8952326970814948,0.3537456370611408,3.6337898,7.107706,14.243491851851852,19.002823179791974,15.168605769230767,39.163060921248146,20.902916666666666,10.833888888888888,25.265231788079472,52.77752808988764,Europa Środkowa
2163352,"""Oscadnica""",Oscadnica,SK,Słowacja,49.435380000049484,18.88361999969748,-0.13041527536511066,-2.20348887875589,-1.27817344965251,0.5465413677566487,5.389746,6.214953,14.493879941434846,18.356617647058822,5.905978005865102,50.17966126656848,21.843959731543624,9.864777777777778,35.078972602739725,66.18426966292134,Europa Środkowa
2163353,"""Zilina - Obezna""",Zilina,SK,Słowacja,49.21144699982546,18.771215000259982,2.029441711030806,0.0914211849419659,-1.7684641541783503,0.7301915480867969,3.6791623,7.153646,14.425333333333334,19.48910355029586,16.830133779264216,37.28945987654321,21.838986486486487,10.918833333333334,21.3923178807947,52.779444444444444,Europa Środkowa
2163354,"""Martin - Jesenskeho""",Martin,SK,Słowacja,49.05972100014168,18.9213640000523,1.2141144181799919,-0.9157772474005215,-0.05909334151616287,-0.20082018083645747,3.162243,6.7749844,13.90313988095238,21.31300884955752,15.905706319702603,51.39464,18.743,11.341666666666667,38.12818992248062,64.3678529424119,Europa Środkowa
2163355,"""Puchov - 1.maja""",Puchov,SK,Słowacja,49.11897300010574,18.325265000433,0.6428540382370891,-2.069199233987323,-0.7547936477793498,0.23276078792410318,2.9961448,6.4953136,15.368236151603499,18.507994143484627,8.666690936106983,51.39464,22.18158940397351,12.99738888888889,38.12818992248062,64.3678529424119,Europa Środkowa
2163356,"""Senica - Hviezdoslavova""",Senica,SK,Słowacja,48.68060799999584,17.363168999662655,-0.04738015430508265,-0.27773757150090367,-0.16214788420483345,0.17572727155008686,4.106995,6.3874526,11.384831594634873,17.27201624815362,14.078098190672772,51.39464,13.943469387755103,10.12497175141243,38.12818992248062,64.3678529424119,Europa Środkowa
2163357,"""Bratislava - Mamateyova""",Bratislava - mestska cast Petrzalka,SK,Słowacja,48.12471099993378,17.125495999979847,0.683429689488573,-0.3114864367835691,0.3684239344097554,1.088992866362289,4.83167,6.8680797,11.659977876106195,17.303505917159764,15.307017543859649,47.92245811437403,14.987702702702702,11.191864406779661,28.265103355704696,69.74204545454546,Europa Środkowa
2163358,"""Rovinka""",Rovinka,SK,Słowacja,48.09967400029562,17.231191000164944,-0.928823055531962,-0.4076991581189892,-0.4257086820234741,-0.0048841340015924285,7.9183273,8.847561,9.568817472919314,16.731471389645776,11.102085173501576,51.39464,11.69357142857143,8.170128309942317,38.12818992248062,64.3678529424119,Europa Środkowa
2172783,PATRA-1,monitoring network of Patra,GR,Grecja,38.253109000312875,21.73817900042191,2.3693707588315784,1.6879506934827526,1.5900637381355065,-1.0673585316081835,2.8799934,9.968213,9.568817472919314,26.51983606557377,27.528886198547216,51.39464,11.69357142857143,8.170128309942317,38.12818992248062,64.3678529424119,Europa Południowa
2172784,PATRA-1,monitoring network of Patra,GR,Grecja,38.253109000312875,21.73817900042191,2.426609373385202,1.658446219969658,1.5968925529617202,-1.108995249760206,2.8772063,9.959823,9.568817472919314,26.991144366197183,27.864105011933173,51.39464,11.69357142857143,8.170128309942317,38.12818992248062,64.3678529424119,Europa Południowa
2393483,St. Paul's Bay Station,Saint Paul's Bay,MT,Malta,35.9448449997224,14.385739000314983,0.34145978923453846,0.636220109860529,0.9495184935570066,-2.942657052034906,6.0719485,10.935741,9.380709219858156,21.13150268336315,20.245488599348533,58.036538461538456,7.662916666666667,11.793295454545454,58.344859813084106,54.60176136363636,Europa Południowa
2393484,St. Paul's Bay Station,Saint Paul's Bay,MT,Malta,35.9448449997224,14.385739000314983,0.37304191816542936,0.60779263087538,0.8686639818266206,-2.889243160504632,6.0562215,10.90225,9.454333333333334,20.9323259762309,20.241211180124225,57.82197452229299,8.209416666666666,11.762196531791908,57.31384615384616,54.974853801169594,Europa Południowa
2430363,Portable Farstöð 1,Reykjavík,IS,Islandia,64.144092,-21.962781,-4.145399562713918,0.7679494776254886,-0.9356506242967352,0.7080106125860494,11.536027,9.422861,3.074860986547085,8.327668161434977,7.125267857142857,51.39464,3.8381333333333334,2.9452613636363636,38.12818992248062,64.3678529424119,Europa Północna
2578981,Mobile,Mobile,XK,Kosowo,42.687073,21.158341000000004,0.33033849429006457,0.16736404880394576,-1.290930391500641,-1.255618411819947,5.47179,9.979369,15.069999999999999,17.694,18.644,51.7,11.69357142857143,8.170128309942317,38.12818992248062,64.3678529424119,Europa Wschodnia
2655991,AQMS Brezovica,Brezovica,XK,Kosowo,42.18816999990293,21.030190000127618,-2.434050881741165,-3.4970026075635174,2.1248468983837046,-0.7745638564358571,9.702098,5.5845785,8.8601797752809,11.943937499999999,0.9326265895953758,89.12630879948368,11.69357142857143,12.177682926829268,38.12818992248062,103.65975609756099,Europa Wschodnia
2655992,AQMS Gjilan,Podgorica,XK,Kosowo,42.46779699981243,21.460424999934983,-1.220166252661233,0.5415721149504,-0.016284483002929992,1.083651545250599,7.579819,9.531023,8.806681818181818,12.345372460496614,13.699028697571743,47.464175824175825,11.69357142857143,7.6259999999999994,38.12818992248062,64.33828571428572,Europa Wschodnia
2655993,AQMS Palaj,Podgorica,XK,Kosowo,42.67790399980898,21.05284299990358,-2.1420581372351766,0.6849257531469988,-1.9254157722848708,-0.08586788773985983,10.302334,9.407574,6.399620535714286,10.768733333333333,7.39567032967033,43.56155701754386,11.69357142857143,6.136271186440677,38.12818992248062,50.93039772727273,Europa Wschodnia
2655994,AQMS Prizren,AQMS Prizren,XK,Kosowo,42.219860000191964,20.727940000058144,-1.7471363484849245,1.679323436209818,0.5509892143944007,1.785600442492359,9.976682,10.5322,5.496155660377358,8.885614849187935,19.60635294117647,49.24691075514875,11.69357142857143,4.959649122807018,38.12818992248062,65.93625730994152,Europa Wschodnia
2655996,BIHAC,Bihac,BA,Bośnia i Hercegowina,44.80769999991452,15.866399999798812,0.2734891375476741,-3.1615445780636464,0.053403133783876094,2.3297400448866346,5.190514,6.1980615,14.734214711729622,17.548092369477914,5.6546616883116885,57.80536062378168,25.598834951456308,8.828636363636365,36.75035714285714,74.78484848484848,Europa Środkowa
2655998,CE bolnica,CE bolnica,SI,Słowenia,46.2345142,15.262476,1.988837069566927,-0.5922216155559842,-0.14849916852316072,1.5431581323467405,3.8209357,6.9039326,13.063279069767441,19.823099510603587,16.922620860927154,47.12072374798061,23.870196078431373,9.633465909090908,25.27046153846154,65.39545454545454,Europa Środkowa
2655999,CE Ljubljanska,CE Ljubljanska,SI,Słowenia,46.2356572,15.2462352,1.1519837851026267,-1.1679411674917715,-0.5056976615456225,0.33275188628377916,3.1587646,6.337346,13.043657851239669,19.62278232405892,14.078098190672772,51.39464,24.358173076923077,9.330454545454545,38.12818992248062,64.3678529424119,Europa Środkowa
2656001,Donegal Malin Head,,IE,Irlandia,55.372200000103355,-7.338900000154912,-2.733762145952784,1.0104857292467495,-0.4672872131648162,-1.4625729367748805,10.485049,8.764329,6.341050228310502,11.4215,14.078098190672772,58.95059288537549,8.684193548387096,5.8598888888888885,60.47142857142857,54.48928571428572,Europa Północna
2656005,Hrastnik,Hrastnik,SI,Słowenia,46.1439131,15.0832944,-0.10542433996249304,-0.25393641258788785,-0.28242761182523013,0.34879152382735895,4.2474217,6.245069,10.49483498349835,15.827684729064039,14.078098190672772,51.39464,17.45122641509434,8.804204545454546,38.12818992248062,64.3678529424119,Europa Środkowa
2656007,Iskrba,Kocevje,SI,Słowenia,45.56109979316704,14.858067454436664,-3.0860495891308233,-0.91406267887826,-1.0866866028594853,-0.19975926774376637,9.863919,7.632032,6.200881188118812,10.800262295081968,2.014823877917415,52.108374384236456,6.4747787610619465,8.091791907514452,40.69141666666667,59.06668571428572,Europa Środkowa
2656008,IVAN SEDLO,Hadzici,BA,Bośnia i Hercegowina,43.77833199980571,18.0202810002542,-1.7276505441027235,-2.1115965907259633,4.46983496143772,0.5855251452159463,7.5251665,6.068712,9.568817472919314,15.165572139303483,14.078098190672772,81.99190751445087,11.69357142857143,8.170128309942317,63.33771929824562,100.50757575757575,Europa Środkowa
2656009,KAKANJ - DOBOJ,Kakanj,BA,Bośnia i Hercegowina,44.11000000016105,18.12000000023251,3.252563389170613,-1.3201725492185747,-0.026175033629555648,-1.9720334291201507,3.4473238,8.846877,9.568817472919314,41.51045945945946,13.134523076923077,43.558031496062995,11.69357142857143,8.170128309942317,32.10009433962264,57.75697674418605,Europa Środkowa
2656010,Koper,Koper,SI,Słowenia,45.5430119,13.7135237,-1.4641737688966254,-1.1962085761105217,2.672199480504146,0.8288942506181913,7.277491,6.2217827,8.400750418760468,13.547046204620463,13.00717017828201,71.87673267326733,11.007188679245283,8.985380116959064,44.333928571428565,92.66818181818182,Europa Środkowa
2656011,Kranj,Kranj,SI,Słowenia,46.24178833059961,14.362238336762195,0.8666073982176384,-0.9706984626076856,-0.39042892131897716,0.2740127298990124,3.3273063,6.3864636,12.58444891122278,18.191496710526316,14.078098190672772,51.39464,23.067058823529415,10.052890173410406,38.12818992248062,64.3678529424119,Europa Środkowa
2656013,LIVNO,Livno,BA,Bośnia i Hercegowina,43.82249999993878,17.001000000211608,0.6741177921245477,-1.3398862189602943,2.754101511424474,1.7848228621218774,5.9057326,6.695677,10.617847411444142,17.01491847826087,15.284363137254902,65.35361328125,22.724347826086955,10.00442748091603,40.882017543859654,86.70757575757575,Europa Środkowa
2656014,LJ Celovska,Ljubljana,SI,Słowenia,46.072091567898894,14.487118334873363,2.03660081512508,1.025568350046331,0.8421414573582652,0.23264869415853984,2.5079978,9.465673,12.088248764415157,18.517241379310345,26.930551839464883,51.39464,19.203577981651378,10.389768786127169,38.12818992248062,64.3678529424119,Europa Środkowa
2656015,LJ Bežigrad,LJ Bežigrad,SI,Słowenia,46.0655449,14.5127203,1.9538151135434636,0.19765312325425527,0.7202762447930562,2.111111541659697,4.816106,7.4479194,12.414289689034371,18.254624183006534,19.673894389438942,48.09183136593592,20.259166666666665,10.16622857142857,21.949873873873877,68.46011764705882,Europa Środkowa
2656016,LJ Vič,LJ Vič,SI,Słowenia,46.037487,14.4892717,0.8880653842755912,-0.9536566284754429,-0.3368099579476913,0.14139282139371195,3.2940555,6.3833857,12.462191103789127,18.65768352365416,14.078098190672772,51.39464,21.24057142857143,9.829431818181819,38.12818992248062,64.3678529424119,Europa Środkowa
2656017,LUKAVAC - CENTAR,Lukavac,BA,Bośnia i Hercegowina,44.53319999976138,18.53469999994531,3.7679917449161935,-1.0111624764680818,-0.026586046718490873,3.3467360807760853,1.3557767,7.9760427,20.743549883990717,16.909750369800115,23.21771855010661,44.076777041942606,38.77164383561644,14.259541984732824,19.902252252252254,68.17022900763358,Europa Środkowa
2656019,Maribor,Maribor,SI,Słowenia,46.55887083595147,15.65130261991171,0.4128637950142263,0.7430266458972193,0.3294724468324837,0.21580184184180115,5.1880183,11.053233,10.394817875210792,16.909750369800115,21.012790322580646,51.39464,15.883980582524272,8.939306358381502,38.12818992248062,64.3678529424119,Europa Środkowa
2656020,MB Vrbanski,MB Vrbanski,SI,Słowenia,46.5683507,15.6261221,-1.0313733942294792,-1.3367619924609502,0.0643095718519611,1.6715569241062334,6.4088826,6.533484,10.185773710482529,14.73708126036484,6.6250658978583195,53.507487765089714,15.6145,8.911931818181818,27.616293103448275,73.59825581395349,Europa Środkowa
2656021,MS Cankarjeva,Murska Sobota,SI,Słowenia,46.65776065529578,16.15923293199877,1.6786603838619139,-1.5908432414957685,-0.6491688657989433,0.4314112566202454,2.7811496,6.541517,14.61472268907563,20.77233443708609,14.078098190672772,51.39464,28.31,9.563780487804879,38.12818992248062,64.3678529424119,Europa Środkowa
2656022,MS Rakičan,MS Rakičan,SI,Słowenia,46.6520864,16.1913166,0.5946239053026533,-1.6424215999329617,-0.3876709432366521,1.6711387729567764,5.027583,6.207869,12.435231023102311,18.294294975688818,9.443145161290323,50.6404,23.09592233009709,8.572954545454545,25.884431818181817,70.5185430463576,Europa Środkowa
2656023,NG Grčna,NG Grčna,SI,Słowenia,45.9555691,13.6523898,1.176606065973093,0.5951832884681354,1.2734886952992626,1.8886245183848729,4.900343,7.566332,10.847304918032787,15.90222039473684,21.899043760129658,51.72042763157895,17.49118181818182,9.687840909090909,26.218083333333333,74.65454545454546,Europa Środkowa
2656024,Novo mesto,Novo mesto,SI,Słowenia,45.8018182,15.1772615,0.2072535210571073,-1.2842726963597992,-1.0984102537205997,1.7550976471804818,5.1073775,6.1887717,12.18260655737705,16.207429983525536,8.41532310177706,46.898557536466775,23.40135135135135,8.603409090909091,23.79862068965517,65.86982857142857,Europa Środkowa
2656027,Ptuj,Ptuj,SI,Słowenia,46.425502980256596,15.876509700193422,0.7652503939431279,-0.9367781068663742,-0.5104848863474797,0.4853182131137863,3.3656507,6.277363,12.544128289473685,17.74827361563518,14.078098190672772,51.39464,22.908490566037738,9.251477272727273,38.12818992248062,64.3678529424119,Europa Środkowa
2656029,SARAJEVO-BJ-AUTOMAT,Centar Sarajevo,BA,Bośnia i Hercegowina,43.86749600030751,18.423061000238796,2.2822323382719656,-1.0283880627789008,4.6772976127201416,1.5300930630728782,3.024771,8.551545,9.568817472919314,27.393446893787576,21.174156626506022,70.35708418891171,11.69357142857143,8.170128309942317,35.31736842105263,100.50833333333334,Europa Środkowa
2656030,SARAJEVO - HADZICI,Hadzici Sarajevo,BA,Bośnia i Hercegowina,43.82300000025628,18.20099999974513,2.4695203110087127,0.43663471675062093,1.295240249515262,1.52284364774626,3.5680366,8.715911,9.568817472919314,25.323803680981595,19.586473988439305,41.1246783625731,11.69357142857143,8.170128309942317,26.620857142857144,69.63157894736842,Europa Środkowa
2656031,SARAJEVO - ILIDZA,Ilidza Sarajevo,BA,Bośnia i Hercegowina,43.83009999985558,18.311100000317,3.0463582563096514,0.8080719446654034,1.1704354213821022,-1.0023722541615323,3.2331486,9.55254,9.568817472919314,28.55599190283401,25.959557344064386,51.39464,11.69357142857143,8.170128309942317,38.12818992248062,64.3678529424119,Europa Środkowa
2656032,SARAJEVO - ILIJAS,Ilijas,BA,Bośnia i Hercegowina,43.96000000018148,18.26929999955486,4.780044644043414,-1.627580706575575,0.9283503125928813,-2.923004211637851,3.4123948,8.875949,9.568817472919314,44.442530655373055,18.088863109048724,51.39464,11.69357142857143,8.170128309942317,38.12818992248062,64.3678529424119,Europa Środkowa
2656033,SARAJEVO - OTOKA,Novi Grad Sarajevo,BA,Bośnia i Hercegowina,43.848399999786515,18.36370000017573,7.78740373569348,3.151947303891332,3.063424329136939,0.33496367315207726,3.1803195,8.97526,9.568817472919314,39.77519114688129,45.62146044624747,42.08599185336049,11.69357142857143,8.170128309942317,16.868780487804877,62.26666666666667,Europa Środkowa
2656034,SARAJEVO - VIJECNICA,Stari grad Sarajevo,BA,Bośnia i Hercegowina,43.85900000011468,18.434800000217038,1.5071469225728351,0.740236165008039,0.7725995540428658,-0.6039933482749075,3.2920895,9.921645,9.568817472919314,23.744509803921567,20.89307847082495,51.39464,11.69357142857143,8.170128309942317,38.12818992248062,64.3678529424119,Europa Środkowa
2656035,SARAJEVO - VOGOSCA,Vogosca Sarajevo,BA,Bośnia i Hercegowina,43.900000000232716,18.341999999728493,6.00130816582828,-3.0065225852118966,-0.6336326993708894,0.8118553813775783,0.9425021,7.4196906,22.543532934131736,30.272321428571427,20.56953307392996,51.39464,45.60581632653061,11.298030303030302,38.12818992248062,64.3678529424119,Europa Środkowa
2656038,TESANJ,Tesanj,BA,Bośnia i Hercegowina,44.61960000009846,17.991200000359836,-0.13843748640958342,0.32200598965529376,3.6591032299949147,3.8773513156782524,5.624306,7.074848,9.568817472919314,11.429486868686869,17.759260089686098,61.132617933723196,11.69357142857143,8.170128309942317,26.352858407079648,103.71951686371256,Europa Środkowa
2656041,TRAVNIK,Travnik,BA,Bośnia i Hercegowina,44.224999999842076,17.666999999597877,4.192961174327577,-4.194350567402179,0.9794156158898855,2.697528147075697,1.4760647,7.2661223,21.28460721868365,27.068879492600423,14.81685071574642,59.481284403669726,41.64417721518987,10.530681818181819,37.58833333333334,81.10378787878788,Europa Środkowa
2656042,Trbovlje2,Trbovlje,SI,Słowenia,46.15750839367566,15.053950465081174,-0.05995818829671973,-0.34548139850863413,-0.4221382469696912,0.5842392555010554,4.125159,6.1635265,10.888153078202995,15.298601973684208,14.078098190672772,51.39464,19.180098039215686,8.567556818181819,38.12818992248062,64.3678529424119,Europa Środkowa
2656045,VISOKO,Visoko,BA,Bośnia i Hercegowina,43.99000000011136,18.179999999804945,4.197900901926918,-1.2170825971967099,-0.3727115103203003,-1.279362831101518,3.4099944,8.897057,9.568817472919314,39.88235177865613,14.078098190672772,40.64130625,11.69357142857143,8.170128309942317,20.81832574257426,57.60530303030303,Europa Środkowa
2656047,Zagorje,Zagorje,SI,Słowenia,46.1311142,14.9961152,1.4795867235340117,-0.5140573186549866,-1.0524699552604067,1.246754881871727,3.7704718,6.864538,12.665728476821192,19.212704918032788,14.742633279483037,42.69036762225969,22.770576923076923,9.16,23.443689655172413,60.4688961038961,Europa Środkowa
2656048,ZENICA - BRIST,Zenica,BA,Bośnia i Hercegowina,44.202220000151314,17.900499999595816,2.333019969160928,-1.2370070004680713,1.2821578287637985,0.693697022784089,3.4444394,8.796118,9.568817472919314,32.395452322738386,12.255863466042156,49.62535641547861,11.69357142857143,8.170128309942317,26.440113636363638,75.34924242424243,Europa Środkowa
2656049,ZENICA - CENTAR,Zenica,BA,Bośnia i Hercegowina,44.198999999826086,17.912699999706504,3.773869786264998,1.0009706476753406,1.5653999943954646,0.22890079840370217,3.3117957,8.975438,9.568817472919314,31.994270833333335,24.291938412017167,46.223055555555554,11.69357142857143,8.170128309942317,23.26757281553398,64.68538461538462,Europa Środkowa
2656050,ZENICA - RADAKOVO,Zenica,BA,Bośnia i Hercegowina,44.19519999982807,17.93199999995525,5.59205379340792,0.18958272099912057,0.12595952631005658,-1.542298180776569,3.3204808,8.899085,9.568817472919314,44.36135523613963,19.12823647294589,36.67259713701432,11.69357142857143,8.170128309942317,19.73320754716981,52.65967741935484,Europa Środkowa
2656051,ZENICA - TETOVO,Zenica,BA,Bośnia i Hercegowina,44.22540000016335,17.8910999997167,0.4174648255403328,-0.7273869299195026,-0.9046170309669946,-2.7242221130861566,5.762946,9.316942,9.568817472919314,29.790301369863013,9.051480519480519,52.72571428571429,11.69357142857143,8.170128309942317,38.12818992248062,55.72727272727273,Europa Środkowa
2656052,ZENICA - VRANDUK,Zenica,BA,Bośnia i Hercegowina,44.28999999971563,17.90999999993236,4.357935134261378,-2.78703300296153,-0.9876576558271383,0.7916543015407033,1.4847124,7.2859154,20.015857843137255,28.336067961165046,14.078098190672772,40.10047357293869,31.64701298701299,12.961847826086956,26.957086419753086,67.68793103448276,Europa Środkowa
2697130,Attard Station,Attard,MT,Malta,35.89009099973841,14.434573000194618,-0.23525583958158336,-1.9130942954296155,2.4996711246965075,-3.5949085533303147,9.15214,5.5450163,9.635839416058394,25.19151051625239,12.382068965517242,72.8329489291598,8.21111111111111,12.314844720496895,63.8875,78.75314285714285,Europa Południowa
2697131,Msida Station,Msida,MT,Malta,35.89556299965945,14.493217000032196,2.889408579141186,0.7050699180992177,1.8714957803569257,-2.119539715763257,2.2192416,8.841611,11.13671902268761,29.436461267605633,23.35062809917355,51.39464,10.364814814814816,13.205738636363636,38.12818992248062,64.3678529424119,Europa Południowa
2771587,LARISA-1,,GR,Grecja,39.63553000009026,22.414548999632775,0.90391677084207,0.980149255147846,-0.3709273096927484,-1.5207955109988354,5.315155,9.412677,9.568817472919314,22.619797297297296,25.385454545454547,36.06618181818182,11.69357142857143,8.170128309942317,38.12818992248062,64.3678529424119,Europa Południowa
3063270,Mont St. Nicolas,,LU,Luksemburg,49.935832999945774,6.178332999898686,-2.31635713933178,-2.4381014823013794,0.7242664599681632,-0.07156268390148797,8.395756,6.1034346,9.568817472919314,16.909750369800115,3.961300438596491,62.90008528784648,11.69357142857143,8.170128309942317,50.166722689075634,81.43152173913043,Europa Środkowa
3327564,Bijelo Polje,Bijelo Polje,ME,Czarnogóra,43.029550000045106,19.742394999643636,7.467261348207037,-6.340696518392371,-2.587600610301113,1.5242387820983698,0.49024805,7.241884,32.90394736842106,39.004561403508774,13.007450980392157,51.39464,57.153571428571425,8.170128309942317,38.12818992248062,64.3678529424119,Europa Środkowa
3327565,Niksic2,Nik_i_,ME,Czarnogóra,42.78121099990753,18.94291100033866,0.13929523273153008,-0.31481602215025317,2.29064983994111,1.3669273007955445,5.7630157,6.9326572,7.089484536082474,14.789155339805824,16.453333333333333,58.8665100671141,10.918750000000001,8.170128309942317,35.87038961038961,86.60760869565217,Europa Środkowa
3327748,Podgorica 4 (RB),Podgorica,ME,Czarnogóra,42.51759999971336,19.327742999611406,-1.6411664711307012,-1.7236913272882572,1.3886243047806475,0.348382958711995,8.122646,6.1365423,9.568817472919314,16.909750369800115,10.117879858657245,64.08212927756654,11.69357142857143,8.170128309942317,43.516666666666666,86.95432098765433,Europa Środkowa
3526099,AKROTIRI,,GR,Grecja,35.53289199976768,24.070739999844754,-2.7548256982241597,-1.262130124964141,-1.905254282233493,-1.1177654610832677,9.847381,7.832355,9.568817472919314,1.0,3.9404946996466435,54.65371024734982,11.69357142857143,8.170128309942317,41.33529411764706,67.22758620689656,Europa Południowa
3526100,CHANIA-2,,GR,Grecja,35.51422600029247,24.02567199994421,1.7909622689888587,-0.5817396111241451,-2.433405907729439,-3.0808536508947686,5.570591,9.107292,12.039595588235294,27.94029304029304,11.19889298892989,37.80072727272727,16.384117647058822,12.358125,24.228571428571428,49.28125,Europa Południowa
3526101,GREVENA,,GR,Grecja,40.08469600025258,21.43867799963208,-0.721369574274959,-0.38719821625715384,-1.6048918963071095,0.06125914457774744,7.055945,8.13116,9.401167315175098,13.777237354085603,7.915551470588236,44.18049056603773,14.090285714285713,10.465254237288136,22.483714285714285,58.831460674157306,Europa Południowa
3526102,HERAKLION-2,,GR,Grecja,35.332819999942096,25.13823100032623,0.6725461540410109,0.19215316633409002,-2.5504448964559767,-3.489411754124818,5.6391945,9.089603,10.586735537190084,24.930696721311477,10.147862903225807,38.645199999999996,9.075588235294118,12.082985074626867,29.540000000000003,45.51044776119403,Europa Południowa
4049601,Gradina,Pljevlja,ME,Czarnogóra,43.27336099980429,19.28056900013856,-0.4394739635116758,0.647883104696709,-3.1317795234365944,-0.797296590012255,6.2011056,8.754204,9.568817472919314,16.909750369800115,8.281967213114754,38.69901477832512,11.69357142857143,8.170128309942317,20.165925925925926,44.287951807228914,Europa Środkowa
4468703,Cavan Cavan Town Court House,,IE,Irlandia,53.99360000014287,-7.362799999885783,-2.6311230445259097,1.5852192640926248,-0.1278839993867334,0.7565162680294834,10.471378,10.563396,5.043423255813954,8.986801801801802,14.078098190672772,51.39464,6.107793103448276,5.083932584269664,38.12818992248062,64.3678529424119,Europa Zachodnia
4468704,Cork Bishopstown MTU,,IE,Irlandia,51.88409170011853,-8.53304439978086,-2.1578495916192146,1.2412494532057092,-0.17993536736148416,0.7097179334087881,10.101842,10.502622,5.868190045248868,10.50045045045045,14.078098190672772,51.39464,8.613333333333333,5.5711956521739125,38.12818992248062,64.3678529424119,Europa Zachodnia
4468705,Cork Macroom Council Yard,,IE,Irlandia,51.90466600002692,-8.952930999754638,-1.7344833185250121,0.9096674621050204,-0.31658851287054796,0.8078250995562929,9.639162,10.507755,6.892935779816514,11.400867579908676,14.078098190672772,51.39464,12.519333333333332,5.414782608695653,38.12818992248062,64.3678529424119,Europa Zachodnia
4468706,Dublin Pearse St.,,IE,Irlandia,53.34501652917763,-6.2543123763737976,0.3939829509664742,5.3677755086625645,-2.091168104925676,-1.131959391916726,4.5122747,10.143806,6.2103827751196174,12.013066037735848,33.06387254901961,30.0953738317757,7.031538461538461,6.242558139534884,34.07222222222222,31.15,Europa Zachodnia
4468709,Kerry Killarney,,IE,Irlandia,52.05827800027053,-9.504881000263559,-1.9082231705583352,1.0799587954185434,-0.15776892591693242,0.6004266897292184,9.885832,10.436112,6.244398148148148,11.134615384615385,14.078098190672772,51.39464,9.567586206896552,5.985730337078652,38.12818992248062,64.3678529424119,Europa Zachodnia
4468710,Kerry Tralee Library,,IE,Irlandia,52.26725700012863,-9.69791600021613,-0.9870268983191591,0.363784265442959,-0.3158699266271561,0.634721016386202,8.181065,10.123182,8.708983050847458,13.650166666666667,14.078098190672772,51.39464,14.536428571428571,7.138113207547169,38.12818992248062,64.3678529424119,Europa Zachodnia
5721660,Ohrid,Ohrid,MK,Macedonia Północna,41.114221999931125,20.80663900000479,5.636197706558868,-4.625620598371213,-1.7388916623414152,0.6270300654115161,0.76021624,7.242077,25.311734693877554,37.10245283018868,16.18801886792453,51.39464,46.3,8.170128309942317,38.12818992248062,64.3678529424119,Europa Południowa
6050335,Durres,Durres,AL,Albania,41.3199000002832,19.44919999967179,1.6411523765702845,1.7750665613086904,-1.8020349156296336,0.9722572348462266,4.7345095,9.854799,9.737313725490196,15.03061224489796,25.506170212765955,26.049508196721312,16.209347826086958,8.170128309942317,16.127333333333333,64.3678529424119,Europa Południowa
6051398,Shkoder,Shkoder,AL,Albania,42.31389999981128,19.523419999611814,7.159481993048593,-3.7252294764619984,-3.3698946097819205,0.08609193851586529,0.5795166,7.3109307,30.25333333333333,44.442530655373055,17.637777777777778,33.77924528301887,30.25333333333333,8.170128309942317,27.417857142857144,64.3678529424119,Europa Środkowa
6122383,Reykjavík Laugarnes,Reykjavík,IS,Islandia,64.15335400017766,-21.885998000335935,-2.3783834791506693,1.230503476087945,0.21762997477433904,-0.12456684968804843,10.119589,9.853982,3.3737931034482758,9.046346153846153,10.621500000000001,51.39464,3.4312903225806455,8.170128309942317,38.12818992248062,64.3678529424119,Europa Północna
