location_id,mean_no2,mean_o3,mean_pm10,mean_pm25,std_no2,std_o3,std_pm10,std_pm25,winter_no2,winter_o3,winter_pm10,winter_pm25,summer_no2,summer_o3,summer_pm10,summer_pm25,station_name,city,country_code,country_name,latitude,longitude
31,9.433338391502275,54.11951298701299,17.73301098901099,7.677873536299766,5.0591834485885325,19.484260288863034,7.48401967126778,4.362060076723479,11.733664122137403,44.22116751269036,18.707938144329898,9.0621768707483,7.193705583756346,62.15340909090909,16.783436293436292,6.237992277992278,Wekerom-Riemterdijk,Wekerom,NL,Holandia,52.111599999999996,5.70842
33,21.998713105076742,51.39464,16.84984560570071,9.568817472919314,13.136284098856434,20.176620026874517,8.005353609981432,5.599787690323896,28.314930555555556,38.12818992248062,18.10706293706294,11.69357142857143,17.66892307692308,64.3678529424119,15.586206896551724,8.170128309942317,Zaanstad-Hemkade,Zaandam,NL,Holandia,52.420230000140556,4.832060000156797
41,15.386040609137055,51.39464,18.69598979591837,7.2766252609603335,7.001116585887962,20.176620026874517,8.084196183069244,4.581451285495406,16.72578431372549,38.12818992248062,20.35013392857143,7.08512918660287,12.973990147783251,64.3678529424119,17.254296577946768,6.442090566037736,Groningen-Europaweg,Groningen,NL,Holandia,53.2178,6.5789
44,9.861523605150214,53.71949494949495,16.00268317853457,6.7360970464135015,5.682485564413179,19.070524123401245,7.051461194901249,4.475994520705914,11.761764705882353,45.15681415929204,15.452914798206278,7.809288461538462,7.5945967741935485,62.66856060606061,17.11263358778626,6.17947265625,Heerlen-Jamboreepad,Heerlen,NL,Holandia,50.90031700019946,5.986852999872599
51,8.812550561797753,60.439956989247314,14.397144432194045,7.411637873754152,6.197929440313103,17.343954757463308,5.82475076957645,4.419293476579015,13.959259259259259,51.718820512820514,15.288795811518323,8.125828877005347,6.7931210191082805,65.3342105263158,14.282075471698112,6.0932916666666666,Wieringerwerf-Medemblikkerweg,Wieringerwerf,NL,Holandia,52.803700000000006,5.05051
52,24.038675417661096,51.39464,17.50980815347722,8.942870928829915,12.484857706799726,20.176620026874517,6.9553155650199665,5.629823660926447,31.671818181818185,38.12818992248062,20.017022900763358,11.34859375,18.897000000000002,64.3678529424119,15.605555555555556,6.876513409961686,Rotterdam-Oost Sidelinge A13,Rotterdam,NL,Holandia,51.938472000211014,4.430691999983553
55,16.90392628205128,47.91220413122721,16.31679918450561,8.885134854771785,9.035165602514544,20.275790136130603,6.404572660905301,5.376143230973946,22.11709677419355,37.81353947368421,17.82471111111111,10.755777777777778,11.988105263157893,58.07701149425287,15.363650190114068,6.601262357414449,Utrecht-Kardinaal de Jongweg,Utrecht,NL,Holandia,52.105,5.12446
58,8.816666666666668,51.96060215053763,15.197370737073706,9.568817472919314,4.779082013374181,18.302365310408554,5.994456159088964,5.599787690323896,10.751216216216216,41.293128205128205,16.012566844919785,11.69357142857143,7.481756097560975,60.03484848484849,14.58528735632184,8.170128309942317,Zegveld-Oude Meije,Zegveld,NL,Holandia,52.137949999962665,4.83819000034937
63,10.402275449101797,53.444032421479235,17.8368501529052,9.568817472919314,7.591398774094497,18.131781393508767,7.413389525177586,5.599787690323896,14.724523809523808,46.34609865470852,17.66550458715596,11.69357142857143,9.347190082644628,60.02406015037594,16.98212121212121,8.170128309942317,Philippine-Stelleweg,Philippine,NL,Holandia,51.29449999999999,3.7494799999999997
71,11.709128205128204,51.784143145161295,17.720982599795292,10.188691823899372,6.128378024105492,19.162266767812227,7.647090793176326,5.753217724373587,12.709909909909909,43.05416666666667,17.176696832579186,12.206605504587156,12.06980694980695,59.658490566037734,19.249049429657795,8.364174242424241,Biest Houtakker-Biestsestraat,Houtakker,NL,Holandia,51.51838800001479,5.148450000227909
76,9.26815065913371,59.375838383838385,15.666714285714285,8.022384140061792,6.0595670008373,19.656200195395787,6.87372564250101,4.417950016718434,10.87209638554217,50.266211453744496,18.19022222222222,8.65860465116279,7.672345945945946,66.3171102661597,14.644247104247105,6.788690566037736,De Zilk-Vogelaarsdreef,De Zilk,NL,Holandia,52.296555999830005,4.51081699998525
77,23.8360423216445,51.48595618556701,17.46279661016949,9.271990267639902,14.37954762400709,20.672705546811578,7.169918814453562,5.978293999940318,27.85827067669173,36.85708270676692,19.92060606060606,11.813282442748092,18.822620967741937,60.33466135458168,15.396693227091633,7.100609561752988,Hoek v. Holland-Berghaven,Hoek v. Holland,NL,Holandia,51.97783000007194,4.121903000365913
80,14.078098190672772,51.39464,17.04091557669441,9.279772998805257,7.57506363550302,20.176620026874517,6.8254871965483375,5.481793054462152,18.053504120148858,38.12818992248062,21.22482269503546,12.26345323741007,10.451701066601531,64.3678529424119,14.48058365758755,6.87147859922179,Amsterdam-Van Diemenstraat,Amsterdam,NL,Holandia,52.389983000188224,4.88781099987638
82,16.24399022801303,51.127161616161615,20.18013197969543,9.568817472919314,9.216346348007423,19.33060314950104,7.973309839686196,5.599787690323896,17.47074074074074,44.98236842105263,22.32784140969163,11.69357142857143,13.695599999999999,59.98759398496241,18.84448669201521,8.170128309942317,Haarlem-Schipholweg,Haarlem,NL,Holandia,52.3705,4.64232
85,7.458805237315875,51.590596562184025,15.612445820433438,9.568817472919314,3.85866974186175,18.055472819420203,7.2761624631029544,5.599787690323896,8.879999999999999,43.474845814977975,17.292972972972972,11.69357142857143,5.923000000000001,59.67137404580153,13.657237354085602,8.170128309942317,Hellendoorn-Luttenbergerweg,Hellendoorn,NL,Holandia,52.38829100007745,6.402899999997742
93,21.14324649298597,51.39464,19.36396551724138,9.757226310272536,9.631061877744033,20.176620026874517,7.3558105900283435,5.360911810663364,22.570454545454545,38.12818992248062,19.371244444444443,11.409631818181818,18.715571428571426,64.3678529424119,19.04661596958175,8.075155967078189,Nijmegen-Graafseweg,Nijmegen,NL,Holandia,51.8413800001826,5.8577719997925275
95,14.078098190672772,51.39464,15.51208538587849,8.757436823104694,7.57506363550302,20.176620026874517,6.459499539076446,4.96401679079726,18.053504120148858,38.12818992248062,18.733693693693695,10.504926470588236,10.451701066601531,64.3678529424119,14.509044943820225,6.883873517786561,Amsterdam-Vondelpark,Amsterdam,NL,Holandia,52.35971400001388,4.866208000411839
96,14.078098190672772,51.39464,20.261013513513515,9.589415971394518,7.57506363550302,20.176620026874517,8.879618289525073,5.7614570110352465,18.053504120148858,38.12818992248062,26.39846846846847,12.793165467625899,10.451701066601531,64.3678529424119,16.53308988764045,7.108435114503817,Wijk aan Zee-Burgemeester Rothestraat,Wijk aan Zee,NL,Holandia,52.49399200004851,4.601986000379324
97,14.078098190672772,51.39464,17.55057627118644,9.04066185318893,7.57506363550302,20.176620026874517,7.125506994033242,5.069053158418087,18.053504120148858,38.12818992248062,20.546875,11.82529411764706,10.451701066601531,64.3678529424119,15.682272727272727,7.049693486590038,IJmuiden-Kanaaldijk,IJmuiden,NL,Holandia,52.46304000005105,4.60177600031704
98,14.078098190672772,51.39464,14.827923588039868,7.748968973747017,7.57506363550302,20.176620026874517,6.0770802748001005,5.086051936434734,18.053504120148858,38.12818992248062,18.149823008849555,9.664543478260871,10.451701066601531,64.3678529424119,13.146432432432434,5.760072519083969,Amsterdam-Westerpark,Amsterdam,NL,Holandia,52.39397200025616,4.870156999790721
100,19.67734117647059,51.39464,15.645317725752507,8.783156626506024,10.978248705063228,20.176620026874517,6.698852059167047,4.943478448141141,25.26159722222222,38.12818992248062,17.594912280701752,11.23639705882353,15.317318007662836,64.3678529424119,14.58011049723757,6.7718461538461545,Badhoevedorp-Sloterweg,Badhoevedorp,NL,Holandia,52.33400300025121,4.7740060003231
101,21.423725029377202,51.39464,14.259011904761904,8.898442330558858,13.04589120314523,20.176620026874517,7.0644725861171835,5.578767492685465,27.59889655172414,38.12818992248062,16.61609929078014,11.96431654676259,17.145172413793105,64.3678529424119,12.298582375478926,6.847900763358779,Amsterdam-Hoogtij,Amsterdam,NL,Holandia,52.42801700027339,4.7734780002434976
102,31.83891252955083,51.39464,17.788226600985222,9.299239182692308,14.017007167732663,20.176620026874517,6.858626637300159,5.240957258099955,33.609784172661875,38.12818992248062,21.212882882882884,11.46485294117647,27.217786259541985,64.3678529424119,15.693936170212766,7.15104296875,Amsterdam-Einsteinweg,Amsterdam,NL,Holandia,52.381331000231505,4.845232999687698
137,16.56794661190965,51.39464,13.454607843137254,9.568817472919314,12.122150112374378,20.176620026874517,5.870217241302553,5.599787690323896,26.35981981981982,38.12818992248062,13.85008620689655,11.69357142857143,8.691890243902439,64.3678529424119,13.328461538461537,8.170128309942317,Harrow - Stanmore,Harrow,GB,Wielka Brytania,51.617327,-0.298775
141,22.03635,47.203900999999995,12.042263959390862,6.712802672147996,10.224398098273166,19.908274304846124,5.835316856558303,3.689294308672198,26.55333333333333,38.12818992248062,11.548542713567839,7.0088445595854925,16.773358490566036,56.011541666666666,11.551847826086956,5.743140794223827,London Harlington - UKA00472,London,GB,Wielka Brytania,51.48878999962389,-0.44161399993549455
146,23.175171026156942,51.39464,18.864187689202826,8.494393004115226,13.866788444818035,20.176620026874517,8.47135410216885,4.895827911508585,27.578977777777776,38.12818992248062,18.13678217821782,9.082284482758622,18.4814652014652,64.3678529424119,18.308840579710143,6.959433198380567,Southwark - A2 Old Kent Road,Southwark,GB,Wielka Brytania,51.4804994936467,-0.0595528932573422
147,9.493051204819277,47.913254437869824,10.693636363636363,6.4208256880733945,6.552172827061135,17.990956829922563,4.254151424824955,3.4582846545261035,14.978392857142856,36.50271186440678,11.848928571428571,8.52818181818182,7.271621848739495,53.954918032786885,11.252477064220184,5.816173913043478,Greenwich - Eltham,Greenwich,GB,Wielka Brytania,51.45258,0.070766
148,22.426436436436436,47.983887,14.182396359959554,7.831634121274409,11.418029484474557,18.151137105935543,6.578715620177004,4.144813445710177,29.443346303501944,40.90587786259542,15.565260416666668,9.137189189189188,16.048333333333336,55.418931297709925,12.251040268456375,6.174432989690722,Camden - Bloomsbury,Camden,GB,Wielka Brytania,51.52228699999999,-0.125848
149,26.4200702811245,51.39464,28.42384769539078,9.568817472919314,11.60728275523086,20.176620026874517,11.90264975703164,5.599787690323896,28.701401515151517,38.12818992248062,23.37521739130435,11.69357142857143,21.77054054054054,64.3678529424119,33.99287272727273,8.170128309942317,Ealing Horn Lane,London,GB,Wielka Brytania,51.51895,-0.265617
150,15.197436419125127,49.61868257261411,10.894466403162056,5.976454183266932,8.92632207598699,19.53759697513198,4.14338277800844,2.794254350787063,19.813931623931623,38.192096774193544,11.015483870967742,6.997096774193548,10.27033962264151,59.8592885375494,10.356739130434784,5.486521739130435,London Haringey Priory Park South - UKA00568,London,GB,Wielka Brytania,51.58412799971813,-0.1252540000016108
151,21.149839679358717,51.39464,16.909750369800115,6.58910593220339,10.141168110542663,20.176620026874517,8.751801640276929,3.036897599736252,23.491797235023043,38.12818992248062,18.589172240802675,7.084827586206897,16.53667910447761,64.3678529424119,15.521663401253917,6.179438202247192,Tower Hamlets - Mile End Road,Tower Hamlets,GB,Wielka Brytania,51.5225294860844,-0.0421550991900347
152,33.053266533066136,51.39464,18.48381763527054,9.543244897959182,14.796538433022148,20.176620026874517,7.015000488265176,3.912237117789056,35.43723404255319,38.12818992248062,17.785602836879434,10.326764705882354,26.901488549618318,64.3678529424119,17.342551319648095,8.533103448275861,Camden - Swiss Cottage,Camden,GB,Wielka Brytania,51.544219,-0.175284
153,25.04114114114114,37.188550000000006,13.235561172901921,6.850980592441267,11.91186471300697,16.646385570148542,5.363010497161176,3.342544103290943,28.52800925925926,33.926313364055304,13.58,7.760571428571429,20.521828358208957,42.38314606741573,12.88593837535014,6.120949720670391,London Hillingdon - UKA00266,London,GB,Wielka Brytania,51.49632999971629,-0.4608609995824734
154,37.64687,29.9411,19.046565656565654,10.125990721649483,14.378817597375614,15.41504456655865,6.4160960479637446,3.714469238304181,42.18162162162162,25.709251101321588,19.603043478260872,10.964723926380367,33.9914598540146,32.93363636363637,18.400584795321638,9.21860124610592,London Marylebone Road - UKA00315,Westminster,GB,Wielka Brytania,51.52252999942243,-0.15461100008049963
155,15.050214631685165,52.21214,12.353180428134555,7.132634575569358,10.088451225511937,18.87940832439086,5.340237925321785,3.9334114871783394,20.234228855721394,42.840042372881356,12.553425414364641,7.440113636363637,9.356782783882784,60.7356862745098,11.538282828282828,6.09296992481203,Kensington and Chelsea - North Ken,Kensington and Chelsea,GB,Wielka Brytania,51.5210467476039,-0.213492139585065
157,15.323236180904523,51.213033033033035,12.96866598778004,7.683178534571724,10.119957478850393,18.044362908550173,6.257142117169686,4.35329926300246,18.810533333333332,45.28504273504274,13.260280373831774,8.264497607655501,10.056461538461537,59.53805970149254,11.827703703703703,6.419740740740741,Bexley - Slade Green,Bexley,GB,Wielka Brytania,51.4659832746662,0.184877126994369
158,14.078098190672772,51.39464,13.049131868131868,6.800814249363867,7.57506363550302,20.176620026874517,5.855548177586744,3.52878725110227,18.053504120148858,38.12818992248062,14.032892156862745,7.6617460317460315,10.451701066601531,64.3678529424119,12.34875939849624,5.977142857142858,London Teddington Bushy Park - UKA00572,London,GB,Wielka Brytania,51.425285999344624,-0.3456059996846904
159,20.36682779456193,48.560312891113895,16.909750369800115,7.470660860655737,11.883711130340885,14.494504386862417,8.751801640276929,4.517421498104111,25.497886792452828,44.92532786885246,18.589172240802675,7.838260162601626,13.690833333333334,48.48980392156862,15.521663401253917,6.0070958333333335,London Westminster - UKA00435,London,GB,Wielka Brytania,51.4946699996591,-0.13193099964204494
406,27.67067067067067,51.39464,11.608324873096448,6.176461538461539,11.891325767451923,20.176620026874517,4.78676765976926,3.178936522604722,32.21511312217194,38.12818992248062,10.818461538461538,6.4084,21.404739130434784,64.3678529424119,12.459565217391305,6.27,Oldbury Birmingham Road - UKA00595,Oldbury,GB,Wielka Brytania,52.50243599946008,-2.0034969995881116
414,9.6899719,51.39464,13.173979716024341,7.544471486761711,7.050118180241789,20.176620026874517,6.799289209909688,4.2882461178528395,10.500915555555556,38.12818992248062,10.661721774193548,6.529460580912863,7.256131203007518,64.3678529424119,12.351788,6.613108870967742,Stockton-on-Tees Eaglescliffe - UKA00535,Stockton-on-Tees,GB,Wielka Brytania,54.51666699931385,-1.3585470003707398
698,22.08457027300303,44.95973973973974,13.429020202020201,7.78355759429154,10.837537514346343,17.060011697844583,5.754346363610051,3.954956859332291,28.27892523364486,38.56805429864253,15.058009950248756,9.035969387755102,16.236679104477613,49.77116104868914,11.825530303030304,6.4467803030303035,Southampton Centre - UKA00235,Southampton,GB,Wielka Brytania,50.90813999934531,-1.3957779998162605
718,18.519502538071066,50.50487684729064,15.63238866396761,8.608391393442623,9.989609319993512,16.77613953848307,6.948587660739396,4.431274745631266,24.301450777202074,43.261250000000004,15.533631840796021,9.219484536082474,13.108443579766536,52.40410447761194,13.599701492537312,7.022537313432836,Salford Eccles,Manchester,GB,Wielka Brytania,53.48481,-2.334139
731,15.23790948275862,50.42584330794342,14.771604938271604,6.832510231923601,9.185933394274768,17.14351871411895,4.805391749450803,3.126790717790312,19.747049999999998,45.46790322580645,15.003,7.0544954128440365,8.966127819548872,54.38646616541353,13.917007874015749,6.356640316205533,Bristol St Pauls - UKA00494,Bristol,GB,Wielka Brytania,51.46283899958484,-2.584481999960642
742,9.809573158425833,45.99827493261456,14.271807106598985,7.343039918116683,6.220626033684674,15.99883339167642,5.010084381678098,3.5414706574334733,15.081767676767678,40.55416666666667,14.094256410256412,7.553031914893618,6.015740601503759,49.09662921348314,12.781268656716419,5.776325757575758,York Bootham,York,GB,Wielka Brytania,53.967513,-1.086514
762,8.923254473161034,89.12630879948368,11.197732464929858,9.568817472919314,5.809150251823567,30.48411683960426,15.144908873794199,5.599787690323896,14.727692307692308,35.09470588235294,24.80418613861386,11.69357142857143,5.009121212121212,103.71951686371256,5.364545454545454,8.170128309942317,JAJCE - HARMANI,Jajce,BA,Bośnia i Hercegowina,44.34299999997694,17.26790000027696
764,12.92991959798995,51.39464,12.909949494949496,6.839276985743381,7.472001851147328,20.176620026874517,5.4143009241213305,3.4397905174493753,17.386102564102565,38.12818992248062,13.607171717171719,7.502684210526316,9.028432835820896,64.3678529424119,12.085671641791045,5.654701492537313,Newport,Newport,GB,Wielka Brytania,51.601203,-2.977281
768,11.296181818181818,51.39464,16.52447715736041,8.214978165938865,6.3615130510403635,20.176620026874517,8.960394549542539,3.522007704004216,14.80477157360406,38.12818992248062,12.742736842105263,9.046129032258065,7.965416666666666,64.3678529424119,15.67923076923077,7.441573033707865,Scunthorpe Town - UKA00381,Scunthorpe,GB,Wielka Brytania,53.58633999952715,-0.6368110004351858
794,17.893169999999998,51.39464,12.866298342541437,6.963626373626374,8.146575964848731,20.176620026874517,4.726680515694791,3.465247860695081,19.34509090909091,38.12818992248062,14.445806451612903,8.708064516129031,16.04733082706767,64.3678529424119,11.478650793650793,6.034761904761905,Storrington Roadside - UKA00548,Storrington,GB,Wielka Brytania,50.9169319993493,-0.4495479995765832
803,14.078098190672772,51.39464,12.646089613034622,6.7834,7.57506363550302,20.176620026874517,5.4310695443559736,3.235897855569941,18.053504120148858,38.12818992248062,15.43416149068323,8.3926875,10.451701066601531,64.3678529424119,10.802848297213623,5.519484076433121,Barnstaple A39,Barnstaple,GB,Wielka Brytania,51.074793,-4.041924
804,5.091277551020409,51.34233935742972,10.638708036622583,5.7748453608247425,3.234067798222483,17.207876391315427,4.813122576885908,3.022607494335534,6.388194570135746,47.43636363636364,8.999933333333333,5.7846153846153845,3.443143396226415,55.68484848484848,11.443463855421687,5.241107784431137,Wicken Fen - UKA00362,Wicken Fen,GB,Wielka Brytania,52.298499999747406,0.2909169999720914
824,11.973772772772774,48.86067,14.251389452332658,5.152774569402228,7.309770192143068,16.603360654883577,6.163157935055443,3.867112464878142,15.823233830845771,42.48401826484018,12.314712041884817,5.864664893617022,8.027677902621722,52.639700374531834,12.917854545454546,3.8197102473498235,Middlesbrough - UKA00220,Middlesbrough,GB,Wielka Brytania,54.56929699927123,-1.2208739999753224
865,12.473637,51.39464,11.96789046653144,7.007849133537206,6.794288390697515,20.176620026874517,5.726196087868559,4.094966417553332,15.271849999999999,38.12818992248062,12.253084577114427,7.523061224489796,9.287721189591078,64.3678529424119,10.247565543071161,5.230861423220974,Chesterfield Roadside,Chesterfield,GB,Wielka Brytania,53.231722,-1.456944
938,19.87854862119013,45.184753623188406,15.873136094674557,9.82532738095238,10.051175011478401,18.608284755727514,6.324850922146444,4.6271690894518684,25.94909090909091,37.43789772727273,16.387093023255815,10.556666666666667,13.66909090909091,51.436136363636365,15.526420454545455,8.777443181818182,Nottingham Centre,Nottingham,GB,Wielka Brytania,52.95473,-1.146447
946,10.805661661661661,54.32416416416416,23.82639558232932,7.778787878787878,5.443196694420467,15.448052107139162,13.125456923758026,4.019471911127418,14.348,50.443306451612905,25.297315789473682,8.211927083333334,7.719737827715356,54.00639097744361,24.752435064935064,7.666587837837838,Port Talbot Margam - UKA00501,Port Talbot,GB,Wielka Brytania,51.58394999974007,-3.770821999891542
955,11.920541582150102,51.537349999999996,8.822491353001018,4.862244648318043,7.541518121737998,15.226155519020205,4.120457748442164,2.6348295110558895,15.462713178294575,52.91040590405904,7.733201970443349,4.40843137254902,7.4477603686635945,47.35962441314554,8.2063671875,4.348984375,Edinburgh St Leonards - UKA00454,Edinburgh,GB,Wielka Brytania,55.94558899935107,-3.182185999735141
968,10.908478723404254,51.39464,7.8286172972972965,4.368304207119741,6.6341823960839035,20.176620026874517,4.129194568449889,2.6969086454923374,15.295343137254902,38.12818992248062,7.063907317073172,4.596106796116505,7.182873134328358,64.3678529424119,7.379473684210526,3.885887640449438,Inverness - UKA00434,Inverness,GB,Wielka Brytania,57.48130799949637,-4.241450999599163
1396,21.283183183183183,51.39464,17.649002016129035,8.645158648925282,10.100746350203027,20.176620026874517,7.3350817260165595,4.01639205299611,24.904818181818182,38.12818992248062,17.385721649484537,8.846524064171122,15.413270676691731,64.3678529424119,14.598082706766919,7.1745283018867925,Leeds Headingley Kerbside - UKA00527,Leeds,GB,Wielka Brytania,53.819971999290644,-1.5763609997630645
1731,13.993133133133133,51.39464,16.909750369800115,6.010313725490197,8.378887587723604,20.176620026874517,8.751801640276929,3.193527888343825,17.135247933884294,38.12818992248062,18.589172240802675,6.700322580645161,9.499430894308944,64.3678529424119,15.521663401253917,5.5548913043478265,Sunderland Wessington Way - UKA00601,Sunderland,GB,Wielka Brytania,54.91838999971223,-1.4083910003788254
1795,6.982595141700405,61.15551351351351,11.644409368635438,6.750531697341514,4.508838542809363,16.14644797905249,5.062280050965928,3.4271359354538564,7.9729237288135595,54.72880341880342,10.902857142857144,7.15751724137931,5.626377358490566,67.410152,11.74811209439528,6.107865497076023,St Osyth - UKA00445,St Osyth,GB,Wielka Brytania,51.77797999972355,1.0490309995835538
2051,16.53816348195329,48.63075949367089,14.13758807588076,6.528866396761134,8.04669453940186,15.859952782832277,4.839796034307386,2.9009014553665344,18.758,44.838857142857144,14.04111111111111,5.955517241379311,12.491940298507464,50.31492537313433,12.55255905511811,5.912619047619048,Newcastle Centre - UKA00213,Newcastle,GB,Wielka Brytania,54.97824999961563,-1.6105280002846825
2278,7.1431520618556705,54.49906976744186,14.475030549898166,9.568817472919314,4.548562936881375,17.1143666873624,6.125543912614245,5.599787690323896,10.033287671232877,47.88388392857143,15.013832599118942,11.69357142857143,5.3146146788990825,60.66641509433963,13.994545454545454,8.170128309942317,Biddinghuizen-Kuilweg,Biddinghuizen,NL,Holandia,52.4232,5.59338
2279,18.626127320954907,48.90460141271443,18.260480081716036,9.568817472919314,9.305993313892634,19.911262064154347,7.214698306282566,5.599787690323896,23.6371875,38.29017621145375,19.256233183856505,11.69357142857143,13.997920792079208,59.37593984962406,17.650950570342204,8.170128309942317,Utrecht-Constant Erzeijstraat,Utrecht,NL,Holandia,52.0677,5.12051
2280,12.30959550561798,53.997089627391745,16.909750369800115,9.011776507276506,7.080996603521202,20.04936201545672,8.751801640276929,5.211177046217385,17.342048192771085,42.714385964912275,18.589172240802675,11.146313364055299,8.855149253731343,64.37481203007519,15.521663401253917,6.670170634920635,Utrecht-Griftpark,Utrecht,NL,Holandia,52.10132700002691,5.128210999995829
2281,17.82950704225352,47.566028282828285,16.188970438328237,9.171604119464469,9.468941750484468,18.9468064397173,6.818088191860121,5.335860949238828,21.172916666666666,38.69272246696035,16.588640350877192,11.786514018691587,15.47796875,54.93901515151515,16.38403041825095,6.661814559386973,Breukelen-Snelweg,Nieuwersluis,NL,Holandia,52.201506000025724,4.9873669996480725
2282,18.526032085561496,47.15867272727272,16.909750369800115,9.568817472919314,9.851301209667415,18.034898891410457,8.751801640276929,5.599787690323896,23.564854368932036,40.924558823529416,18.589172240802675,11.69357142857143,12.80145038167939,52.709623430962345,15.521663401253917,8.170128309942317,Exeter Roadside - UKA00263,Exeter,GB,Wielka Brytania,50.72508299974233,-3.5324649995952093
2283,14.078098190672772,51.39464,15.363717339667458,10.08291169451074,7.57506363550302,20.176620026874517,6.571010367287495,5.232190352487756,18.053504120148858,38.12818992248062,18.946197183098594,11.777028985507247,10.451701066601531,64.3678529424119,14.147384615384617,8.441603053435113,Velsen-Staalstraat,Velsen-Noord,NL,Holandia,52.47440000016803,4.628800000144586
2285,6.764652631578947,49.589424974823764,15.960910931174089,9.568817472919314,2.976048202987775,18.453205887128743,7.089220292585095,5.599787690323896,8.39952380952381,41.19513725490196,15.099486166007905,11.69357142857143,5.752445652173913,57.362500000000004,16.993533834586465,8.170128309942317,Wijnandsrade-Opfergeltstraat,Wijnandsrade,NL,Holandia,50.90232499993781,5.881694999987935
2286,14.464777777777776,49.87621,11.41203821656051,6.4142222222222225,8.191627263898681,16.835556857752312,4.683225143993567,3.434122832979143,19.325781990521328,43.453125,9.948064516129032,6.075806451612903,10.726629213483147,53.316104868913854,11.630808080808082,6.327346938775511,Manchester Sharston - UKA00617,Manchester,GB,Wielka Brytania,53.37130599925776,-2.2392179996844
2288,20.852445520581114,51.39464,19.198831967213117,8.722516597510372,10.904349206911538,20.176620026874517,8.04182158650463,5.455938816596166,24.653333333333336,38.12818992248062,18.66187214611872,9.989300469483569,17.72587786259542,64.3678529424119,17.903684210526315,7.097358490566037,Breda-Tilburgseweg,Breda,NL,Holandia,51.5935,4.82494
2290,6.5917318435754195,54.29717557251909,13.662157721796275,9.568817472919314,3.569181803838729,16.849680584248276,6.178500432783313,5.599787690323896,7.388529411764706,48.409492385786805,13.059843749999999,11.69357142857143,5.318435754189944,58.012213740458016,13.131368821292776,8.170128309942317,Valthermond-Noorderdiep,Valthermond,NL,Holandia,52.8757,6.93243
2292,13.828808290155441,50.7064631043257,22.033880208333333,8.49705430463576,8.21037671784104,20.983660861327877,10.556270431349814,5.4349565115273,19.556206896551725,40.877272727272725,22.823708920187794,10.239825870646765,10.207053571428572,63.04482758620689,18.502528735632183,6.625099415204678,Breda-Bastenakenstraat,Breda,NL,Holandia,51.6031,4.78102
2298,5.803401785714286,56.18978851963746,16.909750369800115,6.732222399150743,2.9741816243886996,17.364352941593623,8.751801640276929,4.314746522362526,8.082291666666666,48.382236842105264,18.589172240802675,7.9954494949494945,4.361576271186441,63.335094339622636,15.521663401253917,4.962709433962264,Groningen-Nijensteinheerd,Groningen,NL,Holandia,53.2465,6.60894
2305,13.371833333333333,51.39464,14.643225806451612,8.54304347826087,8.156661585483565,20.176620026874517,7.085085933972387,5.714263505724905,16.90174193548387,38.12818992248062,15.332287581699347,10.992364864864864,10.257878787878788,64.3678529424119,13.898598484848485,6.599166666666667,Amsterdam-Spaarnwoude,Halfweg NH,NL,Holandia,52.398436999986856,4.728581000047177
2306,18.280487106017194,51.39464,18.724831115660184,9.568817472919314,8.318610560580268,20.176620026874517,7.294805907957292,5.599787690323896,23.816923076923075,38.12818992248062,18.86152466367713,11.69357142857143,14.837425742574256,64.3678529424119,18.26249027237354,8.170128309942317,Eindhoven-Noordbrabantlaan,Eindhoven,NL,Holandia,51.444157000105974,5.444832999870534
2307,14.078098190672772,51.39464,22.473253588516744,11.381660561660562,7.57506363550302,20.176620026874517,11.881518388734808,6.9819634677561115,18.053504120148858,38.12818992248062,23.700584415584416,14.220866666666668,10.451701066601531,64.3678529424119,20.157727272727275,8.269576923076924,Velsen-Reijndersweg,Velsen-Noord,NL,Holandia,52.47887099977227,4.579342999750791
2314,14.350205128205127,51.91458585858586,16.909750369800115,8.94785889570552,7.686209729719072,19.862497518300966,8.751801640276929,5.180676890576396,18.509583333333335,40.65947368421053,18.589172240802675,10.36870093457944,10.899099099099098,62.52992424242425,15.521663401253917,7.245757575757576,Nijmegen-Ruyterstraat,Nijmegen,NL,Holandia,51.83822100017563,5.8569380002894915
2316,26.17859929078014,44.148097484276725,16.55882258064516,9.065647509578545,10.63551486964885,18.832670590534534,6.519411432705528,5.91571579776178,28.50375,29.184954954954957,18.582692307692305,12.81725,23.468663101604278,54.080219780219785,15.437857142857142,5.803948453608247,Rotterdam Noord-Statenweg,Rotterdam,NL,Holandia,51.92711100016451,4.461343999697929
2321,19.64322235434007,49.006861575178995,17.149868263473053,8.462773437500001,10.664642994461158,18.522610595720483,6.992533195217727,5.881381940028119,22.580296296296297,39.94406015037594,19.432985074626867,11.396071428571428,16.46837837837838,55.816602316602314,15.780813953488371,6.784010989010989,Hoogvliet-Leemkuil,Hoogvliet,NL,Holandia,51.867411000019175,4.355241999807056
2324,28.53019002375297,51.39464,17.824909963985593,9.404168674698795,12.888232701790452,20.176620026874517,6.95760038712571,5.732346306828113,32.39699248120301,38.12818992248062,20.156307692307692,11.878125,24.681335877862598,64.3678529424119,15.85675572519084,7.295343511450382,Rotterdam Zuid-Pleinweg,Rotterdam,NL,Holandia,51.89114700019903,4.480689999977426
2659,11.091330792682928,45.383763277693475,12.428341085271317,8.500122699386504,7.3241179118438815,22.8884426333676,5.524215146884692,5.531507461163679,14.799225609756096,35.72762195121951,11.186875,8.669,8.014166666666668,45.468639053254435,13.21656626506024,9.391272727272726,ES1697A,Gipuzkoa,ES,Hiszpania,43.309444439464,-2.01111111
2669,24.385602409638555,44.904344344344345,16.12050454086781,9.8055,8.515140115965611,22.22500875080802,8.113319946437594,5.597236752304854,25.796781115879828,33.67643776824034,16.669478260869564,10.633286956521738,22.073716475095786,60.746283524904214,15.899042145593869,9.686639846743295,München/Stachus,München,DE,Niemcy,48.13725200011463,11.564923999614544
2672,19.1,51.39464,12.022824795081966,9.568817472919314,9.524919397938412,20.176620026874517,7.488429225387037,5.599787690323896,29.413607305936072,38.12818992248062,15.166061983471074,11.69357142857143,11.941492537313433,64.3678529424119,11.328901515151514,8.170128309942317,Chambéry Trafic,CHAMBÉRY,FR,Francja,45.56942999992958,5.932985999967472
2676,1.3255214285714285,58.529529529529526,7.702675510204082,4.808797786720322,0.8499415464487663,20.86180838222882,4.921133272448683,3.1565214352756468,2.050337899543379,46.088839285714286,5.3196909871244635,4.158793991416309,0.9770344827586207,72.02916666666667,10.412145748987855,6.22767716535433,Drôme Rurale Sud-SND,SAINT-NAZAIRE-LE-DÉSERT,FR,Francja,44.5694430002562,5.27897200043165
2678,11.299718875502009,56.91002006018054,14.188657616892911,9.568817472919314,5.441247614222455,25.14224044946819,7.346881997385218,5.599787690323896,16.834579439252337,32.556936936936935,16.012129032258066,11.69357142857143,7.850970149253731,79.21412213740457,13.78045197740113,8.170128309942317,Valence Périurb. Sud,PORTES-LÈS-VALENCE,FR,Francja,44.87024300025047,4.876288999633118
2679,13.558393574297188,53.736746746746746,13.270825780463243,8.019587525150905,8.252624435906407,22.056624153869443,7.7745908850757175,5.143980963999697,20.346818181818183,35.21986111111111,13.085133928571429,9.922568181818182,8.802771535580526,68.59701492537313,14.567148288973383,7.618458646616541,SAINT ETIENNE SUD,SAINT-ÉTIENNE,FR,Francja,45.420089999725384,4.395422000345383
2680,43.06792585170341,51.39464,20.88747210743802,9.568817472919314,15.674462790085864,20.176620026874517,9.966270077555937,5.599787690323896,47.62722466960352,38.12818992248062,23.716754464285714,11.69357142857143,41.85281368821293,64.3678529424119,19.855095057034223,8.170128309942317,Lyon Périphérique,VILLEURBANNE,FR,Francja,45.774819999808635,4.898572000411539
2681,34.283417338709675,51.39464,21.390730964467004,9.568817472919314,11.760306672553845,20.176620026874517,8.820945467278026,5.599787690323896,35.21568627450981,38.12818992248062,22.012669322709165,11.69357142857143,31.41254752851711,64.3678529424119,21.462380952380954,8.170128309942317,Place de l'Opéra,PARIS 2E ARRONDISSEMENT,FR,Francja,48.8702740002815,2.332500000221789
2684,2.177047033285094,56.709219858156025,12.864691535150646,7.155269286754003,1.3609771216604685,18.271423838278576,6.253584714362854,4.1767261450031254,2.836372832369942,46.83005464480874,12.59342541436464,8.956627906976744,1.9010564971751414,64.80112359550562,13.561022727272727,5.990561797752808,NET-FR058A,ATMO NOUVELLE-AQUITAINE,FR,Francja,46.143173,-0.396042
2686,6.133878172588832,59.98668668668668,16.39825282631038,9.568817472919314,3.8488228814198995,19.284328341222487,7.411723809270152,5.599787690323896,8.851486111111111,46.365450450450446,19.73642857142857,11.69357142857143,4.195522900763359,66.29011406844106,13.364624060150375,8.170128309942317,Aytré,AYTRÉ,FR,Francja,46.135136000077324,-1.1170860000692169
2688,11.874777448071217,52.48701337295691,11.418795888399412,6.814082474226804,5.733837937951181,21.662372423472313,5.993305089925276,3.9856670859508085,15.87909604519774,36.163258426966294,13.27561403508772,9.039970238095238,8.45268156424581,71.38156424581005,9.991731843575419,5.601564245810056,FR32005,Saône-et-Loire,FR,Francja,46.6666401423631,4.36666568034079
2690,3.942114402451481,60.096836836836836,10.092332661290321,6.871753292806485,2.6394072185675133,24.362367913343192,6.655396570249393,4.776721767912539,6.283168724279835,42.74861660079051,10.97108487084871,8.560041666666667,2.24637984496124,80.92423076923076,10.6488,6.79856,St Germain/Rhône,SAINT-GERMAIN-SUR-RHÔNE,FR,Francja,46.072224000206376,5.820833000425056
2693,14.32850683491062,49.07310776942356,12.403104925053533,8.603356297093649,7.436974390429256,21.80559029230575,7.163041965467876,6.367559127694287,19.35342857142857,35.03502762430939,16.377596153846152,13.826492610837438,9.568513011152415,61.992916666666666,10.90550185873606,6.173234200743494,Montbéliard centre,MONTBÉLIARD,FR,Francja,47.5103069998648,6.793999999555329
2695,9.803987421383649,49.27283626373627,15.319817813765182,9.568817472919314,6.074717579472791,18.218617091138803,9.118786644920982,5.599787690323896,12.109766355140188,40.22116990291262,17.713852140077822,11.69357142857143,7.038536,58.543820224719106,13.433265306122449,8.170128309942317,St Omer Ribot,SAINT-OMER,FR,Francja,50.74823000023542,2.2597799999566677
2696,16.639508032128514,49.39590772316951,16.92528992878942,9.298008171603676,9.00394323771958,23.23645072883129,9.43477384614342,5.780309978874481,23.49169724770642,27.17626728110599,18.818093023255813,12.537920792079207,11.44421052631579,69.0063670411985,17.279391634980986,7.8876691729323305,LYON Centre,LYON 3E ARRONDISSEMENT,FR,Francja,45.757731999933235,4.854214000165473
2699,17.67049926578561,51.39464,16.909750369800115,9.567287630402385,8.04370674998653,20.176620026874517,8.751801640276929,5.20334336598205,21.615224719101125,38.12818992248062,18.589172240802675,10.466411764705882,13.061137724550898,64.3678529424119,15.521663401253917,8.790119760479042,FR30036,Meurthe-et-Moselle,FR,Francja,48.6963231696882,6.14612046034746
2702,6.4050087051142555,55.70715336134454,13.963857290589452,6.359349524815206,3.6183156088489623,16.03983602901395,6.539474617552149,3.8410541099808135,7.153453608247423,50.2327619047619,15.527123287671234,7.659668246445498,5.187537313432836,57.118395522388056,12.846179775280898,5.22422641509434,Saint Brieuc Balzac,SAINT-BRIEUC,FR,Francja,48.51351000028169,-2.7495299998128857
2704,7.450030272452068,56.90263263263264,14.257327935222673,9.568817472919314,4.146298007958402,17.895600750704997,6.615829926682915,5.599787690323896,9.540240963855421,49.27422310756972,15.941789883268482,11.69357142857143,5.562425373134328,62.076492537313435,13.757923076923078,8.170128309942317,Saint-Lô Eglise,SAINT-LÔ,FR,Francja,49.11639000009266,-1.084722000069518
2707,10.333543346774194,52.03553106212425,12.153046558704453,7.5885991820040894,6.461967250993492,19.660129877213517,6.495451009707637,4.7610500657562955,12.80515873015873,43.06485232067511,13.58948,10.023982300884956,7.336035856573705,60.743199999999995,12.311535580524344,6.338148148148148,Evreux Centre,ÉVREUX,FR,Francja,49.02133999977332,1.1483189995666427
2708,7.054251515151515,55.07948948948949,10.917825203252033,7.523775303643724,4.5469194234169406,18.301353636534618,5.6592891927140485,4.760628424596847,9.409402390438247,45.9513671875,12.560750988142292,9.797543103448277,4.9406329588014986,63.48283582089553,10.558939393939394,6.042,Alençon Météo-France,CERISÉ,FR,Francja,48.445553000017455,0.11083299979257102
2714,19.820592592592593,51.39464,13.138352272727273,9.568817472919314,10.433380570591677,20.176620026874517,6.534871143871422,5.599787690323896,25.692307692307693,38.12818992248062,12.430309278350515,11.69357142857143,17.180337078651686,64.3678529424119,13.748395061728393,8.170128309942317,FR07039,,FR,Francja,45.7747754785278,3.06296765795665
2715,15.852489959839357,51.39464,16.000934844192635,9.568817472919314,7.850801119374984,20.176620026874517,8.894787989881898,5.599787690323896,21.364529914529914,38.12818992248062,15.765591397849462,11.69357142857143,11.48814393939394,64.3678529424119,14.230454545454545,8.170128309942317,C.C.3 Frontières,VILLAGE-NEUF,FR,Francja,47.59491299999957,7.568174999691131
2719,14.078098190672772,58.502650602409645,16.909750369800115,7.899032258064516,7.57506363550302,21.248089465738285,8.751801640276929,4.376235709849767,18.053504120148858,35.119220779220775,18.589172240802675,11.77977777777778,10.451701066601531,72.29333333333332,15.521663401253917,7.886222222222222,FR03064,Var,FR,Francja,43.1322279826256,5.99220311956643
2720,14.13154078549849,56.0306006006006,15.522798395185557,8.759920362903227,8.083609371210919,20.023933526342304,9.00819017636125,5.632604522785135,20.87021551724138,37.94838427947598,17.346435986159168,11.863331896551724,9.682046332046333,70.38320610687023,15.781269841269841,7.814346153846154,Montpellier Prés d'Arènes,MONTPELLIER,FR,Francja,43.591500000324274,3.886809999908339
2721,2.696892018779343,71.67931185944363,5.905518731988473,3.7529264069264068,1.1587132656077817,18.660284663405253,4.998994136234556,2.9919491687512445,2.785,64.26267759562842,3.695186813186813,2.6590494505494506,2.3202242424242425,82.7469512195122,7.2142060606060605,4.433551515151516,NET.10,Umweltbundesamt,AT,Austria,47.83861109946592,14.441388889
2725,6.288816860465117,51.39464,12.958981900452489,9.568817472919314,2.9531414543959187,20.176620026874517,6.89320470130204,5.599787690323896,8.320862068965516,38.12818992248062,12.786011235955055,11.69357142857143,4.784611111111111,64.3678529424119,11.98411111111111,8.170128309942317,AT0KLH1,Steiermark,AT,Austria,46.7527527861509,15.9566845602866
2727,18.90548548548549,51.39464,16.577707910750508,8.356915492957746,10.141596881860755,20.176620026874517,10.058976495747878,5.085569734411904,21.620928270042192,38.12818992248062,15.204623655913979,8.202801418439716,15.665576923076923,64.3678529424119,18.019333333333336,9.118360465116279,ERANDIO,ERANDIO,ES,Hiszpania,43.30268000004976,-2.9772400002751915
2728,7.213698924731183,39.853100303951365,14.559284603421464,9.948801261829653,4.312568884085617,22.03853465763961,7.3825734091586375,5.877768338924628,9.290920245398773,28.990658682634727,15.648975903614458,11.117865853658536,5.945426829268293,41.13818181818182,13.898993710691824,11.420272108843537,ES1598A,Bizkaia,ES,Hiszpania,43.2130555494641,-3.13444444
2729,6.294671755725191,54.63528963414634,10.264115805946792,9.568817472919314,4.318412804549924,18.31899175302182,5.633617978607329,5.599787690323896,6.565723270440252,50.099382716049384,8.804907975460123,11.69357142857143,5.960828402366864,50.705988023952095,10.907560975609755,8.170128309942317,ES0587A,Bizkaia,ES,Hiszpania,43.320833329464,-3.11305555
2730,17.97767267267267,51.39464,20.470246153846155,6.971532724505327,9.213027658460211,20.176620026874517,9.153763189247973,4.129198559062307,23.37365269461078,38.12818992248062,19.62858024691358,7.286567073170732,13.299588235294117,64.3678529424119,22.037904191616764,7.020714285714286,ES1494A,Gipuzkoa,ES,Hiszpania,43.322777769464,-1.96027777
2731,14.758714069591528,36.647003012048195,15.416380368098158,9.525351681957186,8.203320337277994,20.385252378470273,7.738878374224688,5.531356898723992,15.109693251533743,29.809096385542173,14.09012048192771,9.247499999999999,14.023254437869822,36.88767857142857,16.587454545454545,10.230243902439025,ES1349A,Araba/Álava,ES,Hiszpania,43.1444444394642,-2.9633333300000007
2732,13.135631659056317,51.39464,15.773076923076923,7.485189735614307,7.550660422058462,20.176620026874517,6.416356251047855,5.673256811176829,19.56780487804878,38.12818992248062,14.299342105263158,8.441456953642385,8.627041420118344,64.3678529424119,15.067471264367814,6.988766467065869,ES1499A,Gipuzkoa,ES,Hiszpania,43.0483333294643,-2.19111111
2733,9.298093333333332,41.86219402985074,12.819878048780488,8.193433734939758,5.849800601882119,19.92131211403899,5.885691018370839,3.8592114019761206,14.499181286549709,32.96953488372093,12.933040935672516,9.084204545454545,5.704888888888889,42.076190476190476,12.46079268292683,7.684939759036145,ES1501A,Gipuzkoa,ES,Hiszpania,43.1799999994641,-2.26805555
2734,13.764969696969695,51.39464,10.72553516819572,10.51897435897436,8.77099512813543,20.176620026874517,6.301650427085997,6.6581583309777725,20.585398773006137,38.12818992248062,10.126385542168675,10.802048192771085,9.38360946745562,64.3678529424119,12.019520958083833,10.621796407185629,ES1492A,Araba/Álava,ES,Hiszpania,42.8555555494646,-2.66805555
2736,20.585497553017944,42.34395121951219,16.780065789473685,10.73830220713073,11.798652463577564,22.842425315567745,9.89679063661827,7.897448126358007,24.573048780487806,34.274146341463414,14.577590361445784,9.847730061349694,14.882014925373134,44.38676470588236,17.22858208955224,11.270902255639097,ES1713A,Bizkaia,ES,Hiszpania,43.2549999994641,-2.90222222
2738,8.806105504587157,56.069970059880234,11.642896341463414,7.36179963898917,5.2896281984054685,21.33879440422512,6.898444906843132,3.984156250058766,12.30322641509434,44.48575581395349,8.660470588235293,7.142737288135593,6.437380952380953,59.77117647058824,14.25670731707317,7.823613095238095,ES1544A,Araba/Álava,ES,Hiszpania,42.8491666594646,-2.47722222
2740,16.441396054628225,51.39464,14.13304747320061,9.691919083969466,9.785092463652749,20.176620026874517,8.128796162308193,5.947751523953424,20.73574074074074,38.12818992248062,13.538048780487804,9.497256097560975,12.949408284023667,64.3678529424119,14.664371257485028,10.40739393939394,ES1595A,Bizkaia,ES,Hiszpania,43.29833332946399,-2.93027777
2741,18.719932812499998,51.39464,20.19873417721519,9.539120234604106,9.660423069150644,20.176620026874517,10.884586555388612,4.8505290603101106,22.37754487179487,38.12818992248062,19.466796116504852,8.187415730337078,15.062666666666667,64.3678529424119,19.754060606060605,9.53448275862069,ES0805A,Bizkaia,ES,Hiszpania,43.2411111094641,-2.88416666
2742,19.004784784784782,49.44359719438878,24.73643504531722,10.545185929648241,10.606100577859147,20.955438104332373,9.899453287082332,4.895970239710597,27.95121848739496,40.630840336134455,27.97694214876033,12.909471544715448,11.274674329501917,53.09423076923077,22.64771863117871,9.122878787878788,CONSTITUCIÓN,GIJÓN,ES,Hiszpania,43.529900000007785,-5.6734999998595255
2746,17.46063559322034,45.66733850493653,15.088818311874107,11.543968526466381,8.672847010486395,24.014810890952074,8.52980147200132,6.9057950652512625,23.37950819672131,28.96045355191257,18.377364161849712,15.638173410404624,12.097486033519552,65.82787709497207,12.045921787709496,7.843743016759777,NET.04,Amt der Oberösterreichischen Landesregierung,AT,Austria,48.22527779946668,14.238888890000002
2748,17.603215297450426,46.50359773371105,15.493055162659124,10.131604255319148,9.336365581494315,25.098646406432245,8.384413757216036,6.191067730209278,24.24530386740331,30.067292817679558,17.27950276243094,12.990033519553071,11.405921787709497,67.98337078651686,13.315027932960893,7.076256983240224,NET.04,Amt der Oberösterreichischen Landesregierung,AT,Austria,48.16499999946656,14.035556000000001
2752,11.953544176706826,58.70238190954774,14.218809283551968,9.568817472919314,6.890881192350631,24.893079421263128,7.736536483632735,5.599787690323896,16.995341365461847,41.65052208835341,15.475080645161292,11.69357142857143,7.081023622047244,79.64291338582677,12.737047244094489,8.170128309942317,Wiener Neustadt,2700 Wiener Neustadt,AT,Austria,47.814166999937704,16.254999999598795
2757,22.04205091937765,44.10108603667137,17.154101838755306,12.012879603399435,9.004193131336764,24.171350759683904,8.866176546320332,7.0649065780883005,26.738956043956044,27.765245901639343,20.093626373626375,15.960955801104973,17.001508379888268,64.36089385474861,13.658882681564245,8.164972067039105,NET.04,Amt der Oberösterreichischen Landesregierung,AT,Austria,48.27444444346679,14.314722200000002
2758,25.99125,51.39464,15.85385135135135,10.426245197740114,7.476173609780302,20.176620026874517,7.468082496618547,6.022541558453062,29.443238095238094,38.12818992248062,18.850533980582526,14.649737623762375,25.23125,64.3678529424119,14.18328125,7.923515625,Enns Kristein - A1 Westautobahn,4470 Enns,AT,Austria,48.209443999983016,14.436944000080794
2761,12.10324949698189,44.77773556231003,14.801229838709677,9.568817472919314,7.500073715926735,22.891972440021608,6.810592354084812,5.599787690323896,19.189803921568625,31.99336614173228,16.94596,11.69357142857143,6.760948616600791,58.892913385826766,12.52695652173913,8.170128309942317,Mürzzuschlag Roseggerpark,8680 Mürzzuschlag,AT,Austria,47.604721999960276,15.673056000049757
2764,3.357471659919028,74.89427710843373,8.606749492900608,6.2814139676113365,1.9159729028206378,20.81458363356594,4.918470962428109,3.6620481183570406,4.351857723577236,61.179607843137255,7.248389763779527,5.872729411764706,2.190192771084337,91.04016064257029,8.984875502008032,5.8512329317269085,Grünbach bei Freistadt,4264 Grünbach,AT,Austria,48.53110999980738,14.574722000058197
2766,10.959230150753768,44.862469879518066,13.8569898989899,9.568817472919314,8.628775876394387,22.783589406750053,6.442958268814847,5.599787690323896,20.09835164835165,30.828837209302325,16.846532258064514,11.69357142857143,4.433785714285714,58.99251968503937,11.847857142857142,8.170128309942317,Liezen Pyhrnbach,8940 Liezen,AT,Austria,47.56543899973233,14.244675999684107
2770,11.282639839034205,51.39464,17.05889224572004,9.568817472919314,7.100557779110295,20.176620026874517,7.81039823221819,5.599787690323896,18.299656,38.12818992248062,21.56936,11.69357142857143,6.0523715415019765,64.3678529424119,14.242007874015748,8.170128309942317,Bruck an der Mur Flurgasse,8600 Bruck an der Mur,AT,Austria,47.40944299996983,15.253333000357205
2773,16.582169014084506,51.39464,16.43867418899859,9.37372778561354,9.339164909807444,20.176620026874517,9.768429789691204,6.6727458737017455,19.679945355191254,38.12818992248062,16.544207650273226,12.33560655737705,12.353722222222222,64.3678529424119,14.30938888888889,5.8036312849162,NET.03,Amt der Niederösterreichischen Landesregierung,AT,Austria,48.08388888835528,16.33027777777778
2899,11.451706970128024,55.99768901569187,17.3081884057971,9.568817472919314,7.230158461893946,23.149145700256895,8.73170214807904,5.599787690323896,13.376444444444445,38.3947191011236,17.455459770114942,11.69357142857143,8.2285,72.86888888888889,17.081022727272728,8.170128309942317,AT10003,Burgenland,SK,Słowacja,48.1094443994665,17.0713889
2914,31.52287287287287,51.39464,28.847314343845373,9.568817472919314,11.540020346344416,20.176620026874517,13.336849618607697,5.599787690323896,35.28451505016722,38.12818992248062,27.124486301369863,11.69357142857143,28.305862068965517,64.3678529424119,31.544502369668248,8.170128309942317,AVENIDA JUAN XXIII,MÁLAGA,ES,Hiszpania,36.70729999972174,-4.446000000297394
2915,4.725297429906542,60.19922363847045,9.130855450236966,4.654961538461539,6.651839579106586,21.18270336350755,6.203622496853725,3.2403930239961105,2.8724545454545454,59.82631578947369,5.460299516908212,4.6212,7.626793248945147,63.4844262295082,14.082542372881356,8.170128309942317,Lazaropole,None,MK,Macedonia Północna,41.535829999785626,20.698900000171665
2916,27.361251461988303,51.39464,15.485530660377359,9.976745283018868,9.336629907728087,20.176620026874517,6.957868127509635,5.10927783280799,28.515096153846155,38.12818992248062,16.156116504854367,11.350294117647058,24.734823008849556,64.3678529424119,14.819822222222223,8.906548672566371,Hagen Graf-von-Galen-Ring,Hagen,DE,Niemcy,51.36281799989878,7.463549999908939
2918,22.915040935672515,22.894750585480093,32.14126815642458,27.91873949579832,12.376380805493362,18.53802299296082,24.86510572662497,23.218013701909793,23.25982832618026,10.197583690987123,45.19830909090909,46.91875,21.323739837398374,38.11386178861789,17.470444444444443,9.766153846153845,Kumanovo,None,MK,Macedonia Północna,42.13555999972074,21.71473999992518
2919,8.471572805139186,45.103641304347825,28.955581395348837,14.6358,11.10447339272038,30.38430916645379,18.04573226136767,10.73881827905884,6.623922413793103,17.84540322580645,47.061229946524065,28.477117647058822,8.975210084033613,76.69682634730539,21.506666666666668,10.29940119760479,Gazi Baba,None,MK,Macedonia Północna,42.003610000119245,21.463620000176764
2920,9.547110332749561,50.56351211072664,11.816349206349207,6.620034904013962,8.656867037117502,17.651439313195095,6.597488405138077,4.177677190983801,13.894636871508379,46.05301675977653,12.777206703910615,8.354124293785311,5.985447154471545,45.91811023622048,9.180409836065573,4.45056,ES1867A,A Coruña,ES,Hiszpania,43.48055554946381,-8.24138888
2922,10.695344070278185,52.652252747252746,11.503752151462995,5.895340753424658,6.387495389596504,16.846306329108668,6.270517772757302,4.283671558677726,13.886466666666665,49.971333333333334,10.765,6.098083333333333,7.253166666666666,50.862096774193546,13.346101694915255,7.165130681818183,PUYO,DONOSTIA-SAN SEBASTIÁN,ES,Hiszpania,43.302777770142654,-1.9844444402843806
2923,13.288952668680766,49.94713139418255,16.909750369800115,9.568817472919314,6.232622479708847,21.623954876334775,8.751801640276929,5.599787690323896,16.824411764705882,34.686764705882354,18.589172240802675,11.69357142857143,10.967607843137253,63.31015625,15.521663401253917,8.170128309942317,ALAGÓN,ALAGÓN,ES,Hiszpania,41.76279999970938,-1.1432999997848563
2924,2.4286331658291456,58.28974248927039,12.045098901098902,9.568817472919314,1.1777251633841987,17.437963066108047,6.894714979517817,5.599787690323896,2.9328358208955225,50.01227941176471,11.553837209302326,11.69357142857143,2.0699547511312217,62.05363636363636,15.008064516129032,8.170128309942317,MEDINA DE POMAR,MEDINA DE POMAR,ES,Hiszpania,42.95190000018525,-3.47530000041445
2925,17.377915831663326,59.24799176107106,13.481977107180022,6.440777777777777,9.535259176741492,18.06565299477899,9.14450606030612,4.1467480235161895,22.252959183673468,48.54832214765101,12.917527272727273,5.7701086956521745,13.940648148148147,68.53013698630137,16.650657276995307,9.828863636363637,SORIA,SORIA,ES,Hiszpania,41.76669999991624,-2.4666999996427585
2926,3.1253384146341463,60.09186186186186,11.311029561671765,9.568817472919314,2.5822337114004434,21.987624546624946,8.120115161804167,5.599787690323896,3.016268085106383,41.068875000000006,6.5747533632287,11.69357142857143,4.1460546875,78.31467181467181,17.05790378006873,8.170128309942317,MONFRAGÜE,TORIL,ES,Hiszpania,39.84916999982423,-5.93972000040763
2927,3.020301204819277,56.46441207075963,7.1542540322580646,9.568817472919314,1.699069005977662,17.665276577371223,5.331227903359551,5.599787690323896,3.1619767441860462,55.40620155038759,6.830147058823529,11.69357142857143,3.4957077625570774,51.25168181818182,8.717244094488189,8.170128309942317,LARIO,BURÓN,ES,Hiszpania,43.04140000012391,-5.08970000008512
2928,26.393159478435305,42.26765339074274,35.5320479704797,9.568817472919314,10.891516426463058,24.502798271856307,23.56881847093727,5.599787690323896,33.79388349514563,22.536262135922332,45.03553333333333,11.69357142857143,22.586042944785277,61.80019379844961,29.835543478260867,8.170128309942317,ZAGREB-3,Zagreb,HR,Chorwacja,45.76494722249051,16.00646944486083
2930,14.078098190672772,51.39464,20.887122448979593,15.485561224489796,7.57506363550302,20.176620026874517,11.838113845244886,9.374370837115068,18.053504120148858,38.12818992248062,20.411358024691356,16.203467741935484,10.451701066601531,64.3678529424119,18.621373390557938,12.31527027027027,Ostrava-Zabreh,Ostrava,CZ,Czechy,49.796039581162525,18.247180938620843
2931,7.389451318458418,51.39464,9.147520491803279,9.568817472919314,4.637299670462146,20.176620026874517,5.782437370892797,5.599787690323896,10.573632286995515,38.12818992248062,6.201066666666667,11.69357142857143,5.067781954887218,64.3678529424119,9.125413533834587,8.170128309942317,Lappeenrannan keskusta 4,Lappeenranta,FI,Finlandia,61.0557600001088,28.184310000361407
2935,6.643772635814889,48.635360000000006,13.892616632860042,9.382083333333332,3.365123436490168,20.683728815508598,6.379284402772704,5.40615457163948,9.027916666666666,39.33789256198347,13.372320675105485,10.722307692307693,4.583333333333333,62.891623036649214,13.782926829268293,7.969230769230769,Spremberg,Spremberg,DE,Niemcy,51.564499999956375,14.376399999636918
2936,19.319997995991983,44.518522483940046,14.20366026289181,9.496097165991904,10.075902161946964,24.757073456267026,8.064161855206772,6.225130837984235,24.843873417721518,31.348525423728816,15.274458874458874,11.62152888888889,13.993206751054851,64.29933962264151,14.173991596638654,8.36665306122449,Stuttgart-Bad Cannstatt,Stuttgart,DE,Niemcy,48.808799999840296,9.229745000433322
2941,8.796760563380282,54.009015486725666,13.309918450560653,8.995842696629214,4.146360173432704,21.220361766819842,6.723216764824131,5.6278835081188685,10.758125,41.289032258064516,12.757659574468086,10.148961038961039,6.725510204081632,69.71595744680852,13.244471544715447,7.546138211382114,Frankfurt (Oder),Frankfurt (Oder),DE,Niemcy,52.33468,14.525960000148581
2942,14.078098190672772,51.39464,12.625606143001006,6.47746942482341,7.57506363550302,20.176620026874517,9.619911977068442,6.631057249588244,18.053504120148858,38.12818992248062,12.671205836575874,8.172908267716537,10.451701066601531,64.3678529424119,12.62152140077821,4.738392996108949,43H201 - LIEGE,Saint-Nicolas,BE,Belgia,50.624991569679906,5.547464182591416
2943,15.350910010111223,45.28550100200401,14.130484004024146,6.743251059535822,8.152129883697821,20.50436458304335,10.488471405805926,6.659970743885478,17.32403100775194,37.18402702702703,13.02290119047619,8.261356451612905,12.933764705882353,56.33818897637795,15.3333984375,5.236665369649806,43R221 - LIEGE,Herstal,BE,Belgia,50.65844441760887,5.627835290438242
2947,13.78025364431487,51.39464,14.001280575539568,6.090144777662875,11.865810788066627,20.176620026874517,11.984938704534258,4.753771587937383,25.73447619047619,38.12818992248062,16.215324074074076,9.457752631578947,5.432619565217391,64.3678529424119,8.179250936329588,4.068996254681648,Leiret,Elverum,NO,Norwegia,60.88364255000167,11.559300630377594
2948,18.84498480243161,46.72552,18.22151702786378,10.913251533742333,10.047788742433493,24.62510387702099,9.989441406652587,7.1228019882788,22.648144329896905,30.530824742268045,20.9009375,13.084408602150537,15.86391304347826,68.70434782608696,19.003692307692308,10.499285714285715,NET.DE_RP,Margit von Döhren,DE,Niemcy,49.62869999999999,8.3649
2949,11.921724137931035,51.39464,17.258489583333336,8.699420035149386,7.062256064967329,20.176620026874517,8.59804715744714,5.113549645789118,14.554016393442621,38.12818992248062,17.509879032258063,11.01086956521739,9.085194805194805,64.3678529424119,17.81748917748918,7.746885245901639,Jüchen-Hochneukirch,Jüchen,DE,Niemcy,51.09763799992601,6.46946300030611
2950,7.329473684210527,51.39464,8.92369170984456,9.568817472919314,4.711142858698485,20.176620026874517,5.820277980470016,5.599787690323896,10.097132653061225,38.12818992248062,6.995223880597015,11.69357142857143,4.627752688172043,64.3678529424119,8.728539325842696,8.170128309942317,Keskusta Pitkänsillankatu,Kokkola,FI,Finlandia,63.8376399994767,23.131599999697386
2953,4.799022488755622,63.77276785714286,11.078013355592654,9.568817472919314,3.008880457512661,17.08267228733785,4.2092199596502065,5.599787690323896,5.624971098265896,55.372727272727275,10.583488372093022,11.69357142857143,3.2457189542483658,72.3967320261438,11.072275862068965,8.170128309942317,DK0012R,Sjælland,DK,Dania,55.6941046893584,12.0886287783964
2955,18.739195171026154,51.39464,15.686860986547085,9.568817472919314,9.682512873472028,20.176620026874517,6.101913832978798,5.599787690323896,15.548312757201646,38.12818992248062,13.365,11.69357142857143,17.85489539748954,64.3678529424119,15.903389121338911,8.170128309942317,"""Århus/6153""",Aarhus,DK,Dania,56.15055846999699,10.200841900263304
2956,8.240921686746988,62.5486432160804,16.909750369800115,9.568817472919314,5.225846462549611,18.032778830296678,8.751801640276929,5.599787690323896,8.79178137651822,54.9522633744856,18.589172240802675,11.69357142857143,6.426833333333334,67.39832635983264,15.521663401253917,8.170128309942317,"""Århus/6160""",Aarhus,DK,Dania,56.15975999993407,10.193639999730998
2958,14.078098190672772,46.459934065934064,14.797901408450704,9.907240647118302,7.57506363550302,18.620111381257455,8.87349131714378,7.1247302281996205,18.053504120148858,34.26763888888889,19.220014869888477,16.153901408450704,10.451701066601531,55.26745019920318,10.720118577075098,7.263141993957704,KOPAČKI RIT,Lug,HR,Chorwacja,45.69802777780952,18.834638889011966
2960,4.469127401415571,68.62986516853933,15.039101621073963,11.537132653061224,2.7591440826409728,24.668515762973158,9.035866500569998,8.524223336831028,6.950114942528736,53.24954128440367,19.745613382899627,18.21382575757576,2.7539463601532566,84.97430830039525,12.311417624521074,6.973831417624521,DESINIĆ,Desinić,HR,Chorwacja,46.169055555705135,15.660638888812993
2961,14.078098190672772,51.39464,11.966845381526104,6.8465752302968275,7.57506363550302,20.176620026874517,8.208996653824466,5.931058670731249,18.053504120148858,38.12818992248062,13.311043478260869,9.613744360902254,10.451701066601531,64.3678529424119,11.92323076923077,5.711949019607843,VIŠNJAN,Višnjan,HR,Chorwacja,45.29120277768798,13.749777777392483
2962,2.1235912408759123,78.17540983606558,9.146578313253013,6.949016393442623,1.1650428667173338,20.27608340443634,5.430365373959438,3.2509843150026794,3.275670454545455,60.90824742268042,6.195063829787234,11.69357142857143,1.286107142857143,93.26206896551724,11.721333333333332,7.03051724137931,Schmücke,Suhl,DE,Niemcy,50.65406600025244,10.76953400035172
2963,7.694819277108434,52.42743929359823,14.118973577235773,9.19764887063655,4.5797643031966215,20.492845744190976,7.542599956451696,5.70349424242678,9.76253112033195,40.99566801619433,13.52289256198347,10.124310344827586,4.904574898785425,67.87631578947368,14.293333333333333,8.175284552845527,Eisenhüttenstadt,Eisenhüttenstadt,DE,Niemcy,52.14626399984409,14.638166000292758
2964,17.723582554517137,44.13053917050691,14.978810020876827,9.664561403508772,7.939985202164378,20.479097607130686,7.040392984678361,5.656145101648731,22.034354838709678,33.62317741935484,16.567967479674795,11.926435643564355,13.670818965517242,61.22727999999999,13.636523605150215,7.871497584541063,Bottrop-Welheim,Bottrop,DE,Niemcy,51.52595499972467,6.976879999768464
2965,9.591034068136274,51.39464,13.997448680351907,8.413113149847094,4.821482248027653,20.176620026874517,7.141330836663569,5.541580285777214,10.770789699570816,38.12818992248062,17.218333333333334,8.56984,7.822996047430831,64.3678529424119,13.707934782608694,7.981660079051383,Weißenfels/Am Krug,Weißenfels,DE,Niemcy,51.19724899989497,11.960960000011557
2967,4.811916,55.37007283464567,13.063878192534382,9.20888779527559,2.4762617522133956,20.030974611294226,7.147703796871475,5.462481933063222,4.001064748201439,47.1834693877551,11.798054421768708,9.695748299319728,5.82525,61.567499999999995,13.074320987654321,7.763456790123457,Göhlen,Göhlen,DE,Niemcy,53.302352000134725,11.362964999983921
2968,5.3040588832487305,53.402108167770415,13.945835030549897,8.35987218813906,3.117442928292898,17.865280296740494,6.164326332108049,5.004320150929848,6.033688311688311,44.5956779661017,13.100212765957448,9.076717391304348,3.980761363636364,60.442583732057415,13.82856603773585,7.068339622641509,Güstrow,Güstrow,DE,Niemcy,53.78175000011868,12.175512000113262
2969,12.695109717868338,54.48209278350515,11.801030303030302,9.568817472919314,6.157228030734958,22.52090330771127,5.359335012701621,5.599787690323896,14.84225,41.2265564516129,11.858048387096774,11.69357142857143,10.171025641025642,74.3897191011236,12.766652360515021,8.170128309942317,Solingen-Wald,Solingen,DE,Niemcy,51.18378200025224,7.052572999619207
2970,9.149055443548386,54.33236203090508,13.286515609264853,8.519878172588832,6.120589215183434,18.55420175031629,7.111612220233603,5.180064014713052,9.062455319148937,46.42164556962025,13.033628691983122,9.42982683982684,7.45688416988417,61.98634146341464,12.782900763358779,7.351908396946565,Rostock-Warnemünde,Rostock,DE,Niemcy,54.171329999740905,12.080002999629743
2972,15.274731837606836,38.88591829268293,35.86295725806452,22.673484520547944,7.868679796291636,20.21500642218531,21.567033431691893,15.724973963192854,19.53508547008547,21.91593137254902,56.93054011976048,42.044179870129874,12.734463519313305,56.99121333333333,30.97402010050251,15.84572864321608,Bitola 2 Strezevo,None,MK,Macedonia Północna,41.03028000015313,21.33666999978336
2973,28.74781909547739,51.39464,17.040171543895056,12.35,11.93155630176257,20.176620026874517,8.447014203873579,4.229942023693649,25.481584507042253,38.12818992248062,17.078464285714286,12.35,29.07568720379147,64.3678529424119,15.729383886255924,8.170128309942317,Hamburg Stresemannstraße,Hamburg,DE,Niemcy,53.560631999888095,9.95723599974441
2974,23.1513126252505,47.20450372736954,29.505205319148935,9.568817472919314,10.361109678106207,21.926463663274685,16.782873975924723,5.599787690323896,27.1375,30.037723214285712,38.214999999999996,11.69357142857143,19.093667953667953,65.68884615384614,24.980239543726235,8.170128309942317,OSIJEK-1,Osijek,HR,Chorwacja,45.55879166677219,18.698769444297312
2975,8.26343602865916,49.63161161161162,8.606345177664975,4.850204843592331,4.807506328292188,16.064828998991516,4.886834711612155,2.8934902019716264,10.7053,44.31111111111112,7.3792468619246865,5.227802816901408,6.460337078651686,54.651685393258425,8.602350597609561,4.883205992509364,Vartiokylä Huivipolku,Helsinki,FI,Finlandia,60.223929999968256,25.102440000281153
2976,24.78758544652701,26.30858585858586,40.523091732729334,18.543098039215685,11.03495611797018,15.234901171039601,25.816247627494935,12.705319748506295,23.660143540669857,15.12217391304348,66.58172619047619,33.53590909090909,27.607400000000002,37.04404761904762,27.925498007968127,12.025329341317365,Lisice,None,MK,Macedonia Północna,41.97833000030147,21.469999999716283
2977,16.190804849884525,40.22965517241379,34.66935260115607,12.75252,11.5420822178549,25.62007097940829,20.8291489085924,8.622055284225942,16.814999999999998,24.620416666666667,53.71044198895028,15.54409090909091,14.844268,60.484,28.420429184549356,11.843526011560693,Karpos,None,MK,Macedonia Północna,42.005999999811685,21.38700000003825
2978,11.883304604486423,44.87931008583691,26.870977198697066,15.061439453125,6.7817801833714535,24.020105944986216,14.731333897236558,12.0754378254929,14.773405797101448,27.16112676056338,37.71832512315271,27.878804347826087,9.541470873786407,65.09385258964144,23.42748,10.356685534591195,Miladinovci,None,MK,Macedonia Północna,41.98743999998875,21.65249999998782
2979,13.771417218543046,14.118773333333333,39.36302215189873,9.568817472919314,17.88465527786114,11.604946441656917,22.37713987776048,5.599787690323896,18.11869109947644,10.413146067415731,61.672027972027976,11.69357142857143,10.931675977653631,20.968125,28.850279329608938,8.170128309942317,Rektorat,None,MK,Macedonia Północna,41.99917000009409,21.4408400001792
2982,11.784698492462313,70.78070987654321,11.860185185185186,7.242833578792342,7.080474598352124,21.297731514319523,7.294721548191924,4.840539374275869,13.316562500000002,54.614598540145984,11.928072625698324,8.319534090909091,10.856502057613168,85.74048780487804,15.718959537572255,9.071724137931035,RIJEKA-2,Rijeka,HR,Chorwacja,45.320794444443784,14.483511111222425
2983,4.931022857142857,51.39464,8.310057636887608,9.568817472919314,3.3302519191118676,20.176620026874517,4.540926033885964,5.599787690323896,7.375581395348837,38.12818992248062,6.303296703296703,11.69357142857143,3.0357752808988767,64.3678529424119,9.837674418604651,8.170128309942317,Rautionkylä,Imatra,FI,Finlandia,61.23807000009866,28.87368999979487
2984,27.81064814814815,26.651705069124425,43.277942583732056,33.58930348258706,11.761886715694631,17.18968772866188,29.431290976359662,29.80849683416522,39.92413793103448,8.483050847457626,74.56666666666666,66.46727272727273,20.041176470588233,43.96911764705882,25.03970588235294,13.908125,MK0041A,Tetovo Municipality,MK,Macedonia Północna,42.0044399994659,20.96807
2985,11.959297619047618,18.906645021645023,44.442530655373055,9.568817472919314,4.46575906361418,16.043131119606116,32.744977682584256,5.599787690323896,13.548186602870812,14.761549295774648,74.8168333333334,11.69357142857143,11.868326693227091,21.75560483870968,27.57326693227092,8.170128309942317,Kicevo,None,MK,Macedonia Północna,41.51444999972238,20.958619999733028
2987,24.592823779193203,41.69488441835645,44.442530655373055,22.533174904942967,20.099674723861703,22.936942716590604,27.432254474989957,18.86745388217544,36.279401709401704,26.336666666666666,68.83165467625899,48.23722222222222,21.598595041322312,61.107083333333335,31.44263157894737,12.149240506329113,Kavadarci,None,MK,Macedonia Północna,41.440560000116655,22.00723000026542
2988,14.539815533980583,16.964453781512606,23.099642857142857,12.571954887218045,5.858995979116766,12.735327927030681,19.179777578225707,9.489267281233259,18.921479591836736,11.342789699570815,45.07118644067796,25.847904761904765,11.68581589958159,25.2600796812749,21.01860759493671,8.472634730538923,Kocani,None,MK,Macedonia Północna,41.913889999693204,22.415850000014363
2989,15.982529411764707,52.27967105263158,30.456961883408074,9.568817472919314,6.6767982248392155,23.43056494297563,18.216194952527516,5.599787690323896,19.895589743589742,29.907545454545453,42.05369477911647,11.69357142857143,12.077371428571428,67.8991967871486,21.146470588235292,8.170128309942317,KUTINA-1,Kutina,HR,Chorwacja,45.47905555563724,16.780666666621816
2990,19.97934869739479,58.63380503144654,17.769354413702242,6.777321428571428,9.97622458888114,19.437173990213978,7.554964537342643,3.371010750700519,24.578966666666666,43.052083333333336,16.860404040404042,8.512,15.80188679245283,71.56046511627908,22.255337423312884,8.170128309942317,BARCELONA (PARC DE LA VALL D'HEBRON),BARCELONA,ES,Hiszpania,41.426099999937115,2.147999999784839
2992,6.66094099378882,51.632172172172176,8.27418556701031,9.568817472919314,4.8005788666103335,17.871809834482526,4.369126558006073,5.599787690323896,9.48460396039604,49.396574074074074,6.609444444444445,11.69357142857143,4.085091603053436,48.17202247191011,8.432631578947369,8.170128309942317,Pyykösjärvi,Oulu,FI,Finlandia,65.04338000014958,25.49790000001967
2993,14.043616161616162,50.597380380380386,16.02922064777328,10.842310030395137,7.208173911376205,22.855156361707344,7.114496004217102,5.555689729485899,16.111818181818183,37.14872340425532,15.023203463203464,11.825657894736842,11.300725190839694,64.04185606060605,15.59526515151515,9.083257575757576,Berlin Neukölln,Berlin,DE,Niemcy,52.48945100006434,13.430843999965024
2994,5.666183229813665,51.39464,9.73809194214876,9.568817472919314,3.897892828192025,20.176620026874517,5.224426954797595,5.599787690323896,8.679752475247524,38.12818992248062,7.622755555555555,11.69357142857143,3.670524344569288,64.3678529424119,10.164708333333333,8.170128309942317,Mansikkala,Imatra,FI,Finlandia,61.18892000012932,28.770120000346967
2995,12.158478555304741,52.26554535017222,24.51633079847909,13.64991017964072,7.17668172012449,23.540351356179162,17.968014121312834,10.28851542458464,16.59937799043062,39.58941176470588,35.72685714285714,22.54907894736842,9.429525862068965,68.71543103448276,16.697464788732393,11.79430303030303,Bitola 1 UHMR,None,MK,Macedonia Północna,41.03999999997533,21.35640000020241
2996,35.47996987951807,23.16979761904762,41.85721164613662,15.963266129032258,13.642125967217668,17.420243627459463,22.850408435011815,10.563350374243594,26.133466666666667,9.128689655172414,61.24078947368421,27.194117647058825,38.82563106796116,41.723,35.1301652892562,12.601656441717793,Centar,None,MK,Macedonia Północna,41.992000000223015,21.4230000003207
2998,13.476396761133604,51.39464,12.04902590673575,5.579431451612903,7.628459709567595,20.176620026874517,8.652027230148832,3.6712496193045645,18.115358851674642,38.12818992248062,8.595116279069767,5.599967136150235,9.822846441947565,64.3678529424119,11.771917293233082,5.488545112781955,Leppävaara 4,Espoo,FI,Finlandia,60.22023999980049,24.811329999965213
3000,15.148539045553145,29.17589632829374,43.22593291404612,17.19090551181102,8.131121496014384,19.33666290575658,22.311554930664546,12.017204545799776,18.237042253521125,15.020138248847926,57.2625,33.1038202247191,14.799437751004016,45.41112449799197,31.827835051546394,11.769151515151515,Veles 2 Gradinka,None,MK,Macedonia Północna,41.70583000012344,21.765290000288093
3009,7.8726666666666665,58.89140287769784,15.024071428571428,9.568817472919314,4.722343504917729,18.9292522420618,6.906986115461708,5.599787690323896,7.726304347826088,50.899899999999995,14.835,11.69357142857143,7.6524,72.1784,16.7836,8.170128309942317,DENW094,Nordrhein-Westfalen,DE,Niemcy,50.754704,6.093923
3010,28.91146439317954,51.39464,18.43859311740891,10.291965199590583,13.517678104888246,20.176620026874517,8.988824917563761,6.187448114272997,26.799333333333333,38.12818992248062,19.068602150537636,11.393695652173912,30.12875,64.3678529424119,16.87826923076923,8.568846153846154,Hamburg Habichtstraße,Hamburg,DE,Niemcy,53.59230100007087,10.053859000113452
3011,9.05836048879837,45.42831831831832,16.909750369800115,9.582231927710843,4.435582890256631,21.954905463759584,8.751801640276929,5.191061973187381,12.289345794392524,36.49232067510549,18.589172240802675,10.053832599118941,6.784166666666667,59.138636363636365,15.521663401253917,9.945200757575757,Kleinwallstadt/Hofstetter Straße,Kleinwallstadt,DE,Niemcy,49.86942200005782,9.171544000286532
3013,13.332857142857142,48.7693427230047,16.909750369800115,8.047474973375932,8.140122819228262,22.6357252505157,8.751801640276929,4.851487221492037,21.056395939086293,33.80466346153846,18.589172240802675,10.004405,7.884464944649447,67.47281105990784,15.521663401253917,8.119314814814816,Kempten (Allgäu)/Westendstraße,Kempten (Allgäu),DE,Niemcy,47.72514000004717,10.306560999552527
3014,17.092004048582996,51.39464,14.021977573904179,8.864141829393628,8.649323018877684,20.176620026874517,7.231484249623849,5.132334720130031,17.6739298245614,38.12818992248062,13.818,10.256118143459915,15.807619047619047,64.3678529424119,13.327095238095238,7.047602996254682,Hamburg Wilhelmsburg,Hamburg,DE,Niemcy,53.50792999974057,9.990568999864676
3015,16.689905882352942,47.33055335968379,14.16421052631579,8.936598557692308,8.033776297172828,19.97353809338234,7.174125678870173,5.255316450174818,19.96466346153846,35.690240384615386,14.180343137254901,10.682338308457712,13.308185840707965,62.34470588235294,13.642837837837838,7.638923766816143,Hamburg Sternschanze,Hamburg,DE,Niemcy,53.564140000083924,9.967881999753526
3016,9.455278766310794,48.33043325526933,16.909750369800115,9.568817472919314,5.82988066450245,21.50771793477074,8.751801640276929,5.599787690323896,11.681414141414141,42.81082524271845,18.589172240802675,11.69357142857143,7.040904761904762,56.40766666666667,15.521663401253917,8.170128309942317,Hamburg Bramfeld,Hamburg,DE,Niemcy,53.63074000007194,10.110594999847127
3019,13.66359959555106,51.39464,17.51423387096774,11.045547667342799,7.114392991470523,20.176620026874517,8.2772342286555,5.701429828169664,14.647260869565217,38.12818992248062,15.58853448275862,11.650131578947368,11.181340996168583,64.3678529424119,17.541742424242425,9.377651515151515,Berlin Mitte,Berlin,DE,Niemcy,52.51360600001067,13.41883300000022
3020,14.372758620689655,48.87269375,15.680062893081761,9.568817472919314,10.006089870895917,26.737735907998168,8.798670282162083,5.599787690323896,18.455555555555556,33.891600000000004,17.334157303370787,11.69357142857143,11.522142857142857,73.17391304347827,18.28242857142857,8.170128309942317,DERP007,Rheinland-Pfalz,DE,Niemcy,50.017078,8.216498
3022,10.947762096774193,41.71421721721721,16.909750369800115,9.173470171890798,5.8883106278717685,22.869195025143764,8.751801640276929,5.133357325133335,13.767955555555556,33.64149781659389,18.589172240802675,9.287826086956521,8.547386363636365,51.64935606060606,15.521663401253917,9.309201520912548,Oettingen/Goethestraße,Oettingen i. Bay.,DE,Niemcy,48.95217999995068,10.597720000272268
3023,13.830040120361083,51.39464,12.727484725050916,7.149073319755601,5.340387641270184,20.176620026874517,6.664080116524762,5.052548620287386,15.003209876543211,38.12818992248062,12.1784388185654,7.253333333333333,13.225584415584416,64.3678529424119,12.069741379310344,6.301379310344828,Plauen-Süd,Plauen,DE,Niemcy,50.486137999993126,12.138053999988704
3024,27.51986570247934,51.39464,13.161327800829875,8.436365625,10.924202785418267,20.176620026874517,6.201632979303464,4.976935273231617,27.3003187250996,38.12818992248062,14.005019920318725,10.260532520325203,27.51926724137931,64.3678529424119,13.015172413793103,7.288577586206896,Leverkusen Gustav-Heinemann-Straße,Leverkusen,DE,Niemcy,51.03147299999885,7.010934000312177
3025,25.78169036334913,51.39464,18.693428571428573,12.367344000000001,12.445610347292389,20.176620026874517,8.093273325600144,5.801017316705578,22.68477941176471,38.12818992248062,18.18089552238806,13.245153846153846,23.562573099415204,64.3678529424119,18.186783625730996,10.591169590643274,DEBE063,Berlin,DE,Niemcy,52.467534,13.441654
3027,18.83816816816817,42.57570870870871,13.915302136317395,9.336776435045318,9.179229153008142,24.09062076015172,7.455891270856663,5.437476091750238,23.303013100436683,29.846375545851526,14.134358407079645,10.392694690265486,14.911666666666665,58.66507575757576,13.75080459770115,9.084810606060605,Neu-Ulm/Gabelsbergerstraße,Neu-Ulm,DE,Niemcy,48.39707899982625,10.008293000270534
3028,26.330062111801244,51.39464,17.58166144200627,10.374627329192547,10.682877177691315,20.176620026874517,9.479926063758418,7.696068828035206,27.846236559139783,38.12818992248062,18.492282608695653,11.65141304347826,26.045797101449278,64.3678529424119,20.040857142857142,11.277605633802818,DERP010,Rheinland-Pfalz,DE,Niemcy,50.000973,8.261277
3029,30.66778121775026,51.39464,15.571880165289256,10.041113423517169,13.222885844295055,20.176620026874517,7.750216581561831,5.809000515421166,28.37308,38.12818992248062,15.631031746031747,11.226275303643725,29.31653846153846,64.3678529424119,15.18508547008547,8.907820512820512,Dortmund Brackeler Straße,Dortmund,DE,Niemcy,51.52354299997976,7.483562000360297
3030,11.425873684210526,43.65076323119777,12.133256784968685,7.82755838641189,5.24826729647207,18.711897943245173,5.728608497487209,4.782331054280999,13.972190082644628,38.14677884615384,12.28516129032258,9.37563559322034,9.093684210526316,56.050197368421045,12.10763948497854,6.902403433476395,Hattingen-Blankenstein,Hattingen,DE,Niemcy,51.4030070001994,7.20854600018066
3031,2.7546309403437816,65.403197353914,8.29353001017294,9.568817472919314,1.6304235777266314,19.937762453798545,5.617881714681016,5.599787690323896,3.327385964912281,55.34364406779661,6.176130434782609,11.69357142857143,2.281011952191235,79.95279187817259,10.301598360655738,8.170128309942317,Westeifel Wascheid,Gondenbrett,DE,Niemcy,50.266546999924984,6.378081000375019
3032,12.895892116182573,51.39464,15.273177083333334,10.325648535564854,7.026820871526417,20.176620026874517,7.37446104567494,6.079571690093157,16.55310483870968,38.12818992248062,17.037560975609754,12.335349794238683,9.614017094017093,64.3678529424119,13.99423076923077,8.59905982905983,Datteln-Hagem,Datteln,DE,Niemcy,51.64137700006872,7.3314090002046095
3043,13.2710985,44.79668874172186,16.909750369800115,32.322676056338025,8.23801119105405,23.51603523133424,8.751801640276929,21.533473000298862,19.48852255639098,26.287272727272725,18.589172240802675,46.14021276595745,7.440255725190839,64.18690476190476,15.521663401253917,12.8275,SLAVONSKI BROD-1,Slavonski Brod,HR,Chorwacja,45.15947222215163,17.99510000023323
3126,14.323983822042468,39.32816449348044,16.451384848484846,8.371938594704684,7.192848316669866,20.462146075843066,10.881742880609215,7.531098641257455,16.456,34.48320610687023,16.039804780876494,9.918897950819671,12.951556420233464,47.19288537549407,15.417665369649805,6.017412403100775,43N070 - MONS,Mons,BE,Belgia,50.46519215745776,3.939714325629131
3140,14.078098190672772,41.98928939237899,9.97544474393531,5.12875,7.57506363550302,23.101385222216393,5.976999202261146,2.9925123952097286,18.053504120148858,33.39441860465116,8.446761904761905,4.791041666666667,10.451701066601531,52.45755760368664,15.94735632183908,7.732443181818183,SORT (ESCOLA DE CAIAC),SORT,ES,Hiszpania,42.405400000309996,1.1300000000323471
3150,6.230727902946274,55.78389273356402,16.89030864197531,7.8631845841785,2.5729878513367157,17.4929952874607,9.071378923551086,4.414867734625059,7.133258426966292,45.375786516853935,15.13336,9.167416666666666,5.714480000000001,65.0992,18.19633333333333,7.761788617886179,ES1753A,La Rioja,ES,Hiszpania,42.3399999994653,-2.05972
3165,16.531859296482413,45.41144827586207,23.553067729083665,11.630515320334261,8.139977510010853,21.336854668770062,12.568421876888909,7.519231735932151,17.68759842519685,39.66708333333334,21.472183406113537,12.848144329896908,15.050583333333332,52.1275,25.967457627118645,10.208388888888889,44R740 - Gent,Gent,BE,Belgia,51.15013609082371,3.8087354305937873
3199,9.227362068965517,46.03067297762478,13.90567901234568,6.631474747474748,3.7257147924883274,20.005779651178113,8.580089794296896,3.3812595643886802,10.191067415730338,36.92022471910113,11.607520000000001,6.606048387096774,8.06690476190476,56.804365079365084,13.53579831932773,6.117520000000001,ES1779A,La Rioja,ES,Hiszpania,42.4388899994652,-2.25028
3217,24.59156783919598,46.021268343815514,16.909750369800115,9.568817472919314,10.447124283213261,22.429934895067394,8.751801640276929,5.599787690323896,31.799884615384613,28.268858267716535,18.589172240802675,11.69357142857143,19.30104247104247,56.81219512195122,15.521663401253917,8.170128309942317,EL PRAT DE LLOBREGAT (CEM SAGNIER),PRAT DE LLOBREGAT (EL),ES,Hiszpania,41.3218000002883,2.0821000001736003
3218,13.44597014925373,62.341574415744155,16.909750369800115,9.568817472919314,8.457141000542485,19.410952890042335,8.751801640276929,5.599787690323896,20.1254,47.32488038277512,18.589172240802675,11.69357142857143,9.920260223048327,73.46478873239437,15.521663401253917,8.170128309942317,ALACANT-EL PLÁ,ALICANTE/ALACANT,ES,Hiszpania,38.3594444399257,-0.4719444396090833
3219,2.67241454965358,68.68028028028029,16.909750369800115,9.568817472919314,1.7483466965400527,16.412468423763805,8.751801640276929,5.599787690323896,2.984355828220859,59.34659090909091,18.589172240802675,11.69357142857143,2.4761622807017547,75.97219917012448,15.521663401253917,8.170128309942317,EL PINÓS,PINOSO,ES,Hiszpania,38.451666659839354,-1.0647222202992845
3220,8.938666666666666,39.11397163120567,12.687142857142858,9.568817472919314,5.09287990048373,19.870043275171785,5.661258764060409,5.599787690323896,12.918803418803419,34.73566666666667,12.195714285714287,11.69357142857143,5.444634146341463,41.01842105263158,15.521663401253917,8.170128309942317,ES1348A,,ES,Hiszpania,42.3683181094653,1.776783258
3221,13.702179616548941,42.142724097788125,16.909750369800115,9.568817472919314,6.982852901100836,18.735324389591717,8.751801640276929,5.599787690323896,18.554343434343437,36.25625,18.589172240802675,11.69357142857143,10.19958525345622,46.34205607476636,15.521663401253917,8.170128309942317,CONSTANTÍ (GAUDÍ),CONSTANTÍ,ES,Hiszpania,41.15490000010146,1.2176999996499336
3222,14.98671087928465,51.39464,12.643007518796994,9.568817472919314,10.883663554750344,20.176620026874517,7.429715247036848,5.599787690323896,19.153882352941174,38.12818992248062,10.923197674418605,11.69357142857143,11.415816568047337,64.3678529424119,13.453915662650601,8.170128309942317,ES0588A,Bizkaia,ES,Hiszpania,43.320555549464,-3.07388888
3224,3.84779797979798,74.70433436532508,7.947479935794542,9.568817472919314,3.37038700954822,14.957650333789694,9.392387570908312,5.599787690323896,3.1980536912751676,69.84309764309765,2.3201612903225803,11.69357142857143,3.714054054054054,80.39140271493213,14.700411764705883,8.170128309942317,EL MAILLO,MAÍLLO (EL),ES,Hiszpania,40.56972221979555,-6.223888880219928
3225,4.609739217652959,59.706606606606606,9.516045081967214,9.568817472919314,2.4665548409329783,17.614667451167698,5.226398253248147,5.599787690323896,5.642421940928269,47.952991452991455,7.712394957983193,11.69357142857143,4.231251937984496,64.70653846153846,11.053166666666668,8.170128309942317,EL CIEGO,ELCIEGO,ES,Hiszpania,42.51833333022212,-2.619444439801727
3226,27.077141424272817,51.39464,24.40161161161161,12.59032258064516,11.290656680021925,20.176620026874517,9.28548852239366,6.167817867113398,35.672533333333334,38.12818992248062,27.246666666666666,16.05263157894737,19.446666666666665,64.3678529424119,25.31202702702703,14.032967032967033,SANTA PERPÈTUA DE MOGODA (ONZE DE SETEMBRE),SANTA PERPÈTUA DE MOGODA,ES,Hiszpania,41.5266999997818,2.183800000050747
3227,2.70548488008342,47.21884576098059,16.909750369800115,9.568817472919314,1.4364453013931031,18.844136481946176,8.751801640276929,5.599787690323896,3.524830917874396,41.41127946127946,18.589172240802675,11.69357142857143,2.6319087136929458,52.4920814479638,15.521663401253917,8.170128309942317,SANTA PAU (CAN JORDÀ),SANTA PAU,ES,Hiszpania,42.14330000015835,2.510200000096341
3229,28.33872872872873,32.59314227226203,23.946286579212916,9.568817472919314,12.544915539663082,24.562921544650017,8.031520236399109,5.599787690323896,37.100966666666665,20.122549019607842,24.058412162162163,11.69357142857143,20.357522522522522,42.99438202247191,26.4863133640553,8.170128309942317,SANT ADRIÀ DE BESÒS (OLÍMPIC),SANT ADRIÀ DE BESÒS,ES,Hiszpania,41.42560000019848,2.222199999633375
3231,29.131384152457375,51.39464,20.21237693389592,11.523498694516972,10.869429177858397,20.176620026874517,8.308864355460317,5.148905366245145,35.08136666666667,38.12818992248062,19.12857142857143,12.844827586206897,23.041454545454545,64.3678529424119,22.5641592920354,13.011194029850746,SANT ANDREU DE LA BARCA (CEIP JOSEP PLA),SANT ANDREU DE LA BARCA,ES,Hiszpania,41.450799999793624,1.974900000290731
3375,6.920030687830688,59.382439759036146,17.770784114052955,9.568817472919314,4.576970361349949,16.064424629120996,8.023248666237224,5.599787690323896,7.153570680628273,53.4203056768559,18.936581632653063,11.69357142857143,7.08763779527559,62.958333333333336,18.13006430868167,8.170128309942317,Outreau,OUTREAU,FR,Francja,50.69434999996249,1.5765700000004375
3448,16.616628664495114,46.26763727121464,16.364800664451828,9.780416803953871,11.310645761356128,21.5595824729564,8.093703744863468,6.132602682599086,19.723142857142857,36.7575,16.047279411764706,10.93910447761194,12.596787878787877,57.57439024390244,15.244478527607361,7.920713414634147,BETMEU1,Brussels-Capital Region,BE,Belgia,50.895101,4.392718
3450,22.33712273641851,51.39464,21.31040404040404,11.172071065989847,11.894670354868305,20.176620026874517,10.239703878980341,7.161425132888632,26.546245059288538,38.12818992248062,22.518992248062013,13.384822134387353,18.151572580645162,64.3678529424119,19.219094488188976,8.462156862745097,42M802 - ANTWERPEN,Antwerpen,BE,Belgia,51.26098970853363,4.424399006770883
3841,28.852046138415247,51.39464,21.637346938775508,14.315189355168885,9.854349865463556,20.176620026874517,11.991674942581637,9.5295229348993,28.96761904761905,38.12818992248062,21.949488188976378,16.463508064516127,26.503030303030304,64.3678529424119,19.197612612612613,10.630900900900901,Ostrava-Ceskobratrsk,Ostrava,CZ,Czechy,49.83984756493202,18.28997612000419
3842,4.163627450980392,53.827589999999994,16.909750369800115,9.568817472919314,3.199213159737212,16.03462536208446,8.751801640276929,5.599787690323896,5.295277777777778,52.0347533632287,18.589172240802675,11.69357142857143,2.7320639097744364,50.690827067669176,15.521663401253917,8.170128309942317,Kilkenny Seville Lodge,Kilkenny,IE,Irlandia,52.638797999971516,-7.268113999932961
3930,14.078098190672772,51.39464,19.59951367781155,10.571792260692463,7.57506363550302,20.176620026874517,8.95606041860308,6.552901097117571,18.053504120148858,38.12818992248062,21.13269841269841,12.273252032520324,10.451701066601531,64.3678529424119,18.253083003952568,8.746062992125983,40AL04 - BEVEREN,Beveren,BE,Belgia,51.290694464706185,4.293286429844849
3944,26.329258517034067,38.63262042389211,27.29239837398374,18.47037037037037,6.63966120778501,17.334848336956874,13.051031418953526,10.622678325937413,29.917889908256882,20.607444444444447,35.61478048780488,28.938275862068966,22.58475836431227,50.56514285714285,21.583025830258304,12.69939393939394,"""Miskolc Buza""",Miskolc,HU,Węgry,48.106943999772746,20.790005999918233
3945,28.68423216444982,51.39464,18.8359547123623,9.568817472919314,11.925606039261123,20.176620026874517,9.671646385341724,5.599787690323896,32.47073333333333,38.12818992248062,19.32831325301205,11.69357142857143,23.7325855513308,64.3678529424119,19.054676806083652,8.170128309942317,"""Budapest Teleki""",Budapest,HU,Węgry,47.49194400023793,19.087781000058193
3946,36.33520561685055,51.39464,21.747573588709677,12.875863473053892,11.408612045206935,20.176620026874517,12.678974111071089,9.338365098878246,37.78040816326531,38.12818992248062,29.25963414634146,21.841980676328504,33.581673306772906,64.3678529424119,15.999061224489797,7.115360824742267,"""Pecs Szabadsag""",Pécs,HU,Węgry,46.07111100016818,18.225286000163695
3947,14.06464864864865,56.7717017017017,18.978525252525255,11.927105263157895,9.103351631984061,21.95276006921269,11.00709515853241,6.242752046293538,16.81526359832636,41.75833333333333,18.377563025210083,14.534870689655174,8.645833962264152,77.81917293233083,16.320415094339623,9.979396226415094,"""Veszprem""",Veszprém,HU,Węgry,47.091111000108405,17.90112200028506
3948,12.673707874015749,32.39837803590285,20.77200636942675,11.955258152173913,8.24677522139002,20.026539196075486,10.658948977899069,6.246995528295639,11.553979324894515,22.990411067193673,22.605482625482626,13.375181347150258,10.431923076923075,40.01209459459459,19.200444444444447,10.732765957446809,"""Gyor Ifjusag""",Gyr,HU,Węgry,47.676111000033536,17.649736000397873
3949,4.75264592760181,46.824907151230946,17.295509708737864,9.568817472919314,2.4180678124979096,19.44314447109159,10.293643190865588,5.599787690323896,5.994802631578947,34.282735658914724,18.97227799227799,11.69357142857143,3.397934782608696,64.075,19.128,8.170128309942317,"""Sarrod""",Sarród,HU,Węgry,47.67194400016462,16.838893999982847
3950,11.681112112112112,44.083023023023024,23.33931658291457,17.74793172690763,5.462187184922324,22.31658519621922,15.006819460404646,13.73920501746434,16.71052380952381,25.675194805194806,34.44553359683794,29.504426877470355,7.4881954887218045,64.77443609022556,13.800661478599222,8.104630350194553,"""Kazincbarcika""",Kazincbarcika,HU,Węgry,48.24722199996222,20.616402999560567
3951,10.726886291179596,44.186981934112644,23.478966042154568,9.568817472919314,5.372869016151063,21.37021787313873,14.956374902140642,5.599787690323896,16.06090047393365,26.33829383886256,36.068133971291864,11.69357142857143,6.544906367041198,63.67790262172284,14.07488888888889,8.170128309942317,"""Sajoszentpeter""",Sajószentpéter,HU,Węgry,48.21805599992679,20.70305799978792
3952,14.137883650952858,50.754764764764765,18.406025201612902,9.568817472919314,4.72844556109091,20.716028359260452,10.928448393757698,5.599787690323896,17.316347826086957,35.9821645021645,25.02337254901961,11.69357142857143,11.740037593984962,65.51127819548873,12.205889328063241,8.170128309942317,"""Ajka""",Ajka,HU,Węgry,47.1052780001576,17.556667000295818
3953,6.863262233375157,54.5161061061061,18.478663316582914,9.568817472919314,3.7265341379286028,22.604158970381302,10.447646732912892,5.599787690323896,9.746354166666666,39.92955102040816,22.08478260869565,11.69357142857143,4.577870370370371,73.82494208494208,15.696192307692309,8.170128309942317,"""K-puszta""",Kecskemét,HU,Węgry,46.96666700001057,19.54999999992366
3954,14.078098190672772,47.27462529274005,17.600709219858157,12.523281807372175,7.57506363550302,20.08009221679634,8.204492702824215,6.953469701061859,18.053504120148858,32.700049019607846,21.07488986784141,18.484093264248703,10.451701066601531,62.5199074074074,15.754999999999999,9.448807339449543,"""Hernadszurdok""",Hernádszurdok,HU,Węgry,48.473889000224624,21.211677999722568
3955,12.93625754527163,42.058684426229505,20.70312373225152,12.68414038657172,6.0572798933193175,19.621590124768538,10.0437321606375,6.936161129213628,15.12272030651341,26.608190476190476,22.340503875968995,16.293358490566035,9.817336244541485,55.87322097378277,20.170881057268723,9.446724890829696,"""Szeged2""",Szeged,HU,Węgry,46.26661399989855,20.15305300009114
3956,16.46983066361556,48.308420523138835,18.914413239719156,9.568817472919314,6.264999050520438,21.628590036546633,11.148880586636743,5.599787690323896,18.06590163934426,34.973079584775085,24.784053030303028,11.69357142857143,13.336546391752577,71.50927835051546,13.750392156862745,8.170128309942317,"""Szazhalombatta""",Százhalombatta,HU,Węgry,47.30666700005354,18.92000300029457
3957,11.328946280991735,38.08998994974874,11.22158,9.568817472919314,6.319463578581672,17.949502716972955,9.553997107156942,5.599787690323896,14.406505190311417,23.453984375,20.160666666666668,11.69357142857143,7.790856557377049,55.586122448979594,4.443323404255319,8.170128309942317,"""Tatabanya Sagvari""",Tatabánya,HU,Węgry,47.557222000067455,18.420835999942486
3958,8.864313174946004,47.77790280561123,16.687947421638018,13.113838383838385,5.504802348139819,21.596688922861876,8.42202531810319,7.388181173038699,12.66146923076923,31.38996688741722,19.74195286195286,17.605136054421767,5.625408637873754,67.25714285714285,13.647499999999999,9.039513274336283,"""Esztergom""",Esztergom,HU,Węgry,47.78999999990577,18.74612200010256
3959,20.70870221327968,51.39464,22.397850678733032,15.345298759864713,7.660290923002231,20.176620026874517,13.159200834762517,10.148864546116837,23.48572847682119,38.12818992248062,25.196943521594683,19.849601328903656,17.172099236641223,64.3678529424119,15.992052980132451,7.9798675496688745,"""Gyor Szent Istvan""",Gyr,HU,Węgry,47.68527800000957,17.639444000391087
3960,21.394949698189137,48.97624229979466,20.05234879032258,8.805407002188183,9.91500068164922,25.53474924006799,10.331153713930807,5.215098540284711,25.33878326996198,29.333196721311477,22.237499999999997,11.760317567567569,16.23213178294574,76.60772200772202,17.849285714285713,7.3784375,"""Budapest Gilice""",Budapest,HU,Węgry,47.43083299988452,19.184175000098374
3961,14.28230277185501,50.18538977955912,18.788157614483495,9.568817472919314,7.216538519455742,22.197122204733912,8.943920646899265,5.599787690323896,16.613125,32.38055555555555,19.955,11.69357142857143,9.931174242424243,71.31520912547529,17.269173228346457,8.170128309942317,"""Debrecen Kalotaszeg""",Debrecen,HU,Węgry,47.5133330000319,21.624444000290516
3962,21.263107429718875,47.835755755755756,21.25888665997994,9.568817472919314,10.843243909824446,24.75182527235174,11.875009214293303,5.599787690323896,25.96822299651568,29.183734439834023,25.642116182572614,11.69357142857143,13.799454148471614,73.1715953307393,16.70862068965517,8.170128309942317,"""Budapest Korakas""",Budapest,HU,Węgry,47.54194400001803,19.146121999947066
3963,13.574934673366833,58.113777555110225,16.172244918699185,9.568817472919314,7.58112538103756,25.77580676724058,9.038515941187434,5.599787690323896,17.525210084033613,42.251728395061726,17.431125,11.69357142857143,8.481984435797665,80.07290076335877,14.375763358778626,8.170128309942317,"""Budapest Pesthidegkut""",Budapest,HU,Węgry,47.5619440001522,18.9600080000324
3964,30.834830230010954,51.39464,17.46738814993954,9.568817472919314,11.642914672021021,20.176620026874517,10.344956319731251,5.599787690323896,36.644,38.12818992248062,22.213381294964027,11.69357142857143,26.55253846153846,64.3678529424119,15.397300380228137,8.170128309942317,"""Budapest Szena""",Budapest,HU,Węgry,47.50805600019224,19.02806699981771
3965,13.303860887096775,52.13727180527383,20.990211480362536,12.80289314516129,5.685292327794121,21.51023651863151,10.045982077567706,6.5783441919255266,14.115291666666668,36.332697095435684,21.231708333333334,15.635738396624474,10.7692578125,73.72261904761905,20.3452734375,10.250859375,"""Dunaujvaros""",Dunaújváros,HU,Węgry,46.97611099972465,18.936114000149306
3966,17.652285113636363,54.74591517857142,26.164400210084036,13.822902857142859,10.46888064856706,22.855059182963647,13.784014418503245,7.493110491384084,21.5341683982684,32.346964285714286,31.599158415841583,21.06083333333333,10.10604705882353,68.4212643678161,22.50138996138996,10.772424242424243,"""Nyiregyhaza""",Nyíregyháza,HU,Węgry,47.96111099974752,21.705838999813345
3967,14.46397997496871,56.410050000000005,13.540030674846625,9.568817472919314,8.148711242699173,18.767820069674244,8.693163910269277,5.599787690323896,18.95290697674419,39.154540540540545,15.957701612903227,11.69357142857143,8.102906976744187,68.27012195121951,12.07814479638009,8.170128309942317,"""Sopron""",Sopron,HU,Węgry,47.69194399989986,16.575008000409312
3968,11.754388777555109,63.48994277108434,17.508992878942014,10.973440860215053,6.243875842275818,24.798436817442386,9.543650276159307,5.459830902767127,15.341131386861315,41.8473196347032,23.428300970873785,12.98450704225352,7.82136546184739,86.01338289962824,15.746592592592592,9.762754716981133,"""Pecs Boszorkany""",Pécs,HU,Węgry,46.080278000038724,18.211121999872606
3972,14.700822467402206,46.063133133133135,17.225475708502024,12.446197757390417,6.241549928311648,19.932608244687025,8.654223423054601,6.808101485313029,17.809484126984128,36.67873015873016,17.291887550200805,13.123374485596708,11.187012987012986,60.95646551724138,16.169439655172415,10.976249999999999,Plzen-Slovany,Plzeň,CZ,Czechy,49.73244857793753,13.402280807865045
4353,2.771410267857143,48.51158081705151,6.7546711111111115,3.9567138643067845,2.1690572715723477,16.15415196747837,4.136118870040111,2.8406040306978113,3.9027602739726026,48.84745098039215,4.987426666666667,3.2884864864864864,1.7828144444444443,51.62460317460317,8.156373626373627,4.869237569060774,Luukki,Espoo,FI,Finlandia,60.314389999957555,24.684859999970833
4354,10.560283806343906,68.3740047393365,16.909750369800115,9.568817472919314,7.670112439573963,25.797601378676486,8.751801640276929,5.599787690323896,14.89264705882353,40.1826582278481,18.589172240802675,11.69357142857143,10.091739130434782,88.65983606557377,15.521663401253917,8.170128309942317,PULA FIŽELA,Pula,HR,Chorwacja,44.86246944453279,13.816858333068645
4361,12.236626506024097,53.21433433433434,14.33749494949495,10.311565040650406,5.475819432500214,23.391102468282583,8.283494350372544,6.801252083117138,14.299727626459145,40.3402734375,14.436349206349206,12.145645161290322,8.65021551724138,71.23922413793103,13.617025862068965,7.978017241379311,Plzen-Lochotin,Plzeň,CZ,Czechy,49.77012634267684,13.368221282682333
4362,27.592595190380763,42.24946946946947,22.30181268882175,9.568817472919314,9.324960742921549,21.034031148391925,11.287631886538835,5.599787690323896,28.100717131474102,29.837490494296578,20.918911290322583,11.69357142857143,25.21853448275862,59.31293103448276,20.573577586206895,8.170128309942317,Praha 9-Vysocany,Praha,CZ,Czechy,50.11108016953929,14.503095626786267
4363,4.500193482688391,71.41391391391392,16.909750369800115,9.568817472919314,2.0108599301678445,22.105080995287334,8.751801640276929,5.599787690323896,5.700368852459016,54.83293650793651,18.589172240802675,11.69357142857143,2.984935064935065,87.72875536480686,15.521663401253917,8.170128309942317,Cervena hora,Budišov nad Budišovkou,CZ,Czechy,49.77714157122627,17.541946411041206
4364,14.078098190672772,50.324684684684684,18.43310797174571,9.568817472919314,7.57506363550302,24.784006169287352,10.114747510414757,5.599787690323896,18.053504120148858,34.5293536121673,19.39914979757085,11.69357142857143,10.451701066601531,70.58515283842794,15.991551724137931,8.170128309942317,Litomerice,Litoměřice,CZ,Czechy,50.54089736912085,14.11940860759824
4365,13.737763289869608,51.848068068068066,17.41050505050505,12.528159757330638,6.861046549262074,22.66928293415717,9.261001325370186,7.379883194353827,16.558221343873516,37.03666666666667,17.852530120481926,14.094112903225808,9.308663793103449,70.79742489270386,15.643218884120172,10.531845493562232,Mlada Boleslav,Mladá Boleslav,CZ,Czechy,50.42864608736334,14.91385936702755
4366,6.202666666666667,61.60594594594594,14.388618951612903,10.830525783619818,3.007243153660446,22.89742468041049,7.723551661011043,6.432349395952604,7.701851851851852,45.04520754716981,14.7114,12.207459677419354,4.216939655172414,80.96113537117904,13.60995670995671,9.499008620689654,Mikulov-Sedlec,Sedlec,CZ,Czechy,48.79176712023864,16.72449684177406
4367,3.5578229908443544,68.91411411411411,16.909750369800115,9.568817472919314,1.5547747039494655,18.567633802966757,8.751801640276929,5.599787690323896,4.3061475409836065,59.51953125,18.589172240802675,11.69357142857143,2.734675324675325,81.96768558951965,15.521663401253917,8.170128309942317,Prebuz,Přebuz,CZ,Czechy,50.37247848496927,12.615380286889135
4368,14.078098190672772,53.180725274725276,17.514266666666668,12.248066666666666,7.57506363550302,26.415233693657907,10.36249995691501,8.1689332028711,18.053504120148858,31.506425120772946,21.959040404040405,16.24707692307692,10.451701066601531,74.06320346320345,14.180936170212766,9.304680851063829,Teplice,Teplice,CZ,Czechy,50.64527893046822,13.851249695018993
4369,12.48867336683417,55.960790790790796,14.84150559511699,11.489672466734902,6.602513685761522,23.11152111158973,7.736178607146377,6.2716778233962955,13.620000000000001,43.71909803921569,13.74360655737705,11.262355371900826,10.080905172413793,74.4703056768559,14.679396551724137,10.68625,Praha 4-Libus,Praha,CZ,Czechy,50.00730514514777,14.445933342314293
4370,14.078098190672772,73.47845691382766,9.390141414141414,9.568817472919314,7.57506363550302,21.47870879774904,5.344189135205015,5.599787690323896,18.053504120148858,60.412830188679244,6.3781923076923075,11.69357142857143,10.451701066601531,90.26173913043479,11.573103448275862,8.170128309942317,Rudolice v Horach,Hora Svaté Kateřiny,CZ,Czechy,50.579833984531795,13.419506072608312
4371,7.072537917087968,51.39464,16.430638297872342,12.42606490872211,3.086875005146283,20.176620026874517,8.230930354515504,6.849191373357811,9.339036144578314,38.12818992248062,18.33718875502008,15.248046875,4.884805194805195,64.3678529424119,14.208060344827587,9.5648,Rozdalovice-Ruska,Rožďalovice,CZ,Czechy,50.301982879621896,15.178302764946674
4372,10.127467204843592,52.244144144144144,16.67428716904277,12.7510183299389,5.158905367281888,22.10668796425057,8.279153281165042,7.355993914114898,13.803921568627452,38.33598540145985,17.911239669421487,15.219705882352942,6.5889655172413795,68.91645021645022,14.694137931034483,10.034931506849315,Zlin,Zlín,CZ,Czechy,49.23290634144726,17.66717529324916
4373,14.078098190672772,53.81940881763527,16.440686868686868,9.568817472919314,7.57506363550302,23.309400365246727,8.661891090450188,5.599787690323896,18.053504120148858,39.66546816479401,15.603062015503877,11.69357142857143,10.451701066601531,73.31315789473685,16.084094827586206,8.170128309942317,Praha 6-Suchdol,Praha,CZ,Czechy,50.12652969383733,14.38463878597581
4374,6.961641337386019,68.98306306306307,16.909750369800115,9.568817472919314,4.419548536991644,25.082760769154426,8.751801640276929,5.599787690323896,9.438448979591836,50.234552529182885,18.589172240802675,11.69357142857143,4.546839826839826,90.51168831168832,15.521663401253917,8.170128309942317,Sneznik,Jílové,CZ,Czechy,50.78944396967381,14.086798667738373
4375,9.155570131180626,56.049338677354704,16.48922064777328,11.230060913705584,4.854480160549382,22.756242992835478,9.406123353159472,6.452665406631919,10.143739837398375,43.463622047244094,14.837408906882592,10.541290322580647,6.8590086206896554,75.15905172413794,15.520258620689654,11.041422413793104,Tusimice,Kadaň,CZ,Czechy,50.376586913967685,13.3276224138967
4376,9.35797786720322,50.03315315315316,14.823512145748987,8.691430030643513,4.937703519638258,21.642189480238937,7.743142320910718,4.462717449343614,12.813529411764705,36.7396062992126,14.822032520325202,9.003070539419086,6.547186147186148,67.76379310344828,14.16344827586207,7.951948051948053,Plzen-Doubravka,Plzeň,CZ,Czechy,49.76861572260633,13.42338085138179
4378,10.830030241935484,50.4194994994995,13.317072671443194,10.73254376930999,5.608422336903172,20.2098934072601,7.204654192723036,5.720703944940654,13.592891566265061,38.272490272373545,13.986831275720165,11.737257383966245,7.6970258620689656,65.09655172413792,12.455862068965516,9.719008620689655,Ceske Budejovice,České Budějovice,CZ,Czechy,48.98438644420315,14.465683937509557
4379,17.339789156626505,51.39464,21.33651282051282,15.04685393258427,8.490538846577945,20.176620026874517,11.118757397352471,8.81201418392072,20.10508,38.12818992248062,21.42603375527426,15.20688796680498,13.294334763948498,64.3678529424119,18.61107296137339,12.557844827586207,Cesky Tesin,Český Těšín,PL,Polska,49.7489585878417,18.609725952188573
4380,16.47244488977956,51.39464,17.63510574018127,12.320435222672065,6.40638817609872,20.176620026874517,10.53774893584854,8.576490020207665,20.09743396226415,38.12818992248062,19.00875,15.336367041198502,12.360695652173913,64.3678529424119,16.003030303030304,9.31,Plzen-stred,Plzeň,CZ,Czechy,49.747329712187366,13.381038666141714
4382,14.078098190672772,51.81596933187295,16.56266888150609,11.724478935698448,7.57506363550302,22.08231001850677,8.912682577002206,7.14197527099303,18.053504120148858,35.046285714285716,18.7192039800995,14.603065326633164,10.451701066601531,69.55887445887446,14.84258474576271,9.399872881355932,Pardubice Dukla,Pardubice,CZ,Czechy,50.02403640733767,15.763548851105888
4383,11.514726720647772,58.29205410821643,14.039094608341811,11.066761421319796,4.624124641411123,21.613712225287692,6.5332428714781745,5.811382034188654,13.616422764227641,44.63805243445693,13.2917004048583,11.100201612903225,9.022801724137931,73.50224215246637,13.016120689655171,10.044891774891774,Liberec-Rochlice,Liberecký,CZ,Czechy,50.75510025041825,15.069967270290167
4384,14.078098190672772,66.63203203203203,9.203427704752276,9.568817472919314,7.57506363550302,19.566594410080448,4.9656700890494365,5.599787690323896,18.053504120148858,55.21673151750973,7.658527131782946,11.69357142857143,10.451701066601531,79.96249999999999,10.470129310344829,8.170128309942317,Hojna Voda,Horní Stropnice,CZ,Czechy,48.72419738761879,14.723381996453005
4385,3.903194029850746,73.0558106169297,10.18192474674385,9.568817472919314,1.6153689017538813,22.344954911792957,4.746592849748671,5.599787690323896,5.1597660818713456,56.61284916201118,8.489944134078213,11.69357142857143,2.965411764705882,89.56114285714285,11.253542857142856,8.170128309942317,CZ0HPLO,Královéhradecký,CZ,Czechy,50.350276947021506,16.3225002288818
4386,16.08986960882648,53.93420841683366,16.545681130171545,9.568817472919314,7.998073555892754,24.47082376160156,8.5375953439956,5.599787690323896,18.686785714285712,37.255346153846155,15.829236947791165,11.69357142857143,12.194137931034483,75.25689655172413,15.487456896551725,8.170128309942317,Praha 8-Kobylisy,Praha,CZ,Czechy,50.12218856813133,14.467577934674807
4387,24.456716716716716,51.39464,21.183668341708543,9.568817472919314,9.205124511127567,20.176620026874517,11.311192170610294,5.599787690323896,27.08059760956175,38.12818992248062,19.521405622489958,11.69357142857143,19.70465517241379,64.3678529424119,20.717629310344826,8.170128309942317,Praha 8-Karlin,Praha,CZ,Czechy,50.09423828151478,14.442049026127448
4388,11.095485485485485,51.39464,17.610269151138716,12.419370558375634,5.657164285669069,20.176620026874517,10.388083623953934,7.410898835810683,13.767882352941177,38.12818992248062,19.108169014084506,14.569428571428572,7.3998275862068965,64.3678529424119,14.929692307692308,9.88780172413793,Znojmo,Znojmo,CZ,Czechy,48.84295654279996,16.06012725857732
4389,17.835286432160803,51.39464,15.637629179331308,9.568817472919314,8.129064641460115,20.176620026874517,8.096477538517831,5.599787690323896,18.692099236641223,38.12818992248062,14.451686746987951,11.69357142857143,14.21259911894273,64.3678529424119,15.547641921397378,8.170128309942317,Praha 6-Brevnov,Hlavní město Praha,CZ,Czechy,50.08438491845225,14.380116462917982
4390,14.078098190672772,52.707985971943884,15.740151362260344,11.498616480162767,7.57506363550302,23.06999531215627,8.39035284634426,6.134338752727207,18.053504120148858,39.23606299212598,15.049759036144577,11.576611570247934,10.451701066601531,71.90387931034483,15.244805194805195,10.627186147186148,Praha 5-Stodulky,Praha,CZ,Czechy,50.046131134039506,14.33141326942181
4391,14.078098190672772,51.39464,22.11812053115424,16.22804281345566,7.57506363550302,20.176620026874517,11.872834640238837,9.88232587688448,18.053504120148858,38.12818992248062,23.088655462184875,18.227941176470587,10.451701066601531,64.3678529424119,18.359785407725322,12.702068965517242,Havirov,Havířov,CZ,Czechy,49.79097747824571,18.40683555591518
4393,9.749285714285714,48.391482965931864,16.909750369800115,9.568817472919314,4.851206927500739,21.84123313367651,8.751801640276929,5.599787690323896,11.57358870967742,35.97481060606061,18.589172240802675,11.69357142857143,6.7659913793103446,65.18558951965065,15.521663401253917,8.170128309942317,Doksany,Doksany,CZ,Czechy,50.45885467502592,14.170162201238838
4394,15.94369982547993,52.41355191256831,18.733827160493828,9.568817472919314,5.7017674165100285,21.18910167702121,8.694491208600656,5.599787690323896,18.43107438016529,37.358260869565214,21.41949579831933,11.69357142857143,13.139999999999999,65.02057142857143,15.037954545454545,8.170128309942317,CZ0CTAB,Jihočeský,CZ,Czechy,49.4112319946289,14.6763887405395
4395,17.55055187637969,51.39464,21.000044593088074,15.484630872483221,8.34770467833844,20.176620026874517,11.646586649244766,9.584573448195854,21.288133971291867,38.12818992248062,23.887106598984772,20.03041450777202,13.431716738197425,64.3678529424119,18.086510638297874,12.080170212765958,Ostrava-Privoz,Ostrava,CZ,Czechy,49.85625839210628,18.269741057986316
4397,15.519077079107504,51.711621621621624,22.109175991861648,9.568817472919314,7.063152418822258,20.287360818769766,12.351628149995332,5.599787690323896,16.917540983606557,40.34609561752988,21.979585062240663,11.69357142857143,12.582961373390557,65.65536480686696,18.991030042918453,8.170128309942317,Ostrava-Fifejdy,Ostrava,CZ,Czechy,49.83918762199719,18.263689041441875
4398,16.77177177177177,50.464529058116234,20.29406030150754,13.057316582914574,8.175304101883949,24.121235838650747,11.991621295057914,8.475005311233083,18.14240157480315,36.0456106870229,19.25215139442231,13.300833333333333,13.257391304347825,70.68628318584071,19.817370689655174,12.054260869565217,Most,Most,CZ,Czechy,50.51036453231943,13.645272255339709
4399,5.903855555555555,61.647558011049725,14.474039955604884,9.863781979977754,2.84593266375187,21.326662508289544,7.640095192437911,6.167590876302327,7.379145728643216,46.14270531400967,16.0659,12.425255102040817,4.245965665236051,77.1825327510917,14.429270386266094,8.53480686695279,Tesnovice,Zlínský,CZ,Czechy,49.25939178455446,17.410560607928247
4400,18.222306920762286,49.6804004004004,18.008891129032257,11.85827060020346,8.386264856720809,22.8560182047572,9.803641911699831,6.915448912833388,21.13870078740157,35.74365019011407,16.651244979919678,12.673070866141732,13.575064935064935,69.51353711790394,16.912112068965516,9.69930735930736,Praha 2-Riegrovy sady,Praha,CZ,Czechy,50.0814819336594,14.442691803052586
4401,37.767201604814446,51.39464,22.455120724346077,14.255152542372883,13.90420258376723,20.176620026874517,12.826130405691336,8.686754826483085,33.46934615384615,38.12818992248062,24.17150579150579,18.021785714285716,36.97602620087336,64.3678529424119,18.90551111111111,10.414505494505494,Praha 2-Legerova,Praha,CZ,Czechy,50.07238769517217,14.430672645486688
4402,13.676066066066065,51.39464,16.874454545454544,12.85953722334004,6.351111309792832,20.176620026874517,8.877778170986272,8.188078332218407,15.442948207171314,38.12818992248062,17.702983870967742,14.008273092369478,10.57184549356223,64.3678529424119,14.986266094420602,10.821030042918455,Hradec Kralove-Brnen,Hradec Králové,CZ,Czechy,50.19536209116374,15.846376419165129
4452,11.425672396359959,51.39464,22.155300829875518,15.637523219814241,5.460279359711321,20.176620026874517,12.65241831894232,10.688199537578372,14.627344398340249,38.12818992248062,23.928646288209606,18.364347826086956,7.859570815450644,64.3678529424119,17.730515021459226,10.730515021459228,Vernovice-Dolni Lutyne,Dolní Lutyně,PL,Polska,49.92467880258486,18.422872543573657
4463,4.90525282631038,52.350391959799,8.277827620967741,4.4157014170040485,2.89031404729316,21.094238892023043,6.425281527496796,4.794471124364899,5.9355166666666666,44.23372549019608,8.571031782945736,5.704249407114625,3.8310470588235295,60.71692913385827,8.199886274509804,3.217917120622568,43N132 - HABAY-LA-N.,Habay,BE,Belgia,49.7192811887373,5.630397740176085
4467,14.078098190672772,49.1788237791932,12.357603222557906,8.591513131313132,7.57506363550302,25.51522069241667,7.683437498280932,5.879950325595918,18.053504120148858,33.58859751037345,13.548381742738588,10.918368421052632,10.451701066601531,70.06981132075471,12.755,7.74864,Konstanz,Konstanz,CH,Szwajcaria,47.66436099999235,9.169288999852993
4472,8.153261758691206,48.43707,16.909750369800115,3.908655804480652,4.880874094807734,19.120133923075326,8.751801640276929,2.6393800374948104,11.670845070422535,40.81432098765432,18.589172240802675,3.6642648401826485,5.566206896551724,51.123456790123456,15.521663401253917,4.429651162790697,Kaleva,Tampere,FI,Finlandia,61.49910000008054,23.802210000408156
4476,12.040747800586512,51.39464,9.421731364275667,9.568817472919314,5.995852398880873,20.176620026874517,7.11560964989684,5.599787690323896,15.601519607843137,38.12818992248062,6.09965671641791,11.69357142857143,7.435359999999999,64.3678529424119,9.15672514619883,8.170128309942317,Pirkankatu,Tampere,FI,Finlandia,61.49873000013047,23.735689999757493
4494,11.308347082494969,46.829658174097666,12.31210101010101,8.330663617886179,7.10686617016112,22.621930051899668,6.921589049822289,5.616524782859741,17.526374999999998,33.879913580246914,13.49325,10.999839826839828,6.737380952380953,63.95734597156398,13.070869565217393,7.825966386554621,Weil am Rhein,Weil am Rhein,CH,Szwajcaria,47.58815199972278,7.63327099993656
4517,3.1589049531459166,54.28214193548388,5.738454545454545,3.846576315789474,1.899359506215038,16.85104265494098,4.015528747053497,2.7198520947090348,4.016115789473684,51.87137440758294,5.036682464454977,4.130644230769231,2.408774011299435,55.0,7.959144736842105,4.6394156626506025,FI00893,Kymenlaakso,FI,Finlandia,60.530019999540606,27.675400000000003
4529,13.999481707317074,51.39464,11.29283091286307,5.563101729399796,7.486157006774709,20.176620026874517,7.859954401496367,2.8585247116858716,17.431884057971015,38.12818992248062,7.601576744186047,5.641971153846153,11.236591760299627,64.3678529424119,11.172781954887219,5.775622641509433,Tikkurila 3,Vantaa,FI,Finlandia,60.289949999980074,25.03952999997397
4535,2.382549398797595,60.658339350180505,9.744309959349593,6.885913461538461,1.5090593220835766,20.32363344176097,6.132203488973229,4.585950664968754,2.807388679245283,57.44292682926829,8.642344696969698,6.4148,2.3084229249011856,65.10640394088671,11.59717741935484,8.384685714285714,PLITVIČKA JEZERA,Plitvička Jezera,HR,Chorwacja,44.89933333338828,15.609777777612669
4536,12.641785571142284,51.39464,8.225888773388773,9.568817472919314,8.773365062258554,20.176620026874517,4.907503841816007,5.599787690323896,18.01125448028674,38.12818992248062,5.948847926267281,11.69357142857143,7.148798283261803,64.3678529424119,9.421,8.170128309942317,Vaasan keskusta,Vaasa,FI,Finlandia,63.09515000010568,21.618319999945726
4537,14.078098190672772,51.39464,4.521291666666667,2.583028386167147,7.57506363550302,20.176620026874517,3.841135852954545,2.1131907330283712,18.053504120148858,38.12818992248062,3.907061666666667,2.505377840909091,10.451701066601531,64.3678529424119,4.329497175141243,2.6416497175141243,FI00586,Ostrobothnia,FI,Finlandia,63.1012099995673,21.60407
4547,12.25489430894309,51.39464,11.956992731048807,9.568817472919314,6.769745475245084,20.176620026874517,9.93991246070901,5.599787690323896,15.658515283842796,38.12818992248062,8.534187214611872,11.69357142857143,10.707438202247191,64.3678529424119,11.715830115830116,8.170128309942317,Tasavallankatu,Kuopio,FI,Finlandia,62.88198000006624,27.66193000036671
4548,8.603710294117647,51.39464,9.207099850968703,9.568817472919314,5.264054789848521,20.176620026874517,7.260040490235965,5.599787690323896,10.832011764705882,38.12818992248062,5.522805714285714,11.69357142857143,6.485762711864407,64.3678529424119,10.127062146892655,8.170128309942317,FI00558,Northern Savonia,FI,Finlandia,62.893499999565,27.6883
4555,21.174728682170542,49.62935742971887,18.159236947791165,8.970765182186234,8.968820489712337,18.89179049144192,7.829562762021634,4.296682694871569,22.861346153846153,40.51590909090909,14.901860465116279,8.884761904761906,18.145795454545453,60.21590909090909,18.675113636363637,8.820795454545454,BETN043,Brussels-Capital Region,BE,Belgia,50.8835598117798,4.38296325180234
4572,0.7474632116788321,66.6022770398482,2.448765625,1.3686950375939848,0.380570338137869,13.322793960415948,2.1131857317270692,1.270618061560551,0.8533939189189189,69.46934306569342,1.940124827586207,0.9641843137254901,0.6139395604395604,62.73174603174603,3.8586988636363633,2.429210843373494,Sammaltunturi,Muonio,FI,Finlandia,67.9671500000993,24.112329999646295
4584,12.929815005138748,51.39464,10.336239451476793,9.568817472919314,6.421349627274669,20.176620026874517,7.928018941480769,5.599787690323896,15.417770034843205,38.12818992248062,7.543046979865772,11.69357142857143,9.250315315315316,64.3678529424119,9.619144144144144,8.170128309942317,Laune,Lahti,FI,Finlandia,60.96703999990396,25.654890000382267
4588,17.260684104627767,51.39464,16.991217038539553,6.3651324570273005,8.096442055154615,20.176620026874517,11.814227916306262,3.535593285749219,19.200947867298577,38.12818992248062,10.324537037037036,5.7313425925925925,15.822659176029962,64.3678529424119,17.5625468164794,6.799811320754717,Mannerheimintie,Helsinki,FI,Finlandia,60.169640000006716,24.939240000258355
4589,14.078098190672772,51.39464,7.795772340425532,4.392423469387755,7.57506363550302,20.176620026874517,5.548285080133998,2.6454173090033386,18.053504120148858,38.12818992248062,5.57755871886121,4.308328621908127,10.451701066601531,64.3678529424119,7.405664974619289,4.283377551020409,Epila 2,Tampere,FI,Finlandia,61.508540000142915,23.675829999927146
4593,10.369700203252032,54.22780780780781,9.196587878787879,5.162716279069768,5.790129544226245,17.534962844071977,5.6715333048624785,2.616750963776455,13.745951219512195,43.31060185185185,6.404977168949772,5.2610138248847935,8.326142322097377,62.79138576779026,9.519509433962265,5.562462121212121,Kallio 2,Helsinki,FI,Finlandia,60.187389999815856,24.95060000011991
4598,3.366491851851852,50.57781428571429,6.363604606525912,3.5118709677419355,2.598243552083294,17.63339222194681,4.117672062760737,2.352436010713356,4.8820500000000004,46.53322222222222,4.929322314049586,3.5992090395480223,2.3507570621468927,53.53446327683616,7.991655629139073,4.015369047619048,FI00208,Uusimaa,FI,Finlandia,60.3135960714999,24.6894769317978
4609,7.599939611054247,51.39464,7.925335073068893,9.568817472919314,5.113639813764266,20.176620026874517,4.886852330332483,5.599787690323896,10.039141552511417,38.12818992248062,6.412746835443038,11.69357142857143,4.799598393574297,64.3678529424119,7.589637096774194,8.170128309942317,Raahen keskusta 2,Raahe,FI,Finlandia,64.68337000001124,24.48162000005011
4635,0.8042890704800817,57.7945945945946,16.909750369800115,9.568817472919314,0.3777125523212552,16.811154649580594,8.751801640276929,5.599787690323896,1.1983366336633663,61.239814814814814,18.589172240802675,11.69357142857143,0.5424456928838951,48.754681647940075,15.521663401253917,8.170128309942317,Oulanka,Kuusamo,FI,Finlandia,66.32170000013899,29.40156999979529
4644,13.470441025641026,51.39464,10.498240165631469,9.568817472919314,7.280548112021298,20.176620026874517,6.103012269777824,5.599787690323896,18.05792929292929,38.12818992248062,7.10151376146789,11.69357142857143,9.206292134831461,64.3678529424119,11.563646616541353,8.170128309942317,Oulun keskusta 2,Oulu,FI,Finlandia,65.0099700000657,25.471319999707823
4809,17.928661971830987,51.060806451612905,19.29889908256881,10.435881753312946,10.053755352966547,21.304885743977007,8.890904008753358,6.761117342319661,21.08988188976378,40.82865546218487,19.4888671875,11.95806324110672,13.658266129032258,61.64430379746836,19.05312,9.028339920948618,44R701 - GENT,Gent,BE,Belgia,51.05833171710871,3.729298171790459
4811,14.078098190672772,51.39464,15.26764337851929,10.74626455026455,7.57506363550302,20.176620026874517,9.423219648998577,7.758612622370497,18.053504120148858,38.12818992248062,22.35371681415929,16.888504672897195,10.451701066601531,64.3678529424119,9.343607843137255,5.416352941176471,Clare Ennis Drumbiggle Road,Ireland Air Quality e-Reporting monitoring network for compliance and informative reporting,IE,Irlandia,52.503489600213925,-8.591935500101956
4816,2.027782208588957,53.212212212212215,16.909750369800115,9.568817472919314,1.2210012203736622,12.267864198588157,8.751801640276929,5.599787690323896,2.1995158371040726,54.39780701754386,18.589172240802675,11.69357142857143,1.810190082644628,47.78901098901099,15.521663401253917,8.170128309942317,Monaghan Kilkitt Waterworks,Ireland Air Quality e-Reporting monitoring network for compliance and informative reporting,IE,Irlandia,54.066110999795235,-6.883055999806086
4824,6.6170264765784115,53.346836836836836,13.71441064257028,9.568817472919314,4.542504072091297,15.81124000277192,6.226655962507031,5.599787690323896,9.316323809523809,55.40696035242291,17.223940520446096,11.69357142857143,3.627592452830189,48.40339622641509,10.279656488549618,8.170128309942317,Mayo Castlebar John Moore Road,Mayo,IE,Irlandia,53.851110999737834,-9.299722000368277
4836,10.760756565656566,53.66478,11.315,6.538333333333334,6.422014026774884,15.051820256854146,3.08522770634519,1.3388863531557362,12.466537593984963,53.26055762081784,18.589172240802675,11.69357142857143,7.682420634920635,51.40459770114943,15.521663401253917,8.170128309942317,Dublin Swords Watery Lane,Ireland Air Quality e-Reporting monitoring network for compliance and informative reporting,IE,Irlandia,53.27481000019952,-6.222367000279653
4837,15.13790437436419,49.85745934959349,11.674890185950414,7.336324895833333,9.673237204118367,16.883061362949597,6.909164798018693,5.050753945564879,17.11469090909091,49.851600000000005,12.963271375464684,8.846142322097378,10.888162393162393,45.39353711790393,8.174099126637554,4.688744541484716,Dublin Rathmines Wynnefield Road,Ireland Air Quality e-Reporting monitoring network for compliance and informative reporting,IE,Irlandia,53.353888999745415,-6.278056000074956
4838,13.53823469387755,51.39464,11.74934358974359,7.134642116182572,8.273871005505898,20.176620026874517,5.855498090248597,4.032200460288686,16.232015503875967,38.12818992248062,12.672375478927203,8.27375,10.160042735042735,64.3678529424119,9.132094017094017,5.2579700854700855,Dublin Dun Laoghaire The Glen,Ireland Air Quality e-Reporting monitoring network for compliance and informative reporting,IE,Irlandia,53.285833000178,-6.131944000423384
4854,2.8540524625267665,47.425057351407716,16.909750369800115,9.568817472919314,2.1672840513158955,13.228749018592652,8.751801640276929,5.599787690323896,3.6466431718061676,48.228125,18.589172240802675,11.69357142857143,1.8356746031746032,43.78172549019608,15.521663401253917,8.170128309942317,Laois Emo Court,Ireland Air Quality e-Reporting monitoring network for compliance and informative reporting,IE,Irlandia,53.10694400023341,-7.196388999727675
4857,14.639453993933266,51.39464,14.541634984833165,10.148696969696969,7.396381138948139,20.176620026874517,9.76016381084891,6.454072480732067,17.31809338521401,38.12818992248062,14.183810276679841,11.63468253968254,13.263843137254902,64.3678529424119,14.52090234375,8.6029296875,43R223 - JEMEPPE,Seraing,BE,Belgia,50.62067087992639,5.5164047555731885
4858,17.482767820773933,51.39464,9.745897435897435,5.466184210526316,10.951977249281057,20.176620026874517,4.232799557342463,2.5857413232973094,21.95796875,38.12818992248062,11.955,6.680357142857143,10.98042471042471,64.3678529424119,8.466166666666666,4.665423728813559,Dublin Winetavern Street,Ireland Air Quality e-Reporting monitoring network for compliance and informative reporting,IE,Irlandia,53.34166699998854,-6.288888999681823
4859,19.398785140562246,43.04484905660377,16.909750369800115,9.568817472919314,9.312506834776501,24.02649067149602,8.751801640276929,5.599787690323896,24.472285714285714,34.67223140495868,18.589172240802675,11.69357142857143,16.008493723849373,50.406645962732924,15.521663401253917,8.170128309942317,42R831 - BERENDRECHT,Antwerpen,BE,Belgia,51.3487952927084,4.339709947084943
4860,13.259385771543087,47.10471299093656,14.04984521651561,6.988099596774194,8.596956971742971,20.176620026874517,9.807382073025916,6.816128443157632,14.363593023255813,40.98783783783784,14.371076284584982,9.1106572,11.631818181818181,56.2875,13.3575390625,4.810212890625,43R222 - SERAING,Liège,BE,Belgia,50.613412502456065,5.57022281436332
4862,3.7817433467741934,55.256472361809045,7.687707847082495,4.271987474747475,2.689705765664478,19.161543870444902,6.771337650623399,4.843589105337015,3.805565503875969,47.55058365758755,6.989514117647059,4.738606746031746,3.7883517786561263,61.99490196078432,8.082850393700786,3.324849609375,43N121 - OFFAGNE,Bertrix,BE,Belgia,49.87712849238941,5.202387466678868
4863,11.722389718076284,51.35915032679738,14.34393220338983,9.57034731543624,9.502020826281298,21.206753492984863,6.974627516484165,5.974631711599744,12.470661654135338,44.23419117647059,14.443053435114503,10.137692307692308,9.910123456790124,60.42060606060606,13.749113924050635,8.400795031055901,BETB011,Brussels-Capital Region,BE,Belgia,50.8580305936746,4.2883363663059
4864,4.099526209677419,62.452562814070355,5.724978564206269,3.2280960486322186,2.4108699514121743,18.72311112787254,5.446569545468883,4.109512206926622,4.473293172690763,53.822868217054264,5.446140784313726,3.7621549019607845,3.7813147410358567,71.80685483870967,6.266614741035856,2.749413095238095,43N113 - SAINT-ODE,Sainte-Ode,BE,Belgia,50.02702901806032,5.593016914317587
4865,3.7078069105691056,55.30217085427135,7.872044590495451,4.293598067141404,2.53547353247655,19.55409241288134,6.5260232889205945,4.849952173876182,4.682318725099601,49.23734375,8.684963492063492,5.741200806451613,3.059101960784314,59.81968503937008,8.287212598425198,3.5282592156862744,43N100 - DOURBES,Viroinval,BE,Belgia,50.09568343505851,4.594762762164075
4866,20.386688417618274,36.96271523178808,16.909750369800115,9.568817472919314,11.552264496448085,20.803553936536858,8.751801640276929,5.599787690323896,24.04748201438849,32.9075641025641,18.589172240802675,11.69357142857143,15.457865853658538,45.57435897435898,15.521663401253917,8.170128309942317,BETB004,Brussels-Capital Region,BE,Belgia,50.8508105371924,4.34858747427388
4867,4.9638456591639875,55.775222457627116,9.373183262711864,4.591762127659575,3.3110115581775172,17.989759327783194,6.96083361211286,4.653528802219908,6.174199029126213,46.61004739336492,9.029971770334928,5.827863106796117,3.9230671641791046,63.76642066420664,9.444915129151292,3.8263044444444447,43N093 - SINSIN,Somme-Leuze,BE,Belgia,50.27447751216645,5.235168655076294
4869,17.22246215943491,51.39464,19.403091641490434,10.20579695431472,9.61021284370666,20.176620026874517,9.353158374651368,6.644835576353967,20.019055118110238,38.12818992248062,19.79200787401575,12.134674796747968,13.706889763779529,64.3678529424119,18.99303149606299,8.14734375,42R817 - ANTWERPEN,Antwerpen,BE,Belgia,51.177193802563146,4.417963004459926
4870,14.712996575342466,48.10723023023023,17.57509337860781,9.467720207253887,8.452151781400833,23.24611439432223,7.862059578513476,5.547594633013302,18.378888888888888,36.62227053140097,18.018608695652173,10.832589285714286,12.237283950617284,57.59305993690852,15.662085889570553,7.4598148148148145,42R811 - SCHOTEN,Schoten,BE,Belgia,51.2521034125731,4.491362027773584
4871,23.594105156723963,51.39464,22.19133198789102,11.841023302938197,11.700358386369961,20.176620026874517,10.232316455338838,7.459892737950609,26.074734693877552,38.12818992248062,23.000653846153845,14.024609375,18.47918699186992,64.3678529424119,21.02468253968254,9.695714285714287,42R805 - ANTWERPEN,Antwerpen,BE,Belgia,51.20824745625844,4.421544962095185
4873,20.92115267947422,51.39464,20.895945399393327,11.069825997952917,11.304359791222963,20.176620026874517,9.591164764486422,6.614820099534111,25.32344262295082,38.12818992248062,22.219606299212597,12.959426229508196,15.51670634920635,64.3678529424119,19.29472440944882,8.777019607843137,42R803 - ANTWERPEN,Antwerpen,BE,Belgia,51.228638787841454,4.428482820816028
4875,14.078098190672772,51.39464,22.35854398382204,12.546002034587996,7.57506363550302,20.176620026874517,10.276876647447853,7.702689110934615,18.053504120148858,38.12818992248062,24.23376984126984,15.157459677419356,10.451701066601531,64.3678529424119,20.22321568627451,9.861338582677167,40OB01 - Oostrozebeke,Oostrozebeke,BE,Belgia,50.91713868625402,3.3074020495092578
4876,23.324804469273744,51.39464,19.85420591456736,10.671046255506607,11.297106930081227,20.176620026874517,8.782889181733157,6.540617956136384,25.554444444444446,38.12818992248062,19.549944444444442,11.538700564971752,19.00273092369478,64.3678529424119,18.888458498023713,8.920316205533597,42R802 - BORGERHOUT,Antwerpen,BE,Belgia,51.20951873233602,4.431792230492399
4877,3.611795744680851,51.26781690140845,7.51574843592331,3.8379236842105264,2.877628452315585,19.42565526151047,5.656418449691929,4.175482573306418,4.318160784313726,45.40191570881226,6.926942366412214,4.364203088803089,3.6111687242798354,58.497188755020076,7.8164392,3.3902363999999996,43N085 - VIELSALM,Vielsalm,BE,Belgia,50.30320782896729,6.001736288398207
4878,21.303477822580643,45.0927755511022,19.553836032388663,10.780590631364563,11.22187029230097,21.655140923044456,9.028410374030521,6.888829059265561,25.337142857142858,35.05686046511628,20.81809338521401,12.768809523809523,16.122698412698412,57.439920948616596,18.099288537549405,8.60901185770751,42R801 - BORGERHOUT,Antwerpen,BE,Belgia,51.20966253203894,4.431821046650083
4879,15.42858208955224,51.39464,18.9304033970276,9.778306709265175,8.120831771422365,20.176620026874517,8.88732165099686,6.121954567515564,20.39799043062201,38.12818992248062,20.541052631578946,12.297647058823529,10.945962264150943,64.3678529424119,18.147350746268657,7.826679104477613,42R020 - VILVOORDE,Vilvoorde,BE,Belgia,50.941387115400794,4.436720763636869
4881,8.06927624872579,53.94935779816514,16.318346774193547,8.396744897959183,4.784214582303679,19.075305596350788,7.642469598420051,5.3248361281689585,9.347510040160643,44.026732673267325,15.971494252873566,9.570515873015873,6.547539682539683,61.581595092024536,17.25491869918699,7.044065040650406,42N054 - WALSHOUTEM,Landen,BE,Belgia,50.71170609487294,5.10315860907914
4882,10.109640410958903,51.102847082494975,16.909750369800115,9.568817472919314,6.268752262652291,20.82515366616274,8.751801640276929,5.599787690323896,10.827241379310346,44.37695121951219,18.589172240802675,11.69357142857143,9.040185185185186,60.39462809917355,15.521663401253917,8.170128309942317,42N046 - GELLIK,Lanaken,BE,Belgia,50.88229882672417,5.618873985523073
4883,8.885643002028399,52.349438314944834,16.909750369800115,9.568817472919314,6.030055566103102,20.36116097846634,8.751801640276929,5.599787690323896,10.368951612903226,44.948455598455595,18.589172240802675,11.69357142857143,6.882220408163265,60.76904761904762,15.521663401253917,8.170128309942317,42N040 - ST.P.LEEUWG,Sint-Pieters-Leeuw,BE,Belgia,50.7681375140758,4.225194247191261
4884,9.672474437627812,54.74143289606458,16.881011122345804,9.508851926977687,5.724153570273125,20.75129195358003,7.745145181039686,6.168390215620587,11.822,45.16976470588236,17.2376862745098,11.227106719367589,7.58376,64.63759999999999,16.27612,7.69772,42N035 - AARSCHOT,Aarschot,BE,Belgia,50.97757733490418,4.837618376282942
4885,6.157171573604061,48.895265326633165,11.52324974874372,6.723643044354839,3.9164739043558146,20.523787094838017,8.42235027010642,6.720706913411405,7.480974576271186,44.040439688715956,12.177610671936758,8.501166932270916,5.213458823529412,54.4598,11.215387596899225,5.1238821011673155,43N073 - VEZIN,Andenne,BE,Belgia,50.502716341788755,4.9884229539931955
4888,14.078098190672772,51.39464,17.91217294900222,11.133122222222221,7.57506363550302,20.176620026874517,8.811943346987743,7.167909027695357,18.053504120148858,38.12818992248062,18.14206896551724,11.71092485549133,10.451701066601531,64.3678529424119,16.675180722891564,9.696399999999999,40RL01 - ROESELARE,Roeselare,BE,Belgia,50.95317728089703,3.1211555992941555
4889,14.078098190672772,51.39464,9.1455718875502,4.925258770161291,7.57506363550302,20.176620026874517,7.451896878932509,5.4396162120422185,18.053504120148858,38.12818992248062,9.961061181434598,6.705588461538461,10.451701066601531,64.3678529424119,8.500065134099616,3.3532620689655173,43N067 - MEMBACH,MEMBACH,BE,Belgia,50.61227752901603,5.9927527187387195
5170,7.761246875,63.384899598393574,16.909750369800115,9.568817472919314,4.118066771528016,17.57686997964559,8.751801640276929,5.599787690323896,8.58647479338843,52.385596707818934,18.589172240802675,11.69357142857143,6.586554621848739,72.12352941176471,15.521663401253917,8.170128309942317,"""Copenhagen/1259""",Copenhagen,DK,Dania,55.70027924002429,12.561400410075299
5171,2.513741158536585,65.20610663983904,16.909750369800115,9.568817472919314,1.6194488723688574,16.738487523811404,8.751801640276929,5.599787690323896,2.813427966101695,59.99212244897959,18.589172240802675,11.69357142857143,1.7268746835443038,69.87372881355932,15.521663401253917,8.170128309942317,"""Ulborg""",Holsterbro,DK,Dania,56.29039999989111,8.427399999899087
5172,4.336889589905363,63.317644859813086,11.93217391304348,9.568817472919314,2.8813142029243535,16.493657003417336,4.859958995313031,5.599787690323896,5.53304054054054,52.66546052631579,9.85126050420168,11.69357142857143,2.67764161849711,68.71424137931035,12.785738636363636,8.170128309942317,"""Risoe""",Roskilde,DK,Dania,55.6941999997893,12.088900000441926
5173,7.074898373983739,63.10340703517588,16.909750369800115,9.568817472919314,4.237695609548134,16.762671141945997,8.751801640276929,5.599787690323896,7.823208333333333,56.95673469387755,18.589172240802675,11.69357142857143,4.55163179916318,67.88410041841004,15.521663401253917,8.170128309942317,"""Aalborg/8158""",Aalborg,DK,Dania,57.04666519015225,9.930847169908175
5175,5.971209465020576,62.65969818913481,16.909750369800115,9.568817472919314,3.5868703789342495,19.02563797119386,8.751801640276929,5.599787690323896,6.873991631799163,55.3601593625498,18.589172240802675,11.69357142857143,4.175752100840336,70.66652719665272,15.521663401253917,8.170128309942317,"""Odense/9159""",Odense,DK,Dania,55.39638901022616,10.389172549735397
5182,14.078098190672772,51.39464,18.403701015965165,13.082979651162791,7.57506363550302,20.176620026874517,8.421562774655035,7.527166653771286,18.053504120148858,38.12818992248062,20.81921787709497,15.143954802259888,10.451701066601531,64.3678529424119,15.801823529411765,11.35608187134503,SK0021A,Trnavský kraj,SK,Słowacja,48.68055724946769,17.36334419
5183,7.179368951612903,51.39371771771772,15.008329979879276,10.98905527638191,5.167417466434797,21.953808241419047,7.151290662160892,6.045052478578866,12.07787330316742,37.478616,16.434246575342467,14.212706422018348,3.650581395348837,68.59730941704036,15.523068181818182,9.756679245283019,"""Banska Bystrica - Zelena""",Banska Bystrica,SK,Słowacja,48.733256000210446,19.11526799966801
5184,16.30551724137931,38.73764540059347,19.494620991253644,14.72979441997063,7.599472360876843,17.97016096229452,11.237660993314766,9.168677447382763,22.10943820224719,27.617166666666666,23.859176470588235,19.88885542168675,10.75683615819209,53.85120481927711,15.282429378531072,11.753728813559322,SK0008A,Žilinský kraj,SK,Słowacja,49.0791664094688,19.30252457
5185,13.264720229555238,51.39464,21.745852601156066,16.231015965166907,6.077827799644648,20.176620026874517,11.345260675409943,9.684897924269713,20.10961111111111,38.12818992248062,30.76902298850575,25.8687134502924,8.800395480225989,64.3678529424119,16.799661016949152,11.364463276836158,SK0265A,Košický kraj,SK,Słowacja,48.9155578594683,20.42388916
5186,15.235598227474151,49.349625899280575,15.901002906976743,10.819443959243085,7.15399185983935,23.710256359478297,8.647529824408707,6.755474431765672,16.864831460674157,32.83423728813559,16.794858757062148,13.017272727272728,12.49,72.03898305084745,14.364858757062146,9.563107344632769,SK0001A,Bratislavský kraj,SK,Słowacja,48.1250189994665,17.125611
5187,5.025388714733542,52.67374213836478,14.416596385542169,12.556767830045523,3.029993027228439,20.462309715370196,7.7133582105077165,7.5560961535222395,7.3765432098765435,40.51994444444445,16.061460674157303,15.891396648044692,2.738134831460674,68.15636363636364,13.021731843575418,9.569147727272728,SK0007R,Trnavský kraj,SK,Słowacja,47.9599999994661,17.860564
5188,14.078098190672772,51.39464,15.048939037433154,10.441945454545454,7.57506363550302,20.176620026874517,7.820930141750838,6.567374204373948,18.053504120148858,38.12818992248062,19.66875621890547,15.150862944162435,10.451701066601531,64.3678529424119,13.693445692883895,8.993333333333332,"""Handlova - Morovianska cesta""",Handlova,SK,Słowacja,48.73311999986536,18.756377000299423
5189,22.31645499495459,51.39464,21.105241448692155,12.218180904522614,10.937012006704615,20.176620026874517,9.11638861511095,6.917260030199061,23.114879457364342,38.12818992248062,21.910438247011953,13.883935742971888,18.713713675213675,64.3678529424119,20.788405172413793,11.754291845493562,"""Nitra - Sturova""",Nitra,SK,Słowacja,48.30945600029666,18.076831000215037
5190,14.174369230769232,48.313043043043045,16.00767441860465,12.196950354609928,8.483479124542422,22.37384062331778,7.870862131911444,6.491630226884756,20.397570093457944,30.71710659898477,20.196308411214954,16.826619047619047,9.459509433962264,63.57361111111111,13.689283018867924,9.719207547169812,"""Prievidza - Malonecpalska""",Prievidza,SK,Słowacja,48.78270500006217,18.628133000095442
5191,14.078098190672772,51.39464,17.3679015918958,12.90863768115942,7.57506363550302,20.176620026874517,8.508885658857992,7.304648650035458,18.053504120148858,38.12818992248062,19.195747126436782,17.76764367816092,10.451701066601531,64.3678529424119,16.395310734463276,10.32502824858757,SK0013A,Trenciansky kraj,SK,Słowacja,48.6669464094677,18.53084755
5192,23.889583333333334,51.39464,20.214837278106508,12.47394074074074,10.840383078736892,20.176620026874517,10.140576014182246,7.987443940876788,28.717555555555556,38.12818992248062,23.753333333333334,16.485511363636363,15.855423728813559,64.3678529424119,16.54313953488372,8.620813953488373,SK0047A,Trenciansky kraj,SK,Słowacja,48.8963890094683,18.04139328
5193,14.078098190672772,51.39464,18.49140988372093,14.212876453488374,7.57506363550302,20.176620026874517,9.041017893995834,8.225902958846095,18.053504120148858,38.12818992248062,23.318685714285714,20.24543352601156,10.451701066601531,64.3678529424119,15.858342857142857,10.979039548022598,SK0031A,Prešovský kraj,SK,Słowacja,48.8863906894683,21.687501909999998
5194,19.508843478260868,51.39464,21.017068965517243,13.764224137931036,7.2556958455654845,20.176620026874517,10.074270802589044,8.164602192270054,19.9764406779661,38.12818992248062,18.490677966101696,11.824406779661016,10.451701066601531,64.3678529424119,15.521663401253917,8.170128309942317,SK0407A,,SK,Słowacja,48.4366669994672,17.019722
5195,14.078098190672772,51.39464,20.355158959537572,14.845739130434781,7.57506363550302,20.176620026874517,10.015348921147082,7.734285127536054,18.053504120148858,38.12818992248062,24.96982857142857,20.279302325581394,10.451701066601531,64.3678529424119,17.959204545454547,12.3709604519774,SK0264A,Košický kraj,SK,Słowacja,48.6911125194678,21.2863884
5196,2.5129181286549707,53.52453237410072,16.909750369800115,9.568817472919314,1.4770003154345825,16.658448152389596,8.751801640276929,5.599787690323896,3.8780470588235296,47.00555555555555,18.589172240802675,11.69357142857143,1.5159714285714287,59.773446327683615,15.521663401253917,8.170128309942317,SK0006R,Prešovský kraj,SK,Słowacja,49.0422210694687,22.25973129
5197,4.19859011627907,48.24722703639515,10.576791366906475,7.786522302158273,2.1798725081948436,16.373700412979037,5.173469026172558,3.969003686603396,6.25,42.39162011173185,8.438833333333333,6.725786516853933,2.595988700564972,59.671052631578945,12.80457142857143,9.20723163841808,SK0004R,Prešovský kraj,SK,Słowacja,49.152778629469,20.29111671
5198,14.078098190672772,51.39464,18.05180722891566,11.99208904522613,7.57506363550302,20.176620026874517,9.354308600530441,7.14442712478184,18.053504120148858,38.12818992248062,19.145837104072395,14.106923076923078,10.451701066601531,64.3678529424119,16.61215909090909,11.265496183206107,"""Bratislava - Kamenne nam.""",Bratislava - mestska cast Stare Mesto,SK,Słowacja,48.14467199991588,17.11357600025164
5199,30.089971014492757,51.39464,22.22744252873563,13.90309051724138,11.667219569418261,20.176620026874517,11.171039217142546,8.279204625310697,30.697441860465116,38.12818992248062,21.792865168539326,16.19815168539326,27.34909604519774,64.3678529424119,23.45717514124294,13.470169491525423,SK0002A,Bratislavský kraj,SK,Słowacja,48.1584279994666,17.128678
5200,16.5948493543759,51.39464,22.43840517241379,15.33253623188406,7.52785287972009,20.176620026874517,10.635995117013005,7.865442859821915,21.206611111111112,38.12818992248062,23.98117318435754,17.651271676300578,11.783389830508474,64.3678529424119,21.93129943502825,13.428813559322034,SK0039A,Žilinský kraj,SK,Słowacja,49.0669441194687,18.92194748
5201,14.078098190672772,51.39464,17.481848137535817,13.230568965517243,7.57506363550302,20.176620026874517,8.253057667007635,7.119032723752267,18.053504120148858,38.12818992248062,20.948555555555554,17.626516853932586,10.451701066601531,64.3678529424119,14.84,10.64890395480226,SK0262A,Banskobystrický kraj,SK,Słowacja,48.5580559994674,19.156667
5202,33.025072046109514,51.39464,23.207950581395348,16.343997093023255,9.09424312031022,20.176620026874517,10.230295620686494,7.774569591047907,33.17840909090909,38.12818992248062,27.19783625730994,20.461,31.1361581920904,64.3678529424119,20.090454545454545,14.619265536723164,SK0266A,Prešovský kraj,SK,Słowacja,48.9933319094685,21.26749992
5204,14.078098190672772,51.39464,32.766060606060606,20.38063492063492,7.57506363550302,20.176620026874517,15.56047255964802,9.360692961404114,18.053504120148858,38.12818992248062,35.49153409090909,24.7064,10.451701066601531,64.3678529424119,31.8019209039548,16.6193167374646,SK0018A,Košický kraj,SK,Słowacja,48.5922203094675,21.17528534
5205,21.141471471471473,51.39464,24.36509072580645,15.351121580547114,9.480301787437929,20.176620026874517,11.782071844303696,7.919541434891017,28.872959641255605,38.12818992248062,31.66275229357798,21.25117924528302,14.015931558935362,64.3678529424119,20.032851711026616,12.915361216730037,"""Kosice - Stefanikova""",Kosice,SK,Słowacja,48.72626699972071,21.258836000200212
5206,19.15486646884273,36.52017316017316,21.18584415584416,14.897080291970802,9.077614976806165,18.772154009461545,11.750095438744664,9.029164714382507,26.299329608938546,25.024611111111113,25.481885714285713,19.441834319526627,12.767470588235293,50.88139534883721,17.208418079096045,11.036723163841808,SK0020A,Žilinský kraj,SK,Słowacja,49.2119445794691,18.77111435
5207,14.078098190672772,51.39464,15.122696177062373,10.47473092369478,7.57506363550302,20.176620026874517,6.521043060154742,5.4071126591212915,18.053504120148858,38.12818992248062,16.072522522522522,12.736405405405405,10.451701066601531,64.3678529424119,15.230833333333333,9.738854961832061,"""Ziar nad Hronom - Jilemnickeho""",Ziar nad Hronom,SK,Słowacja,48.599558000220036,18.84246099989116
5208,22.883299711815564,51.39464,23.939898843930635,14.060663780663782,10.248806550283645,20.176620026874517,12.212045718327088,8.787088250219186,29.328388888888888,38.12818992248062,29.576101694915256,19.910842696629214,18.032601156069365,64.3678529424119,20.681525423728814,10.778587570621468,SK0214A,Banskobystrický kraj,SK,Słowacja,48.7350006094679,19.15499878
5209,14.078098190672772,51.39464,14.43605187319885,9.86882225433526,7.57506363550302,20.176620026874517,6.553647672076605,5.0836138628078436,18.053504120148858,38.12818992248062,14.138651685393258,11.211412429378532,10.451701066601531,64.3678529424119,15.774318181818183,9.167175141242938,SK0406A,Prešovský kraj,SK,Słowacja,48.9349999994684,22.27361
5210,8.855127448071215,60.39967280163599,16.44099560761347,11.689620029455082,5.130130542138204,22.463799400352528,7.947956867154652,7.006103970157752,12.186123595505618,43.084833333333336,18.237430167597765,15.174090909090909,5.325822784810127,77.84521739130436,14.717515151515151,8.8988,SK0134A,Nitriansky kraj,SK,Słowacja,48.2830499994668,18.14112
5211,14.078098190672772,51.39464,19.848234442836468,13.30363768115942,7.57506363550302,20.176620026874517,8.751801640276929,7.827459866855168,18.053504120148858,38.12818992248062,25.675371428571427,21.51764367816092,10.451701066601531,64.3678529424119,16.664802259887008,8.974858757062147,SK0022A,Banskobystrický kraj,SK,Słowacja,48.5836105294675,19.95168495
5212,7.395286541244573,41.9629203539823,29.58984218077475,20.57083068017366,5.012000770797105,22.569812893443856,18.68391826024502,14.970374450080962,13.06659217877095,24.49643312101911,49.20430167597765,37.18849162011173,3.4042485875706214,60.92448717948717,17.63774011299435,9.386608187134502,SK0025A,Banskobystrický kraj,SK,Słowacja,48.6311111494676,20.24028397
5213,6.7669723435225615,53.040476923076916,12.089962962962963,9.568817472919314,4.141215667503125,16.205740596393206,6.234894757574371,5.599787690323896,7.5569590643274855,46.16728395061729,12.68758064516129,11.69357142857143,5.097514124293785,62.73670886075949,13.371746031746031,8.170128309942317,SK0041A,Prešovský kraj,SK,Słowacja,49.06666564946871,20.25
5214,14.078098190672772,51.39464,18.84186685962373,14.503410740203194,7.57506363550302,20.176620026874517,8.7202201384717,7.838424854074055,18.053504120148858,38.12818992248062,22.911149425287356,20.24296511627907,10.451701066601531,64.3678529424119,16.420738636363637,11.323672316384181,SK0030A,Košický kraj,SK,Słowacja,48.8741645794682,21.83750343
5215,8.775232558139534,64.53242380261247,15.160448625180898,11.055751445086704,5.154787653599153,26.08683156095996,8.062383881732176,6.864333173155409,12.916927374301677,42.76849162011173,15.741620111731844,12.916201117318435,4.955254237288136,87.37231638418079,14.24454022988506,9.64764367816092,SK0048A,Bratislavský kraj,SK,Słowacja,48.1666679394666,17.11666679
5216,8.793973988439307,49.21030259365994,20.723994252873563,16.973140376266283,4.996667597401014,19.35799800912512,10.046752286435792,8.668437407068584,13.899775280898876,36.18844444444444,25.631179775280902,23.737745664739887,5.032947976878613,62.194797687861275,18.640225988700564,14.861864406779661,SK0037A,Prešovský kraj,SK,Słowacja,48.9308357194684,21.9136219
5217,27.63164464023495,51.39464,19.640590778097984,13.543597122302158,8.912042988695537,20.176620026874517,9.5006321850701,7.711560561441963,30.048715083798886,38.12818992248062,21.790561797752808,16.301899441340783,24.48807453416149,64.3678529424119,17.486914285714285,11.439428571428572,SK0045A,Trnavský kraj,SK,Słowacja,48.371109009467,17.58501816
5218,2.0678721804511278,75.76503759398496,7.502615384615385,9.568817472919314,1.131548219158051,19.72381424798834,3.1557517207595596,5.599787690323896,2.675101694915254,60.28813559322034,18.589172240802675,11.69357142857143,1.4552272727272728,92.37272727272727,15.521663401253917,8.170128309942317,SK0042A,Košický kraj,SK,Słowacja,48.783332819468,20.99223137
5378,9.389578461538461,51.39464,10.95408950617284,9.568817472919314,4.639502611181968,20.176620026874517,6.824350637953379,5.599787690323896,8.926271186440678,38.12818992248062,9.321666666666665,11.69357142857143,8.696842105263158,64.3678529424119,10.12763157894737,8.170128309942317,Norrlandsgatan,Stockholm,SE,Szwecja,59.33635627,18.07062632
5503,29.136577777777777,58.08173252279635,29.27340425531915,14.140223214285713,11.647418072970842,18.62639757966974,13.404543992867659,5.659981366649231,32.29880239520958,44.426066666666664,29.625828220858896,14.41739393939394,26.62282485875706,62.29039548022599,35.17212121212121,15.868870056497174,MT00005,Msida,MT,Malta,35.8958358794896,14.48998642
5507,13.919138276553106,73.49689689689689,25.185041152263373,11.449015286624205,7.503609746020883,14.269077528958748,11.86530617066144,5.05478848391433,16.14740088105727,65.20240963855422,21.746385542168674,9.25959090909091,13.761685393258427,76.10224719101123,29.700912547528517,13.665019157088123,Zejtun Station,Zejtun,MT,Malta,35.852266000333806,14.538941000058859
5577,2.4100134615384614,89.12630879948368,19.65443523316062,9.086537558685446,1.3924207460583373,11.599732779486837,10.900380908929437,4.76326588208684,2.114791505791506,70.8754423262549,15.678333333333333,6.816646341463415,2.62143893129771,96.47932330827068,23.548473282442746,11.833692307692306,Gharb Station,Gharb,MT,Malta,36.067050000123075,14.197073999690769
5674,10.441868041237113,51.39464,13.442919708029198,9.568817472919314,6.748815721902887,20.176620026874517,7.160615273188731,5.599787690323896,16.821157894736842,38.12818992248062,14.084878048780489,11.69357142857143,6.880408239700374,64.3678529424119,11.228188679245282,8.170128309942317,Sverresgate,Grenland,NO,Norwegia,59.13815999999836,9.65219999968707
5734,13.782669669669671,51.704004004004005,11.755756369107322,8.847996579476861,9.240187344600631,24.92260336925873,7.305650569649182,6.488568493862505,19.891414141414142,36.022525252525256,12.457827702702701,11.153664383561644,7.436550218340612,72.37117903930131,11.549475982532751,7.169737991266375,Basel-Binningen,Nationales Beobachtungsnetz für Luftfremdstoffe,CH,Szwajcaria,47.54110000003129,7.58327999961538
5735,14.28943943943944,48.70447447447447,12.765494070351759,9.568817472919314,7.482311049627165,23.760152145115093,7.990568973281918,5.599787690323896,20.064766666666667,32.2745,13.760050167224081,11.69357142857143,8.89216814159292,71.33805309734512,12.938427947598253,8.170128309942317,Ebikon-Sedel,inLUFT,CH,Szwajcaria,47.067700000042095,8.30067999965945
5736,24.93720720720721,40.67528028028028,13.276760280842527,9.568817472919314,8.778259416585833,21.672039605002656,5.897432073023892,5.599787690323896,30.170680272108843,27.19326962457338,14.563595890410959,11.69357142857143,20.441077586206895,59.13381974248927,13.103922413793104,8.170128309942317,Opfikon-Balsberg,OSTLUFT,CH,Szwajcaria,47.43870000028494,8.57011999966538
5737,26.244294294294292,47.083803803803804,13.44365731462926,9.568817472919314,11.265819893519685,24.359493405724027,7.184776865471985,5.599787690323896,31.866518771331055,30.960341296928323,14.572534246575344,11.69357142857143,19.750940170940172,69.2094017094017,12.935622317596566,8.170128309942317,Zürich-Schimmelstrasse,OSTLUFT,CH,Szwajcaria,47.37089999996605,8.52354000039437
5738,13.362650300601201,46.33385985985986,13.492125502008031,9.568817472919314,9.892419889022968,25.965844974598287,8.113718492045004,5.599787690323896,22.552833333333336,27.687849999999997,15.087456666666666,11.69357142857143,7.049397321428572,66.99102222222223,15.058565022421524,8.170128309942317,Saxon,Canton du Valais,CH,Szwajcaria,46.138999999734644,7.148329999799844
5784,14.078098190672772,51.39464,10.69837962962963,6.739069767441861,7.57506363550302,20.176620026874517,5.31791974229055,4.193622780820902,18.053504120148858,38.12818992248062,14.03483870967742,10.577333333333334,10.451701066601531,64.3678529424119,9.531538461538462,5.5732608695652175,Longford Town Dublin Road Railway,,IE,Irlandia,53.72555599995296,-7.791389000428379
6161,16.619592778335004,51.39464,13.855615226337449,5.474524291497976,7.447287192715963,20.176620026874517,10.194345861044631,3.2448203492181347,16.722809523809524,38.12818992248062,10.712705314009662,5.097885714285715,15.605431226765798,64.3678529424119,13.606096654275094,5.634548507462687,Hornsgatan,Stockholm,SE,Szwecja,59.31713213999999,18.04878744
6188,11.256418128654971,51.39464,10.724389880952382,9.568817472919314,5.450595562233391,20.176620026874517,7.1334823694412055,5.599787690323896,10.425828571428571,38.12818992248062,7.05156976744186,11.69357142857143,10.682272727272727,64.3678529424119,11.4354802259887,8.170128309942317,Folkungagatan,Stockholm,SE,Szwecja,59.31462368,18.07585555
6209,14.078098190672772,51.39464,10.98444059976932,4.675129796839729,7.57506363550302,20.176620026874517,7.64592939170396,2.817375280918258,18.053504120148858,38.12818992248062,9.066875,4.558469194312796,10.451701066601531,64.3678529424119,9.639169960474309,4.302228346456693,Sollentuna E4 Häggvik,Sollentuna,SE,Szwecja,59.44353499937188,17.922358000226797
6229,12.22903815261044,51.39464,12.672457055214725,0.0,5.714409769487863,20.176620026874517,7.516434989309239,0.0,13.137607655502393,38.12818992248062,10.34063725490196,0.0,10.898746268656717,64.3678529424119,12.99096654275093,0.0,Sveavägen,Stockholm,SE,Szwecja,59.34516113,18.05428175
6230,17.13806032225579,51.39464,13.560589451913133,4.986440433212996,8.487921806552531,20.176620026874517,8.867036272672081,2.8323352672636277,21.32734513274336,38.12818992248062,8.723423423423423,5.98,12.79343423076923,64.3678529424119,12.991937984496124,4.915155555555556,Södertälje Turingegatan 26,Södertälje,SE,Szwecja,59.19811500016407,17.62108399995059
6348,3.3319673224043718,62.9932059447983,15.364535,9.568817472919314,2.8237130366216436,17.41330664059687,7.332373285997386,5.599787690323896,5.267299019607843,51.296208530805686,16.546848854961834,11.69357142857143,1.7740422222222223,66.58666666666667,15.472967741935484,8.170128309942317,Montemor-o-Velho,Rede de Qualidade do Ar do Centro,PT,Portugalia,40.18277800003292,-8.676666999795179
6351,13.199556898288016,54.952477432296895,24.975369807497465,9.568817472919314,6.491103915775687,21.365191391455312,12.039805015336526,5.599787690323896,14.959212962962964,43.73780269058296,27.60099099099099,11.69357142857143,10.458838951310863,67.84479087452472,19.715946969696972,8.170128309942317,"Olesno, ul. Słowackiego",Olesno,PL,Polska,50.8769830001303,18.416878000342773
6363,12.010841093117408,51.39464,12.628265848670756,8.46672986748216,8.544789605856911,20.176620026874517,8.083901302024882,5.497860305629749,17.26201646090535,38.12818992248062,13.712452107279693,10.6299609375,6.870909482758621,64.3678529424119,10.556468085106383,7.157914893617021,Alvim,Sarpsborg,NO,Norwegia,59.27377543980679,11.089190169693003
6378,3.571886586695747,80.663539445629,12.954623188405797,9.568817472919314,1.5578878911675662,21.60614099650797,5.942237970069043,5.599787690323896,4.376492227979274,68.39362745098039,10.586492146596859,11.69357142857143,2.8903220973782773,94.64344569288389,13.30905325443787,8.170128309942317,Czerniawa,Czerniawa,PL,Polska,50.91247500020062,15.312189999731803
6381,14.078098190672772,51.39464,24.853677811550153,18.271981891348087,7.57506363550302,20.176620026874517,12.502464176973076,10.873221584658232,18.053504120148858,38.12818992248062,25.478098859315587,22.683916349809884,10.451701066601531,64.3678529424119,20.866023622047244,12.136039215686274,"Warszawa, ul. Tołstoja",Warszawa,PL,Polska,52.285073000210836,20.933017999762576
6382,15.088367179487179,52.49168168168168,20.431973550356055,9.568817472919314,8.694253051514407,20.341078248297997,11.0297481460959,5.599787690323896,22.51481865284974,41.65009302325581,24.15359813084112,11.69357142857143,11.15732075471698,61.568164794007494,17.442878787878787,8.170128309942317,"Zakopane, ul. Sienkiewicza",Zakopane,PL,Polska,49.29356400004286,19.960083000435894
6384,10.81142179616549,55.97626130653266,17.02857581967213,10.626459627329192,5.551916531197413,20.17842315091056,8.707049882821268,5.964604933468604,11.793441860465117,45.747511520737326,16.065024154589373,12.136069651741293,9.137166037735849,69.87366412213741,15.291325757575757,8.041471698113206,"Szczecin, ul. Andrzejewskiego",Szczecin,PL,Polska,53.38097500020279,14.663347000313731
6386,18.20518181818182,48.473333333333336,18.16320241691843,12.687591775325979,8.593919001192791,21.628021435684875,9.364205033185808,7.760951778802916,18.908664383561643,36.995714285714286,19.267207207207207,16.207657657657656,15.722690058479532,66.43478260869566,13.55820224719101,7.617599250936329,"Warszawa, ul. Wokalna",Warszawa,PL,Polska,52.16077200027042,21.033818999839358
6387,18.73930443548387,47.17366733466934,21.555916919959472,15.13377263581489,9.085271167651982,21.71419549593451,10.68333103072047,9.240067133796984,17.846435185185186,35.52087962962963,21.686271929824564,19.056740088105727,17.239204545454545,62.457677902621725,17.22793233082707,9.163496240601503,"Piastów, ul. Pułaskiego",Piastów,PL,Polska,52.19172800020462,20.83748900008589
6391,14.078098190672772,51.39464,13.031560574948665,6.55447261663286,7.57506363550302,20.176620026874517,9.488500804168982,4.51704586358907,18.053504120148858,38.12818992248062,14.350275229357798,8.610215311004785,10.451701066601531,64.3678529424119,8.719026217228464,4.817187265917603,Moheia Vest,Rana,NO,Norwegia,66.31219100015043,14.149922999784136
6406,14.078098190672772,51.39464,13.103241590214068,8.472920081967214,7.57506363550302,20.176620026874517,6.588356341098201,4.99313347767855,18.053504120148858,38.12818992248062,16.587731958762888,11.989893048128343,10.451701066601531,64.3678529424119,9.990569105691057,5.5650813008130084,Wexford Enniscorthy Parnell Road,Wexford,IE,Irlandia,52.49850000010686,-6.570749999731383
6409,14.240952858575726,51.39464,21.325780463242697,9.568817472919314,7.254903672964948,20.176620026874517,8.757995196334209,5.599787690323896,22.242270531400965,38.12818992248062,26.70175438596491,11.69357142857143,9.524436363636363,64.3678529424119,21.5597609561753,8.170128309942317,Aprilia 2,Latina,IT,Włochy,41.595344,12.653581
6502,14.078098190672772,51.39464,8.045234984193888,3.1826841025641026,7.57506363550302,20.176620026874517,6.205548546780867,2.054312384823449,18.053504120148858,38.12818992248062,5.371504629629629,2.6010790697674415,10.451701066601531,64.3678529424119,6.9395094339622645,3.4380269230769227,Olav V gate,unknown,NO,Norwegia,67.27550099990026,14.419057000366632
7137,17.386359077231695,51.39464,17.73599593495935,9.568817472919314,7.449946772366547,20.176620026874517,7.257406615821452,5.599787690323896,19.28929906542056,38.12818992248062,18.359767441860466,11.69357142857143,16.792255639097743,64.3678529424119,14.911666666666665,8.170128309942317,"Koszalin, ul. Armii Krajowej",Koszalin,PL,Polska,54.19398599976215,16.172543999893893
7163,18.59354481369587,51.39464,15.85408422459893,9.568817472919314,10.016081822894572,20.176620026874517,9.503057237913495,5.599787690323896,22.331970443349757,38.12818992248062,21.038999999999998,11.69357142857143,15.29269387755102,64.3678529424119,13.943714953271028,8.170128309942317,Custóias-Matosinhos,Porto,PT,Portugalia,41.19972200032716,-8.644722000095136
7173,3.367225077399381,50.81141141141141,17.407232142857143,9.138084163898117,2.3383562406358167,15.534308461875188,7.822426828831201,4.07506306803093,3.6519003937007875,45.50595238095238,18.125652173913046,9.883655913978494,2.9076294776119402,48.77509293680298,16.110307692307693,8.949744897959183,Monte Velho,Rede de Qualidade do Ar do Alentejo,PT,Portugalia,38.07694400005979,-8.798610999927275
7178,1.5866028121484814,72.63919540229885,13.382566765578636,3.9500746268656717,0.8799293862069567,16.85189370846237,7.242992130789588,3.878881285295147,1.5250363636363635,67.45308056872038,10.164508670520231,3.3039975247524755,1.694408163265306,70.85701754385964,16.987619047619045,4.401272289156626,Santiago do Cacém,Setúbal,PT,Portugalia,38.02000000007205,-8.697500000229098
7182,5.425282323232323,54.56128073770491,13.392061855670102,5.428895,3.9036987013291675,30.48411683960426,6.419797542876718,2.980935255120281,5.8060783410138255,62.52067669172932,10.97078838174274,5.261684210526316,5.059922846441947,40.14672,16.308383458646617,6.605217391304348,Sonega,Setúbal,PT,Portugalia,37.87111100027024,-8.723888999846922
7183,2.6082128418549346,74.75515075376885,5.6810323333333335,3.990265483234714,1.026753274544217,16.346898572304763,2.5171478627326054,3.040542158348016,2.549847290640394,68.13584905660377,5.044812096774193,2.9571071428571427,2.9393756613756614,77.12867132867133,6.3370149253731345,5.25424358974359,Minho-Lima,Rede de Qualidade do Ar do Norte,PT,Portugalia,41.802222000139054,-8.693889000060706
7184,9.561730382293764,56.083114228456914,19.816548117154813,9.568817472919314,5.058081289188495,22.49952485188654,8.067531430500214,5.599787690323896,11.953974358974358,40.58774887892376,19.697863636363635,11.69357142857143,7.480037453183521,62.87388059701493,21.464702702702702,8.170128309942317,Instituto Geofísico de Coimbra,Rede de Qualidade do Ar do Centro,PT,Portugalia,40.20694399982838,-8.410832999934769
7185,2.203779218106996,64.67883,11.70485312899106,4.611556113902848,1.9927099912914048,22.377258465404758,7.34517937485081,2.922937235527968,1.1656762114537444,50.642857142857146,9.854009661835748,6.044038461538462,3.887566147859922,74.52835820895523,15.71703125,5.332403409090909,Fundão,Rede de Qualidade do Ar do Centro,PT,Portugalia,40.23305599969045,-7.301944000170687
7186,8.97267336683417,55.12500821355236,20.094081675392673,3.279765784114053,4.674574652084583,17.744815057717986,11.422913803522906,1.3236533349028121,12.083122171945702,41.63627450980392,19.538180995475113,3.4003571428571426,7.352808988764045,61.5752808988764,19.386,3.472781954887218,Joaquim Magalhães,Rede de Qualidade do Ar do Algarve,PT,Portugalia,37.01500000002294,-7.92666699974986
7187,16.743965957446807,67.71149425287356,18.560732714138286,9.568817472919314,9.399021121335384,21.202969619006762,10.099593344432536,5.599787690323896,18.553,60.10138248847926,21.078909952606633,11.69357142857143,15.909609375,68.390625,19.527789115646257,8.170128309942317,Ermesinde-Valongo,Rede de Qualidade do Ar do Norte,PT,Portugalia,41.20666699975217,-8.552777999749257
7188,38.7624320083682,51.39464,28.093210355987054,9.568817472919314,16.81607323319598,20.176620026874517,16.348952044274387,5.599787690323896,47.61423963133641,38.12818992248062,35.685746606334845,11.69357142857143,33.1177471042471,64.3678529424119,26.85902953586498,8.170128309942317,Fr Bartolomeu Mártires-S.Vitor,Braga,PT,Portugalia,41.549722000175315,-8.405833000419557
7189,18.346201629327904,51.39464,15.889704284221526,9.568817472919314,8.850187621160503,20.176620026874517,9.394175344936599,5.599787690323896,21.543218884120172,38.12818992248062,20.416206896551724,11.69357142857143,15.043970037453184,64.3678529424119,14.492715415019763,8.170128309942317,D.Manuel II-Vermoim,Porto,PT,Portugalia,41.23555600000465,-8.618611000311658
7190,13.6522022022022,44.1035503560529,16.822858638743455,9.568817472919314,6.714698094192136,17.914458129982428,8.089582509247084,5.599787690323896,14.997596566523605,38.3067,19.674065934065933,11.69357142857143,13.24071161048689,44.69148148148148,16.48008163265306,8.170128309942317,Avintes,Porto,PT,Portugalia,41.096666999899476,-8.555833000248958
7191,9.624916666666666,24.471042424242423,16.909750369800115,9.568817472919314,5.48240023106222,19.31684208083593,8.751801640276929,5.599787690323896,15.22482456140351,21.850641509433963,18.589172240802675,11.69357142857143,7.088389513108614,24.23042748091603,15.521663401253917,8.170128309942317,Frossos-Braga,Braga,PT,Portugalia,41.56944400010007,-8.456943999575724
7193,20.767626774847873,51.39464,18.22115625,9.568817472919314,11.97210879001068,20.176620026874517,8.139558375893468,5.599787690323896,28.970909090909092,38.12818992248062,20.69779661016949,11.69357142857143,12.090299625468166,64.3678529424119,16.87108108108108,8.170128309942317,Odivelas-Ramada,Rede de Qualidade do Ar de Lisboa e Vale do Tejo,PT,Portugalia,38.802222000265,-9.182222000082698
7194,14.078098190672772,57.87504184100418,24.35599147121535,9.568817472919314,7.57506363550302,19.66351368308166,12.073433580757222,5.599787690323896,18.053504120148858,46.15697435897436,28.526066666666665,11.69357142857143,10.451701066601531,58.43174603174603,22.44865051903114,8.170128309942317,Meco-Perafita,Porto,PT,Portugalia,41.232222000155645,-8.713056000240057
7195,3.212527638190955,81.57793380140421,7.473691712707182,2.502794169416942,1.902721706224527,18.791448285277657,4.889209441564365,2.861121752918082,3.6915470085470083,69.17401960784314,6.2222167487684725,2.1391110576923076,3.4030973782771534,87.93320754716981,9.882304832713755,3.780324632352941,Douro Norte,Vila Real,PT,Portugalia,41.371389000197034,-7.790832999861373
7196,4.919873943661972,60.28798798798798,23.804105534105535,9.568817472919314,4.190995044503934,20.607210634049608,11.019625089707644,5.599787690323896,6.960124463519313,48.03738738738738,25.44364077669903,11.69357142857143,3.0925771535580524,61.925468164794005,24.883333333333333,8.170128309942317,Ílhavo,Aveiro,PT,Portugalia,40.589722000301116,-8.67055599986918
7199,15.997147147147146,56.525909999999996,16.909750369800115,9.568817472919314,10.182920352392815,18.30556862855439,8.751801640276929,5.599787690323896,23.595422222222222,44.39585903083701,18.589172240802675,11.69357142857143,10.456554307116106,58.697003745318355,15.521663401253917,8.170128309942317,Restelo,Lisboa,PT,Portugalia,38.70500000003812,-9.210277999780002
7200,20.22532128514056,51.39464,23.093314606741572,9.568817472919314,8.030216940891297,20.176620026874517,12.161015778729999,5.599787690323896,25.054337899543377,38.12818992248062,26.258474576271187,11.69357142857143,18.415283018867925,64.3678529424119,9.765,8.170128309942317,Pe Moreira Neves-Castelões de Cepeda,Porto,PT,Portugalia,41.20749999999324,-8.33805599976824
7207,18.81496439471007,51.39464,20.201843971631206,9.568817472919314,8.710547213780362,20.176620026874517,10.202747494378576,5.599787690323896,20.120346534653464,38.12818992248062,20.80669811320755,11.69357142857143,15.363962264150942,64.3678529424119,17.179022556390976,8.170128309942317,"Łódź, ul. Gdańska",Łódź,PL,Polska,51.77537800003529,19.450992000323055
7209,6.430340703517588,54.10833833833834,16.909750369800115,9.568817472919314,3.225882455889678,17.635607348053302,8.751801640276929,5.599787690323896,6.678442622950819,44.11584821428572,18.589172240802675,11.69357142857143,5.802991631799163,61.83656370656371,15.521663401253917,8.170128309942317,Liniewko Kościerskie,Liniewko Kościerskie,PL,Polska,54.10411100018107,18.182971999565655
7210,12.98566091954023,59.48271929824561,17.769167860798362,12.543559095580678,6.279343921195793,15.58334624368585,10.63035746860464,8.91896342543291,15.424125,54.36322033898305,19.77078773584906,16.174014634146342,8.461609195402298,64.3678529424119,12.369774436090227,6.9987969924812035,"Kościerzyna, ul. Targowa",Kościerzyna,PL,Polska,54.12069400009938,17.975861000083857
7211,11.351546184738956,51.9403003003003,22.443479381443296,15.545935064935065,5.38473619953367,18.776988787496276,13.199815414431301,11.196716403805521,13.814493392070483,46.74646825396825,24.719310344827587,20.41127551020408,8.415868725868727,56.33067226890756,17.209112426035503,8.256094674556213,"Lębork, ul. Malczewskiego",Lębork,PL,Polska,54.54616700016444,17.746194000012157
7239,25.113038229376258,39.16344044044044,23.80600814663951,9.568817472919314,11.319055221274578,20.421213534377415,13.230535047655186,5.599787690323896,30.960047619047618,26.62106046511628,27.432546296296298,11.69357142857143,21.335318352059925,54.21588014981273,18.154469696969695,8.170128309942317,"Kraków, ul. Bujaka",Kraków,PL,Polska,50.01057500006781,19.949188999831346
7241,14.078098190672772,51.39464,16.98942363112392,14.215775862068966,7.57506363550302,20.176620026874517,9.175490896559722,8.818963241378624,18.053504120148858,38.12818992248062,18.41190476190476,17.5625,10.451701066601531,64.3678529424119,12.682717391304347,8.739347826086956,"Konstancin-Jeziorna, ul. Wierzejewskiego",Konstancin-Jeziorna,PL,Polska,52.080625,21.111186
7242,14.078098190672772,51.39464,16.745558739255014,12.37316091954023,7.57506363550302,20.176620026874517,11.964362097117263,10.082264384029848,18.053504120148858,38.12818992248062,24.758846153846154,21.357763157894738,10.451701066601531,64.3678529424119,11.672555555555554,6.714666666666666,"Duszniki-Zdrój, ul. Sportowa",Duszniki-Zdrój,PL,Polska,50.40256100004686,16.393310999678672
7300,14.078098190672772,51.39464,15.320186298076923,8.160751764705882,7.57506363550302,20.176620026874517,12.399140143129191,6.576972179074021,18.053504120148858,38.12818992248062,20.114214659685864,14.345395604395605,10.451701066601531,64.3678529424119,9.189538461538461,4.657565384615385,Ringsakervegen,unknown,NO,Norwegia,60.88593000015307,10.937850000240683
7456,8.573857938718662,54.011286407766995,14.452933333333334,4.134481761006289,3.1358132001275965,13.087775688107625,5.900244389924995,2.2507169539186496,8.821631205673759,51.221637426900585,13.058770949720671,3.848814569536424,8.405384615384616,53.8289156626506,15.49948275862069,4.228674418604651,Monte Chãos,Rede de Qualidade do Ar do Alentejo,PT,Portugalia,37.95416700019476,-8.838055999798453
7504,13.97981343283582,40.83283582089552,19.850594479830146,5.361325321888412,6.612964856951181,16.92279615066823,12.77641217406288,5.553796723796939,15.968041958041956,35.37915254237288,23.88238805970149,11.225433333333333,13.536439393939393,41.910410557184754,21.484760479041917,4.146503643724697,Paços de Ferreira,Rede de Qualidade do Ar do Norte,PT,Portugalia,41.27416700028732,-8.37611099956937
7511,11.522673373373374,51.286699999999996,19.043821733821733,9.568817472919314,8.829402073842532,17.79753199899512,10.429197960309402,5.599787690323896,10.488230472103005,47.03862660944206,23.30963768115942,11.69357142857143,8.801460674157303,49.005992509363296,16.482459677419357,8.170128309942317,Anta-Espinho,Aveiro,PT,Portugalia,40.99944399986209,-8.623332999992526
7512,14.649803240740741,51.39464,19.04679802955665,9.215210355987056,7.621733095077311,20.176620026874517,7.329298210839643,3.8485041027989677,12.397692307692306,38.12818992248062,17.81118881118881,8.811188811188812,16.712382978723404,64.3678529424119,22.688271604938272,10.882716049382717,Fiumaretta,Civitavecchia,IT,Włochy,42.102157999999996,11.784358
7514,4.506652834008097,86.59939999999999,15.100606673407482,8.42195367573011,2.465363845664918,19.42493314448387,6.770324001180999,5.067110247463406,6.186283185840708,68.92844444444444,19.10822510822511,12.231441048034934,3.4229107806691452,102.55535055350553,15.333955223880597,7.401486988847584,Allumiere Aldo Moro,via Aldo Moro snc - Allumiere (RM),IT,Włochy,42.16096599992137,11.900003999839035
7515,12.43886,51.39464,20.202935222672064,9.568817472919314,6.577567034131121,20.176620026874517,8.50606562812466,5.599787690323896,14.350567685589521,38.12818992248062,18.90557939914163,11.69357142857143,12.479026217228466,64.3678529424119,24.19360902255639,8.170128309942317,S. Gordiano,"Via del tiro a segno, snc - Civitavecchia (RM)",IT,Włochy,42.07361199972038,11.815902999795961
7516,4.194677419354838,51.39464,16.294117647058822,9.568817472919314,1.7529082355659782,20.176620026874517,6.8344236094534505,5.599787690323896,5.323153153153153,38.12818992248062,15.268085106382978,11.69357142857143,3.73182156133829,64.3678529424119,19.992592592592594,8.170128309942317,Monte Romano,Civitavecchia,IT,Włochy,42.268561,11.910914
7517,11.06234704112337,51.39464,17.321681864235057,7.644084934277047,5.112456469500149,20.176620026874517,7.285688269334351,3.0715518992362703,11.481946902654867,38.12818992248062,16.862222222222222,7.5152838427947595,12.212899628252789,64.3678529424119,19.948132780082986,9.101694915254237,Campo dell'Oro,Via A. De Gasperi - Civitavecchia (RM),IT,Włochy,42.08179200025957,11.809369000270658
7518,7.224449484536083,51.39464,15.628048780487806,8.107587768969422,4.529581879844705,20.176620026874517,6.43195928897759,4.414247079754379,7.413412322274882,38.12818992248062,14.586538461538462,8.723958333333334,8.219985239852399,64.3678529424119,18.17704280155642,9.435294117647059,Faro,Via Nuova di S.Liborio snc - Civitavecchia (RM),IT,Włochy,42.09883700016232,11.817651999891206
7519,3.8387082494969818,67.4379,15.82995951417004,6.716216216216216,2.1828648446254446,16.63494258796538,7.214469109876788,3.523723961722048,3.9716580086580087,55.81194690265487,14.502202643171806,5.969162995594714,3.974419475655431,77.94126394052044,19.62934362934363,8.598859315589353,S. Agostino,via di Torrevaldaliga - Civitavecchia (RM),IT,Włochy,42.159982999867076,11.74270600040318
7520,7.460636363636364,51.39464,13.043610547667344,9.568817472919314,4.253263764242861,20.176620026874517,6.072708754811295,5.599787690323896,7.09646835443038,38.12818992248062,12.399082568807339,11.69357142857143,8.270037878787878,64.3678529424119,16.423529411764704,8.170128309942317,Aurelia,Civitavecchia,IT,Włochy,42.137344,11.793163
7526,21.607091273821464,51.39464,28.826395939086293,16.389285714285716,10.0344227299225,20.176620026874517,14.2776373592617,10.371827634416169,32.531990950226245,38.12818992248062,43.00917431192661,28.443396226415093,15.968671586715868,64.3678529424119,24.477443609022558,12.155430711610487,COLLEFERRO EUROPA,V.LE EUROPA - Colleferro (RM),IT,Włochy,41.725004999784296,13.009667999554923
7527,37.34827794561933,51.39464,23.322255790533735,9.568817472919314,14.36974005293057,20.176620026874517,9.69683489614284,5.599787690323896,49.26354679802956,38.12818992248062,28.920704845814978,11.69357142857143,28.113284671532845,64.3678529424119,21.659003831417625,8.170128309942317,L.GO MAGNA GRECIA,LARGO MAGNA GRECIA - Roma (RM),IT,Włochy,41.883074999854905,12.508950000372625
7529,31.04523,36.791128,21.83937562940584,12.51356783919598,13.016136006651276,17.714631654659843,9.441438262500435,6.915927061274728,43.305240174672484,21.395616071428574,26.308695652173913,17.601809954751133,20.65921348314607,45.66420664206642,21.669776119402986,12.199261992619926,ARENULA,Piazza Cairoli adiacente via dei Giubbonari - Roma (RM),IT,Włochy,41.89397099978775,12.475387000098593
7530,35.9445,51.39464,25.530181086519114,12.744209466263847,8.98934246917026,20.176620026874517,10.32540032202504,6.1481236650901065,40.21017699115044,38.12818992248062,32.082969432314414,17.397260273972602,32.72081784386617,64.3678529424119,23.26356589147287,11.547169811320755,C.SO FRANCIA,CORSO FRANCIA - Roma (RM),IT,Włochy,41.94744799997372,12.46956300022777
7531,25.025650000000002,37.55528528528529,26.08953722334004,9.568817472919314,7.343487876458419,17.240153179627146,11.743547485317295,5.599787690323896,31.58047619047619,24.8866985645933,34.433476394849784,11.69357142857143,20.437627737226276,45.728205128205126,26.451851851851853,8.170128309942317,Colleferro-Oberdan,Roma,IT,Włochy,41.73084,13.00435
7532,20.88098,61.2475350140056,22.12185297079557,9.256709451575263,10.285343325671091,19.04730368358319,9.950596502551308,4.50694219451377,22.05717703349282,49.840823529411765,23.517094017094017,9.950980392156863,21.03795620437956,66.35714285714286,22.190114068441066,10.502304147465438,Civ. Villa Albani,Roma,IT,Włochy,42.099363,11.798061
7533,16.26607,51.39464,25.85764587525151,16.40212981744422,8.219216518335257,20.176620026874517,13.502791732950339,11.108363590203822,20.27621145374449,38.12818992248062,40.10762331838565,30.118483412322274,15.808962962962964,64.3678529424119,21.22328244274809,11.195075757575758,Ferentino,Frosinone,IT,Włochy,41.69,13.250411
7534,45.46201,51.39464,24.75227502527806,9.568817472919314,16.50681798227022,20.176620026874517,9.739304700739128,5.599787690323896,54.76516618773956,38.12818992248062,30.38532110091743,11.69357142857143,33.40076923076923,64.3678529424119,23.60377358490566,8.170128309942317,Fermi,Roma,IT,Włochy,41.864194,12.469531
7535,6.69365,81.5522,12.073529411764707,9.568817472919314,2.4593949664706356,16.844491445337624,5.387042087682627,5.599787690323896,7.262130434782608,68.87292576419213,10.91150442477876,11.69357142857143,6.30093984962406,93.03866171003718,15.187007874015748,8.170128309942317,Allumiere,Roma,IT,Włochy,42.157741,11.908744
7536,13.97191374122367,51.39464,21.48665297741273,9.568817472919314,8.55790034798524,20.176620026874517,7.677955690515233,5.599787690323896,20.302478991596637,38.12818992248062,23.361216730038024,11.69357142857143,9.018569288389513,64.3678529424119,22.815384615384616,8.170128309942317,Fiumicino Porto,porto di fiumicino - Fiumicino (RM),IT,Włochy,41.774843999922716,12.223403999636512
7537,29.290650000000003,51.39464,21.598890010090816,9.568817472919314,10.75137788396928,20.176620026874517,12.466675124734255,5.599787690323896,39.82666666666667,38.12818992248062,34.0625,11.69357142857143,20.372581818181818,64.3678529424119,17.43702290076336,8.170128309942317,Alatri,Frosinone,IT,Włochy,41.73,13.338333
7538,15.23988,54.24996,20.13050153531218,11.174442190669371,9.95221332848808,21.53321626234691,8.007527903751079,6.023683877415074,23.168488888888888,39.296299559471365,24.53488372093023,15.726415094339623,8.786309963099631,64.7275092936803,20.392193308550187,10.638376383763838,Malagrotta,Roma,IT,Włochy,41.874894,12.345598
7539,21.868445336008023,47.363277000000004,21.283742331288344,11.885892116182573,9.622417407143578,20.208896604521563,10.734848001734132,7.208614332504356,31.9316,32.300625000000004,31.425925925925927,19.730569948186528,16.24520295202952,61.184870848708485,18.51498127340824,9.853932584269662,FROSINONE MAZZINI,VIA MAZZINI - Frosinone (FR),IT,Włochy,41.63960900005591,13.348977000439092
7540,20.84312312312312,45.29487,21.22334004024145,11.02116935483871,8.383815968653431,23.94075586054615,9.050958927851902,6.049747969794333,25.455401785714287,22.245288888888886,26.00877192982456,15.423076923076923,16.17705882352941,68.94301470588235,21.38152610441767,10.362869198312236,VILLA ADA,VIA SALARIA - Roma (RM),IT,Włochy,41.9328920002536,12.506946999834165
7541,14.278361809045226,45.72872340425532,16.42472024415056,8.27639751552795,7.525895043580579,24.971267968909597,8.131864438397107,6.467030924432707,21.556610169491524,27.958452380952384,23.077272727272728,15.16326530612245,10.435676691729324,67.85232558139535,14.757518796992482,5.92910447761194,Rieti 1,Rieti,IT,Włochy,42.404092999999996,12.858224000000002
7542,3.9312139253279517,64.3649,13.471153846153847,8.887437185929649,2.5759693416535883,18.857621479865312,5.262022744953184,4.091126601074607,6.782386666666667,52.1965811965812,14.652173913043478,11.195652173913043,2.4813197026022307,76.52177121771219,15.228624535315985,9.014814814814814,Acquapendente,Viterbo,IT,Włochy,42.736649,11.876578
7543,19.666643286573148,68.82,17.197275479313824,8.840521564694082,7.281838984211748,26.11835006037983,6.437867976639514,3.8568307589000517,24.446044444444443,45.23294117647059,18.595652173913045,10.466960352422907,16.69411111111111,87.316091954023,18.31902985074627,9.431226765799256,VITERBO,V.LE R. CAPOCCI - Viterbo (VT),IT,Włochy,42.422120000299806,12.1091959996771
7544,23.584829659318636,53.949769999999994,20.287223340040242,9.855544252288912,10.584471135048183,21.033295171058032,8.5763702475335,5.319141478955185,29.5258407079646,36.755814977973564,23.784140969162994,13.320754716981131,18.75662962962963,67.55613382899628,20.522304832713754,9.468401486988848,Villa Guglielmi,via di Villa Guglielmi - Fiumicino (RM),IT,Włochy,41.768233999903224,12.237040999672912
7545,29.173173173173172,46.48129,22.047064777327936,9.568817472919314,11.155928635864344,24.418998175760752,9.684384148735411,5.599787690323896,38.093827160493824,24.547229437229436,26.654708520179373,11.69357142857143,20.627892720306512,69.38327137546467,21.935546875,8.170128309942317,BUFALOTTA,"VIA MONTE CANDA, ADIACENTE CIVICO 12 - Roma (RM)",IT,Włochy,41.94765399996921,12.5336669998881
7546,20.64026026026026,51.39464,20.19517102615694,9.78714859437751,8.546086139804014,20.176620026874517,8.139032112420658,5.212169322580023,25.701391304347826,38.12818992248062,25.530434782608694,14.22972972972973,16.65862962962963,64.3678529424119,19.359550561797754,9.0817843866171,Guidonia,Roma,IT,Włochy,41.995679,12.726371
7547,20.06367735470942,56.3904,20.291330645161292,9.568817472919314,11.259766945149682,19.422295265837988,8.673486598334708,5.599787690323896,31.65970711297071,37.90580357142857,25.853982300884955,11.69357142857143,11.026705426356589,69.40258302583025,19.24137931034483,8.170128309942317,LT TASSO,VIA TASSO - Latina (LT),IT,Włochy,41.46402699983643,12.913043000434374
7548,23.302979999999998,51.39464,20.462701612903224,9.946946946946946,8.712050926788184,20.176620026874517,8.248237432712216,5.173898592113217,30.317619047619047,38.12818992248062,26.219730941704036,14.638009049773755,18.13390510948905,64.3678529424119,19.862962962962964,9.28624535315985,Latina-Scalo,Latina,IT,Włochy,41.531431,12.946064000000002
7549,22.434294294294293,51.39464,22.405870445344128,12.55464159811986,10.00571972082672,20.176620026874517,9.643637415689463,6.82919417911827,30.409077669902913,38.12818992248062,29.02252252252252,18.51578947368421,19.560036363636364,64.3678529424119,21.54901960784314,10.708333333333334,Latina De Chirico,via De Chirico - Latina (LT),IT,Włochy,41.45113099980048,12.891731000324656
7550,30.63764,51.39464,28.62460732984293,15.951891891891892,11.110062390316115,20.176620026874517,16.52476293539533,10.03889132072556,42.04329004329004,38.12818992248062,46.49189189189189,27.726114649681527,22.411804511278195,64.3678529424119,23.320866141732285,12.362745098039216,Cassino,Frosinone,IT,Włochy,41.49,13.83069
7551,8.051017241379311,63.64994984954865,19.219635627530366,9.234642497482376,4.82719368892137,15.366798184503674,7.887336050818871,4.819559474298137,11.641639593908629,55.14514563106796,19.52403846153846,11.832512315270936,5.665934065934065,71.85854545454545,22.62934362934363,9.438461538461539,CASTEL DI GUIDO,VIA AURELIA KM 20 CASTEL DI GUIDO - Roma (RM),IT,Włochy,41.88945099994251,12.26632699960669
7571,27.253309929789367,51.39464,23.84754756637168,9.568817472919314,14.632008953705464,20.176620026874517,14.131507489694432,5.599787690323896,32.02186363636364,38.12818992248062,25.073154929577466,11.69357142857143,24.47498127340824,64.3678529424119,24.799124423963132,8.170128309942317,Francisco Sá Carneiro-Campanha,Rede de Qualidade do Ar do Norte,PT,Portugalia,41.16444400021757,-8.589444000203567
7658,9.81844421699079,51.39464,6.19025665601704,10.958028985507246,4.409262841628683,20.176620026874517,4.485994581474317,2.8731725382806386,10.820043290043289,38.12818992248062,5.204861607142857,10.194745762711865,9.885859375,64.3678529424119,6.207326530612245,11.382375757575758,Hafnarfjörður Norðurhella,Hafnarfjörður,IS,Islandia,64.04415999990884,-21.985349999893124
7659,7.789834437086093,51.39464,8.704034554973822,3.619044585987261,7.686309595003204,20.176620026874517,6.88104951573581,2.520687924195982,13.5720890052356,38.12818992248062,8.85765470852018,3.869949074074074,3.995480620155039,64.3678529424119,7.906217054263566,3.61853515625,Kópavogur Dalsmári,Kópavogur,IS,Islandia,64.10495000011132,-21.889000000233874
7767,19.597241379310347,47.85865566037736,16.909750369800115,9.568817472919314,12.083962216058888,19.148020691958237,8.751801640276929,5.599787690323896,26.6679203539823,35.316105263157894,18.589172240802675,11.69357142857143,12.359573643410853,54.21752577319588,15.521663401253917,8.170128309942317,Alfragide/Amadora,Lisboa,PT,Portugalia,38.73888900002024,-9.20750000018805
7769,0.8812479338842976,51.39464,3.934663098591549,2.7823148058252425,1.187445283900325,20.176620026874517,3.500669444325856,2.1052097966085133,1.4399632653061225,38.12818992248062,3.1492925925925928,2.2896231884057974,0.7174589743589743,64.3678529424119,4.600294117647058,3.6639879518072287,PCC norður,Húsavík,IS,Islandia,66.07927600017685,-17.342172999920432
7772,17.419038461538463,51.39464,24.975204301075266,9.568817472919314,7.496810638036246,20.176620026874517,9.062603900814606,5.599787690323896,20.982524271844657,38.12818992248062,24.540189573459713,11.69357142857143,16.862987012987013,64.3678529424119,27.230389105058364,8.170128309942317,David Neto,Rede de Qualidade do Ar do Algarve,PT,Portugalia,37.13833299980628,-8.542222000151824
7796,15.697863145258102,51.28233142857143,22.6100110864745,9.568817472919314,8.61153882631959,22.96599017301173,10.430139760673395,5.599787690323896,19.652011834319527,29.145810055865923,26.04092233009709,11.69357142857143,11.550796460176992,72.61472868217054,21.033384615384616,8.170128309942317,AMS Shumen,Шумен,BG,Bułgaria,43.268205999952116,26.938438999589817
7821,16.279587557603687,51.39464,14.939746251441754,7.391318553092182,10.65547497147628,20.176620026874517,8.429461897423234,4.454698429280629,18.81034523809524,38.12818992248062,14.404701195219124,8.26532,11.050098522167488,64.3678529424119,14.162341463414634,5.800634146341464,Dublin Inchicore Davitt Road,Ireland Air Quality e-Reporting monitoring network for compliance and informative reporting,IE,Irlandia,53.33629500021436,-6.309019999958868
7822,10.444684104627767,50.10471,16.68045696068013,9.568817472919314,7.4514193225351795,18.51884217307691,9.66294202718572,5.599787690323896,14.723862660944205,41.96137339055794,21.465202020202018,11.69357142857143,6.354847328244275,47.23298850574712,13.20385593220339,8.170128309942317,Mindelo-Vila do Conde,Porto,PT,Portugalia,41.30861100021069,-8.720833000420624
7828,29.481818181818184,24.7,16.909750369800115,38.451009895833785,8.810427706055838,9.99529889498058,8.751801640276929,31.38891589361925,29.481818181818184,24.7,18.589172240802675,57.73636363636364,10.451701066601531,64.3678529424119,15.521663401253917,8.170128309942317,Lukavac,,BA,Bośnia i Hercegowina,44.53330277777778,18.534891666666667
7832,46.065095095095096,51.39464,32.38176056338028,18.22944841675179,14.908707135861638,20.176620026874517,15.774306751596669,8.373692108732307,47.480555555555554,38.12818992248062,38.60249042145594,23.35794871794872,43.01325670498084,64.3678529424119,27.253280632411066,15.416964980544746,ARISTOTELOUS,monitoring network of Athens,GR,Grecja,37.98806600025286,23.727617000199235
7852,18.110380761523047,39.38087087087087,26.414456740442656,9.568817472919314,7.9356823157659795,17.88580075589859,13.90044595474639,5.599787690323896,21.787410714285716,25.348645418326694,34.3859243697479,11.69357142857143,13.93015037593985,58.752822580645166,20.97423387096774,8.170128309942317,AMS Gorna Oryahovitsa,Велико Търново,BG,Bułgaria,43.126475000260534,25.691211000156766
7861,13.191441441441441,75.48476953907816,26.78897565922921,9.568817472919314,6.673604627318566,19.78566009850555,9.724439183151805,5.599787690323896,16.592845528455285,58.052836879432625,26.59513618677043,11.69357142857143,10.0803007518797,90.82857142857144,27.206060606060603,8.170128309942317,KOROPI,ΑΤΤΙΚΗ,GR,Grecja,37.90130800001128,23.879026000365254
7882,5.824535496957404,68.074749498998,12.45217901234568,5.025588477366256,3.3730825557908157,17.445149567075315,7.382204156838883,4.013181834979474,8.244876033057851,56.23920704845815,13.487049180327869,6.9296747967479675,4.911773584905661,68.55692883895131,11.645728682170542,4.101601449275362,Lourinhã,Rede de Qualidade do Ar de Lisboa e Vale do Tejo,PT,Portugalia,39.27833300021285,-9.245555999814092
7891,13.474187308085979,55.29110403397028,8.542731958762888,5.08738198757764,10.10615773631671,17.805504989160728,4.861415858464073,3.102470893601445,16.067234042553192,50.73013071895425,9.622785388127854,6.016553488372093,10.054656488549618,56.080427046263345,7.501797752808989,4.43512734082397,Klosterhaugen,Bergen,NO,Norwegia,60.39592899982734,5.3126739997245425
7896,17.814855701311807,51.39464,12.018994769874476,7.858576604554866,9.60093277541014,20.176620026874517,8.019487680165652,5.184678229340182,21.840768,38.12818992248062,14.078847926267281,10.474392523364486,13.540486891385768,64.3678529424119,8.225992063492063,5.683765873015873,St.Croix,Fredrikstad,NO,Norwegia,59.21028000018185,10.945350000411816
7899,35.90909090909091,18.752727272727274,16.909750369800115,38.451009895833785,13.705944297672783,8.473785565978279,8.751801640276929,31.38891589361925,35.90909090909091,18.752727272727274,18.589172240802675,66.55243064630685,10.451701066601531,64.3678529424119,15.521663401253917,8.170128309942317,Živinice,,BA,Bośnia i Hercegowina,44.45388888888889,18.648333333333333
7907,2.996611282051282,54.549649649649645,16.909750369800115,9.568817472919314,2.2561863267838103,16.214039828262486,8.751801640276929,5.599787690323896,4.115128440366973,54.09669421487603,18.589172240802675,11.69357142857143,2.52905303030303,54.16616541353384,15.521663401253917,8.170128309942317,Haukenes,Grenland,NO,Norwegia,59.202429999945295,9.48709999995629
7910,3.473552966101695,70.7123178807947,12.661162303664922,4.960206434316354,1.5154938219052485,18.040173864864236,6.401999173063725,3.466401814649255,4.07890047393365,57.88142857142857,11.4812,5.651030927835051,3.3051851851851852,77.01328125,13.256237623762377,4.741770833333333,Chamusca,Rede de Qualidade do Ar de Lisboa e Vale do Tejo,PT,Portugalia,39.35250000005803,-8.466110999826338
7911,17.535821643286575,62.55881,19.85953795379538,5.3083196046128505,10.546083201308399,20.030388232299348,8.189017264183937,3.5567244841427015,22.814687499999998,46.314229074889866,21.639056603773586,6.475917721518988,12.806367041198502,68.97191011235955,18.438021978021975,5.303944444444444,Laranjeiro,Rede de Qualidade do Ar de Lisboa e Vale do Tejo,PT,Portugalia,38.66361100016094,-9.1577780003787
7913,14.23549,54.105050000000006,19.49219152854512,9.568817472919314,9.316129734666278,22.542051350233795,8.186305828755772,5.599787690323896,22.656053639846743,36.49445736434109,22.57216417910448,11.69357142857143,6.67936329588015,62.59962546816479,18.639732620320856,8.170128309942317,Loures-Centro,Rede de Qualidade do Ar de Lisboa e Vale do Tejo,PT,Portugalia,38.829721999784134,-9.164444000148482
7914,12.341076612903226,65.02998997995992,18.25014827018122,9.568817472919314,9.588902933042512,19.72906758118002,7.663164075063638,5.599787690323896,21.29309917355372,49.82982532751092,20.406832298136646,11.69357142857143,5.879340996168582,68.5190114068441,16.75180790960452,8.170128309942317,Quinta do Marquês,Lisboa,PT,Portugalia,38.69750000007551,-9.323333000394149
7917,9.715,51.39464,8.443064846416384,4.730060606060606,5.149833628849946,20.176620026874517,6.114654486751965,2.403026162894974,12.04153153153153,38.12818992248062,8.192597402597404,5.191,7.5364516129032255,64.3678529424119,7.088064516129032,4.704516129032259,Torvet,Trondheim,NO,Norwegia,63.43037999999999,10.39355
7922,6.44004524361949,51.4779,13.36104918032787,9.568817472919314,5.001095030756908,15.162841863033576,8.030296262098048,5.599787690323896,6.069075539568345,49.83223140495868,12.365470319634703,11.69357142857143,8.301404761904763,47.21056910569106,14.253969465648854,8.170128309942317,Malpique,Rede de Qualidade do Ar do Algarve,PT,Portugalia,37.09166700015384,-8.24972199976584
7929,12.463575,27.73209677419355,15.87863063063063,10.334122965641953,5.9266140856566745,12.501129891251535,8.55740350808252,5.813559331493409,5.428666666666667,29.16,22.131333333333334,16.607142857142858,13.20375,31.181772727272726,14.009196428571428,8.376607142857143,Mitrovice,Mitrovice,XK,Kosowo,42.89176999983937,20.868908000254464
7930,12.521717171717173,64.34845360824742,14.06020202020202,8.605416666666667,6.296209588673016,19.884395648148228,6.744945950646214,4.215348625569149,17.915333333333333,39.13333333333333,20.076666666666668,12.271666666666667,9.936976744186047,73.63414634146342,13.29953488372093,7.519767441860465,Prizren,Prizren,XK,Kosowo,42.220314,20.727926
7931,29.10104089219331,35.56926691729323,13.60343984962406,8.30935114503817,11.057995600402041,18.668810571703354,6.374074107287168,3.6608372809102967,19.829285714285714,26.6375,14.757857142857143,11.69357142857143,28.894082568807338,40.37028169014085,13.308119266055046,7.795321100917432,AQMS Prishtine - IHMK,AQMS Prishtine - IHMK,XK,Kosowo,42.64882999970873,21.13710700015327
7932,13.950166666666666,65.12333333333333,13.104464285714286,9.235272727272728,5.688025629774513,15.955014797083114,4.741367627649165,2.881640385810018,18.053504120148858,38.12818992248062,18.589172240802675,11.69357142857143,12.986590909090909,66.8,11.772749999999998,8.48825,Gjilan,Gjilan,XK,Kosowo,42.468070000000004,21.460363
7933,17.447586206896553,56.24685557586837,21.934014466546113,12.641167883211677,10.661541257303806,20.814233594613047,9.689674981451505,5.87311568483452,7.3,36.85333333333333,24.447999999999997,19.834666666666667,15.571160714285714,69.61422018348624,20.98651785714286,10.994419642857142,AQMS Prishtine Rilindje,AQMS Prishtine Rilindje,XK,Kosowo,42.659636000265685,21.157317000073025
7934,11.579873417721519,59.61186932849365,14.191189781021897,7.644970534069982,6.1072601561078645,21.013932217139427,8.055589346695937,3.8595525153904022,7.675,51.16,11.830666666666668,10.844666666666667,11.530405405405405,70.31552511415525,16.71545871559633,7.822727272727272,Drenas-Municipality,Drenas-Municipality,XK,Kosowo,42.62528399981385,20.891046000369617
7935,10.437633027522937,60.21556513761468,11.165779816513762,7.440276243093923,5.90008559362849,22.85369471552949,5.4484510571371025,3.6825477650167855,13.578,46.55384615384616,16.137857142857143,13.776428571428571,9.05563063063063,76.36367713004483,10.78420814479638,6.565656108597285,AQMS Hani i Elezit,Podgorica,XK,Kosowo,42.15401000011497,21.29596999956135
7945,15.933739279588337,51.39464,15.418541666666666,7.00303231292517,10.689337048834787,20.176620026874517,10.70110399627676,4.827652048054018,29.567265625,38.12818992248062,16.371889763779528,11.758897637795277,8.479714285714286,64.3678529424119,10.261204819277108,4.475140243902439,"Vangsveien, Hamar",Hamar,NO,Norwegia,60.79646,11.097770000000002
7947,20.566960882647944,51.39464,18.7362677484787,9.568817472919314,8.145127827158854,20.176620026874517,11.909524195523973,5.599787690323896,22.560262008733627,38.12818992248062,13.152826086956523,11.69357142857143,17.353846153846153,64.3678529424119,17.995384615384616,8.170128309942317,Stockholm E4/E20 Lilla Essingen,Stockholm,SE,Szwecja,59.325525999887155,18.0043910003324
7948,30.3863645943098,50.15621131270011,19.238559523809524,7.814484412470024,15.518765643128319,20.405918250013634,8.876505990549834,4.503851427194509,37.661611374407585,34.59118483412322,21.61707547169811,9.898190476190475,19.41425925925926,61.1777358490566,16.41927927927928,6.627272727272727,Entrecampos,Rede de Qualidade do Ar de Lisboa e Vale do Tejo,PT,Portugalia,38.7486110000273,-9.148888999962436
7962,6.882540160642571,83.37334334334335,18.748963039014374,11.782862944162437,5.355423857817229,21.167860696967118,8.854758021678308,4.1506539702300955,8.196061643835616,64.66478873239437,16.187191780821916,12.060068965517242,4.34448717948718,103.71951686371256,21.10709401709402,12.07110599078341,THRAKOMAKEDONES,ΑΤΤΙΚΗ,GR,Grecja,38.14352099994721,23.758195000293767
7965,23.760787949015064,43.443304347826086,10.478196022727273,9.568817472919314,10.195459310973236,17.281687027873375,10.034366484200355,5.599787690323896,24.516,31.694576271186442,17.907264957264957,11.69357142857143,25.028465346534652,64.3678529424119,4.331756302521009,8.170128309942317,CT-5,CONSTANTA,RO,Rumunia,44.14937800007027,28.62381700000137
7966,12.81281914893617,61.905329787234045,18.56945418326693,9.568817472919314,7.25321344298327,20.007695787682422,9.860808105217169,5.599787690323896,17.24827751196172,45.71870813397129,21.37907913669065,11.69357142857143,9.130597014925373,70.0546468401487,16.975217391304348,8.170128309942317,Escavadeira,Rede de Qualidade do Ar de Lisboa e Vale do Tejo,PT,Portugalia,38.65861100013332,-9.066943999720381
7967,15.898765625,45.39317725752508,15.22878125,9.568817472919314,8.844783726969874,14.091727270106087,6.965561686409135,5.599787690323896,19.7288,44.22,18.986060606060605,11.69357142857143,11.905684210526315,42.077777777777776,11.174698795180722,8.170128309942317,Cork South Link Road Landfill,Ireland Air Quality e-Reporting monitoring network for compliance and informative reporting,IE,Irlandia,51.911111000176795,-8.475000000242604
7971,28.73357142857143,54.88360429447853,34.41727810650888,9.568817472919314,12.467995316976904,25.26278068445287,15.768427066003618,5.599787690323896,33.26363636363636,33.095397727272726,40.48045977011495,11.69357142857143,23.2029375,79.2775,28.761257142857144,8.170128309942317,GR0020A,ΚΕΝΤΡΙΚΗ ΜΑΚΕΔΟΝΙΑ,GR,Grecja,40.67354965,22.89343834
7972,9.802475247524752,51.39464,8.908465208747515,3.9907384937238497,4.892344510751586,20.176620026874517,6.122496821474588,2.7027918201916705,13.093,38.12818992248062,6.012097560975611,3.929970588235294,7.537999999999999,64.3678529424119,10.914059405940593,5.582122222222223,Åsveien skole,Trondheim,NO,Norwegia,63.41535799984427,10.368372000042802
7980,11.505533742331288,51.39464,11.87720848056537,5.859468860164513,7.56900188996848,20.176620026874517,7.491784079634933,3.2876774251249494,17.811270718232045,38.12818992248062,12.411073298429319,7.571599999999999,7.4497379912663755,64.3678529424119,10.396654135338345,5.384906367041198,Kirkeveien,Oslo,NO,Norwegia,59.93230999987503,10.724550000116762
7984,2.699733111849391,83.6130699088146,9.133202099737533,9.568817472919314,1.207499370701225,16.48666070294567,5.262428546666786,5.599787690323896,2.2178623188405795,70.8754423262549,5.8830049261083746,11.69357142857143,3.9048325358851677,98.4748,12.516975308641975,8.170128309942317,AMS Rozhen peak,Смолян,BG,Bułgaria,41.69434200024909,24.738078000320844
7985,12.522275931520646,51.39464,18.52819536423841,9.568817472919314,6.382630526348971,20.176620026874517,8.337474267970268,5.599787690323896,16.083122362869197,38.12818992248062,21.186225165562913,11.69357142857143,9.72118320610687,64.3678529424119,16.658586956521738,8.170128309942317,Lavradio,Rede de Qualidade do Ar de Lisboa e Vale do Tejo,PT,Portugalia,38.66666699998462,-9.047778000264257
8001,14.078098190672772,51.39464,9.696293494704992,5.70453717754173,7.57506363550302,20.176620026874517,4.45852353925534,3.229384683088481,18.053504120148858,38.12818992248062,10.228641975308642,6.647,10.451701066601531,64.3678529424119,8.5188,4.512514285714286,IE0095A,South Dublin,IE,Irlandia,53.352778,-6.366667
8003,7.63079556898288,59.61953893442623,26.613766632548618,14.545345717234262,5.511371919493398,23.536947210552373,12.292786066695761,9.75493918702451,10.80840830449827,39.70564748201439,31.184242424242427,23.660696721311474,6.756853448275861,82.81744186046512,26.224366197183098,10.531201716738197,ALIARTOS,monitoring network of Athens,GR,Grecja,38.37529500017302,23.11030199983137
8008,15.10989888776542,55.325977933801404,19.219255474452556,9.568817472919314,8.739221250354086,18.598706533260742,9.83159996024069,5.599787690323896,19.238333333333333,44.8734693877551,24.532285714285713,11.69357142857143,12.043349282296651,57.01417624521073,15.560614525139664,8.170128309942317,VNTelha-Maia,Porto,PT,Portugalia,41.2522219999231,-8.66055599994044
8023,5.328291457286432,61.074206755373595,15.974050632911393,5.3228140625,2.6257805001345242,17.34527945213862,7.327430848351204,3.430228103228345,5.996508620689656,47.28434782608696,15.174277108433733,6.100301775147929,4.672556390977444,67.75984848484848,17.9954802259887,5.552126436781609,Fernando Pó,Rede de Qualidade do Ar de Lisboa e Vale do Tejo,PT,Portugalia,38.63555599971323,-8.690555999726657
8024,10.579167502507524,63.06713,17.572801161103047,9.568817472919314,6.082155412918569,20.868968501327753,7.775664584413414,5.599787690323896,15.671168831168831,45.98823788546255,19.39630434782609,11.69357142857143,7.054248120300752,70.2498127340824,16.929238578680202,8.170128309942317,Arcos,Rede de Qualidade do Ar de Lisboa e Vale do Tejo,PT,Portugalia,38.52916700008665,-8.894167000266462
8026,44.23995,51.39464,23.005114285714285,9.568817472919314,18.703389240096737,20.176620026874517,9.81000940551416,5.599787690323896,48.77370044052863,38.12818992248062,23.717379679144383,11.69357142857143,39.044194756554305,64.3678529424119,21.87742424242424,8.170128309942317,Avenida da Liberdade,Rede de Qualidade do Ar de Lisboa e Vale do Tejo,PT,Portugalia,38.720278000014765,-9.145832999637822
8036,20.470928270042194,58.733027426160334,16.840091346153848,8.166992665036675,12.234922423052906,21.073849191794228,7.324189602036223,4.542381361551405,28.66568720379147,40.699099526066355,19.156226415094338,10.297676767676768,12.004111111111111,68.3911111111111,14.89686956521739,6.901739130434783,Olivais,Rede de Qualidade do Ar de Lisboa e Vale do Tejo,PT,Portugalia,38.76888900024995,-9.108055999671036
8040,16.507311475409836,51.39464,18.28631549586777,9.568817472919314,8.282429266721097,20.176620026874517,8.387230505464146,5.599787690323896,23.705909090909092,38.12818992248062,20.357391304347825,11.69357142857143,12.3919776119403,64.3678529424119,17.97992700729927,8.170128309942317,Quebedo,Setúbal,PT,Portugalia,38.524167000257016,-8.894167000266462
8056,11.196025039123631,54.40839563862929,14.528855345911952,9.568817472919314,6.17458920791654,15.523131019287884,8.62077478574875,5.599787690323896,12.523983050847457,46.44025210084034,11.173798319327732,11.69357142857143,8.997514124293785,59.311235955056176,13.416460674157303,8.170128309942317,"""Liivalaia""",Tallinn,EE,Estonia,59.431114199411134,24.760564800091142
8062,30.123163636363635,43.672983293556086,19.478669749009246,9.800030927835051,14.381111768655419,19.26757396431759,12.883752663427586,5.7348527191210374,30.767884393063586,34.3596043956044,14.443088050314465,10.310662337662338,26.7553937007874,50.704921259842514,19.668242677824267,8.588979591836736,"""Vilnius - Zirmunai""",irmn seninija,LT,Litwa,54.715278629962725,25.28944397013095
8073,16.464364364364364,58.75033199195171,20.093496503496503,7.843636363636363,8.789093713687848,20.9591971508188,10.260343012674225,5.173787284298525,22.557456896551724,39.831896551724135,25.76968085106383,10.440419161676646,11.732281368821294,66.04641509433962,17.61489898989899,6.686969696969697,Paio Pires,Setúbal,PT,Portugalia,38.619444000027514,-9.08111100038452
8074,10.98075452716298,71.71773547094189,17.965093062605753,8.163464837049743,8.440799309603308,18.752060029452977,7.237458582169075,4.119374848525173,18.677533632286995,58.24778761061947,20.559933774834438,10.402569444444445,5.105767790262172,74.66704119850186,16.9036312849162,7.7194972067039105,Mem Martins,Rede de Qualidade do Ar de Lisboa e Vale do Tejo,PT,Portugalia,38.78500000029047,-9.347222000254366
8080,13.967011494252874,65.45172413793104,16.909750369800115,9.568817472919314,6.137878060581879,19.17084951165714,8.751801640276929,5.599787690323896,16.699491525423728,46.10508474576271,18.589172240802675,11.69357142857143,9.6008,85.92399999999999,15.521663401253917,8.170128309942317,RO0107A,,RO,Rumunia,47.0686089599835,21.9272472646586
8081,1.0283583468395463,49.99503194888179,16.909750369800115,3.459215488215488,0.7373936499365469,16.241212597554956,8.751801640276929,2.305258591654556,1.5459224137931034,51.917833333333334,18.589172240802675,3.697044642857143,0.5595550561797752,45.33033707865169,15.521663401253917,3.0010569620253165,"""Saarejärve""",Saare,EE,Estonia,58.70277785960615,26.75889778036958
8083,3.4128633440514466,57.87679810725552,13.768875205254517,3.869097693574959,1.7598535298920484,16.17658952491029,8.121303861169904,2.4751348855789366,3.649973451327434,54.04575,9.99825,4.043435897435898,2.8066081871345028,60.56117647058824,15.53953125,3.5888266666666664,"""Kohtla-Järve""",Kohtla-Järve,EE,Estonia,59.40972518967773,27.27862166957997
8084,1.3431492063492063,52.62028081123245,16.909750369800115,3.763111111111111,0.7946761926420041,15.127843552404354,8.751801640276929,2.4790504974639336,1.7944954954954955,53.708333333333336,18.589172240802675,3.235826086956522,0.9477247191011235,51.84213483146067,15.521663401253917,4.17128125,"""Lahemaa""",Vihula,EE,Estonia,59.49444579966882,25.930568700323413
8085,7.766770247933884,55.81440129449839,11.118523510971787,9.568817472919314,4.521855380763938,15.666930446279364,7.2226845039037535,5.599787690323896,9.477610619469027,50.1825,8.922294117647057,11.69357142857143,5.515458064516129,58.37307692307693,11.110955056179776,8.170128309942317,"""Rahu""",Tallinn,EE,Estonia,59.45694350962585,24.69862365976735
8087,5.930470125786163,56.42109375,8.214601895734598,3.4041631147540983,4.183758285657396,15.455194731392107,5.094949541320701,2.538060479979343,7.191771186440678,51.21666666666667,6.044201680672269,3.0320427350427352,4.156499999999999,58.916853932584274,8.606685393258427,3.3683625,"""Õismäe""",Tallinn,EE,Estonia,59.414169309349745,24.649457930019587
8105,10.946018904403866,56.849029227557416,15.542189819724284,9.568817472919314,7.584003766405088,23.88170240841111,7.753690642571646,5.599787690323896,11.057216326530613,48.645265151515154,13.623218390804597,11.69357142857143,9.45536163265306,61.17137254901961,16.96908163265306,8.170128309942317,"""Vilnius - Lazdynai""",Karolini ki seninija,LT,Litwa,54.686111449971484,25.210834499878786
8106,5.793356046267087,56.57574819401445,13.065063424947144,9.568817472919314,3.815853176890044,19.909693730043468,8.230257612392423,5.599787690323896,6.781239543726235,53.685745454545454,12.015703125,11.69357142857143,4.309753526970954,61.320661157024794,13.26979079497908,8.170128309942317,"""Mazeikiai""",Ma eiki seninija,LT,Litwa,56.30972290016531,22.331390379933453
8107,14.447850715746421,51.590846075433234,18.98197722567288,9.568817472919314,9.800541293837053,17.849978820022784,10.889582697224357,5.599787690323896,12.245260869565216,44.65787439613527,16.085841584158416,11.69357142857143,13.89255271565495,58.73993610223642,17.948942598187312,8.170128309942317,"""Siauliai""",UNK,LT,Litwa,55.93783569005497,23.308027270070657
8108,11.774903266596418,51.34581347150259,15.88527072402938,9.568817472919314,7.87556175686014,18.80020269176579,9.318169727671322,5.599787690323896,11.029242379182156,45.835220588235295,13.920084558823529,11.69357142857143,11.282872427983538,56.62113821138211,17.876398305084745,8.170128309942317,"""Panevezys - Centras""",UNK,LT,Litwa,55.724999999763085,24.365570000109035
8111,14.345355578727842,51.39464,19.65467299578059,9.568817472919314,8.276617461696068,20.176620026874517,9.433291022374299,5.599787690323896,13.171386861313868,38.12818992248062,17.301375464684014,11.69357142857143,14.582811244979919,64.3678529424119,20.2655421686747,8.170128309942317,"""Vilnius - Senamiestis""",Senamiesio seninija,LT,Litwa,54.677624999997384,25.28518599970167
8112,14.078098190672772,51.39464,12.766894031668699,7.939198296836983,7.57506363550302,20.176620026874517,8.42399490102027,5.484668571188479,18.053504120148858,38.12818992248062,10.750387283236995,8.921476470588235,10.451701066601531,64.3678529424119,13.31352,7.055896414342629,"""N.Akmene""",Naujosios Akmens miesto seninija,LT,Litwa,56.319440000023526,22.870839999870345
8113,16.13321205357143,51.39464,14.956648992576882,9.568817472919314,9.487182555304004,20.176620026874517,8.717035826448853,5.599787690323896,16.330839552238807,38.12818992248062,13.23672794117647,11.69357142857143,14.77945701357466,64.3678529424119,14.287125506072874,8.170128309942317,"""Vilnius - Savanoriu""",Vilkpds seninija,LT,Litwa,54.67333300001639,25.248902999562002
8115,17.419531416400428,51.51716942148761,17.812830188679243,8.01537539766702,9.848734800923213,21.84781275733195,10.04554462425987,6.1523536406524,17.272227074235808,44.01075630252101,16.581759656652363,9.51207894736842,14.544267782426777,65.27936708860759,15.741867219917012,5.877685950413223,"""Klaipeda - Silutes""",UNK,LT,Litwa,55.69000000020217,21.179460000211055
8116,8.560196543504171,51.55169383003492,16.871812121212123,9.568817472919314,5.415029615104445,20.560294607006398,9.615499265185605,5.599787690323896,9.594574860335197,44.83569148936171,15.550965317919076,11.69357142857143,7.0417751004016065,57.10809523809524,15.776234817813766,8.170128309942317,"""Jonava""",Jonavos miesto seninija,LT,Litwa,55.07222199994876,24.283894000378808
8117,6.716808977035491,54.013969230769234,14.386645636172451,9.568817472919314,4.605499542230197,20.984976598825682,9.189508972597611,5.599787690323896,7.356941391941391,46.97963768115942,13.19657794676806,11.69357142857143,5.570061224489796,61.074814814814815,15.09818181818182,8.170128309942317,"""Kedainiai""",Kdaini miesto seninija,LT,Litwa,55.28000000023175,23.957779999665167
8134,11.489583333333334,76.52,16.1796,7.623200000000001,1.0299239278225598,9.528815946030926,4.686486317061004,1.1650776798136682,18.053504120148858,38.12818992248062,18.589172240802675,11.69357142857143,10.451701066601531,64.3678529424119,15.521663401253917,8.170128309942317,RO0086A,Iaşi,RO,Rumunia,47.1988984112593,27.5453110515421
8141,12.792882882882884,51.401129999999995,27.022548764629388,9.568817472919314,6.229578524626387,20.096982059777307,11.610749285213693,5.599787690323896,17.51463601532567,33.600112781954884,35.117909604519774,11.69357142857143,8.492091254752852,67.96819923371648,23.915151515151514,8.170128309942317,AMS Dolno Ezerovo-Burgas,Бургас,BG,Bułgaria,42.518891999704515,27.37514400024669
8144,21.44730093071355,51.95360369609856,20.190910994764398,11.448284210526317,15.839440123041514,21.193322613086178,12.59097859744571,7.678407280133227,17.784927536231883,46.547661870503596,17.841948529411766,13.586653992395437,21.18959349593496,60.12654471544715,19.786138211382116,8.752186234817813,"""Kaunas - Petrasiunai""",Petra in seninija,LT,Litwa,54.89512800014952,23.986222000050162
8145,12.627477313974591,36.722048192771084,17.056192307692307,9.568817472919314,5.459893670870495,17.142655875121733,11.646305397171231,5.599787690323896,13.733529411764705,27.27288590604027,23.660000000000004,11.69357142857143,12.055976331360947,41.1294674556213,14.92122699386503,8.170128309942317,PT01052,Porto,PT,Portugalia,41.187778,-8.672222
8147,4.467684782608695,49.97461538461538,16.909750369800115,9.568817472919314,2.2790752813586015,19.681472416965235,8.751801640276929,5.599787690323896,5.054332129963899,48.76761904761904,18.589172240802675,11.69357142857143,4.6007056277056275,49.93629310344827,15.521663401253917,8.170128309942317,"""Zemaitija""",Plateli seninija,LT,Litwa,56.00833511001658,21.886947630084027
8149,0.7441516034985423,66.31537356321839,2.3438337295690936,1.172453216374269,0.3228775552263704,16.00195696228558,1.8736227046027398,0.9212292816913042,0.9495647058823529,67.65083798882682,2.3638801204819275,1.2650741379310346,0.5362937853107345,59.520903954802264,3.102011834319527,1.8552727272727274,FI00356,Lapland,FI,Finlandia,67.9673440876493,24.1122195302226
8150,1.552856846473029,51.10404809619238,16.909750369800115,9.568817472919314,0.99037535081314,17.044354434826545,8.751801640276929,5.599787690323896,2.6214814814814815,52.31548387096774,18.589172240802675,11.69357142857143,1.0020157303370787,46.128464419475655,15.521663401253917,8.170128309942317,Hyytiälä,Juupajoki,FI,Finlandia,61.86111000005478,24.283330000314194
8151,13.088564016736402,51.39464,17.492807933194154,9.568817472919314,9.776122322169087,20.176620026874517,9.345967729289862,5.599787690323896,16.888850364963503,38.12818992248062,16.098671586715867,11.69357142857143,10.089778861788618,64.3678529424119,17.256352459016394,8.170128309942317,"""Klaipeda - Centras""",UNK,LT,Litwa,55.707777999784106,21.141110999783734
8152,7.595027765726681,52.150687500000004,22.95809322033898,9.31965170940171,4.991791367008081,20.65538939602465,10.166390365953655,6.166017534675213,7.4555671755725195,47.97610294117647,20.207067669172933,10.746556420233462,6.757484162895928,55.89390041493776,24.86547325102881,8.230471311475409,"""Kaunas - Noreikiskes""",Ringaud seninija,LT,Litwa,54.88361359025449,23.83583450024486
8158,11.28148275862069,73.29871244635194,16.909750369800115,10.11422525107604,6.804456666291832,15.73377496208698,8.751801640276929,5.338171675904631,11.163522727272728,64.29588235294118,18.589172240802675,7.769085714285714,11.491875706214689,76.35254237288136,15.521663401253917,13.763390804597702,MT00008,Attard,MT,Malta,35.8900179994896,14.434464
8161,17.15950950950951,74.75814814814815,16.909750369800115,9.568817472919314,10.138952874456047,23.887682873401396,8.751801640276929,5.599787690323896,29.115754716981133,44.15089622641509,18.589172240802675,11.69357142857143,8.88690036900369,96.9789667896679,15.521663401253917,8.170128309942317,"""NICOSIA RESIDENTIAL""",Strovolos,CY,Cypr,35.126941679714875,33.33166503959792
8209,28.426211498973306,51.39464,18.360555555555557,9.568817472919314,14.441752060964468,20.176620026874517,9.113254767469755,5.599787690323896,37.71810276679842,38.12818992248062,22.7519018404908,11.69357142857143,17.390413223140495,64.3678529424119,16.22265536723164,8.170128309942317,Santa Cruz de Benfica,Lisboa,PT,Portugalia,38.74805599990359,-9.202499999774522
8211,16.84260441767068,59.585171026156935,16.011884297520663,9.568817472919314,13.014159714924677,22.265108981693576,7.8998595481584655,5.599787690323896,28.918539130434784,42.31769911504424,19.255432098765432,11.69357142857143,7.6604868913857675,66.08876404494383,13.63097142857143,8.170128309942317,Reboleira,Lisboa,PT,Portugalia,38.75416700018299,-9.230833000379576
8220,17.947132579650567,59.040211267605635,16.909750369800115,9.568817472919314,10.147503559882923,20.266641268194633,8.751801640276929,5.599787690323896,23.256291666666666,42.25116379310345,18.589172240802675,11.69357142857143,12.932334630350194,66.13984674329502,15.521663401253917,8.170128309942317,Beato,Rede de Qualidade do Ar de Lisboa e Vale do Tejo,PT,Portugalia,38.89472200014884,-9.117499999931082
8238,20.4491968503937,47.97018315018315,16.48071794871795,9.568817472919314,8.782219516605409,16.864223299320074,7.140866381453231,5.599787690323896,27.00391061452514,37.70429752066116,24.105454545454545,11.69357142857143,14.852727272727273,55.49430894308943,12.338979591836734,8.170128309942317,RO0123A,Buzău,RO,Rumunia,45.1536029994632,26.819144
8464,14.078098190672772,60.777056277056275,9.069739130434783,5.134094955489615,7.57506363550302,16.290043822475056,4.381624180027888,3.0134482053280296,18.053504120148858,55.82555555555556,8.28957627118644,5.3565517241379315,10.451701066601531,63.165517241379305,10.2125,4.968481012658228,SE0116A,Skåne,SE,Szwecja,56.042899999503,13.148
8482,14.39815117466803,43.589175824175825,16.909750369800115,9.568817472919314,8.322774575807005,26.130895881351083,8.751801640276929,5.599787690323896,20.140333333333334,23.9053738317757,18.589172240802675,11.69357142857143,8.87272373540856,63.413969465648854,15.521663401253917,8.170128309942317,VELIKA GORICA,Velika Gorica,HR,Chorwacja,45.71484722227542,16.068288888616458
8500,15.880204081632654,35.74869696969697,16.909750369800115,9.568817472919314,2.0799654097414613,16.305805121728028,8.751801640276929,5.599787690323896,16.951785714285712,27.142380952380954,18.589172240802675,11.69357142857143,14.934269662921348,45.92022471910113,15.521663401253917,8.170128309942317,RO0101A,Argeş,RO,Rumunia,44.9806079994631,24.762619
8554,20.924727642276423,51.39464,13.483433127572017,4.461456607929515,16.305419923073426,20.176620026874517,11.59411702061866,2.846483268190134,34.4645390070922,38.12818992248062,6.126857142857143,3.1289285714285717,8.824123711340206,64.3678529424119,13.59600386100386,4.847663813229572,Umeå Västra Esplanaden,Umeå,SE,Szwecja,63.828858999913656,20.25849100035829
8659,14.078098190672772,48.97150205761317,16.909750369800115,6.273637276785714,7.57506363550302,18.595413219343694,8.751801640276929,3.8231352551144964,18.053504120148858,49.87795366795367,18.589172240802675,7.329994764397906,10.451701066601531,47.66154166666667,15.521663401253917,5.925395683453237,"""Aukstaitija""",Tauragn seninija,LT,Litwa,55.46333313022679,26.004169460097053
8716,1.440736496350365,51.39464,5.089293871866295,1.7742307692307693,1.4037492183160523,20.176620026874517,4.669100068280394,1.6245794454654654,2.037121212121212,38.12818992248062,4.613113924050634,1.5808988764044942,1.3521909090909092,64.3678529424119,5.9291238938053095,1.9244329896907217,PCC suður,Húsavík,IS,Islandia,66.05485800017858,-17.34754999990251
8761,11.187267952522255,56.00631790744467,17.736674208144795,9.568817472919314,7.227962635646354,23.808553933542182,12.478338438424746,5.599787690323896,12.5574,46.7274347826087,27.61894117647059,11.69357142857143,10.035654761904762,64.73426294820717,10.71809523809524,8.170128309942317,BV-4,SANPETRU,RO,Rumunia,45.71807500023249,25.624194000286955
8762,15.547452830188679,39.41060402684564,16.909750369800115,9.568817472919314,11.305283297998395,19.595711536478603,8.751801640276929,5.599787690323896,26.880169491525425,24.89284482758621,18.589172240802675,11.69357142857143,7.4471910112359545,57.279775280898875,15.521663401253917,8.170128309942317,RO0168A,Mureş,RO,Rumunia,46.533355709464,24.5336132
8781,14.078098190672772,63.363294117647065,3.180577319587629,2.446722126929674,7.57506363550302,20.638699417635266,2.547711097201393,1.8501810763915496,18.053504120148858,67.48846153846154,2.0866849315068494,1.9091506849315067,10.451701066601531,46.06091954022989,4.027562091503268,2.9523046357615894,SE0005R,Jämtland,SE,Szwecja,63.8488899995757,15.33558
8782,14.078098190672772,64.42833333333333,10.239107645875253,7.256613314447592,7.57506363550302,16.42756628103615,6.113834708048896,4.385064882290043,18.053504120148858,57.51347826086957,9.123479674796748,7.221195979899497,10.451701066601531,69.83396946564885,11.03492,7.511781609195402,Råö,Kungsbacka,SE,Szwecja,57.39361199979441,11.91417999982569
8843,29.448182828282828,45.22910282258064,25.548988433228182,10.742085714285714,18.530086122866162,19.41999500918899,12.590804415206026,6.151613406359795,38.036500000000004,33.25521929824561,31.610382978723404,13.555263157894736,21.908045977011493,56.39425287356322,20.831184615384615,8.964273504273503,AMS SOU Angel Kanchev-Varna,Варна,BG,Bułgaria,43.22438900023895,27.915733000170828
8844,26.2714185110664,46.26736895161291,25.211729399796543,9.568817472919314,17.089332282418514,21.442057642786356,12.332573474052062,5.599787690323896,35.142008547008544,32.0432905982906,28.19730941704036,11.69357142857143,15.61266287878788,64.80833333333334,23.84117424242424,8.170128309942317,AMS ExEA/Pavlovo-Sofia,София (столица),BG,Bułgaria,42.669796999685126,23.26840299970644
8845,16.487713139418254,42.10891675025075,24.295911379657603,9.568817472919314,6.952214895540341,18.26644969247064,9.899697392746148,5.599787690323896,18.22217213114754,28.3975,27.5744776119403,11.69357142857143,16.646759999999997,61.56150234741784,23.29961685823755,8.170128309942317,AMS Nesebar,Бургас,BG,Bułgaria,42.6597579997012,27.72095599979571
8846,5.464750756811302,88.99635542168674,13.114090909090908,9.014867469879519,2.4473410963442515,23.05684025801451,7.016626858728662,4.234510856036795,4.981335877862595,70.8754423262549,8.796071428571429,7.457900552486189,5.679992395437262,103.71951686371256,16.425684210526317,11.23974358974359,AMS Kopitoto,София (столица),BG,Bułgaria,42.63719199997135,23.243863999567886
8849,14.748235294117647,27.03197080291971,20.10896865520728,9.568817472919314,8.591650186271595,11.752198567250026,8.991104339003444,5.599787690323896,16.1670281124498,21.31206896551724,24.608256880733947,11.69357142857143,15.450079365079365,33.639041666666664,19.022595419847327,8.170128309942317,AMS Blagoevgrad,Благоевград,BG,Bułgaria,42.00193300017839,23.097822000236512
8851,14.67678,51.39464,15.94974835309618,9.568817472919314,4.671598534170556,19.094708197601534,8.165575822506796,5.599787690323896,15.34755364806867,33.232127659574466,20.234080459770116,11.69357142857143,14.83851711026616,69.01149425287356,13.957672413793103,8.170128309942317,AMS Meden rudnik-Burgas,Бургас,BG,Bułgaria,42.45662200009979,27.42096700000757
8852,22.83862745098039,46.60706118355065,19.88648452012384,9.568817472919314,10.16674262359269,21.57074127623092,10.301843421803538,5.599787690323896,31.81125,24.650000000000002,24.158758620689653,11.69357142857143,17.95970338983051,68.94182509505704,17.731466666666666,8.170128309942317,AMS Zelen klin-Stara Zagora,Стара Загора,BG,Bułgaria,42.43235600005722,25.63738899955917
8853,22.39554425228891,49.62612576064909,19.900149094781685,9.568817472919314,13.107524746241964,23.609346432825788,9.252168395591974,5.599787690323896,31.518396624472572,29.223502109704643,25.725384615384616,11.69357142857143,13.68596566523605,72.99656652360515,17.39164,8.170128309942317,AMS Druzhba -Sofia,София (столица),BG,Bułgaria,42.666508000039954,23.400164000367486
8855,7.443834381551362,46.37350806451612,27.142865916069603,9.568817472919314,9.668400355554736,22.824963394882694,13.320285412048703,5.599787690323896,9.540235000000001,24.897511312217198,34.975860215053764,11.69357142857143,5.250343396226415,68.0142857142857,24.357102272727275,8.170128309942317,AMS Kamenitsa-Plovdiv,Пловдив,BG,Bułgaria,42.14288899986875,24.765239000415747
8856,27.460682046138416,36.79944944944945,28.211213047910295,10.652011934156379,13.004135646472466,18.531652259529732,13.382637215180557,6.552150988580708,33.99831223628692,22.684602510460252,32.28572093023256,12.744594957983194,21.885142857142856,55.78408163265306,27.003584905660375,11.21475,AMS Hipodruma-Sofia,София (столица),BG,Bułgaria,42.68055800032477,23.296785999641887
8857,19.495653923541248,51.12077,32.14596134282808,14.845872448979591,9.738299769557411,22.166519011161213,12.264913282507331,7.082508855952362,21.41511013215859,30.478913043478258,34.989244444444445,18.646518691588785,15.452748091603054,73.7057251908397,30.204280155642024,12.342251908396946,AMS Vazrazhdane-Ruse,Русе,BG,Bułgaria,43.85136699995016,25.964085999705684
8858,4.3480745473908415,48.7105925925926,17.757050592034446,9.568817472919314,3.8812954765807643,19.187971185296888,8.124281793099499,5.599787690323896,3.023649289099526,32.31554502369668,21.356135265700484,11.69357142857143,4.940348314606742,66.61641791044777,16.124135338345866,8.170128309942317,AMS Railway Station-Vratsa,Враца,BG,Bułgaria,43.20797800011708,23.557414000122765
8859,19.50761809045226,40.90879279279279,20.56197592778335,9.568817472919314,11.025441643557288,17.298020760322757,12.74476136994844,5.599787690323896,26.83568281938326,28.534930434782606,21.036637554585155,11.69357142857143,13.544541984732824,56.22786259541985,20.107328244274807,8.170128309942317,AMS Rakovski-Dimitrovgrad,Хасково,BG,Bułgaria,42.05638300020802,25.59344999961276
8860,23.980770440881763,41.33918,27.37654081632653,9.568817472919314,13.164630693182463,19.722894536464384,14.91401985811541,5.599787690323896,30.11370535714286,26.425911111111112,34.596875,11.69357142857143,16.503040977443607,58.58533834586466,24.348888888888887,8.170128309942317,AMS Nadezhda-Sofia,София (столица),BG,Bułgaria,42.73229199975311,23.31097199967429
8862,14.078098190672772,20.845839499999997,22.49848178137652,9.568817472919314,7.57506363550302,11.041682279165787,9.198024925799855,5.599787690323896,18.053504120148858,12.651967213114753,26.32053497942387,11.69357142857143,10.451701066601531,30.483346007604563,20.95435483870968,8.170128309942317,AMS Studen kladenets-Kardzhali,Кърджали,BG,Bułgaria,41.63607800005789,25.37968300040692
8863,10.34855063965885,40.853263902932255,26.15707317073171,9.568817472919314,7.04738102870574,19.763297506952142,11.324031907750147,5.599787690323896,9.669774907749078,28.374499999999998,26.29429054054054,11.69357142857143,8.441090128755365,57.42131147540983,25.59576763485477,8.170128309942317,AMS Izvorite-Devnya,Варна,BG,Bułgaria,43.223043999730294,27.587239000248495
9181,1.9207555393586007,89.12630879948368,16.909750369800115,9.568817472919314,0.9892294889170028,16.538702894442988,8.751801640276929,5.599787690323896,1.7563098837209303,70.8754423262549,18.589172240802675,11.69357142857143,1.9109322033898306,102.77570621468927,15.521663401253917,8.170128309942317,SK0002R,Žilinský kraj,SK,Słowacja,48.9422225994684,19.59223175
9250,9.391352459016392,51.39464,9.265475,4.466467005076143,4.857342886040506,20.176620026874517,6.782513921266908,2.831144787197374,12.264738675958188,38.12818992248062,6.5644152823920265,4.16215593220339,6.265630630630631,64.3678529424119,9.275045045045045,4.665429864253394,Saimaankatu,Lahti,FI,Finlandia,60.991290000013926,25.66578999993628
9358,39.74452554744526,51.39464,26.915900439238655,9.568817472919314,11.756421162658535,20.176620026874517,11.617898008534096,5.599787690323896,41.849444444444444,38.12818992248062,25.493910614525138,11.69357142857143,38.42545454545454,64.3678529424119,28.332256097560975,8.170128309942317,RO0067A,Bucureşti,RO,Rumunia,44.4405559994632,26.151122
9360,29.347340267459135,38.01130434782609,26.879910714285714,9.568817472919314,11.370054624813735,11.501805847667445,12.698323674213302,5.599787690323896,32.64333333333333,31.484745762711864,28.286424581005583,11.69357142857143,23.515032679738564,64.3678529424119,25.128823529411765,8.170128309942317,RO0069A,Bucureşti,RO,Rumunia,44.4116669994632,26.052244
9361,18.18834319526627,43.92928257686677,23.025914454277284,14.509879879879879,7.192790726562021,19.91070720763103,10.442811481783743,7.6212244975917285,20.725254237288134,25.906888888888886,24.24491525423729,18.825,14.257791411042945,64.3754601226994,21.997090909090907,11.251428571428571,RO0071A,Ilfov,RO,Rumunia,44.3488680301443,26.0336260914258
9363,22.7204,21.723846153846157,21.53673387096774,15.655061224489796,11.271563730582345,10.525989198901195,12.624070245519722,10.5684647555548,33.87895705521473,21.723846153846157,30.82970338983051,25.554222222222222,14.632941176470588,64.3678529424119,16.686599190283403,9.535141700404857,CJ-2,CLUJ,RO,Rumunia,46.775032999974705,23.59661899979443
9364,42.3,47.830666666666666,26.68048192771084,14.522384937238494,7.57506363550302,20.481074004576822,12.604106336468394,7.174234342828693,18.053504120148858,38.12818992248062,33.905084745762714,21.556938775510204,10.451701066601531,64.3678529424119,21.91842105263158,12.003947368421052,RO0075A,Cluj,RO,Rumunia,46.7652778594642,23.55027771
9365,23.89695278969957,51.51953488372094,26.171375661375663,19.124021164021165,10.717273870204519,19.628583458000797,18.212499425711233,16.229508871568342,33.554237288135596,44.54915254237288,43.723220338983054,36.93779661016949,19.24435294117647,55.188059701492534,13.186117647058822,9.704588235294118,RO0077A,Cluj,RO,Rumunia,47.1538886994648,23.87750053
9369,36.793822152886115,51.39464,28.05787837837838,13.367565337001375,14.40315156136221,20.176620026874517,14.246824490994626,6.468233564247802,40.004294478527605,38.12818992248062,31.434402985074627,16.63821138211382,32.20675675675676,64.3678529424119,24.016228070175437,10.732543859649123,IS-1,IASI,RO,Rumunia,47.15683599990919,27.574907999718235
9370,30.535304054054055,51.39464,29.096028622540253,14.245340501792114,10.664777657284127,20.176620026874517,14.641570916238344,7.711996423920185,35.66528925619835,38.12818992248062,32.70153846153846,20.553333333333335,26.042424242424243,64.3678529424119,26.715279503105588,11.289454545454545,RO0084A,Iaşi,RO,Rumunia,47.1511115994648,27.58361435
9372,20.715625,41.36534306569343,24.176342342342345,11.187001828153566,9.060935832705935,19.485225481199475,12.98883864620602,6.17026689524892,22.128245614035087,28.577111111111112,29.114017094017097,16.894190476190477,10.451701066601531,55.298181818181824,21.2170625,8.434451219512194,RO0087A,Iaşi,RO,Rumunia,47.1371599994647,27.693067
9373,23.452857142857145,42.92816901408451,22.7326582278481,9.568817472919314,7.434656828207278,14.618708005239547,9.632008698147102,5.599787690323896,23.2551724137931,40.50689655172414,32.476470588235294,11.69357142857143,10.451701066601531,64.3678529424119,13.835,8.170128309942317,RO0093A,Alba,RO,Rumunia,45.9668998694635,23.56139946
9376,30.433151260504204,51.39464,25.59860465116279,9.568817472919314,14.446654663136604,20.176620026874517,14.655405621536172,5.599787690323896,35.764406779661016,38.12818992248062,31.820344827586204,11.69357142857143,17.86402985074627,64.3678529424119,21.020657894736843,8.170128309942317,RO0095A,Arad,RO,Rumunia,46.1813888494637,21.33472061
9377,19.190768072289156,45.12887426900585,21.185291262135923,9.568817472919314,7.711739958984433,15.13451377556681,12.853753164059032,5.599787690323896,24.86119047619048,33.37577777777778,32.72,11.69357142857143,15.165759493670887,58.29636363636364,18.05902777777778,8.170128309942317,RO0096A,Arad,RO,Rumunia,46.1905517594637,21.3024826
9378,14.340560578661844,51.39464,14.846367924528302,9.568817472919314,4.711312574080552,20.176620026874517,6.4010557864719075,5.599787690323896,16.317089552238805,38.12818992248062,21.95958333333333,11.69357142857143,12.491212121212122,64.3678529424119,11.329605263157895,8.170128309942317,RO0097A,Arad,RO,Rumunia,46.1668167094636,20.73685074
9381,21.249655172413796,47.76672131147541,16.909750369800115,9.568817472919314,9.946920085505658,19.84125113317845,8.751801640276929,5.599787690323896,27.991525423728813,33.58305785123967,18.589172240802675,11.69357142857143,17.294074074074075,60.16315151515152,15.521663401253917,8.170128309942317,RO0104A,Bacău,RO,Rumunia,46.564581214605,26.9106513033117
9382,42.6,52.01346613545817,18.31037037037037,9.568817472919314,7.57506363550302,21.019932776720506,6.460322610696837,5.599787690323896,18.053504120148858,32.72677966101695,23.244693877551022,11.69357142857143,10.451701066601531,68.36842105263158,15.388815789473684,8.170128309942317,RO0105A,Bacău,RO,Rumunia,46.5559337814818,26.9270006414827
9385,21.29929479768786,38.089268292682924,16.491440217391304,9.568817472919314,10.047447924873266,19.273886172022923,5.600865186348748,5.599787690323896,29.236882591093117,24.255568181818184,18.13021052631579,11.69357142857143,16.552809917355372,48.334251968503935,14.67304347826087,8.170128309942317,BN-1,BISTRITA,RO,Rumunia,47.127374999964395,24.495493999912973
9386,19.690723888314373,51.074214214214216,23.182717520858162,9.568817472919314,7.852845938289867,20.25481049663678,10.786827720518152,5.599787690323896,20.505844748858447,36.15694560669456,21.00317535545024,11.69357142857143,18.47726530612245,61.687044534412955,22.83507042253521,8.170128309942317,BT-1,BOTOSANI,RO,Rumunia,47.739918999753456,26.658519000154435
9387,16.080032362459544,64.42620087336245,16.909750369800115,9.568817472919314,6.682318523020671,21.518937273492988,8.751801640276929,5.599787690323896,23.48813559322034,45.813559322033896,18.589172240802675,11.69357142857143,12.745113636363635,80.63536585365854,15.521663401253917,8.170128309942317,RO0114A,Brăila,RO,Rumunia,45.2629699994632,27.96966
9388,11.336889632107024,54.354669811320754,16.909750369800115,9.568817472919314,2.86717970971093,19.34474337758499,8.751801640276929,5.599787690323896,10.465087719298246,39.30916666666667,18.589172240802675,11.69357142857143,10.641348314606741,72.66179775280898,15.521663401253917,8.170128309942317,RO0115A,Brăila,RO,Rumunia,45.2708549494632,27.88944244
9389,14.492556701030928,50.160816,24.074603174603176,9.568817472919314,5.38779341010209,21.485059190134656,5.843012052124302,5.599787690323896,17.73436974789916,34.911144578313255,24.25,11.69357142857143,12.150983606557377,68.33548387096775,22.245833333333334,8.170128309942317,RO0116A,Brăila,RO,Rumunia,45.2977399994632,27.96139
9391,23.531745571955717,51.39464,21.783185595567865,22.38266666666667,15.763661344038894,20.176620026874517,11.462861049271382,14.233866790493853,33.74440588235294,38.12818992248062,26.15067567567568,22.38266666666667,10.572826086956523,64.3678529424119,16.192826086956522,8.170128309942317,BV-1,BRASOV,RO,Rumunia,45.637667000204765,25.630747000078838
9393,23.85259109311741,58.51460869565218,26.331204819277104,9.568817472919314,16.941527113573947,21.92195123882607,13.520760189995633,5.599787690323896,36.39311377245509,44.10983050847457,25.894166666666667,11.69357142857143,12.226043956043956,64.3678529424119,15.521663401253917,8.170128309942317,BV-5,BRASOV,RO,Rumunia,45.65159700027666,25.625652999953974
9397,17.6080604534005,51.39464,11.57672932330827,9.568817472919314,7.439898345426203,20.176620026874517,5.337567723898108,5.599787690323896,20.31344537815126,38.12818992248062,11.079186046511628,11.69357142857143,14.996111111111112,64.3678529424119,10.97788990825688,8.170128309942317,CS-4,BUCHIN,RO,Rumunia,45.36312500029752,22.24318599964003
9399,14.078098190672772,49.34064748201439,14.008684210526317,9.568817472919314,7.57506363550302,10.212834475644213,5.643968532798556,5.599787690323896,18.053504120148858,39.755932203389825,15.20075,11.69357142857143,10.451701066601531,52.588764044943815,12.902173913043478,8.170128309942317,RO0133A,Constanţa,RO,Rumunia,44.3123693544312,28.6231097294287
9402,13.999748031496063,37.132782608695656,18.5315940397351,9.568817472919314,5.754174805883469,19.02575823455388,14.446393929446494,5.599787690323896,11.601271676300579,22.840169491525423,23.57845299145299,11.69357142857143,14.342443181818181,64.3678529424119,3.085,8.170128309942317,CT-6,NAVODARI,RO,Rumunia,44.31963899968053,28.610292000117962
9403,14.454106583072099,36.3915652173913,32.42036036036036,9.568817472919314,5.235827687530405,17.904432049140468,13.125084954893534,5.599787690323896,17.31066666666667,28.95576271186441,36.38508474576271,11.69357142857143,11.222134831460673,64.3678529424119,29.72361111111111,8.170128309942317,RO0137A,Constanţa,RO,Rumunia,44.2483133224139,28.2612683329854
9467,20.31267441860465,51.39464,20.207151607963247,9.568817472919314,9.84628260038685,20.176620026874517,10.364045839762458,5.599787690323896,24.474833333333336,38.12818992248062,20.49329411764706,11.69357142857143,15.757413793103447,64.3678529424119,17.60272222222222,8.170128309942317,SE0021A,Västra Götaland,SE,Szwecja,57.7013899995155,11.99501
9468,7.09321608040201,53.48546746746747,10.208624113475178,6.18397643442623,3.232083459547355,17.385364208956013,5.064269688737939,3.446364704194247,7.719106382978723,46.59307053941909,9.718024691358025,6.686317991631799,5.945393700787402,58.885882352941174,9.835223529411765,5.440505882352941,Malmö Rådhuset,Malmö,SE,Szwecja,55.60638800021767,13.001964000067606
9470,21.11900763358779,51.39464,12.747807692307692,5.136401515151515,7.540652619191069,20.176620026874517,8.78020519596999,2.7674717576566805,23.260508474576273,38.12818992248062,8.116271186440677,4.941016949152542,19.458571428571428,64.3678529424119,14.63784090909091,5.171379310344828,SE0003A,Stockholm,SE,Szwecja,59.31721999952921,18.04918
9473,6.974266666666667,53.45057803468209,8.916122418879057,9.568817472919314,3.451186333681835,17.16578184166339,4.559159966102625,5.599787690323896,8.50940119760479,48.57222222222222,6.848722222222222,11.69357142857143,5.107828571428572,55.721022727272725,9.758720930232558,8.170128309942317,SE0022A,Stockholm,SE,Szwecja,59.3169399995293,18.057501
9474,16.188695652173916,51.39464,13.931507462686568,9.568817472919314,7.345787397596821,20.176620026874517,8.650965866866544,5.599787690323896,18.277388888888886,38.12818992248062,11.083815028901734,11.69357142857143,13.53206896551724,64.3678529424119,13.74403409090909,8.170128309942317,SE0027A,Stockholm,SE,Szwecja,59.3411099995295,18.05862
9478,5.344998990918264,46.0342042042042,16.909750369800115,9.568817472919314,2.9558666019774766,13.981991306825758,8.751801640276929,5.599787690323896,6.883090128755365,39.78145833333333,18.589172240802675,11.69357142857143,4.09061596958175,49.19695817490494,15.521663401253917,8.170128309942317,Lund Spyken,Lund,SE,Szwecja,55.70083199998794,13.200842000157573
9479,15.22041067761807,51.062258543833586,13.582205438066465,6.289568965517241,6.499307104231352,15.378485927268596,6.3766390945622975,3.7163048281251663,16.888648648648648,44.23295454545455,14.221379310344828,6.168925619834711,13.00066037735849,56.621637426900584,12.505438596491228,6.528875000000001,SE0058A,Skåne,SE,Szwecja,55.583889999499696,13.00806
9480,2.275348148148148,54.168779069767446,5.509922962962963,4.388817777777778,1.096441188888024,16.463020356668267,3.762665775204628,2.9327040338952233,2.894546511627907,53.55444444444444,4.379783333333333,4.1025222222222215,1.7868497109826589,53.918843930635845,7.014976190476191,5.105910179640719,SE0066A,Stockholm,SE,Szwecja,59.832499999534,18.63112
9484,7.816779661016949,51.39464,12.699922779922781,4.836607692307693,3.5258260350709283,20.176620026874517,10.819363634307626,3.277374112502212,10.010689655172413,38.12818992248062,4.371551724137931,3.3742413793103445,5.537586206896552,64.3678529424119,15.279885057471263,5.71546511627907,SE0095A,Västernorrland,SE,Szwecja,62.3875999995595,17.3099
9486,8.277413721413721,45.18661661661662,16.909750369800115,9.568817472919314,6.839684196948291,15.369185257362032,8.751801640276929,5.599787690323896,13.985320754716982,38.35431893687708,18.589172240802675,11.69357142857143,4.153352678571428,44.409777777777784,15.521663401253917,8.170128309942317,Falun Östra Falan,Falun,SE,Szwecja,60.60829900015628,15.629399999960565
9506,8.44854657113613,75.73306613226454,18.515227043390514,9.513309403437816,5.166595211752266,20.138822341775015,7.670463165655112,4.7864014904789665,12.161694214876034,57.79045801526718,17.80031141868512,11.442006802721087,6.133034825870647,96.92871287128712,20.69926267281106,8.959761904761905,PANORAMA,monitoring network of Central Macedonia Region,GR,Grecja,40.58891800028266,23.031689000098456
9512,14.865756302521008,43.394059196617334,29.643991769547323,9.568817472919314,9.27249165715804,21.119045796446862,12.43084099932292,5.599787690323896,13.479385474860335,35.958277777777774,30.50113924050633,11.69357142857143,13.795588235294119,61.29117647058824,28.56931818181818,8.170128309942317,GR0046A,ΚΕΝΤΡΙΚΗ ΜΑΚΕΔΟΝΙΑ,GR,Grecja,40.65784454,22.80236626
9514,13.21382530120482,77.87295918367347,20.102610483042138,11.047129909365559,7.3878845086511955,21.898142682197843,8.01172879735705,3.9366058534484933,13.962649253731342,58.43260073260073,16.193806228373703,10.024785714285715,11.069186991869918,102.05798319327731,23.323012552301254,11.745551020408163,Agia PARASKEVI,monitoring network of Athens,GR,Grecja,37.99510999998216,23.819420999904715
9535,25.88074074074074,60.2836936936937,29.42946192893401,15.797689969604862,11.205601047758881,25.968092496872444,10.951563927315936,5.602338628342938,28.833846153846153,36.8826907630522,28.917846715328466,17.916022304832712,21.64635338345865,83.08783269961977,29.473622047244096,14.902823529411766,Elefsina,monitoring network of Athens,GR,Grecja,38.05132200026413,23.53843199989134
9538,14.078098190672772,61.449433681073025,26.51109939759036,17.567260273972604,7.57506363550302,26.040909806675373,12.338318325086325,7.675152166253255,18.053504120148858,36.476369047619045,30.563372781065087,22.42248484848485,10.451701066601531,84.83085714285714,24.351771428571432,14.979132947976877,GR0035A,ΑΤΤΙΚΗ,GR,Grecja,38.06963348,23.77688599
9566,59.74815044725781,16.369553314121035,16.909750369800115,9.568817472919314,20.66151238519281,15.230372847942396,8.751801640276929,5.599787690323896,54.76516618773956,8.606777777777777,18.589172240802675,11.69357142857143,66.15688383629603,25.08843023255814,15.521663401253917,8.170128309942317,GR0032A,ΑΤΤΙΚΗ,GR,Grecja,37.99945831,23.73304749
9567,29.01151151151151,56.93688688688688,27.87214439655172,9.568817472919314,14.686465366027068,23.412916313839577,11.459929054296307,5.599787690323896,34.647231404958674,34.76576335877862,31.435852713178292,11.69357142857143,23.148496240601503,79.61003759398497,25.339442231075697,8.170128309942317,NEA SMIRNI,monitoring network of Athens,GR,Grecja,37.93199799970204,23.7130200002631
9577,7.937798378926039,53.14708708708709,12.257258324924319,9.568817472919314,5.6749003755744605,21.737890601413504,8.250953479022826,5.599787690323896,10.563398601398601,41.30919463087248,12.36742372881356,11.69357142857143,5.799616379310344,69.77155172413794,13.933347826086957,8.170128309942317,Avully-Passeiry,Canton de Genève,CH,Szwajcaria,46.16259999999076,6.005179999802816
9578,12.531750852557673,52.085805805805805,12.879841893252769,9.568817472919314,7.65393277962721,22.709018476514103,8.263678231116986,5.599787690323896,17.82641638225256,36.77044067796611,13.25269624573379,11.69357142857143,7.922900432900433,72.5056277056277,14.281869565217391,8.170128309942317,Meyrin-Vaudagne,Canton de Genève,CH,Szwajcaria,46.231100000206006,6.074170000073853
9580,18.042522522522525,48.09338738738739,16.89421081081081,9.568817472919314,10.09811703401256,28.82461795162674,9.866761853492212,5.599787690323896,26.697303370786518,25.708202247191014,19.10567415730337,11.69357142857143,9.072521008403362,80.78487394957983,14.772605042016806,8.170128309942317,CH0043A,Ticino,CH,Szwajcaria,46.02589572569159,8.96752215525154
9581,13.7697592778335,45.75437437437438,15.486691767068274,10.744880161127895,9.43175899039188,27.340706249481265,9.287803496701425,7.908882112976195,23.277627118644066,23.98872053872054,18.97391525423729,14.920651877133107,6.527412280701754,71.0938596491228,14.910657894736843,9.200471365638768,Magadino-Cadenazzo,Nationales Beobachtungsnetz für Luftfremdstoffe,CH,Szwajcaria,46.16030000011032,8.933940000200698
9582,23.508428428428427,42.73941941941942,15.807868373493976,9.096526923076922,8.931764869273742,22.191458259940216,8.979525797439877,5.833568927731429,29.504646464646463,27.411346801346802,17.939222972972974,11.44017006802721,17.29482456140351,63.85263157894737,15.787179385964913,8.002015929203539,Bern-Bollwerk,Nationales Beobachtungsnetz für Luftfremdstoffe,CH,Szwajcaria,46.95100000021143,7.440870000368799
9583,28.95579207920792,51.39464,17.03588429752066,9.568817472919314,10.165683772459973,20.176620026874517,9.618794107679427,5.599787690323896,32.301556603773584,38.12818992248062,19.003301886792453,11.69357142857143,23.138943089430896,64.3678529424119,15.17206611570248,8.170128309942317,Basel-Feldbergstrasse,,CH,Szwajcaria,47.566999999575025,7.594709999797136
9584,22.343223223223223,51.859389389389385,12.015309619238478,9.568817472919314,8.939929490763383,21.97302220763912,7.724159192496016,5.599787690323896,26.786801346801347,35.94632996632996,12.786228956228957,11.69357142857143,17.91328947368421,74.05438596491229,12.60577092511013,8.170128309942317,Lausanne-César-Roux,Nationales Beobachtungsnetz für Luftfremdstoffe,CH,Szwajcaria,46.52199999998234,6.639630000397568
9585,3.8439824858757063,74.25998188405798,7.888021778584393,9.568817472919314,3.172124075390779,21.346502414574246,5.524533438751953,5.599787690323896,4.738369696969697,63.99162921348315,5.613539325842697,11.69357142857143,2.231462608695652,93.35603448275862,9.378620689655174,8.170128309942317,CH0019A,Sankt Gallen,CH,Szwajcaria,47.4069895689662,9.39431174673672
9586,16.957237237237237,48.85195395395395,14.273671013039118,9.568817472919314,8.088031062484257,24.43853152987216,8.362600403350433,5.599787690323896,21.39806666666667,33.08060666666667,15.53655518394649,11.69357142857143,11.59070796460177,70.81504424778761,13.91141592920354,8.170128309942317,Basel-St-Johann,Beide Basel,CH,Szwajcaria,47.56590000002686,7.58208000041445
9587,19.35185185185185,49.499310310310314,13.326376376376375,9.568817472919314,10.124055851675735,24.369284931691528,7.403416159053252,5.599787690323896,25.0401724137931,33.09555517241379,14.350172413793103,11.69357142857143,12.676779661016948,71.00338983050847,12.890127118644068,8.170128309942317,Zürich-Stampfenbachstrasse,OSTLUFT,CH,Szwajcaria,47.38679999983631,8.539810000257768
9588,20.52866866866867,52.54853853853854,13.577524623115579,9.157316751269036,11.463480470534503,30.48411683960426,8.60899871421262,6.800017908511034,32.14104377104377,25.51037037037037,16.042098305084746,12.025310104529618,9.386478260869564,89.43903508771929,12.650701754385965,7.896920704845815,Lugano-Università,Nationales Beobachtungsnetz für Luftfremdstoffe,CH,Szwajcaria,46.01110000001776,8.957100000139862
9589,19.142432432432432,52.58297897897898,11.617458917835672,7.820311557788945,10.563948494989871,25.364253187311842,7.177631919493423,5.4254690725651775,25.063164983164985,35.78985185185185,11.24915824915825,8.940376271186441,12.167772925764192,75.91798245614035,12.791622807017543,7.449868421052631,Zürich-Kaserne,Nationales Beobachtungsnetz für Luftfremdstoffe,CH,Szwajcaria,47.377600000102944,8.530410000378652
9590,3.387734439834025,78.54768768768768,6.196485397784491,4.1623808660624375,1.9982526463504349,19.74780170304442,5.309768830780574,3.6028283220018986,3.5209851301115243,68.6240404040404,3.9365420875420876,3.2762228956228956,2.943205128205128,93.94410480349346,9.168762114537445,5.491893805309734,Rigi-Seebodenalp,Nationales Beobachtungsnetz für Luftfremdstoffe,CH,Szwajcaria,47.06739999978191,8.463329999861337
9591,18.055425425425426,46.24413013013013,11.325855421686747,8.570234406438631,9.923010171107656,23.773283626454518,7.191855602710042,6.155976839815903,23.572766666666666,32.49732,11.936996655518394,10.37789864864865,12.25581497797357,66.33568281938327,11.90853982300885,7.638766519823789,Dübendorf-EMPA,Nationales Beobachtungsnetz für Luftfremdstoffe,CH,Szwajcaria,47.4028999998603,8.613400000010936
9593,3.1926029411764705,80.96926926926928,5.222371443089431,9.568817472919314,2.022909649628442,19.211647022814724,4.26626105794461,5.599787690323896,3.3622648083623696,70.61047297297297,3.3528395270270273,11.69357142857143,2.559681222707424,95.9755458515284,7.309521929824561,8.170128309942317,Chaumont,Nationales Beobachtungsnetz für Luftfremdstoffe,CH,Szwajcaria,47.049500000117035,6.979150000270615
9594,7.454528735632183,54.09009132420091,8.952844571428571,9.568817472919314,4.4181442710167955,22.641226251311547,5.5832318795358615,5.599787690323896,11.37526570048309,40.030616113744074,9.067407582938388,11.69357142857143,4.612041666666667,73.30749999999999,10.291589958158996,8.170128309942317,Tänikon,Nationales Beobachtungsnetz für Luftfremdstoffe,CH,Szwajcaria,47.47979999984894,8.904680000206188
9595,9.34531124497992,53.77725725725726,10.767696088264794,7.4938,5.159627309542907,21.487521123035812,7.115164540801956,5.675893190771251,12.776020408163266,41.142020202020205,10.762686868686869,8.962691780821917,6.257391304347826,71.51217391304347,12.237248908296943,6.96188596491228,Payerne,Nationales Beobachtungsnetz für Luftfremdstoffe,CH,Szwajcaria,46.81309999982213,6.944479999783753
9604,55.671736011477755,36.34110315186246,38.62719298245614,13.041318840579711,18.55578159116305,18.349598287643662,13.88576771245175,6.295876400586241,50.995000000000005,24.89811111111111,44.68421052631579,16.464772727272727,61.11129943502825,49.21864406779662,36.05568181818182,11.438977272727273,GR0030A,ΑΤΤΙΚΗ,GR,Grecja,37.9432869,23.64751053
9618,26.38438918918919,63.562025761124126,29.058270762229807,9.568817472919314,15.213123051012596,27.40815184944772,13.353148100897734,5.599787690323896,32.46716346153846,34.751560975609756,34.41846534653465,11.69357142857143,20.820669144981412,89.57406015037594,26.03370786516854,8.170128309942317,PERISTERI,ΑΤΤΙΚΗ,GR,Grecja,38.02081100010977,23.688360999575632
9619,21.48811811811812,60.396416416416415,27.237768762677483,9.568817472919314,13.201670222186774,26.627856971686228,13.847828318122703,5.599787690323896,25.521779359430603,37.62,32.14782608695652,11.69357142857143,15.398345864661655,86.02198275862068,23.502167300380226,8.170128309942317,MAROUSI,ΑΤΤΙΚΗ,GR,Grecja,38.03083700003538,23.787372000447597
9626,48.82601156069364,30.068103448275863,37.84282868525896,19.514799196787152,15.716260009427307,19.241296767418294,17.838905942799908,11.042175396394857,53.04132231404959,16.269756097560975,45.031843575418996,26.230847457627117,37.78823529411765,56.773529411764706,28.497727272727275,12.408863636363636,GR0018A,ΚΕΝΤΡΙΚΗ ΜΑΚΕΔΟΝΙΑ,GR,Grecja,40.6337738,22.945287699999998
9642,17.453056112224452,51.39464,18.248266129032256,8.676477732793522,7.698400775639366,20.176620026874517,6.398815608254223,4.026654925753428,20.4307326007326,38.12818992248062,18.38487632508834,9.939703703703703,14.075534351145038,64.3678529424119,18.37046332046332,7.421072796934866,Luxembourg Pl. Winston Churchill,Air Quality Luxembourg,LU,Luksemburg,49.61157000022713,6.118469999695286
9645,5.513701020408163,59.056986986986985,13.257721774193548,7.712677484787018,2.731352010508806,21.687842041467903,4.841057861894398,4.053289487124834,7.029496124031008,46.81258181818181,12.164962962962964,7.809695817490494,3.9564636015325667,72.92452107279694,14.529420849420848,7.4897188755020085,Beidweiler,Air Quality Luxembourg,LU,Luksemburg,49.72226000000245,6.305330000147759
9648,7.219565656565656,49.65623623623624,16.909750369800115,9.568817472919314,3.9148643533575203,18.52968075239884,8.751801640276929,5.599787690323896,8.27579335793358,43.17580071174377,18.589172240802675,11.69357142857143,6.123192307692308,58.12035019455253,15.521663401253917,8.170128309942317,Beckerich,Air Quality Luxembourg,LU,Luksemburg,49.7318099998994,5.847140000027115
9649,4.280570749108205,71.75301974448315,16.909750369800115,9.568817472919314,1.9668702858797533,20.680213050178466,8.751801640276929,5.599787690323896,5.113585858585859,57.119103773584904,18.589172240802675,11.69357142857143,3.4569465648854965,83.18587786259542,15.521663401253917,8.170128309942317,Mont St. Nicolas,Air Quality Luxembourg,LU,Luksemburg,49.94395999949975,6.175910000133973
9650,15.28413967611336,51.20211211211212,18.349056795131844,8.83242179616549,8.077697765088658,20.8222979622399,6.787546510881536,4.449247648089449,16.935746268656715,41.92317518248176,17.427173913043475,9.307211155378486,11.760496183206106,65.43320610687023,19.203702290076336,8.65107296137339,Esch/Alzette,Air Quality Luxembourg,LU,Luksemburg,49.50504000003322,5.976939999982496
9651,18.3327027027027,43.660590590590594,17.834437751004014,8.620030241935483,7.98173893431336,20.147544611174585,7.738750109119531,4.783478556763889,20.64547794117647,33.081875000000004,17.47459731543624,9.926802721088436,14.96587786259542,57.0412213740458,18.17144578313253,7.358073770491803,Luxembourg Bonnevoie,Air Quality Luxembourg,LU,Luksemburg,49.59769000023517,6.137590000018973
9658,14.078098190672772,51.39464,13.839548057259714,6.384399172699069,7.57506363550302,20.176620026874517,9.843913081682238,4.519014261354619,18.053504120148858,38.12818992248062,15.77450171821306,9.135257352941176,10.451701066601531,64.3678529424119,9.77968253968254,4.625221052631579,Skøyen,Oslo,NO,Norwegia,59.919750000224326,10.689729999842074
9742,24.701122244488978,37.52245490981964,20.16828426395939,6.555580993520518,11.708588817589598,20.0844474600322,13.604349099876375,3.9152812963629042,37.720253164556965,20.793262711864408,20.05138775510204,5.72264161849711,17.050574712643677,49.15210727969349,23.44076612903226,9.042200772200772,Escaldes-Engordany,Escaldes-Engordany,AD,Andora,42.50969400015972,1.5391379998151493
9752,14.078098190672772,59.32915688259109,8.217363636363636,4.9895385390428215,7.57506363550302,16.91204350941424,3.9405966164590875,4.304021386354024,18.053504120148858,66.62461240310078,9.876774193548387,6.271204597701149,10.451701066601531,51.57136820083682,8.488,3.187821917808219,Wicklow Bray Wurzburg Road,Ireland Air Quality e-Reporting monitoring network for compliance and informative reporting,IE,Irlandia,53.18722199975573,-6.121666999586895
9755,26.965522088353413,51.39464,13.385780933062879,4.9107692307692306,15.568688794578238,20.176620026874517,6.7949887214439055,2.506886031141243,25.005648535564855,38.12818992248062,12.564724770642203,11.69357142857143,24.57679245283019,64.3678529424119,11.534566037735848,5.104269662921348,Dublin Blanchardstown River Road,Ireland Air Quality e-Reporting monitoring network for compliance and informative reporting,IE,Irlandia,53.38563600013712,-6.3699340002985965
9756,14.078098190672772,51.39464,11.238592739273928,6.565045791245791,7.57506363550302,20.176620026874517,5.882547511594112,3.8808697436843094,18.053504120148858,38.12818992248062,14.40811186440678,9.191974545454546,10.451701066601531,64.3678529424119,8.696407185628741,4.701736526946108,IE0110A,Cork City,IE,Irlandia,51.881944,-8.456667
9758,14.078098190672772,51.39464,11.05254085106383,6.616850791366907,7.57506363550302,20.176620026874517,5.548417800202285,3.7243120164269023,18.053504120148858,38.12818992248062,11.705911330049261,7.645599999999999,10.451701066601531,64.3678529424119,9.638514285714285,5.236342857142858,NET.IE001,Ireland Air Quality e-Reporting monitoring network for compliance and informative reporting,IE,Irlandia,53.39025,-6.305266
9761,11.819156832298138,51.39464,11.463928035982008,6.888870481927711,8.676128830617623,20.176620026874517,5.683034008199929,4.004500193430847,14.425,38.12818992248062,12.458181818181817,7.98358024691358,8.28614024390244,64.3678529424119,9.589022988505747,5.223657142857143,IE0036A,Dublin City,IE,Irlandia,53.333333,-6.366667
9773,8.307259595959597,51.39464,11.117359836901121,5.731923076923077,5.333025894308675,20.176620026874517,6.043374940832922,3.179439405186443,12.00675925925926,38.12818992248062,13.273055555555556,7.441666666666666,5.122252830188679,64.3678529424119,8.458195488721804,5.472333333333333,Laois Portlaoise Dublin Road,Ireland Air Quality e-Reporting monitoring network for compliance and informative reporting,IE,Irlandia,53.03612499983143,-7.288675000380318
10495,23.102745934959348,51.39464,18.18413025641026,6.997272540983606,12.903058898431896,20.176620026874517,12.793643237240277,4.1756563410397805,33.80562831858407,38.12818992248062,16.300159183673472,8.795409691629956,15.949625468164795,64.3678529424119,13.432030651340996,5.740375478927203,Alnabru,Oslo,NO,Norwegia,59.92769000012273,10.846550000325356
10496,10.385275974025975,51.39464,12.829394568690097,6.2394315619967795,5.576846495492199,20.176620026874517,5.781977604320732,3.2759360958016916,12.108590604026846,38.12818992248062,11.74823602484472,6.457830188679246,8.936860465116279,64.3678529424119,13.125639534883721,6.756162790697674,SE0004A,Västra Götaland,SE,Szwecja,57.70860999951551,11.97
10502,11.412588454376165,51.39464,15.611693333333331,6.094062030075189,5.906520034820178,20.176620026874517,10.575433611346138,3.2523913273816683,13.123357142857143,38.12818992248062,13.476999999999999,5.278156424581005,9.006441717791411,64.3678529424119,15.760490797546012,7.896298701298701,SE0067A,Västra Götaland,SE,Szwecja,57.698609999515405,11.96084
10514,9.053514922279794,51.39464,11.829511698880976,5.734484567901235,8.366708612853161,20.176620026874517,7.2331709703820355,2.533752595867117,20.05258064516129,38.12818992248062,12.660434782608696,7.896161137440758,3.292865168539326,64.3678529424119,8.293970037453184,4.763591760299625,Lillehammer barnehage,Lillehammer,NO,Norwegia,61.1208699999983,10.46562999972325
10519,32.78777319587629,51.39464,30.85872596153846,17.952517321016167,11.038813304125117,20.176620026874517,13.38961063028891,9.578982847798933,36.935,38.12818992248062,36.74258278145695,24.525232558139535,24.3032,64.3678529424119,27.552,11.727500000000001,GR0048A,ΔΥΤΙΚΗ ΕΛΛΑΔΑ,GR,Grecja,38.24597549,21.73589706
10523,14.078098190672772,51.39464,18.339248197734296,8.604088504577822,7.57506363550302,20.176620026874517,13.958842024728412,6.4549391341326015,18.053504120148858,38.12818992248062,20.395673758865247,13.414941818181818,10.451701066601531,64.3678529424119,10.296183574879226,4.723171945701357,Vårveien,Drammen,NO,Norwegia,59.75361800013131,10.144396999597447
10526,13.581005076142134,51.39464,17.40542739443872,6.792542735042734,7.744548102370699,20.176620026874517,9.49335311133675,2.6862466804294605,22.292714932126696,38.12818992248062,16.050616113744073,8.428534031413612,8.616666666666667,64.3678529424119,13.877631578947367,5.905106382978723,Lensmannsdalen,Grenland,NO,Norwegia,59.159299999844094,9.635729999807133
10530,12.456664705882352,51.39464,11.76780473372781,7.275222916666667,9.55380027245078,20.176620026874517,7.288475813828352,4.750965777172188,20.779692307692308,38.12818992248062,12.21436111111111,8.932517021276595,6.755776397515528,64.3678529424119,8.890689655172412,5.095357142857142,Vigernes,Lillestrøm,NO,Norwegia,59.955477,11.073983
10540,14.577467930029155,51.39464,11.792026509572901,5.033192771084337,10.585352070233414,20.176620026874517,7.75140113069706,3.1891629405575674,22.860940860215056,38.12818992248062,13.635652406417114,6.711220238095238,9.91453488372093,64.3678529424119,9.523567251461989,4.383329411764707,"Rv 4, Aker sykehus",Oslo,NO,Norwegia,59.94102999999999,10.798030000000002
10546,15.453081570996979,51.39464,10.441914459049546,4.98995060728745,8.624975395616664,20.176620026874517,6.045120364674645,3.0995831598510875,22.147547169811318,38.12818992248062,11.252601851851852,6.197485849056603,10.862996254681649,64.3678529424119,8.679941573033709,4.305884644194757,Rådal,Bergen,NO,Norwegia,60.29426799982011,5.324618999567106
10550,15.894095238095238,51.39464,10.121875637104994,5.02468501529052,11.106001235881793,20.176620026874517,5.657040164005479,2.8839192241634866,21.172424242424242,38.12818992248062,11.141369863013699,5.908336448598131,9.056358695652174,64.3678529424119,8.11327067669173,4.499700374531836,Loddefjord,Bergen,NO,Norwegia,60.361135000126446,5.2368600003982895
10554,8.987575609756098,49.9760875,11.501481651376146,6.199597447795823,6.165719123748459,19.397259801010442,7.076839801250813,3.9532770818164087,15.143285714285714,34.606976,13.046933333333333,8.770274725274726,5.982734082397004,55.69243445692884,9.783233082706767,5.334943820224719,Sofienbergparken,Oslo,NO,Norwegia,59.92305000003403,10.765739999885222
10557,23.00061880165289,51.39464,15.8509167544784,8.587085889570552,13.777351658732327,20.176620026874517,10.90314100905404,5.461324931268777,35.29747706422018,38.12818992248062,17.5231221719457,12.036484018264842,14.08815573770492,64.3678529424119,11.85108,6.17392,Solheim,Lørenskog,NO,Norwegia,59.92861200005068,10.95320299986205
10559,32.92727272727273,14.631818181818181,16.909750369800115,38.451009895833785,11.170057377568918,3.7120420746048075,8.751801640276929,31.38891589361925,32.92727272727273,14.631818181818181,18.589172240802675,66.55243064630685,10.451701066601531,64.3678529424119,15.521663401253917,8.170128309942317,BKC,,BA,Bośnia i Hercegowina,44.53194444444444,18.654722222222222
10563,18.187820372398686,51.39464,13.690084024896265,4.994656339468303,10.474950583695211,20.176620026874517,9.859781910316112,2.704956226524984,25.905762376237625,38.12818992248062,10.977291666666668,5.507205084745762,13.235887096774194,64.3678529424119,10.555134831460673,3.9895880149812735,E6-Tiller,Trondheim,NO,Norwegia,63.35761000017131,10.371739999638633
10567,14.078098190672772,51.39464,12.41921968911917,7.383263211382114,7.57506363550302,20.176620026874517,8.557676801687652,4.6982869905750695,18.053504120148858,38.12818992248062,12.436439393939393,8.716070038910507,10.451701066601531,64.3678529424119,11.61808163265306,6.623671936758893,Kransen,Moss,NO,Norwegia,59.43347100001061,10.661762360232748
10582,21.03963704630788,51.39464,11.75281802757158,4.949704106776181,15.161810842160754,20.176620026874517,8.592266734269732,2.2793534999969114,28.0929203539823,38.12818992248062,9.639310344827587,5.315655172413793,14.216758893280632,64.3678529424119,10.28855172413793,4.837551724137931,Omkjøringsvegen,Trondheim,NO,Norwegia,63.41049100017761,10.44435199994872
10591,3.7875232558139533,51.39464,9.014756087408948,4.731335870698644,2.7250519249310554,20.176620026874517,5.832799989912193,4.126156237979247,18.053504120148858,38.12818992248062,11.279137654320987,7.242967701863354,3.6174625,64.3678529424119,7.823334615384615,3.930853424657534,Nygaardsgata,Fredrikstad,NO,Norwegia,59.21019099990093,10.9400970002783
10592,9.35875830469645,51.39464,15.923850967007963,8.937067816091954,6.220162482943904,20.176620026874517,9.800666385778397,6.142711476557675,14.052484374999999,38.12818992248062,19.756122448979593,14.745537634408603,7.164905660377359,64.3678529424119,12.83625468164794,6.7785131086142325,Knarrdalstranda,Grenland,NO,Norwegia,59.13353999993064,9.6219000003252
10607,9.497353720693171,51.39464,9.302051006036217,6.818842497482376,6.0291474479601,20.176620026874517,6.191220430922643,4.692272839974753,12.83004467353952,38.12818992248062,11.053453815261044,8.871822580645162,6.484936073059361,64.3678529424119,7.764653846153846,5.57371923076923,Stener Heyerdahl,Kristiansand,NO,Norwegia,58.148880000097094,7.991829999942439
10608,23.8554609929078,51.39464,15.99873577749684,8.353089024390245,13.26298299156609,20.176620026874517,12.216801624976242,5.547827259585438,35.27502590673575,38.12818992248062,16.622978723404255,11.39872340425532,17.231444866920153,64.3678529424119,11.371545454545455,6.1617727272727265,E6 Alna senter,Oslo,NO,Norwegia,59.925559999963816,10.850367000358071
10624,7.102324840764331,49.899874999999994,11.797984152139462,4.52209884678748,4.509448454965908,16.8934844692188,6.10710871500511,3.2885719071099815,8.542543859649124,45.367333333333335,9.664789915966386,5.7152521739130435,4.50623595505618,53.14494382022472,10.249147727272726,2.8887088607594937,"""Tartu""",Nõo,EE,Estonia,58.370555999440015,26.734721999643114
10634,5.074358044164038,55.471109375000005,9.830188383045526,3.9440351219512193,3.3478254161382885,17.645026834969617,5.084030487929029,2.879866010020254,6.575641025641026,50.89773109243698,7.413833333333333,4.112157894736842,3.871615819209039,56.97796610169492,10.647966101694916,3.902240251572327,"""Narva""",Narva,EE,Estonia,59.3761596693461,28.17916678962697
10665,17.278547243243242,51.39464,12.000860058309039,8.619888613861386,13.999141740816293,20.176620026874517,8.07621165731015,6.932023956176261,26.120887323943663,38.12818992248062,10.437777777777779,7.01320987654321,11.324347639484978,64.3678529424119,9.47340909090909,7.398865979381442,Reykjavik Grensas,Reykjavík,IS,Islandia,64.13010000003462,-21.874650000169947
10673,12.464468,22.112448979591836,8.778248152059135,3.497066525871172,10.478511484599636,5.714403868921602,5.579911171090099,2.3427359339554603,21.431148148148147,22.13305785123967,9.083526315789474,3.7060193236714976,6.350077777777777,20.533548387096772,8.45789256198347,3.628809917355372,Reykjavik Husdyragardurinn,Reykjavík,IS,Islandia,64.13886099998248,-21.873410999712643
10675,4.806406191369606,51.39464,16.909750369800115,3.7199232432432434,4.853025595934193,20.176620026874517,8.751801640276929,1.3557395290058294,8.208887218045112,38.12818992248062,18.589172240802675,3.4416244343891407,1.9105819672131148,64.3678529424119,15.521663401253917,3.8434615384615385,Hafnarfjörður Hvaleyrarholt,Hafnarfjörður,IS,Islandia,64.058867,-21.990733
10715,22.450665995975854,51.39464,19.771505711318795,7.128657786885245,12.946295233969698,20.176620026874517,11.888337150522327,2.742550626735261,34.085467289719624,38.12818992248062,21.03050925925926,8.253429951690821,14.224157303370786,64.3678529424119,13.308257575757576,6.344022556390978,Hjortnes,Oslo,NO,Norwegia,59.911260000201956,10.703980000346888
10721,17.448665306122447,51.39464,13.636056074766357,6.288494897959184,10.64240708668838,20.176620026874517,9.954369453209459,3.9853690266812105,27.673255033557044,38.12818992248062,12.952632996632996,9.036573426573426,9.205892857142857,64.3678529424119,8.666830357142858,4.307264573991032,"Minnesundvegen, Gjøvik",Gjøvik,NO,Norwegia,60.79088999980557,10.696700000283784
10777,23.351342078708377,51.39464,16.211545741324922,6.791325796505653,13.647249506992113,20.176620026874517,9.050497109217716,2.548987774108385,34.98273148148149,38.12818992248062,16.948703703703703,7.584132653061225,15.380411985018725,64.3678529424119,12.402775665399238,6.230524344569289,Manglerud,Oslo,NO,Norwegia,59.8986400000827,10.814900000178097
10822,30.134504504504502,51.39464,28.414215384615385,23.358219461697722,12.545751124276084,20.176620026874517,22.406898866462495,19.467283902123572,38.82666666666667,38.12818992248062,52.46669902912621,45.33005154639176,23.306949806949806,64.3678529424119,12.861969111969112,10.284942084942086,Nis-IZJZ,Nis,RS,Serbia,43.31655200013079,21.91354799969495
10830,17.38245983935743,59.7225925925926,21.37592783505155,12.729842105263158,6.998721309872241,24.160083253806214,13.12386946189256,8.3263095781906,22.37548076923077,39.37227488151658,41.464,29.74761904761905,13.534944649446494,81.46974169741698,21.862702702702702,8.685405405405406,Novi Sad Liman,Novi Sad ,RS,Serbia,45.23864199991949,19.835703999945203
10837,26.502497492477435,40.613983983983985,30.938590263691683,19.353602040816327,12.03626520985858,21.41776895471933,15.956766931431535,12.105149808001267,31.14345794392523,23.695746606334843,38.63910891089109,29.6105076142132,22.014222222222223,56.57671755725191,26.54560885608856,12.855276752767528,Belgrade-Stari grad,Belgrade,RS,Serbia,44.821119999948465,20.459112999622317
10858,24.575140280561122,48.861511511511516,34.829621289662235,23.20769784172662,14.55056386731907,21.96242448355849,21.118777048311017,17.627949388198463,29.39660792951542,28.9196,52.63357843137255,42.59075,17.903803921568628,69.32945736434108,22.976602316602314,12.192818532818533,Nis-Osnovna skola Sveti Sava,Nis,RS,Serbia,43.32255400004996,21.91902500013445
10871,10.508659003831418,56.66216216216216,28.414408602150537,17.972445652173914,4.9645844578187885,23.029318712686027,15.377282293352069,12.7782330289165,13.548979591836735,36.76957345971564,50.74,41.56956521739131,8.190809523809524,80.00738007380073,26.7027027027027,10.521621621621621,Kikinda,Kikinda,RS,Serbia,45.821483000056055,20.454007999626807
10879,25.287376387487388,50.00447447447448,27.939574898785423,18.48134969325153,10.927069028524938,23.518520721613545,15.056591013566285,11.674029396592791,30.943157894736842,29.806056338028167,36.139466019417476,27.91497435897436,20.440738007380073,72.09296296296296,22.739630996309963,12.317121771217712,Beograd Novi Beograd,Beograd,RS,Serbia,44.803179000008406,20.400151999592335
10891,30.36991902834008,31.986835443037975,16.909750369800115,34.20917695473251,11.014990930394312,20.867265980942893,8.751801640276929,25.477828218369705,38.23559139784946,17.61236559139785,18.589172240802675,54.601573033707865,20.947727272727274,59.66060606060606,15.521663401253917,16.6193167374646,Skverindeks kvalitete zraka iznosi 126,Tuzla,BA,Bośnia i Hercegowina,44.54083333333333,18.673333333333336
10924,7.122497835497835,51.39464,11.008482653061225,4.73814255319149,3.775723137097402,20.176620026874517,8.640603843664579,2.9533188768913226,8.079979591836734,38.12818992248062,9.255186721991702,4.516812749003984,5.800046728971963,64.3678529424119,10.369813432835821,4.647627906976744,Sankt Eriksgatan,Stockholm,SE,Szwecja,59.338921,18.035773
11585,2.9667231695085254,81.76886886886888,16.909750369800115,9.568817472919314,1.5884390729103146,22.778085612935136,8.751801640276929,5.599787690323896,4.34067264573991,64.23955555555555,18.589172240802675,11.69357142857143,1.8082846153846153,100.20769230769231,15.521663401253917,8.170128309942317,Kamenicki vis,Nis,RS,Serbia,43.404011000155585,21.9477460001787
11587,38.0198997995992,51.39464,25.354143870314083,18.02030456852792,17.54840964398424,20.176620026874517,18.80875597076854,14.120983287747167,43.1422641509434,38.12818992248062,40.178676470588236,31.53402985074627,28.677970479704797,64.3678529424119,15.749261992619926,9.599778597785978,Belgrade-Mostar,Belgrade,RS,Serbia,44.79874600031132,20.450183999921396
11588,29.201256281407034,43.71275075075075,27.681315104166668,17.912269129287598,12.848003717574535,20.85878611187762,14.012050567653857,10.46530391941029,31.312037037037037,25.99448598130841,38.254379562043795,29.694140625,27.786704545454544,62.6163670411985,24.872985074626868,12.331940298507462,Belgrade-Vracar,Belgrade,RS,Serbia,44.79695899997687,20.475287999949472
11589,21.949914255091105,53.346593886462884,22.62357941834452,15.330662100456621,6.79057907366743,19.684181715712878,12.041936277505528,8.593751056815867,27.20361904761905,34.222941176470584,37.45170731707317,26.740294117647057,18.033458333333332,70.6195945945946,18.40722972972973,12.001756756756757,Kragujevac,Kragujevac,RS,Serbia,44.011573,20.925031
11590,28.74664150943396,51.39464,20.514885496183204,13.775923076923078,11.903478659959827,20.176620026874517,9.938988929699697,7.703754958290175,38.744827586206895,38.12818992248062,30.44909090909091,23.174716981132075,22.744659090909092,64.3678529424119,15.253636363636362,9.76125,RS0029A,Južnobački upravni okrug,RS,Serbia,45.245065,19.84119
11591,12.790905432595574,59.76422222222222,21.577907216494843,14.836617021276597,5.044635508838069,24.986533162935736,16.51653638782702,11.760022671416163,14.228577586206898,7.14,44.770833333333336,35.126315789473686,10.41649193548387,83.69189189189188,21.74891891891892,8.942972972972973,Smederevo-Carina,Smederevo,RS,Serbia,44.65233600010452,20.93167500044651
11592,15.434384303112314,59.045833333333334,34.17744680851064,25.32,8.326176682620536,20.13334843357117,18.445195884033435,19.41315268972294,24.1225,9.15,60.74545454545455,55.35909090909092,9.832732240437158,78.74054054054054,26.81783783783784,12.534864864864865,Kruševac,Kruševac,RS,Serbia,43.58547000000001,21.307667
11594,18.20668004012036,51.39464,44.442530655373055,33.8909375,9.03027341016773,20.176620026874517,33.24296519647711,31.342163848697272,26.33318385650224,38.12818992248062,74.8168333333334,66.55243064630685,11.371235521235521,64.3678529424119,23.755135135135138,10.618108108108109,Zaječar,Zaječar,RS,Serbia,43.902072,22.273254999999995
11595,15.512172808132147,51.39464,27.505578947368424,18.00563829787234,8.040123822082908,20.176620026874517,13.723360164817912,10.731119926853616,20.897876712328767,38.12818992248062,41.46363636363637,33.515,12.177307692307693,64.3678529424119,28.43567567567567,12.048378378378379,Pančevo Sodara,Pančevo ,RS,Serbia,44.862975,20.64429
11596,28.045295887662988,51.39464,43.895113788487286,28.829176788124155,9.158633660093207,20.176620026874517,29.40837323235273,22.730270102134764,35.689424778761065,38.12818992248062,74.8168333333334,61.07734375,22.215708661417324,64.3678529424119,26.888648648648648,14.024432432432432,Valjevo,Valjevo,RS,Serbia,44.27304899993499,19.899005999889546
11597,24.796204819277108,51.39464,36.33574358974359,19.20340206185567,11.281738927147643,20.176620026874517,20.733139562533264,11.05368875073523,25.019745762711864,38.12818992248062,51.872,37.5375,22.2078,64.3678529424119,31.6872972972973,14.100000000000001,Bor Institut IRM,Bor,RS,Serbia,44.059937,22.101434
11598,12.343657929226735,51.39464,27.805052083333333,15.68157068062827,6.0296804770899675,20.176620026874517,13.391355029498282,8.680906855609463,13.684718309859155,38.12818992248062,34.55217391304348,27.66818181818182,10.65108205128205,64.3678529424119,33.62432432432432,11.881891891891891,Kostolac,Kostolac,RS,Serbia,44.71749000025005,21.173398999615454
11614,8.229587301587301,51.39464,8.812700964630226,3.3863327974276527,2.5775300762756874,20.176620026874517,4.999983526163089,2.002917908534143,9.95409090909091,38.12818992248062,8.959571428571428,3.57283615819209,7.302142857142857,64.3678529424119,9.324166666666667,3.4729352941176472,Portable Farstöð 1,Reykjavík,IS,Islandia,64.14200000008154,-21.945999999558193
270795,36.16477146042364,28.93118918918919,16.909750369800115,9.568817472919314,12.695965102595677,19.34665847711995,8.751801640276929,5.599787690323896,41.2009708737864,32.835593220338986,18.589172240802675,11.69357142857143,32.30113207547169,5.292162162162162,15.521663401253917,8.170128309942317,ATHINAS,ΑΤΤΙΚΗ,GR,Grecja,37.978204000197664,23.726844999722157
270796,15.272208398133749,53.101007751937985,16.909750369800115,9.568817472919314,8.543407969070245,27.25527370602453,8.751801640276929,5.599787690323896,18.489611111111113,28.147944444444445,18.589172240802675,11.69357142857143,13.366756756756757,81.73959731543624,15.521663401253917,8.170128309942317,GR0029A,ΑΤΤΙΚΗ,GR,Grecja,37.98362732,23.70678902
270797,21.73175395858709,62.7019019019019,35.07306680161943,9.568817472919314,14.638618790398544,27.26761471068576,18.47505608305772,5.599787690323896,21.803456221198157,39.80434782608695,41.67320284697509,11.69357142857143,17.57635359116022,88.73574144486692,29.904401544401544,8.170128309942317,LIOSIA,ΑΤΤΙΚΗ,GR,Grecja,38.076741000042894,23.697781000444547
282704,19.62279515640767,43.811682439537336,17.490352822580647,8.678309859154929,9.32005974736001,18.07966672690323,9.687697212029267,4.8040546151957795,22.01453781512605,33.998086124401915,14.490416666666667,10.762394957983192,16.681234567901235,51.60460251046025,17.36777777777778,7.000204918032787,Riga Kronvalda boulevard,Riga,LV,Łotwa,56.95484699998251,24.10475599985532
282705,3.4588395560040364,59.47102510460251,13.283350305498981,7.337839756592292,2.1296745655239913,18.66134554598898,7.962939160824717,4.143289688192925,4.393132,53.607772277227724,11.58855421686747,9.002749999999999,2.150113445378151,65.0172131147541,14.578076923076923,5.451125,Rucava,Rucava,LV,Łotwa,56.16235099999266,21.173330999843387
282706,14.078098190672772,51.39464,16.30451515151515,8.248626262626264,7.57506363550302,20.176620026874517,8.371810825547783,5.192590518317162,18.053504120148858,38.12818992248062,15.417375,10.52564315352697,10.451701066601531,64.3678529424119,16.216090534979426,6.322139917695473,Ventspils parventa,Ventspils,LV,Łotwa,57.403996999795524,21.59031699995187
302031,6.050893854748603,29.798571428571428,16.909750369800115,9.568817472919314,3.598769597536444,14.063215705731658,8.751801640276929,5.599787690323896,3.8798000000000004,27.43007692307692,18.589172240802675,11.69357142857143,9.105943396226415,28.611009174311924,15.521663401253917,8.170128309942317,Gradina,Pljevlja,ME,Czarnogóra,43.278596,19.281092
302032,17.38409669211196,51.39464,43.875844370860925,32.88667218543046,10.56154690999572,20.176620026874517,33.24296519647711,31.38891589361925,28.835572916666667,38.12818992248062,74.8168333333334,66.55243064630685,11.858149779735683,64.3678529424119,26.23,12.420150375939851,Pljevlja,Pljevlja,ME,Czarnogóra,43.3572219999458,19.349125000041326
302033,14.078098190672772,51.39464,29.851345826235097,17.26032200357782,7.57506363550302,20.176620026874517,24.235401384494804,13.882278699957588,18.053504120148858,38.12818992248062,53.80511111111112,34.71,10.451701066601531,64.3678529424119,24.44856,12.36416,Podgorica 2 (UB),Podgorica,ME,Czarnogóra,42.448023999899355,19.240949000365195
302034,13.16145186136072,42.46268203883495,19.68774193548387,8.927740384615385,9.083238965340035,16.480946404181843,11.607353543432925,4.413450242161544,14.551279411764705,32.824830917874394,16.463949044585988,9.676369426751593,11.419189189189188,56.66222222222222,26.707076923076922,11.63827067669173,Bar2,Bar,ME,Czarnogóra,42.10382800002746,19.094311000283845
302035,3.1729906542056074,61.95152091254753,16.909750369800115,9.568817472919314,1.3222549860582908,22.8557794622121,8.751801640276929,5.599787690323896,4.114795918367347,45.318461538461534,18.589172240802675,11.69357142857143,2.606766917293233,85.62556390977444,15.521663401253917,8.170128309942317,Gornje Mrke,Gornje Mrke,ME,Czarnogóra,42.518204,19.327783
302038,13.983784313725492,51.39464,41.01352697095436,36.89022916666667,7.356641065910548,20.176620026874517,33.24296519647711,31.38891589361925,20.230725806451613,38.12818992248062,74.8168333333334,66.55243064630685,9.105669291338582,64.3678529424119,12.487027027027027,10.086666666666668,"Osnovna škola ""Risto Ratković""",Bijelo Polje,ME,Czarnogóra,43.02901,19.7426
302039,12.8184375,49.7801171875,32.99696,10.729431578947368,8.689605116698269,23.30476037111151,23.486326469255275,8.683132121043082,20.816048387096775,29.05696,50.873193277310925,16.828775510204082,6.608646616541353,74.11287878787878,24.11270676691729,7.149473684210526,"Gimnazija ""Stojan Cerović""",Nikšić,ME,Czarnogóra,42.78137,18.942683
370158,7.3794345238095245,65.66508875739645,20.818940568475455,9.568817472919314,4.740729710365784,16.09873910385341,9.476387790642322,5.599787690323896,9.348487394957983,54.16942148760331,22.79801886792453,11.69357142857143,4.9417647058823535,85.88529411764705,20.087500000000002,8.170128309942317,GR0045A,ΚΕΝΤΡΙΚΗ ΜΑΚΕΔΟΝΙΑ,GR,Grecja,40.739842,22.876231
494935,9.104981617647057,41.48394525547445,12.358075471698113,8.266768642447419,4.816281127996706,22.572506380642075,7.531653560999291,4.715868386003854,15.474,18.82133333333333,19.076666666666664,16.66357142857143,7.817431192660551,52.208211009174306,10.601891891891892,6.609504504504504,AQMS Obiliq,AQMS Obiliq,XK,Kosowo,42.68389200003613,21.0732960003959
494936,59.74815044725781,28.72176470588235,19.45421686746988,14.341204819277108,22.22746054343252,13.815039697689595,12.658606647063406,8.345412701889256,54.76516618773956,25.765384615384615,20.1225,16.411666666666665,65.98048780487804,26.73918918918919,14.41590909090909,11.07840909090909,Mobile,Mobile,XK,Kosowo,42.646519,21.133536
494937,1.3289518072289157,86.67283950617283,9.971144329896907,8.261020408163265,0.9698937445400466,13.83191971804421,7.344209388453731,5.8860130520636575,2.2437142857142858,67.24666666666667,3.2718,2.8778,0.8084722222222223,93.57027027027027,14.696590909090908,11.816818181818183,Brezovica,Brezovica,XK,Kosowo,42.187773,21.030856
494938,7.0972,62.412121212121214,11.151717171717172,7.7699,2.898449979355911,21.66404089507599,6.417566618816435,4.769777644479642,7.4206666666666665,48.5,11.721333333333332,8.824000000000002,7.194090909090909,71.86590909090908,11.496818181818183,7.345681818181817,Palaj,Palaj,XK,Kosowo,42.677721,21.052604
494939,4.4391791044776125,48.577572463768114,12.669815498154982,6.843295668549906,2.3365340730243322,21.711739443629583,7.58650460301642,3.8159437944765187,7.216153846153846,10.162,14.934666666666667,10.436428571428573,4.538293838862559,63.68807339449541,12.97274418604651,5.897162790697675,AQMS Dardhishte,AQMS Dardhishte,XK,Kosowo,42.65972200026088,21.08332800011169
494941,11.40489010989011,64.81476014760148,12.655725318761384,7.949797047970479,5.8222962214794824,22.91987482420339,6.344432304563286,4.240166938975333,15.968571428571428,37.54666666666667,19.930769230769233,16.705000000000002,9.218394495412843,79.01173708920187,12.77493273542601,6.801165919282512,AQMS Peje,AQMS Peje,XK,Kosowo,42.66569999989244,20.305089999895873
663493,25.56319,61.148900000000005,34.18642424242424,14.494824824824825,9.979418556139358,17.105195892374827,11.54776965328968,5.020284958692815,33.20622009569378,42.64976076555023,31.28394230769231,15.058995215311004,19.614716981132073,72.53509433962265,36.54528301886793,16.340830188679245,Limassol - Traffic Station,Λεμεσός - Κυκλοφοριακός Σταθμός,CY,Cypr,34.6861111,33.03555559999995
663494,15.887487487487489,73.96894999999999,32.19743902439024,15.147002012072436,6.338374110631708,17.52984723097842,10.102547876525938,5.413787540598461,19.204466019417474,57.51829268292683,32.69148514851485,16.9086,13.616404494382023,83.42921348314606,33.37827715355805,15.899400749063672,Paralimni - Traffic Station,Παραλίμνι - Κυκλοφοριακός Σταθμός,CY,Cypr,35.04569276191925,33.977734884655774
663495,6.525123188405797,67.35,30.01938080495356,12.61751572327044,2.7126927772934164,15.34726207626006,15.090657015572775,5.631191070614473,4.961082524271845,55.749047619047616,17.918238095238095,10.825916666666666,8.505952380952381,72.02762645914396,36.55657650779802,16.6193167374646,Kalavasos - Industrial Station,Καλαβασός - Βιομηχανικός Σταθμός ,CY,Cypr,34.77152999999999,33.29623
663496,9.368881881881883,76.1858,16.909750369800115,9.568817472919314,3.736169389022534,14.060455710067671,8.751801640276929,5.599787690323896,9.076305418719212,66.66971153846154,18.589172240802675,11.69357142857143,10.565485074626867,80.67014925373134,15.521663401253917,8.170128309942317,Mari - Industrial Station,Μαρί - Βιομηχανικός Σταθμός,CY,Cypr,34.74015413889849,33.30027554245612
663497,2.3631860940695297,89.12630879948368,19.604529652351737,9.84979859719439,0.7941840782747647,17.28481102593262,10.455317846575367,4.9719833160221345,2.76796875,70.8754423262549,12.573951219512194,7.773155339805825,2.131248120300752,103.71951686371256,23.70168539325843,11.798913857677903,"""Emep - Ayia Marina""",Agia Marina (Xyliatou),CY,Cypr,35.038021999934216,33.05778899971721
663498,9.364094094094094,71.8481,29.53912209889001,11.752565130260521,2.6787644003495945,14.14269748959801,14.033656418084147,5.321790581962178,9.64072463768116,60.60579710144928,18.740576923076922,9.728413461538462,9.110823970037453,76.44868913857678,36.55657650779802,14.897293233082706,Zygi - Industrial Station,Ζύγι - Βιομηχανικός Σταθμός ,CY,Cypr,34.7294444,33.33749999999998
663499,15.067926167209555,75.16898047722343,29.228070175438596,12.57349292709467,7.292127003695222,16.16271338128095,10.652177300123665,4.753426362850425,19.63872037914692,60.92037914691944,24.021159420289855,13.37110576923077,10.243603603603603,85.97522522522523,33.9527027027027,14.724369369369368,Paphos - Traffic Station,Πάφος - Κυκλοφοριακός Σταθμός ,CY,Cypr,34.7752778,32.42194440000003
663500,26.079900000000002,62.72707,36.766646341463414,17.094295774647886,11.709163270468741,25.178780373485065,12.96408238473734,6.300043635220476,35.383676470588235,31.76521951219512,43.339999999999996,21.602010050251256,17.603507462686565,88.2481343283582,33.6339552238806,16.6193167374646,Nicosia - Traffic Station,Λευκωσία - Κυκλοφοριακός Σταθμός,CY,Cypr,35.15192246950294,33.347919957077806
663501,23.45771,64.62383,33.34249492900608,14.385040080160321,9.927147864347573,17.846438311088622,11.393702368742431,5.567233875766246,32.32460784313726,43.759460784313724,31.542537313432838,16.098522167487683,17.320298507462688,77.06567164179104,36.24216417910448,15.784029850746268,Larnaca - Traffic Station,Λάρνακα - Κυκλοφοριακός Σταθμός,CY,Cypr,34.9166667,33.627500000000055
783871,9.501941860465116,54.7860889395667,17.50789968652038,9.568817472919314,4.993672463876278,21.930083164130675,8.87245852222144,5.599787690323896,13.6396,34.5546875,22.14040268456376,11.69357142857143,6.276163265306122,71.9073469387755,15.52360248447205,8.170128309942317,Szombathely,Szombathely,HU,Węgry,47.238944,16.620351
783874,6.615453551912569,54.06256673511294,16.961362683438153,11.85753959873284,3.4219443215195406,22.46131034165856,9.993203232091918,7.863290708652398,9.594708994708995,38.00116504854369,22.63970731707317,18.60427135678392,4.786377358490566,70.2330739299611,13.847042801556421,7.8084824902723735,K-Puszta,K-Puszta,HU,Węgry,46.96524399999999,19.54528
783876,14.078098190672772,56.858280044101434,14.077811341330424,9.568817472919314,7.57506363550302,21.551404893611377,6.9963933438133585,5.599787690323896,18.053504120148858,41.3800495049505,16.151145833333334,11.69357142857143,10.451701066601531,69.19699248120301,13.899083969465648,8.170128309942317,Farkasfa,Farkasfa,HU,Węgry,46.909557,16.30934
783877,20.17592641261498,53.95735912240185,16.520445168295332,10.59531728665208,10.180446400348426,27.148179119073266,9.627627090231858,7.480211335171264,23.79511627906977,30.214029850746268,21.97666666666667,17.44538860103627,17.31754098360656,74.41376061776062,13.217577092511013,5.931315789473683,Budapest Budatétény,Budapest Budatétény,HU,Węgry,47.40605,19.0099
783879,13.441324152542373,51.091317122593715,17.70589607635207,12.164044823906083,6.155045076931236,21.634033952045947,9.562670778504463,7.921112798056027,17.18785714285714,35.30528571428571,23.974326923076923,19.892139303482587,10.629344262295081,67.65355805243446,14.461382113821138,7.599024390243902,Pécs Nevelési Központ,Pécs Nevelési Központ,HU,Węgry,46.040885,18.220884
783882,22.099182389937106,51.39464,18.642257709251098,11.684894795127354,11.114159944505504,20.176620026874517,11.022516649451102,8.22082889235567,28.64361809045226,38.12818992248062,24.615969387755104,18.803563829787233,15.99712686567164,64.3678529424119,14.582840909090908,6.731060606060606,Budapest Honvéd,Budapest Honvéd,HU,Węgry,47.522693,19.069867
783884,11.134235055724417,54.32099190283401,16.488006230529596,12.172276795005203,4.386058183253322,21.847841841672565,10.252895974037326,9.04584766851923,14.609095238095238,37.11090476190476,25.106095238095236,21.891497584541064,8.79421052631579,70.58726591760299,10.688538461538462,6.429846153846154,Ajka,Ajka,HU,Węgry,47.103172,17.561381
783885,18.313960498960498,45.099384615384615,16.388925184404638,11.333592592592593,6.967899580840509,16.51975967549707,9.828745166295375,7.817243721045461,21.58270935960591,31.15677777777778,22.295721153846156,18.695658536585366,16.406782945736435,52.671264367816086,12.34883817427386,6.3950619834710745,Székesfehérvár,Székesfehérvár,HU,Węgry,47.195944,18.400246
783886,18.527147177419355,54.39332618025751,21.60713675213675,9.568817472919314,11.343610556123753,26.436884535937597,11.14503678276486,5.599787690323896,26.197888888888887,31.85848837209302,27.132025316455692,11.69357142857143,10.560868263473054,73.07191780821918,20.494423076923077,8.170128309942317,Budapest Csepel,Budapest Csepel,HU,Węgry,47.40444,19.09083
783887,13.188059210526315,46.69707547169811,26.397917525773195,18.58348500517063,6.4164207215724804,20.861494188579154,16.108394935650534,13.322273405505065,18.782834645669293,32.54702290076336,39.42251256281407,31.470515463917526,8.646666666666667,62.308045977011496,18.092689393939395,10.778646616541353,EMI mobil 2,EMI mobil 2,HU,Węgry,48.099356,20.727048999999997
783888,11.136356363636365,51.39464,25.771572916666667,20.558339438339438,8.427655919219397,20.176620026874517,17.16874440630247,16.29488955473532,17.922598870056497,38.12818992248062,41.222200956937805,35.01547619047619,6.120364035087719,64.3678529424119,15.5236329588015,7.95554347826087,Miskolc Alföldi,Miskolc Alföldi,HU,Węgry,48.09042,20.81201
783889,2.7422445414847165,83.5375,12.15392817679558,8.327585071350166,1.4699411776724831,21.843567689974225,7.402153818369976,4.932318057572083,3.6095109890109893,66.09268292682927,11.412936893203884,9.341436274509803,1.9474901960784314,101.77727272727273,13.541244444444445,8.368484848484847,Nyírjes,Nyírjes,HU,Węgry,47.899660000000004,19.946894
783892,8.037729007633589,47.821441624365484,17.605971223021584,12.236977225672877,2.983674828601145,20.346011997942487,7.965424977308486,6.342563494548742,10.749777777777778,33.02169902912622,22.432261306532666,17.851413612565445,6.827727272727273,59.28464419475655,16.000149253731344,9.801044776119403,Hernádszurdok,Hernádszurdok,HU,Węgry,48.47295,21.212
783893,15.175012165450122,49.51225976768743,16.535634285714288,11.500504587155964,5.733677117568113,20.972977428182727,9.26645639387084,7.668375316694058,17.92158940397351,33.15681818181818,23.186348314606743,19.45896551724138,12.818333333333333,67.88056680161944,13.155042735042736,7.203589743589744,Százhalombatta 1 Búzavirág tér,Százhalombatta 1 Búzavirág tér,HU,Węgry,47.309166,18.920566000000004
783894,10.628226804123711,48.31141225337487,22.450103092783504,18.30509090909091,6.348413073778194,19.98751446763463,14.186181226787827,16.481868652343252,15.696785714285715,29.06308080808081,30.27298245614035,29.605128205128207,6.3958646616541355,68.40488721804512,16.16007633587786,7.894732824427481,Békéscsaba,Békéscsaba,HU,Węgry,46.668115,21.06731
783896,16.06089219330855,53.78536307053942,17.889425531914895,12.389618104667608,7.684031519591162,24.13507102857664,9.29658429388556,5.772055470817883,20.66322033898305,32.29174129353234,20.812087912087915,15.445689655172416,12.232570093457944,74.44730769230769,17.055827715355804,10.719252873563219,Szolnok,Szolnok,HU,Węgry,47.17712,20.196879999999997
783897,15.505755760368663,9.871871921182265,10.675017482517484,9.568817472919314,7.245245888609595,5.199816299435111,7.869853175712907,5.599787690323896,18.77713812154696,2.940526315789474,16.906860465116278,11.69357142857143,12.646784552845528,8.30012048192771,4.480711382113822,8.170128309942317,Dorog,Dorog,HU,Węgry,47.72443,18.73681
783898,6.821224874371859,46.42523421588595,23.811284974093265,9.568817472919314,4.898826798679038,20.149805373029764,14.393684566540653,5.599787690323896,11.718777777777778,30.26052380952381,38.80950980392157,11.69357142857143,2.7699387755102043,60.74562737642586,15.796423076923077,8.170128309942317,Putnok,Putnok,HU,Węgry,48.29351,20.42765
783899,11.527858739837399,42.14573886639676,21.870975865687303,17.01966457023061,5.621703120852969,20.28516070539237,14.563813586026662,13.341195582577045,16.754585714285714,24.49995238095238,35.54741626794258,30.778851674641146,7.210561797752809,59.84419475655431,12.60063670411985,7.892134831460673,Kazincbarcika,Kazincbarcika,HU,Węgry,48.247032999999995,20.61445
783900,13.30635687732342,48.93808,22.45819783197832,9.568817472919314,8.688395293361426,21.051895589807707,14.215656403362045,5.599787690323896,16.394285714285715,36.52549707602339,25.318967741935484,11.69357142857143,10.444344827586207,64.02530120481929,19.67815573770492,8.170128309942317,Tököl,Tököl,HU,Węgry,47.3221,18.96109
783903,8.768333333333333,50.028571428571425,18.047142857142855,13.9,2.4148906117393114,14.280839644516039,14.273402671035516,11.280469848370677,18.053504120148858,38.12818992248062,18.589172240802675,11.69357142857143,10.451701066601531,64.3678529424119,15.521663401253917,8.170128309942317,Sajószentpéter,,HU,Węgry,48.21819,20.70334
783905,5.374604452054794,38.78789595375722,17.819757462686567,16.380394736842106,3.6149817091529197,21.033468071924812,9.577952395507003,7.478673579504052,7.675587837837838,25.36927083333333,24.07144827586207,17.863,3.419701986754967,47.535106382978725,13.522419354838709,8.170128309942317,Szentgotthárd,Szentgotthárd,HU,Węgry,46.95623,16.27491
783906,16.93857142857143,43.42857142857143,14.801428571428572,9.105714285714287,5.7039238791421125,8.796725581281988,11.433521517262923,4.658085648070665,18.053504120148858,38.12818992248062,18.589172240802675,11.69357142857143,10.451701066601531,64.3678529424119,15.521663401253917,8.170128309942317,Győr 1 Szent István,,HU,Węgry,47.68537,17.63955
784128,13.886615776081424,51.39464,25.56577806122449,15.380533854166666,6.440450986895585,20.176620026874517,15.16754118675238,10.189816329072594,18.208707482993198,38.12818992248062,35.4835761589404,27.127446808510637,10.318125,64.3678529424119,22.261584158415843,10.225742574257426,Beočin Centar,Beočin,RS,Serbia,45.208386,19.721709
784129,21.86354415274463,47.865292014302746,26.655126658624848,18.767208737864078,10.33711688010302,21.657179441573323,14.508877921490058,12.063732537907532,26.95458100558659,28.95921787709497,36.16861271676301,30.86819277108434,19.458701923076923,66.24197115384615,24.12,12.988277511961723,Beograd Ada Marina,Beograd,RS,Serbia,44.790166,20.4169
784130,33.11241954707986,31.055606060606063,30.20120768307323,18.801398898408813,11.442909540191744,19.237369038435972,15.99537105865855,11.613347471366616,33.64357541899441,15.206145251396649,42.55606936416185,31.87666666666667,35.736172248803825,48.06130434782609,28.10377990430622,13.223684210526315,Beograd Ada petlja,Beograd,RS,Serbia,44.7913433933573,20.4256007812383
784131,22.26594011976048,47.508735777496845,25.301909424724602,18.75247549019608,11.076204869582211,22.309684096276822,13.266759869239385,11.960233865181234,27.1538202247191,28.890167597765362,35.221818181818186,30.35813664596273,21.033091787439616,69.6242718446602,21.587149758454107,12.58574879227053,Beograd Banovo brdo,Beograd Banovo brdo,RS,Serbia,44.777284,20.409701
784132,6.75289238210399,51.69769585253456,22.009418886198546,15.59691463414634,3.2803048630360014,17.80491360186926,10.446020597747458,8.88073700411703,9.286860465116279,41.18723404255319,29.793641618497112,25.358154761904764,5.168139423076923,72.45945945945945,19.73721153846154,11.563076923076922,Beograd Barajevo,Beograd,RS,Serbia,44.58871,20.429121
784133,23.309557945041814,36.87473457675753,27.26609431680774,18.534724602203184,10.973678923249661,21.81422728483258,14.60760465174889,11.598618566483635,28.33564245810056,20.21195530726257,37.610988372093026,30.613086419753085,20.600765550239235,65.26356589147287,22.73086956521739,12.189519230769232,Beograd Bežanijska kosa,Beograd,RS,Serbia,44.815028000000005,20.3779
784134,19.489389952153108,44.11997607655503,36.48432889963724,24.06181707317073,8.39099278909697,21.62842695284419,20.494021696722626,17.066567972491114,22.99195530726257,26.134469273743015,52.38411764705882,42.61429447852761,16.72866028708134,63.45755980861244,29.570813397129186,14.301196172248803,Beograd Borča,Beograd,RS,Serbia,44.873952,20.446585
784135,45.6380385078219,51.39464,37.1146762589928,22.544261294261293,19.693970739729206,20.176620026874517,21.435943879174157,13.379029874270772,37.30564245810056,38.12818992248062,48.41875,34.15426829268293,49.903365384615384,64.3678529424119,36.369615384615386,16.6193167374646,Beograd Despota Stefana ,Beograd,RS,Serbia,44.8168146768154,20.4699406027794
784136,19.84572966507177,62.92219570405728,23.97607961399276,16.43962241169306,10.158221180442153,21.62891025026421,11.759632784878946,9.560089127489652,25.284715909090906,48.54831460674158,30.68137931034483,26.00114457831325,16.283236714975846,77.6231884057971,21.735693779904306,11.412057416267942,Beograd Dragiša Mišović,Beograd,RS,Serbia,44.777237,20.457029
784137,43.518960573476704,32.05462643678161,32.07582725060828,19.690575980392158,15.931707648814534,19.747737664903102,16.45441336261365,12.07478674273643,48.21638418079095,19.439550561797752,44.165454545454544,32.4206875,40.65432692307692,59.40157480314961,28.395311004784688,13.330813397129186,Beograd Franša Deperea,Beograd,RS,Serbia,44.794262,20.463173
784138,13.970785024154589,40.882211981566826,32.385630354957165,23.65205630354957,8.036417216673893,22.15465183346972,20.82181236050167,19.49976793933719,17.614606741573034,42.670212765957444,51.2679012345679,45.71105590062112,12.009137055837565,33.75675675675676,23.43244019138756,11.630191387559808,Beograd Lazarevac ,Lazarevac ,RS,Serbia,44.384113,20.265436
784139,28.30206197854589,32.23373925501433,43.580815347721824,26.49340144230769,9.73128248843196,19.1700916826898,25.406976933225057,18.43850551885523,31.33513966480447,18.489385474860335,67.05257142857143,48.73410404624278,27.57019230769231,56.27421875,29.43377990430622,14.15358851674641,Beograd Leštane,Beograd-Leštane,RS,Serbia,44.728534,20.580721
784140,21.053059523809523,39.669957081545064,40.16583535108959,23.175630354957164,8.5677994775087,20.1130185604797,18.425955483587863,12.265656856165318,25.881620111731845,25.040055865921786,52.876646706586826,36.727044025157234,18.96913875598086,63.96124031007752,35.277033492822966,16.507607655502394,Beograd Mladenovac,Beograd-Mladenovac,RS,Serbia,44.44404699999999,20.696033
784141,12.02068345323741,51.39464,28.12292917166867,18.46596899224806,6.381694212427165,20.176620026874517,15.83288835523248,12.16194264624172,16.605257142857145,38.12818992248062,36.9292,29.495276073619628,9.435024154589371,64.3678529424119,25.689425837320574,13.31263157894737,Beograd Obrenovac,Obrenovac,RS,Serbia,44.6699995831708,20.1973316073418
784142,9.531434010152285,51.39464,26.796872727272728,21.63990314769976,3.9342615347867143,20.176620026874517,14.316459599042455,13.81574715917912,11.50028409090909,38.12818992248062,39.15204678362573,36.48011695906433,9.315707317073171,64.3678529424119,23.27490291262136,16.619082125603864,Beograd Obrenovac Ušće,Beograd Obrenovac Ušće,RS,Serbia,44.629741,20.011135
784143,27.16037304452467,37.31239234449761,40.305179425837316,20.49311656441718,12.270295799910313,20.717737588761462,23.77095394267999,11.918906206717498,32.1546511627907,21.549661016949152,51.79385474860335,32.75449367088608,24.770817307692308,53.33165048543689,36.55657650779802,14.630191387559808,Beograd Oml. brigada ,Beograd,RS,Serbia,44.805925,20.398811
784144,12.433754469606674,50.007821428571425,28.389538274605105,21.03749696233293,6.809356600965902,21.712719481043177,16.448041439124122,15.330726308722992,17.666256983240224,33.92748603351956,43.06467065868264,38.30463414634146,8.826124401913876,63.64215311004784,21.944417475728155,11.943990384615384,Beograd Ovča,Beograd,RS,Serbia,44.88411200000001,20.527552
784145,11.863988023952096,56.27309899569584,27.92587378640777,21.247518159806297,5.719820226992536,22.82733295306841,15.22731021527811,14.374128788871479,17.116988636363637,38.298659217877095,43.21547619047619,38.80441176470588,8.949952153110047,86.08294573643411,21.625454545454545,12.852153110047846,Beograd Sopot,Beograd,RS,Serbia,44.51980699999999,20.578488
784146,15.236206482593037,63.36497126436781,26.710878459687127,18.930072376357057,7.423139790003223,27.080544350166445,12.97597949775561,11.99955434939679,21.850393258426966,41.88335195530726,37.887005649717516,33.10229885057471,11.12842105263158,97.58527131782945,22.21315789473684,11.647129186602871,Beograd Stojčino Brdo,Beograd,RS,Serbia,44.776953,20.535435
784147,19.483500717360116,47.40052505966587,31.761083032490973,21.236711491442545,9.057657668515288,22.160307470860484,17.992860901033513,13.749367060269789,24.189497206703912,27.371284916201116,45.97287356321839,36.04900621118013,17.39953488372093,68.71866028708135,25.47205741626794,13.549904306220094,Beograd Surčin,Beograd,RS,Serbia,44.79240000000001,20.272734
784148,23.57242243436754,42.3907747318236,24.98952955367913,16.486885644768854,10.06008275180022,21.897540750653285,11.769926084904423,9.71493022193747,28.825898876404494,24.60206703910615,32.22994219653179,26.23207317073171,21.223557692307693,62.103557692307696,22.56885167464115,11.282822966507178,Beograd Topčiderska Zvezda,Beograd Topčiderska Zvezda,RS,Serbia,44.788646,20.444507
784149,14.091547732696897,55.690511904761905,25.593264812575576,18.88367839805825,7.222976418430798,21.20991277343758,13.13311555405578,12.616852960589336,18.021460674157304,37.35331460674158,37.73690476190476,33.62883435582822,12.345454545454544,74.97368421052632,21.49732057416268,11.593397129186602,Beograd Vinča,Beograd,RS,Serbia,44.766649,20.61098
784150,23.83436754176611,46.690829493087556,25.613861985472155,16.928676470588233,11.866032533839707,20.345733565265128,12.723098497222278,9.812226214106326,28.28325842696629,31.47042553191489,33.67633136094675,26.849433962264154,21.221100478468898,72.1837837837838,22.448660287081342,11.645741626794258,Beograd Vračar Dom zdravlja,Beograd,RS,Serbia,44.796427,20.486154
784151,17.389503355704697,61.57300802139037,25.670690121786198,18.23549525101764,9.138817209844413,26.35214791577786,12.530586067397774,10.958096733807885,23.46037037037037,39.51686131386862,36.13694656488549,31.095546875,13.489890109890109,86.45414364640884,22.38576923076923,12.887142857142857,Beograd Zeleno brdo,Beograd,RS,Serbia,44.786488,20.521715
784152,26.58748201438849,51.39464,31.825641975308642,20.129242424242424,12.027380503142956,20.176620026874517,18.384050845325866,13.477813456077833,31.687486033519555,38.12818992248062,48.33416149068323,36.52678082191781,24.501244019138756,64.3678529424119,27.93866028708134,13.965837320574163,Beograd Zemun TB,Beograd,RS,Serbia,44.835246,20.403299
784153,29.06953405017921,38.94077844311377,36.28717575757575,22.43340320591862,11.897162005194618,23.005628442639463,20.797898258951623,15.57210777328029,33.77033519553073,18.981229050279328,53.00658682634731,39.91282051282051,26.482344497607656,62.67218446601942,28.641387559808614,13.336124401913876,Beograd Zemun Ugrinovačka,Beograd,RS,Serbia,44.849212,20.377265999999995
784155,14.078098190672772,51.39464,23.91649333333333,13.58945945945946,7.57506363550302,20.176620026874517,13.30848638964126,6.72680978900557,18.053504120148858,38.12818992248062,27.4268345323741,19.16676923076923,10.451701066601531,64.3678529424119,22.457213114754097,11.477717391304349,Bor Gradski park,Bor,RS,Serbia,44.07600299999999,22.099514
784158,13.788185483870967,51.99585006693441,27.9153698630137,21.146840659340658,8.239849651243963,22.949302989152972,18.654355726905226,16.81786610323038,22.86762962962963,32.910714285714285,50.80903225806451,44.765,8.289347826086956,75.49673913043478,18.129728260869566,11.12820652173913,Čačak ,Čačak ,RS,Serbia,43.893316,20.345513
1850659,3.387518513323983,51.39464,7.103063829787234,2.5161472148541115,2.9588525034188895,20.176620026874517,4.262897765538796,1.6357347860774987,4.397091428571429,38.12818992248062,6.764796116504854,2.47,2.219839226519337,64.3678529424119,6.620055865921787,2.4278275862068965,Kópavogur Hörðuvallaskóli,Kópavogur,IS,Islandia,64.08563699983581,-21.824893000200497
2162032,11.834427083333333,47.797524271844665,16.909750369800115,9.568817472919314,6.694129343775458,26.074928840756318,8.751801640276929,5.599787690323896,15.151200000000001,24.158266666666666,18.589172240802675,11.69357142857143,11.41184971098266,65.85967741935484,15.521663401253917,8.170128309942317,VARAŽDIN-1,Varaždin,HR,Chorwacja,46.282911111221324,16.363802778103167
2162033,6.968872822299652,36.30663571428571,16.909750369800115,9.568817472919314,4.638276429166475,21.720041326282686,8.751801640276929,5.599787690323896,11.04895041322314,19.8496,18.589172240802675,11.69357142857143,5.094450867052023,48.06349206349206,15.521663401253917,8.170128309942317,KARLOVAC-1,Karlovac,HR,Chorwacja,45.493524999759,15.56513055577773
2162034,14.078098190672772,51.39464,11.508959284497445,6.747186177474402,7.57506363550302,20.176620026874517,7.467301239247943,4.21114585407228,18.053504120148858,38.12818992248062,12.941590909090909,7.781485294117647,10.451701066601531,64.3678529424119,11.31748502994012,7.481265060240965,POLAČA (Ravni kotari),Polača,HR,Chorwacja,44.02109444443817,15.516111111284099
2162037,9.14992356687898,56.080528,15.677738636363635,9.568817472919314,6.077214966719902,22.772533871299583,8.583874385812933,5.599787690323896,12.516052631578948,37.10862745098039,18.01523489932886,11.69357142857143,5.6322363636363635,75.51272727272728,14.994832298136647,8.170128309942317,Kittsee,2421 Kittsee,SK,Słowacja,48.109153000076795,17.07031599999757
2162110,23.712536443148686,51.39464,24.1907250755287,9.568817472919314,11.204357962537811,20.176620026874517,11.075042737473249,5.599787690323896,30.385199999999998,38.12818992248062,30.639852941176475,11.69357142857143,18.905193370165748,64.3678529424119,23.335942857142857,8.170128309942317,AMS Mladost-Sofia,National air network,BG,Bułgaria,42.655487999914236,23.383270999989932
2162111,24.409060283687943,51.39464,25.301823802163835,9.568817472919314,10.75419884968976,20.176620026874517,17.45057919714,5.599787690323896,31.21291666666667,38.12818992248062,36.16884892086331,11.69357142857143,19.427272727272726,64.3678529424119,19.358659217877094,8.170128309942317,AMS Center-Pernik,National air network,BG,Bułgaria,42.610334999673164,23.03219100023879
2162114,35.47193786982248,51.39464,31.291738484398216,9.568817472919314,15.597909326259337,20.176620026874517,17.089332906972032,5.599787690323896,46.164671052631576,38.12818992248062,40.68537931034483,11.69357142857143,27.55593220338983,64.3678529424119,25.15111111111111,8.170128309942317,AMS Trakia - Plovdiv,National air network,BG,Bułgaria,42.14118599999057,24.787951999567845
2162115,14.15924889543446,51.39464,24.38928888888889,9.568817472919314,7.871097170912567,20.176620026874517,11.780244165945698,5.599787690323896,15.434771241830065,38.12818992248062,32.37687074829932,11.69357142857143,12.627670454545454,64.3678529424119,21.374494382022473,8.170128309942317,AMS Patriarch Evtimiy - Pleven,National air network,BG,Bułgaria,43.40904000009234,24.624251999952854
2162142,6.159558260869566,66.95427586206897,7.914335640138408,5.612395833333333,3.370447267737068,24.536647560029095,5.373561640908283,4.087874576002843,8.349791666666667,51.85144827586207,8.028786206896552,6.609993006993007,4.497033783783784,87.87413333333333,9.860945945945947,6.026738255033557,Beromünster,Nationales Beobachtungsnetz für Luftfremdstoffe,CH,Szwajcaria,47.189600000271085,8.17543999990154
2162143,13.70987610619469,45.88753982300885,11.468525846702317,9.568817472919314,7.912214331204697,25.383026958762837,6.708215303144987,5.599787690323896,20.82295302013423,27.39986577181208,13.236778523489933,11.69357142857143,6.913,72.14533333333333,12.692671232876712,8.170128309942317,Bern-Morgartenstrasse,Stadt Bern,CH,Szwajcaria,46.96309999988725,7.462519999689005
2162144,12.979613152804642,47.086885880077375,11.57425536062378,9.568817472919314,7.603540424160453,25.60305445555287,6.800555983065223,5.599787690323896,20.391217391304348,26.07539130434783,13.865478260869565,11.69357142857143,6.868,71.994,12.70945205479452,8.170128309942317,Bern-Morgartenstrasse,Stadt Bern,CH,Szwajcaria,46.96309999988725,7.462519999689005
2162145,15.310593080724878,48.01942339373971,14.985033783783782,9.568817472919314,8.759376361084934,28.969248737916097,8.227212429756445,5.599787690323896,25.209545454545456,22.9425974025974,18.137841726618703,11.69357142857143,8.25046052631579,79.22894736842105,15.739470198675496,8.170128309942317,Lugano-Pregassona,Cantone Ticino,CH,Szwajcaria,46.02549999995425,8.9672900000394
2162146,14.533636363636363,49.44076648841355,14.809926739926741,9.568817472919314,8.393338236556817,29.4197744410362,7.987316045412376,5.599787690323896,24.97775,21.976666666666667,17.809809523809523,11.69357142857143,8.23828947368421,78.77105263157895,15.659536423841061,8.170128309942317,Lugano-Pregassona,Cantone Ticino,CH,Szwajcaria,46.02549999995425,8.9672900000394
2162147,13.774026186579379,57.28701468189234,12.034729950900164,9.568817472919314,8.234758468949538,25.337370203286927,7.813358866148172,5.599787690323896,20.773815789473684,37.74487012987013,14.79512987012987,11.69357142857143,7.574078947368421,83.08223684210526,12.730666666666666,8.170128309942317,Lausanne-Plaines-du-Loup,Canton de Vaud,CH,Szwajcaria,46.53580000019585,6.622300000177009
2162148,13.116855123674911,58.44008833922261,12.167592920353982,9.568817472919314,7.644394371922932,25.330026838481636,8.049961733574047,5.599787690323896,20.055416666666666,36.56766666666667,15.327666666666666,11.69357142857143,7.705526315789474,82.74407894736842,13.029602649006623,8.170128309942317,Lausanne-Plaines-du-Loup,Canton de Vaud,CH,Szwajcaria,46.53580000019585,6.622300000177009
2162149,26.097227891156464,43.26173469387756,14.935930034129692,9.568817472919314,10.182652079668395,23.795300308987727,8.92969396955843,5.599787690323896,32.895348837209305,24.210387596899224,19.82736434108527,11.69357142857143,18.934605263157895,67.60657894736842,14.7523178807947,8.170128309942317,Genève-Necker,Canton de Genève,CH,Szwajcaria,46.20779999992909,6.1411300000422555
2162150,26.100689075630253,43.44003361344538,14.72314502529511,9.568817472919314,10.24754067708032,23.635393137265083,8.776210940886287,5.599787690323896,32.03489932885906,26.469127516778524,18.23046979865772,11.69357142857143,19.153841059602648,67.24900662251656,14.801599999999999,8.170128309942317,Genève-Necker,Canton de Genève,CH,Szwajcaria,46.20779999992909,6.1411300000422555
2162151,11.49798347107438,44.29691024793389,10.69453488372093,9.568817472919314,6.254394923623986,23.475376056788598,5.902048421832572,5.599787690323896,17.54695945945946,27.88500472972973,12.597586206896553,11.69357142857143,6.420657894736842,64.64407894736841,11.05203947368421,8.170128309942317,Winterthur-Veltheim,OSTLUFT,CH,Szwajcaria,47.508200000281114,8.720349999648551
2162152,29.158959731543625,39.07655536912752,13.73518456375839,9.568817472919314,8.81706461901322,22.938984042149837,6.739910789088423,5.599787690323896,34.104729729729726,21.451331081081083,16.642500000000002,11.69357142857143,25.07728476821192,62.04304635761589,13.615231788079472,8.170128309942317,Zürich-Rosengartenstrasse,OSTLUFT,CH,Szwajcaria,47.39519999987911,8.526080000334947
2162153,9.263156146179401,59.46909240924092,16.909750369800115,9.568817472919314,5.99339692170491,26.507063371795926,8.751801640276929,5.599787690323896,14.872222222222222,38.891891891891895,18.589172240802675,11.69357142857143,4.86,84.09078947368421,15.521663401253917,8.170128309942317,Zürich-Heubeeribüel,OSTLUFT,CH,Szwajcaria,47.38150000020877,8.565920000216332
2162154,21.642620232172472,45.63636363636363,11.352911813643928,9.568817472919314,9.270306099734752,23.200085443151643,6.023524439551721,5.599787690323896,29.124557823129255,28.214054054054056,12.655918367346938,11.69357142857143,15.437236842105264,67.18815789473685,11.890266666666667,8.170128309942317,St-Gallen-Blumenbergplatz,OSTLUFT,CH,Szwajcaria,47.427100000283566,9.373989999988874
2162155,4.491970099667775,70.7122607260726,7.490476666666667,9.568817472919314,3.03740145241473,22.293206236478362,4.957744906411646,5.599787690323896,6.2598551724137925,60.48120805369128,6.700577181208054,11.69357142857143,2.666453947368421,87.11842105263158,9.524489795918367,8.170128309942317,St-Gallen-Stuelegg,OSTLUFT,CH,Szwajcaria,47.40670000000518,9.394379999833692
2162156,11.059607843137254,45.276985714285715,10.726816876122083,9.568817472919314,6.03482602923077,23.837961627128877,5.907923743516931,5.599787690323896,17.75617391304348,26.90080701754386,13.225198198198198,11.69357142857143,6.373223684210527,64.95723684210526,11.006513157894737,8.170128309942317,Winterthur-Veltheim,OSTLUFT,CH,Szwajcaria,47.508200000281114,8.720349999648551
2162157,28.572872531418312,40.40568043087971,13.470736086175942,9.568817472919314,8.748649474804852,23.05518720785105,6.6662045760693855,5.599787690323896,33.24122807017544,21.619070175438598,16.378421052631577,11.69357142857143,25.163245033112585,62.06092715231789,13.611059602649007,8.170128309942317,Zürich-Rosengartenstrasse,OSTLUFT,CH,Szwajcaria,47.39519999987911,8.526080000334947
2162158,8.981747747747747,60.62754919499106,16.909750369800115,9.568817472919314,5.937441013149467,27.105704029524762,8.751801640276929,5.599787690323896,15.380090090090091,36.92184210526316,18.589172240802675,11.69357142857143,4.889006622516557,84.18157894736842,15.521663401253917,8.170128309942317,Zürich-Heubeeribüel,OSTLUFT,CH,Szwajcaria,47.38150000020877,8.565920000216332
2162159,21.050840787119856,45.99050267379679,11.34937275985663,9.568817472919314,9.006080393758166,23.47666479682714,6.0490516016242575,5.599787690323896,29.065964912280702,25.476573913043477,13.052368421052632,11.69357142857143,15.445723684210526,67.09144736842104,11.819600000000001,8.170128309942317,St-Gallen-Blumenbergplatz,OSTLUFT,CH,Szwajcaria,47.427100000283566,9.373989999988874
2162160,4.50176523297491,71.09951871657755,7.610553956834532,9.568817472919314,3.067571887649678,22.643933229220163,5.008773991685601,5.599787690323896,6.826441441441442,58.77894736842106,6.674359649122807,11.69357142857143,2.699131578947368,87.2532894736842,9.556666666666667,8.170128309942317,St-Gallen-Stuelegg,OSTLUFT,CH,Szwajcaria,47.40670000000518,9.394379999833692
2162161,23.523822075782537,51.39464,12.880690296052633,9.568817472919314,8.545654265167526,20.176620026874517,7.1008325546363285,5.599787690323896,31.29025974025974,38.12818992248062,16.291298701298704,11.69357142857143,16.51960264900662,64.3678529424119,13.208993288590605,8.170128309942317,Luzern-Moosstrasse,inLUFT,CH,Szwajcaria,47.045799999953765,8.304389999562042
2162162,22.741314387211368,51.39464,12.76682918149466,9.568817472919314,8.038619663754076,20.176620026874517,7.05595389373033,5.599787690323896,30.565,38.12818992248062,16.711,11.69357142857143,16.641315789473683,64.3678529424119,13.196066666666667,8.170128309942317,Luzern-Moosstrasse,inLUFT,CH,Szwajcaria,47.045799999953765,8.304389999562042
2162163,25.251842105263155,64.1393411420205,34.582674772036476,9.568817472919314,11.705633354867045,26.127893337754607,11.85262285038794,5.599787690323896,34.77261437908497,33.63372549019608,37.79833333333333,11.69357142857143,16.659776536312847,91.05754189944133,33.672826086956526,8.170128309942317,"""NICOSIA TRAFFIC POLICE""",Lefkosia,CY,Cypr,35.15194399997359,33.347777999576614
2162232,5.679057450628367,63.88618181818182,16.909750369800115,9.568817472919314,4.476155373972767,16.31674271608941,8.751801640276929,5.599787690323896,6.304525423728813,51.83739837398374,18.589172240802675,11.69357142857143,3.7454411764705884,68.99767441860466,15.521663401253917,8.170128309942317,"""Keldsnor/9054""",Magleby,DK,Dania,54.75447100021363,10.715520999958411
2162233,5.5113072407045,64.42998027613412,16.909750369800115,9.568817472919314,4.437757201773057,15.876048052908716,8.751801640276929,5.599787690323896,6.276916666666667,50.337078651685395,18.589172240802675,11.69357142857143,3.821229411764706,68.7343023255814,15.521663401253917,8.170128309942317,"""Keldsnor/9054""",Magleby,DK,Dania,54.75447100021363,10.715520999958411
2162780,6.861020066889632,76.53360655737706,19.589535655058043,9.568817472919314,3.8975273434873423,19.23159180256238,8.736292772791703,5.599787690323896,7.959357142857143,58.20933333333333,18.71387755102041,11.69357142857143,6.256107784431138,98.51796407185628,22.98367469879518,8.170128309942317,NEOCHOROUDA,monitoring network of Central Macedonia Region,GR,Grecja,40.73980500017718,22.8760600003919
2162781,41.62189952904239,34.525852895148674,35.82215189873418,15.352692307692308,14.154453873882852,19.488487410571235,15.238979020077243,8.381100774556653,45.91768707482993,18.079597315436242,42.53958333333333,22.651086956521738,36.14944444444444,52.01333333333333,32.45530726256983,10.966818181818182,AGIA SOFIA,monitoring network of Central Macedonia Region,GR,Grecja,40.633723999745825,22.945099000168426
2162782,18.31517766497462,44.977064220183486,26.753050847457626,9.568817472919314,7.879716995299307,19.991561836789472,11.481246827199893,5.599787690323896,21.22,26.277441860465117,27.141810344827583,11.69357142857143,16.532722222222223,56.431555555555555,29.082500000000003,8.170128309942317,SINDOS,monitoring network of Central Macedonia Region,GR,Grecja,40.65784200021254,22.802169000339852
2162784,6.862175438596491,77.50761245674741,19.415052447552448,9.568817472919314,3.8784849972977686,19.496447105794168,9.090503454817178,5.599787690323896,8.090366972477064,56.108620689655176,17.3641592920354,11.69357142857143,6.133742331288343,99.00736196319019,22.986851851851853,8.170128309942317,NEOCHOROUDA,monitoring network of Central Macedonia Region,GR,Grecja,40.73980500017718,22.8760600003919
2162785,41.047946127946126,34.68968013468013,35.09073504273504,14.727672727272727,13.923048507933157,19.904247660729915,14.548002627575293,7.873496921475165,43.85603448275862,15.95698275862069,41.706422018348626,22.33650485436893,36.27696629213483,51.7,32.15819209039548,10.796078431372548,AGIA SOFIA,monitoring network of Central Macedonia Region,GR,Grecja,40.633723999745825,22.945099000168426
2162786,28.745837398373983,54.69907317073171,37.300993377483444,9.568817472919314,13.084004466238172,26.98809511255071,18.766153656463516,5.599787690323896,32.832173913043476,30.015434782608697,45.276865671641794,11.69357142857143,24.88113636363636,81.38636363636364,35.533522727272725,8.170128309942317,KORDELIO,monitoring network of Central Macedonia Region,GR,Grecja,40.67345299997995,22.89321900000992
2162787,18.54872756933116,43.98738053097345,26.797180327868855,9.568817472919314,8.020680684313058,19.55645424663388,12.060989071773156,5.599787690323896,21.651610738255034,27.27327731092437,29.08945945945946,11.69357142857143,16.310000000000002,56.72558139534883,28.93331395348837,8.170128309942317,SINDOS,monitoring network of Central Macedonia Region,GR,Grecja,40.65784200021254,22.802169000339852
2162789,32.9633487654321,51.39464,25.90707920792079,14.499780405405406,10.732972354807206,20.176620026874517,10.407014888664726,8.079883385206283,38.58851351351352,38.12818992248062,32.30479166666667,22.194097222222222,28.777808988764043,64.3678529424119,23.462987012987014,10.995617283950617,PATRA-2,monitoring network of Patra,GR,Grecja,38.2464690000783,21.73451200017702
2162790,32.84817880794702,51.39464,25.718999999999998,14.160512820512821,10.719875682793239,20.176620026874517,10.617809122157063,7.8728048761077885,39.00683760683761,38.12818992248062,32.8690990990991,23.098828828828825,29.2123595505618,64.3678529424119,23.907894736842106,11.049938271604939,PATRA-2,monitoring network of Patra,GR,Grecja,38.2464690000783,21.73451200017702
2162791,16.712861842105262,72.03464052287582,23.467278911564627,9.791626213592233,8.201162802967845,24.7059807460552,9.414222597979306,4.333027860401916,24.31357142857143,34.63214285714286,31.544444444444444,16.2453125,12.55551724137931,96.35057471264368,23.026506024096385,8.837025316455696,VOLOS-1,monitoring network of Volos,GR,Grecja,39.36671100031335,22.942921999552695
2162792,16.761498371335502,71.80714285714285,23.19439252336449,9.63468982630273,8.331404661274073,24.701836582982235,9.187513079479746,4.10664957561347,24.071785714285713,34.403571428571425,32.54615384615385,15.47125,12.56103448275862,96.62413793103447,23.281142857142857,8.965389221556887,VOLOS-1,monitoring network of Volos,GR,Grecja,39.36671100031335,22.942921999552695
2162793,22.238076923076925,64.49267527675276,24.167038391224864,14.07643396226415,13.325872539879038,28.10139246458952,11.149758649976949,6.436901936568508,25.42990990990991,43.24411764705882,25.190915492957746,18.127464788732393,15.345,92.16269841269842,22.745967741935484,11.438260869565218,LYKOVRISI,monitoring network of Athens,GR,Grecja,38.06779299986957,23.788985999925316
2162794,59.74815044725781,16.690233644859813,16.909750369800115,9.568817472919314,22.196952299494477,15.721153057440329,8.751801640276929,5.599787690323896,54.76516618773956,9.974161073825504,18.589172240802675,11.69357142857143,66.15688383629603,27.62282485875706,15.521663401253917,8.170128309942317,PATISION,monitoring network of Athens,GR,Grecja,37.99958700010067,23.73305299973254
2162796,59.74815044725781,41.31843434343435,35.17129186602871,10.791246006389775,22.22746054343252,20.17500515802594,12.594378497336304,4.77428525802387,50.042857142857144,25.35530612244898,35.81448275862069,12.79832167832168,66.15688383629603,53.002339181286544,36.55657650779802,10.294444444444444,PIREAUS-1,monitoring network of Athens,GR,Grecja,37.94465599978361,23.645230000091306
2162797,22.060852390852393,66.65279158699808,23.736546489563565,13.502588932806326,13.499676427489511,28.961757071211725,10.989094621401701,5.990275140129335,25.092454545454547,41.46431372549019,25.87427272727273,18.135887850467288,15.303529411764707,92.35955882352941,23.586666666666666,11.570645161290322,LYKOVRISI,monitoring network of Athens,GR,Grecja,38.06779299986957,23.788985999925316
2162798,59.74815044725781,18.1786941580756,16.909750369800115,9.568817472919314,22.22746054343252,16.637514171591683,8.751801640276929,5.599787690323896,54.76516618773956,9.942844827586208,18.589172240802675,11.69357142857143,66.15688383629603,28.546949152542375,15.521663401253917,8.170128309942317,PATISION,monitoring network of Athens,GR,Grecja,37.99958700010067,23.73305299973254
2162800,59.721934369602764,41.80711359404096,35.33095652173913,10.702824561403508,22.22746054343252,20.77290300613687,13.142940300613596,4.99839280890917,48.78534482758621,23.124741379310343,35.78793103448275,12.889285714285714,66.15688383629603,51.386896551724135,36.55657650779802,10.422298850574713,PIREAUS-1,monitoring network of Athens,GR,Grecja,37.94465599978361,23.645230000091306
2162803,8.840049504950496,51.39464,10.031694915254237,4.940785,6.639146943458965,20.176620026874517,5.165280270321952,2.7411828552661395,11.415333333333333,38.12818992248062,9.897718120805369,5.915333333333334,7.09051282051282,64.3678529424119,9.272289156626506,5.111866666666667,Dublin Tallaght Old Bawn Road,Ireland Air Quality e-Reporting monitoring network for compliance and informative reporting,IE,Irlandia,53.28054100007582,-6.358842000225645
2162804,33.284772727272724,51.39464,12.966293103448278,7.4886005830903795,15.245476484011697,20.176620026874517,6.220266244777448,4.283738300290971,34.66347826086957,38.12818992248062,12.332717391304346,7.797252747252747,25.60112359550562,64.3678529424119,11.2238202247191,6.155730337078652,Dublin Kilmainham St. John's Road West,Ireland Air Quality e-Reporting monitoring network for compliance and informative reporting,IE,Irlandia,53.34584000003476,-6.294794999568407
2162808,14.078098190672772,54.47956259426847,8.982785388127853,4.959916666666667,7.57506363550302,14.946263280906152,4.021010303070633,2.460430254017317,18.053504120148858,55.20948905109489,10.65709677419355,5.605333333333333,10.451701066601531,51.247252747252745,9.246043956043955,5.386067415730337,Dublin Clonskeagh Road Richview,Ireland Air Quality e-Reporting monitoring network for compliance and informative reporting,IE,Irlandia,53.31183899984361,-6.235316000402882
2162809,14.078098190672772,51.39464,11.151368584758943,6.812868338557993,7.57506363550302,20.176620026874517,6.0136368130336795,4.284545710819428,18.053504120148858,38.12818992248062,12.177350993377484,8.430604026845637,10.451701066601531,64.3678529424119,9.421436464088398,5.31585635359116,Carlow Carlow Town County Council Offices,Ireland Air Quality e-Reporting monitoring network for compliance and informative reporting,IE,Irlandia,52.83972200010714,-6.931666700065658
2162811,9.217569852941176,51.39464,12.319115887850467,5.222566371681416,5.63026097602012,20.176620026874517,6.675169219588395,2.872040955102767,13.269117647058824,38.12818992248062,15.17552380952381,11.69357142857143,5.7069943502824865,64.3678529424119,9.31880239520958,5.5267532467532465,Louth Dundalk Meadow Grove,Ireland Air Quality e-Reporting monitoring network for compliance and informative reporting,IE,Irlandia,54.003129999894654,-6.39262800008244
2162812,8.967186274509805,51.39464,10.148189233278956,5.067151960784314,6.941936208988302,20.176620026874517,5.118009386644314,2.970272640360638,10.935,38.12818992248062,10.300347826086956,6.256758620689655,7.3907594936708865,64.3678529424119,9.302307692307691,5.364487179487179,Dublin Tallaght Old Bawn Road,Ireland Air Quality e-Reporting monitoring network for compliance and informative reporting,IE,Irlandia,53.28054100007582,-6.358842000225645
2162813,12.780116959064328,51.39464,11.364057971014493,6.94778761061947,8.527063280955765,20.176620026874517,6.098378577597439,4.254374998670605,15.135978260869566,38.12818992248062,11.290000000000001,7.3,7.4561111111111105,64.3678529424119,9.61411111111111,5.585111111111112,Dublin Ballyfermot Library,Ireland Air Quality e-Reporting monitoring network for compliance and informative reporting,IE,Irlandia,53.340484030143536,-6.352255639699064
2162814,33.43141935483871,51.39464,12.604803921568628,7.407311475409836,15.972069409289405,20.176620026874517,5.896901058401331,4.370366416729806,34.9745,38.12818992248062,11.9555,7.982372881355932,25.429550561797754,64.3678529424119,11.097303370786516,6.075730337078652,Dublin Kilmainham St. John's Road West,Ireland Air Quality e-Reporting monitoring network for compliance and informative reporting,IE,Irlandia,53.34584000003476,-6.294794999568407
2162818,18.40172932330827,51.39464,12.006066350710901,6.964570552147238,11.205935961355355,20.176620026874517,6.5101890964677125,4.216455435063316,20.085394736842105,38.12818992248062,13.387419354838709,7.458543046357616,12.685393258426966,64.3678529424119,12.260114942528734,5.7296045197740115,Dublin Ringsend recycling Centre,Ireland Air Quality e-Reporting monitoring network for compliance and informative reporting,IE,Irlandia,53.34187500024688,-6.2140750004382745
2162819,14.078098190672772,54.41855118110236,8.983607305936074,4.992537037037037,7.57506363550302,15.147217319852414,4.083740106560165,2.5257628768848805,18.053504120148858,55.285,10.820322580645161,5.734266666666667,10.451701066601531,51.175977653631286,9.219213483146067,5.376436781609195,Dublin Clonskeagh Road Richview,Ireland Air Quality e-Reporting monitoring network for compliance and informative reporting,IE,Irlandia,53.31183899984361,-6.235316000402882
2162820,14.078098190672772,51.39464,11.211120401337793,6.803670033670034,7.57506363550302,20.176620026874517,6.0753807153462,4.3267112239815395,18.053504120148858,38.12818992248062,12.761864406779662,8.88801724137931,10.451701066601531,64.3678529424119,9.448,5.221508379888268,Carlow Carlow Town County Council Offices,Ireland Air Quality e-Reporting monitoring network for compliance and informative reporting,IE,Irlandia,52.83972200010714,-6.931666700065658
2162821,13.054188481675393,52.53874345549738,12.906030627871365,7.763202160493828,7.183396736925865,13.990311177162518,7.578727266341496,5.223035645555205,16.87322580645161,52.4483870967742,12.945097402597403,8.822686274509804,8.131612903225808,51.01774193548387,11.293947368421053,5.958421052631579,Waterford Waterford City Paddy Brownes Road,Ireland Air Quality e-Reporting monitoring network for compliance and informative reporting,IE,Irlandia,52.247064000035664,-7.151624999600743
2162824,7.186977409638555,53.38668393782383,16.909750369800115,6.4654524886877835,3.5420616408616987,16.753452734579604,8.751801640276929,3.627972895806839,8.70304054054054,46.88935483870968,18.589172240802675,8.00288590604027,5.254593220338983,59.54705882352941,15.521663401253917,5.118160919540229,Cork UCC Distillery Fields,Ireland Air Quality e-Reporting monitoring network for compliance and informative reporting,IE,Irlandia,51.90012000006774,-8.486370000149902
2162826,14.078098190672772,51.39464,10.22065184,6.476255663430421,7.57506363550302,20.176620026874517,5.781848353872669,4.228355270591129,18.053504120148858,38.12818992248062,10.075489189189188,7.006298611111111,10.451701066601531,64.3678529424119,8.82875,5.2454857142857145,Roscommon Roscommon Town County Council Offices,Ireland Air Quality e-Reporting monitoring network for compliance and informative reporting,IE,Irlandia,53.6294439999523,-8.194443999874272
2163021,16.110899550224886,54.549581464872944,16.909750369800115,9.568817472919314,9.96818641131553,26.89039767741853,8.751801640276929,5.599787690323896,25.889084507042252,28.552587412587414,18.589172240802675,11.69357142857143,9.431477272727273,80.73181818181818,15.521663401253917,8.170128309942317,Gorizia - via Duca D'Aosta 117,via Duca D'Aosta 117 - Gorizia (GO),SI,Słowenia,45.93647800010719,13.616126999851385
2163039,6.537853731343284,63.89219959266802,17.45827123695976,11.367261724659606,3.9876144041609103,17.82082014560842,8.05296354040157,5.067353613278089,8.431712328767123,55.872115384615384,18.576827586206896,14.41,3.951955555555555,74.7128,13.778055555555557,8.041944444444445,"Liepaja, Ganibu street",Liepaja,LV,Łotwa,56.49628099982827,21.01441300018372
2163040,12.427660208643815,58.149322448979596,21.61763197586727,9.568817472919314,7.090070840069605,16.057992881315712,10.312219658897726,5.599787690323896,13.020272108843537,53.243809523809524,18.81616438356164,11.69357142857143,13.110681818181819,63.66694214876033,19.65397727272727,8.170128309942317,"Liepaja, Ezerlicu street",Liepaja,LV,Łotwa,56.48668000022222,21.01669600020635
2163041,21.787296898079763,44.49352705410822,17.636636500754147,9.568817472919314,10.238472804805358,17.897878000827358,9.7216521353513,5.599787690323896,23.524228187919466,38.027545454545454,14.751448275862069,11.69357142857143,18.42558659217877,54.24596774193548,15.068324022346369,8.170128309942317,Riga-Valdemara street,Riga,LV,Łotwa,56.9608780000991,24.121171000381988
2163042,8.553704318936877,46.979052863436124,14.518223999999998,9.28125,4.408237795859005,15.518370733642744,7.060761827023252,4.480496171969181,10.509652173913043,40.830128205128204,13.70179487179487,11.080695652173914,6.4583977900552485,49.8603125,12.469834254143645,6.647790055248619,"Rezekne, Darzu street",Rezekne,LV,Łotwa,56.51101399980861,27.337747000221505
2163043,17.106095380029807,45.27826262626263,19.705224550898205,9.568817472919314,9.643257451889708,14.474850597136756,10.971109222894725,5.599787690323896,17.501476510067114,42.31428571428572,16.806666666666665,11.69357142857143,14.7965,49.18888888888889,16.081049723756905,8.170128309942317,"Rezekne, Atbrivosanas alea",Rezekne,LV,Łotwa,56.51350999979287,27.33462200029992
2163044,6.464559936908517,64.14729074889867,17.10390476190476,11.123595505617978,4.011732311923544,17.97550550506211,7.7630520887962335,4.98113410975864,8.155338983050848,55.61973684210527,18.104188034188034,14.02081081081081,4.048720670391061,73.98629032258064,13.795418994413408,8.014189944134078,"Liepaja, Ganibu street",Liepaja,LV,Łotwa,56.49628099982827,21.01441300018372
2163045,12.185920634920635,57.94349889135255,21.437920000000002,9.568817472919314,6.4430489548589245,16.086185968971403,10.317945042373308,5.599787690323896,11.718632478632477,51.35131578947368,18.864700854700857,11.69357142857143,12.958238636363637,64.1710743801653,19.56443181818182,8.170128309942317,"Liepaja, Ezerlicu street",Liepaja,LV,Łotwa,56.48668000022222,21.01669600020635
2163046,21.28900787401575,44.46365217391304,17.447835218093697,9.568817472919314,9.841502882313641,18.503886458891454,9.508411018449948,5.599787690323896,22.108416666666667,36.69914634146341,14.816782608695652,11.69357142857143,18.2568156424581,54.605645161290326,14.945642458100558,8.170128309942317,Riga-Valdemara street,Riga,LV,Łotwa,56.9608780000991,24.121171000381988
2163047,8.886974921630095,47.202510204081634,14.699456193353473,9.656153846153845,4.640521316326666,15.673005775724953,7.2614721800214035,4.849374565258988,11.062127659574468,43.21855769230769,13.838888888888889,11.625384615384617,6.424022346368716,50.251171875,12.36022346368715,6.5707262569832405,"Rezekne, Darzu street",Rezekne,LV,Łotwa,56.51101399980861,27.337747000221505
2163048,16.414664536741213,45.045066079295154,19.29869565217391,9.568817472919314,9.13958524919399,14.51963474963237,10.516003659820207,5.599787690323896,15.6675,40.53157894736842,16.13948275862069,11.69357142857143,14.965875706214689,49.20645161290323,15.95994382022472,8.170128309942317,"Rezekne, Atbrivosanas alea",Rezekne,LV,Łotwa,56.51350999979287,27.33462200029992
2163049,7.979991304347827,39.68663366336634,40.57716262975778,22.406048109965635,5.904657089855702,25.533612852845476,24.656477644587504,19.35083014839829,10.882467692307692,14.419402985074628,66.32641509433962,45.95636363636363,6.167677419354839,65.42795698924732,31.80860215053763,12.761505376344086,Strumica,None,MK,Macedonia Północna,41.439129999959086,22.643160000443583
2163050,2.9699020408163266,28.729166666666668,29.263781512605043,22.497478991596637,1.404723232247951,19.02189204583719,14.025318630876857,13.980855810138268,2.0208333333333335,14.035714285714286,38.984848484848484,34.869696969696975,2.9768041237113403,47.21814432989691,17.585,9.504999999999999,Gevgelija,Gevgelija,MK,Macedonia Północna,41.13914199980563,22.496040000313386
2163051,6.642834890965732,54.05432692307692,13.809118867924528,9.568817472919314,4.104560162280339,18.004907557750368,16.203700543264524,5.599787690323896,11.733384615384615,41.32857142857143,22.03151515151515,11.69357142857143,3.8430927835051545,67.92873563218392,15.521663401253917,8.170128309942317,Berovo,Berovo,MK,Macedonia Północna,41.7073108692799,22.852708980894093
2163052,25.985658682634728,24.497353741496596,34.73227722772277,21.842847896440126,9.186653297805657,14.166507999203773,19.44866366378411,15.127060457898594,35.72461538461538,10.095189189189188,62.83513513513514,45.50731707317073,20.317745098039214,37.64235294117647,27.058823529411764,13.867745098039215,Tetovo,None,MK,Macedonia Północna,41.99759000017612,20.965180000095913
2163053,11.6670900621118,43.29651234567901,37.524272151898735,21.735548387096774,7.013004120381409,24.198317967217708,18.09258203975819,12.565962946754405,11.08,27.49283582089552,56.868852459016395,36.80814814814815,15.175505617977526,65.22696629213483,32.09775280898876,16.21325842696629,Gostivar,None,MK,Macedonia Północna,41.799740000202235,20.909729999776893
2163054,14.579817518248175,43.80209386281589,20.933844086021505,38.451009895833785,7.041649951006691,22.037113539120444,22.46635940106277,29.975737838247927,19.910806451612903,23.31234375,48.02448979591836,54.492,11.033448275862069,67.43666666666667,5.246688311688311,8.170128309942317,Prilep,Prilep,MK,Macedonia Północna,41.34300300015729,21.562862000129105
2163055,6.0829114186851205,43.59900684931507,34.278260869565216,15.902851851851853,4.071413592341597,24.08996775491703,18.312554021288474,10.861393638127524,3.7425466666666667,13.6696875,59.07777777777778,34.17142857142857,5.855555555555556,64.49393939393939,31.914141414141415,12.855151515151515,Strumica,None,MK,Macedonia Północna,41.439129999959086,22.643160000443583
2163056,3.035930795847751,26.74642424242424,28.801016949152544,22.50898305084746,1.3031863789380673,17.687295543673674,14.500617516460624,14.269961061634506,2.9617567567567566,14.318181818181818,39.07272727272728,34.945454545454545,3.0185959595959595,46.413333333333334,15.927272727272726,9.740909090909092,Gevgelija,Gevgelija,MK,Macedonia Północna,41.13914199980563,22.496040000313386
2163057,5.844607142857143,58.64650887573965,0.08862,9.568817472919314,3.4480524640629935,16.487064561605614,0.1079995144022005,5.599787690323896,11.72483870967742,42.6,18.589172240802675,11.69357142857143,3.9667391304347825,68.31879518072289,15.521663401253917,8.170128309942317,Berovo,Berovo,MK,Macedonia Północna,41.7073108692799,22.852708980894093
2163058,25.20247311827957,26.44770833333333,31.796919999999997,18.38313253012048,8.241586595861294,14.362155267622999,15.300716355700162,10.063805586835578,34.015625,2.5866666666666664,61.837500000000006,38.51666666666667,20.723000000000003,37.859,27.776999999999997,13.9974,Tetovo,None,MK,Macedonia Północna,41.99759000017612,20.965180000095913
2163059,11.79313357400722,44.14928057553957,35.46780219780219,19.98554307116105,6.954838015820081,25.476164272726724,17.447472625978236,11.37370404023871,10.236363636363636,14.816666666666666,64.92758620689655,43.554545454545455,15.620333333333333,64.46555555555555,31.275555555555556,16.345,Gostivar,None,MK,Macedonia Północna,41.799740000202235,20.909729999776893
2163060,13.54237704918033,46.35923387096774,10.983,38.451009895833785,6.6690995626539005,22.987753450966252,9.890062847794916,27.78157141457549,19.189655172413794,16.05548387096774,31.3,53.319500000000005,10.409759036144578,70.30116279069767,5.223723684210526,8.170128309942317,Prilep,Prilep,MK,Macedonia Północna,41.34300300015729,21.562862000129105
2163223,11.382617246596066,55.41863333333333,16.677993079584773,9.568817472919314,7.17586731872915,24.174529323766404,12.780594724575261,5.599787690323896,17.770065359477126,36.8138,24.550545454545453,11.69357142857143,7.410493827160494,76.5047619047619,5.69,8.170128309942317,TR-5,ZIMNICEA,BG,Bułgaria,43.65072199989578,25.363583000422835
2163225,11.682188006482981,55.35,16.523923611111112,9.568817472919314,7.280335565865708,24.16552754393145,12.50318680858808,5.599787690323896,20.440743801652893,37.009,24.34045871559633,11.69357142857143,7.254846625766871,76.71666666666667,5.69,8.170128309942317,TR-5,ZIMNICEA,BG,Bułgaria,43.65072199989578,25.363583000422835
2163349,11.58627802690583,52.94549483013294,18.58143906020558,12.384408554572273,5.999790244872359,24.128623183771303,10.20399150489369,7.5101663882020055,15.780194805194807,34.28422818791947,22.58853333333333,15.084761904761905,8.549,74.08595505617977,16.909101123595505,12.727921348314608,"""Komarno - Vnutorna Okruzna""",Komarno,SK,Słowacja,47.76411700019712,18.138552000293622
2163350,10.919451410658306,51.39464,17.92585294117647,12.171310751104565,7.51159724061206,20.176620026874517,9.211165145421145,6.717657722044788,18.04907894736842,38.12818992248062,21.574527027027028,16.57855172413793,5.346433566433566,64.3678529424119,18.21611111111111,11.3925,"""Liptovsky Mikulas - Skolska""",Liptovsky Mikulas,SK,Słowacja,49.08389299996568,19.61935000004481
2163351,15.168605769230767,39.163060921248146,19.002823179791974,14.243491851851852,7.357703324646487,18.482419675069337,10.817032234537965,8.878307451469944,21.254935064935065,25.265231788079472,25.818680555555556,20.902916666666666,9.445766423357664,52.77752808988764,15.446722222222222,10.833888888888888,"""Ruzomberok - Riadok""",Ruzomberok,SK,Słowacja,49.07901199975088,19.302524900067514
2163352,5.905978005865102,50.17966126656848,18.356617647058822,14.493879941434846,3.52726191426868,20.283294455188663,10.0723322915666,9.070173592618145,8.920794701986754,35.078972602739725,25.4208,21.843959731543624,3.3788764044943824,66.18426966292134,14.127055555555556,9.864777777777778,"""Oscadnica""",Oscadnica,SK,Słowacja,49.435380000049484,18.88361999969748
2163353,16.830133779264216,37.28945987654321,19.48910355029586,14.425333333333334,7.545601954767762,19.99441778785664,11.288462249423919,9.020367654050654,22.69181818181818,21.3923178807947,27.340466666666664,21.838986486486487,11.793260869565218,52.779444444444444,15.734222222222222,10.918833333333334,"""Zilina - Obezna""",Zilina,SK,Słowacja,49.21144699982546,18.771215000259982
2163354,15.905706319702603,51.39464,21.31300884955752,13.90313988095238,7.174224992902498,20.176620026874517,10.864289725006085,8.27733211470853,20.48883116883117,38.12818992248062,26.26953020134228,18.743,11.104462809917356,64.3678529424119,18.756555555555554,11.341666666666667,"""Martin - Jesenskeho""",Martin,SK,Słowacja,49.05972100014168,18.9213640000523
2163355,8.666690936106983,51.39464,18.507994143484627,15.368236151603499,6.010054534322284,20.176620026874517,9.79050245625865,9.524563492938261,14.673418300653594,38.12818992248062,24.780197368421053,22.18158940397351,3.5037777777777777,64.3678529424119,15.97388888888889,12.99738888888889,"""Puchov - 1.maja""",Puchov,SK,Słowacja,49.11897300010574,18.325265000433
2163356,14.078098190672772,51.39464,17.27201624815362,11.384831594634873,7.57506363550302,20.176620026874517,9.0594672411529,6.537795683786741,18.053504120148858,38.12818992248062,21.877466666666667,13.943469387755103,10.451701066601531,64.3678529424119,13.93558659217877,10.12497175141243,"""Senica - Hviezdoslavova""",Senica,SK,Słowacja,48.68060799999584,17.363168999662655
2163357,15.307017543859649,47.92245811437403,17.303505917159764,11.659977876106195,7.524147453277802,24.22821867560945,9.383251587642846,7.2298041966442,18.17512987012987,28.265103355704696,19.813445945945944,14.987702702702702,12.96316384180791,69.74204545454546,17.080571428571428,11.191864406779661,"""Bratislava - Mamateyova""",Bratislava - mestska cast Petrzalka,SK,Słowacja,48.12471099993378,17.125495999979847
2163358,11.102085173501576,51.39464,16.731471389645776,9.568817472919314,5.1771212758392915,20.176620026874517,9.211635580586895,5.599787690323896,13.583290909090909,38.12818992248062,19.12112359550562,11.69357142857143,8.82465909090909,64.3678529424119,15.017840909090909,8.170128309942317,"""Rovinka""",Rovinka,SK,Słowacja,48.09967400029562,17.231191000164944
2172783,27.528886198547216,51.39464,26.51983606557377,9.568817472919314,12.5504439336301,20.176620026874517,10.645611659308907,5.599787690323896,37.26744186046512,38.12818992248062,31.505140186915888,11.69357142857143,22.06969465648855,64.3678529424119,26.25609756097561,8.170128309942317,PATRA-1,monitoring network of Patra,GR,Grecja,38.253109000312875,21.73817900042191
2172784,27.864105011933173,51.39464,26.991144366197183,9.568817472919314,12.568842384962787,20.176620026874517,10.67239571313682,5.599787690323896,36.91702127659574,38.12818992248062,32.67967479674797,11.69357142857143,21.937608695652173,64.3678529424119,26.39702380952381,8.170128309942317,PATRA-1,monitoring network of Patra,GR,Grecja,38.253109000312875,21.73817900042191
2393483,20.245488599348533,58.036538461538456,21.13150268336315,9.380709219858156,9.742499503710768,15.983337708769993,9.321482812509908,4.244505531250628,20.963925233644858,58.344859813084106,18.21,7.662916666666667,20.541534090909092,54.60176136363636,25.221022727272725,11.793295454545454,St. Paul's Bay Station,Saint Paul's Bay,MT,Malta,35.9448449997224,14.385739000314983
2393484,20.241211180124225,57.82197452229299,20.9323259762309,9.454333333333334,9.747695493118469,15.798906587627556,9.125808128730426,4.415271671003966,20.47651515151515,57.31384615384616,19.20177966101695,8.209416666666666,20.48923976608187,54.974853801169594,24.989017341040466,11.762196531791908,St. Paul's Bay Station,Saint Paul's Bay,MT,Malta,35.9448449997224,14.385739000314983
2430363,7.125267857142857,51.39464,8.327668161434977,3.074860986547085,1.5080994839503634,20.176620026874517,4.424047506507769,1.6826784963354269,9.772307692307692,38.12818992248062,8.904615384615385,3.8381333333333334,6.5454945054945055,64.3678529424119,7.278901098901099,2.9452613636363636,Portable Farstöð 1,Reykjavík,IS,Islandia,64.144092,-21.962781
2578981,18.644,51.7,17.694,15.069999999999999,10.098399873247246,10.630851329973527,10.957170255134306,8.771077470869814,18.053504120148858,38.12818992248062,18.589172240802675,11.69357142857143,10.451701066601531,64.3678529424119,15.521663401253917,8.170128309942317,Mobile,Mobile,XK,Kosowo,42.687073,21.158341000000004
2655991,0.9326265895953758,89.12630879948368,11.943937499999999,8.8601797752809,0.6236445216669205,15.379065740424815,8.714467235026886,6.211611917334023,18.053504120148858,38.12818992248062,18.589172240802675,11.69357142857143,1.0278395061728394,103.65975609756099,16.797073170731707,12.177682926829268,AQMS Brezovica,Brezovica,XK,Kosowo,42.18816999990293,21.030190000127618
2655992,13.699028697571743,47.464175824175825,12.345372460496614,8.806681818181818,5.005437214604899,23.593347549751794,5.5702312789713515,4.399468635199713,18.053504120148858,38.12818992248062,18.589172240802675,11.69357142857143,14.846342857142858,64.33828571428572,11.629542857142857,7.6259999999999994,AQMS Gjilan,Podgorica,XK,Kosowo,42.46779699981243,21.460424999934983
2655993,7.39567032967033,43.56155701754386,10.768733333333333,6.399620535714286,2.599924503541927,17.802794730258814,5.953817733859328,3.305241662989717,18.053504120148858,38.12818992248062,18.589172240802675,11.69357142857143,7.511242937853107,50.93039772727273,11.046647727272727,6.136271186440677,AQMS Palaj,Podgorica,XK,Kosowo,42.67790399980898,21.05284299990358
2655994,19.60635294117647,49.24691075514875,8.885614849187935,5.496155660377358,8.379062552692343,24.9862125710498,4.470380976445931,2.8200392473026374,18.053504120148858,38.12818992248062,18.589172240802675,11.69357142857143,15.785333333333332,65.93625730994152,8.588479532163742,4.959649122807018,AQMS Prizren,AQMS Prizren,XK,Kosowo,42.219860000191964,20.727940000058144
2655996,5.6546616883116885,57.80536062378168,17.548092369477914,14.734214711729622,4.925611975194314,27.311983918117793,13.190914064561788,13.135293631073656,10.264462264150943,36.75035714285714,27.001165048543687,25.598834951456308,1.4489913793103448,74.78484848484848,13.181692307692309,8.828636363636365,BIHAC,Bihac,BA,Bośnia i Hercegowina,44.80769999991452,15.866399999798812
2655998,16.922620860927154,47.12072374798061,19.823099510603587,13.063279069767441,8.023225128317387,24.364187489408106,13.091742340174564,9.865958263195148,24.258727272727274,25.27046153846154,30.947589285714287,23.870196078431373,12.183953488372092,65.39545454545454,16.19272727272727,9.633465909090908,CE bolnica,CE bolnica,SI,Słowenia,46.2345142,15.262476
2655999,14.078098190672772,51.39464,19.62278232405892,13.043657851239669,7.57506363550302,20.176620026874517,12.439908034954003,9.75451325785357,18.053504120148858,38.12818992248062,31.33276785714286,24.358173076923077,10.451701066601531,64.3678529424119,15.75655172413793,9.330454545454545,CE Ljubljanska,CE Ljubljanska,SI,Słowenia,46.2356572,15.2462352
2656001,14.078098190672772,58.95059288537549,11.4215,6.341050228310502,7.57506363550302,14.045924168889817,4.497647688072889,2.9121347339150905,18.053504120148858,60.47142857142857,15.30967741935484,8.684193548387096,10.451701066601531,54.48928571428572,10.458021978021977,5.8598888888888885,Donegal Malin Head,,IE,Irlandia,55.372200000103355,-7.338900000154912
2656005,14.078098190672772,51.39464,15.827684729064039,10.49483498349835,7.57506363550302,20.176620026874517,8.93811757485992,7.13071553368323,18.053504120148858,38.12818992248062,22.80300884955752,17.45122641509434,10.451701066601531,64.3678529424119,14.606206896551724,8.804204545454546,Hrastnik,Hrastnik,SI,Słowenia,46.1439131,15.0832944
2656007,2.014823877917415,52.108374384236456,10.800262295081968,6.200881188118812,1.3774658518090541,20.688445283326278,7.183696689368828,4.03413496978664,3.6339583333333336,40.69141666666667,8.645508474576271,6.4747787610619465,1.3091206896551724,59.06668571428572,15.074619883040935,8.091791907514452,Iskrba,Kocevje,SI,Słowenia,45.56109979316704,14.858067454436664
2656008,14.078098190672772,81.99190751445087,15.165572139303483,9.568817472919314,7.57506363550302,27.125567659898632,9.957217349874327,5.599787690323896,18.053504120148858,63.33771929824562,15.015,11.69357142857143,10.451701066601531,100.50757575757575,19.11409090909091,8.170128309942317,IVAN SEDLO,Hadzici,BA,Bośnia i Hercegowina,43.77833199980571,18.0202810002542
2656009,13.134523076923077,43.558031496062995,41.51045945945946,9.568817472919314,6.402785526887795,23.05732902226774,25.174404045170906,5.599787690323896,14.262631578947369,32.10009433962264,50.65339805825243,11.69357142857143,12.757906976744186,57.75697674418605,28.47426666666667,8.170128309942317,KAKANJ - DOBOJ,Kakanj,BA,Bośnia i Hercegowina,44.11000000016105,18.12000000023251
2656010,13.00717017828201,71.87673267326733,13.547046204620463,8.400750418760468,6.986301404196505,23.590517843337977,8.519219710971893,5.915603872885105,18.317863247863247,44.333928571428565,15.902035398230089,11.007188679245283,11.140057142857144,92.66818181818182,15.052176470588234,8.985380116959064,Koper,Koper,SI,Słowenia,45.5430119,13.7135237
2656011,14.078098190672772,51.39464,18.191496710526316,12.58444891122278,7.57506363550302,20.176620026874517,10.984717625622041,8.542079223028956,18.053504120148858,38.12818992248062,29.545641025641025,23.067058823529415,10.451701066601531,64.3678529424119,15.636608187134504,10.052890173410406,Kranj,Kranj,SI,Słowenia,46.24178833059961,14.362238336762195
2656013,15.284363137254902,65.35361328125,17.01491847826087,10.617847411444142,11.02868548974906,27.89532935869722,9.983914282860455,7.0031099257680385,25.739464285714288,40.882017543859654,31.84259259259259,22.724347826086955,7.955075757575757,86.70757575757575,16.826046511627908,10.00442748091603,LIVNO,Livno,BA,Bośnia i Hercegowina,43.82249999993878,17.001000000211608
2656014,26.930551839464883,51.39464,18.517241379310345,12.088248764415157,10.829827036075482,20.176620026874517,10.572570671373144,8.158918264083438,36.74,38.12818992248062,25.413947368421052,19.203577981651378,20.12556818181818,64.3678529424119,17.32970760233918,10.389768786127169,LJ Celovska,Ljubljana,SI,Słowenia,46.072091567898894,14.487118334873363
2656015,19.673894389438942,48.09183136593592,18.254624183006534,12.414289689034371,10.44820547755568,26.577103595747253,10.99535218082159,8.763938276500093,29.547889908256877,21.949873873873877,25.258672566371683,20.259166666666665,12.7056,68.46011764705882,16.733410404624276,10.16622857142857,LJ Bežigrad,LJ Bežigrad,SI,Słowenia,46.0655449,14.5127203
2656016,14.078098190672772,51.39464,18.65768352365416,12.462191103789127,7.57506363550302,20.176620026874517,11.910646382104893,9.088636867464428,18.053504120148858,38.12818992248062,26.366036036036036,21.24057142857143,10.451701066601531,64.3678529424119,17.28342857142857,9.829431818181819,LJ Vič,LJ Vič,SI,Słowenia,46.037487,14.4892717
2656017,23.21771855010661,44.076777041942606,16.909750369800115,20.743549883990717,9.172994512746266,27.06130368789862,8.751801640276929,15.551847438949698,30.958715596330276,19.902252252252254,18.589172240802675,38.77164383561644,17.64090909090909,68.17022900763358,15.521663401253917,14.259541984732824,LUKAVAC - CENTAR,Lukavac,BA,Bośnia i Hercegowina,44.53319999976138,18.53469999994531
2656019,21.012790322580646,51.39464,16.909750369800115,10.394817875210792,8.010644339542202,20.176620026874517,8.751801640276929,6.326878535309359,26.3,38.12818992248062,18.589172240802675,15.883980582524272,17.424624277456648,64.3678529424119,15.521663401253917,8.939306358381502,Maribor,Maribor,SI,Słowenia,46.55887083595147,15.65130261991171
2656020,6.6250658978583195,53.507487765089714,14.73708126036484,10.185773710482529,4.1220701060688745,25.373058286608217,7.838381234059878,6.4081843067055875,11.919115044247787,27.616293103448275,18.776666666666667,15.6145,3.779101796407186,73.59825581395349,14.305114942528736,8.911931818181818,MB Vrbanski,MB Vrbanski,SI,Słowenia,46.5683507,15.6261221
2656021,14.078098190672772,51.39464,20.77233443708609,14.61472268907563,7.57506363550302,20.176620026874517,13.0815284814258,11.29279012482923,18.053504120148858,38.12818992248062,34.0609649122807,28.31,10.451701066601531,64.3678529424119,16.30701219512195,9.563780487804879,MS Cankarjeva,Murska Sobota,SI,Słowenia,46.65776065529578,16.15923293199877
2656022,9.443145161290323,50.6404,18.294294975688818,12.435231023102311,4.944197945369661,24.7189898568753,11.36167660699507,9.616718819619868,14.56675,25.884431818181817,28.066173913043478,23.09592233009709,6.727142857142857,70.5185430463576,15.774204545454547,8.572954545454545,MS Rakičan,MS Rakičan,SI,Słowenia,46.6520864,16.1913166
2656023,21.899043760129658,51.72042763157895,15.90222039473684,10.847304918032787,9.382363751802309,25.34304632795584,8.89905210346268,7.424488777332597,31.35050420168067,26.218083333333333,21.98544642857143,17.49118181818182,16.270523255813956,74.65454545454546,15.34689655172414,9.687840909090909,NG Grčna,NG Grčna,SI,Słowenia,45.9555691,13.6523898
2656024,8.41532310177706,46.898557536466775,16.207429983525536,12.18260655737705,4.775963191859779,23.471519845495294,9.282257409975227,9.201537188239683,13.915546218487396,23.79862068965517,25.388035714285714,23.40135135135135,5.377457142857144,65.86982857142857,13.734712643678161,8.603409090909091,Novo mesto,Novo mesto,SI,Słowenia,45.8018182,15.1772615
2656027,14.078098190672772,51.39464,17.74827361563518,12.544128289473685,7.57506363550302,20.176620026874517,11.282901135175932,9.561684067373932,18.053504120148858,38.12818992248062,27.893157894736845,22.908490566037738,10.451701066601531,64.3678529424119,14.731600000000002,9.251477272727273,Ptuj,Ptuj,SI,Słowenia,46.425502980256596,15.876509700193422
2656029,21.174156626506022,70.35708418891171,27.393446893787576,9.568817472919314,13.907578228601642,30.48411683960426,20.439810310391437,5.599787690323896,33.97047169811321,35.31736842105263,45.046701030927835,11.69357142857143,11.767575757575758,100.50833333333334,19.619848484848486,8.170128309942317,SARAJEVO-BJ-AUTOMAT,Centar Sarajevo,BA,Bośnia i Hercegowina,43.86749600030751,18.423061000238796
2656030,19.586473988439305,41.1246783625731,25.323803680981595,9.568817472919314,11.972808958445135,29.07340736190437,16.376036120684258,5.599787690323896,31.77714285714286,26.620857142857144,44.3,11.69357142857143,8.7155,69.63157894736842,18.95228260869565,8.170128309942317,SARAJEVO - HADZICI,Hadzici Sarajevo,BA,Bośnia i Hercegowina,43.82300000025628,18.20099999974513
2656031,25.959557344064386,51.39464,28.55599190283401,9.568817472919314,11.641709158983932,20.176620026874517,21.098901198231953,5.599787690323896,36.292792792792795,38.12818992248062,47.06223404255319,11.69357142857143,19.01616,64.3678529424119,19.65840909090909,8.170128309942317,SARAJEVO - ILIDZA,Ilidza Sarajevo,BA,Bośnia i Hercegowina,43.83009999985558,18.311100000317
2656032,18.088863109048724,51.39464,44.442530655373055,9.568817472919314,9.724914221290069,20.176620026874517,33.24296519647711,5.599787690323896,27.79954954954955,38.12818992248062,73.28990825688074,11.69357142857143,8.947884615384616,64.3678529424119,29.37964912280702,8.170128309942317,SARAJEVO - ILIJAS,Ilijas,BA,Bośnia i Hercegowina,43.96000000018148,18.26929999955486
2656033,45.62146044624747,42.08599185336049,39.77519114688129,9.568817472919314,22.22746054343252,28.33274814739309,31.231109296933703,5.599787690323896,54.419444444444444,16.868780487804877,65.9892,11.69357142857143,30.356302521008406,62.26666666666667,24.92983870967742,8.170128309942317,SARAJEVO - OTOKA,Novi Grad Sarajevo,BA,Bośnia i Hercegowina,43.848399999786515,18.36370000017573
2656034,20.89307847082495,51.39464,23.744509803921567,9.568817472919314,10.192954258308779,20.176620026874517,13.898632096675787,5.599787690323896,29.819238095238095,38.12818992248062,33.03674157303371,11.69357142857143,16.77404761904762,64.3678529424119,19.368692307692307,8.170128309942317,SARAJEVO - VIJECNICA,Stari grad Sarajevo,BA,Bośnia i Hercegowina,43.85900000011468,18.434800000217038
2656035,20.56953307392996,51.39464,30.272321428571427,22.543532934131736,11.275827471262229,20.176620026874517,22.895796752119605,20.167753749325026,33.23513513513513,38.12818992248062,52.916000000000004,45.60581632653061,12.16608,64.3678529424119,19.290000000000003,11.298030303030302,SARAJEVO - VOGOSCA,Vogosca Sarajevo,BA,Bośnia i Hercegowina,43.900000000232716,18.341999999728493
2656038,17.759260089686098,61.132617933723196,11.429486868686869,9.568817472919314,13.473684401878161,30.48411683960426,9.326840262962536,5.599787690323896,36.62168674698795,26.352858407079648,14.94267816091954,11.69357142857143,8.318787878787878,103.71951686371256,10.352272727272727,8.170128309942317,TESANJ,Tesanj,BA,Bośnia i Hercegowina,44.61960000009846,17.991200000359836
2656041,14.81685071574642,59.481284403669726,27.068879492600423,21.28460721868365,8.234143100691693,28.946124878348588,20.795280220813144,18.725363121913617,22.837752808988764,37.58833333333334,45.44475,41.64417721518987,8.377651515151515,81.10378787878788,16.729621212121213,10.530681818181819,TRAVNIK,Travnik,BA,Bośnia i Hercegowina,44.224999999842076,17.666999999597877
2656042,14.078098190672772,51.39464,15.298601973684208,10.888153078202995,7.57506363550302,20.176620026874517,9.26753184387453,7.819048647365057,18.053504120148858,38.12818992248062,23.290545454545455,19.180098039215686,10.451701066601531,64.3678529424119,13.138965517241378,8.567556818181819,Trbovlje2,Trbovlje,SI,Słowenia,46.15750839367566,15.053950465081174
2656045,14.078098190672772,40.64130625,39.88235177865613,9.568817472919314,7.57506363550302,23.74308214466404,29.89554496104046,5.599787690323896,18.053504120148858,20.81832574257426,65.63604166666667,11.69357142857143,10.451701066601531,57.60530303030303,25.20242424242424,8.170128309942317,VISOKO,Visoko,BA,Bośnia i Hercegowina,43.99000000011136,18.179999999804945
2656047,14.742633279483037,42.69036762225969,19.212704918032788,12.665728476821192,6.175943386364287,22.72432778760264,11.427456783268683,9.519557923061921,20.95625,23.443689655172413,28.946696428571432,22.770576923076923,10.219022988505747,60.4688961038961,16.308313953488373,9.16,Zagorje,Zagorje,SI,Słowenia,46.1311142,14.9961152
2656048,12.255863466042156,49.62535641547861,32.395452322738386,9.568817472919314,8.567091518711392,27.86255597270091,20.66588824878038,5.599787690323896,22.896385542168677,26.440113636363638,51.27628865979381,11.69357142857143,7.358409090909091,75.34924242424243,19.100978260869564,8.170128309942317,ZENICA - BRIST,Zenica,BA,Bośnia i Hercegowina,44.202220000151314,17.900499999595816
2656049,24.291938412017167,46.223055555555554,31.994270833333335,9.568817472919314,12.13103029411503,26.451438505210227,19.086214141092743,5.599787690323896,35.578640776699025,23.26757281553398,47.287171717171724,11.69357142857143,20.203769230769232,64.68538461538462,23.745581395348836,8.170128309942317,ZENICA - CENTAR,Zenica,BA,Bośnia i Hercegowina,44.198999999826086,17.912699999706504
2656050,19.12823647294589,36.67259713701432,44.36135523613963,9.568817472919314,13.569094331609344,23.2080480053034,28.103048510937644,5.599787690323896,35.160000000000004,19.73320754716981,67.30960784313726,11.69357142857143,8.775757575757577,52.65967741935484,30.06031746031746,8.170128309942317,ZENICA - RADAKOVO,Zenica,BA,Bośnia i Hercegowina,44.19519999982807,17.93199999995525
2656051,9.051480519480519,52.72571428571429,29.790301369863013,9.568817472919314,5.482916035551245,14.42342785961548,13.848560673992377,5.599787690323896,18.053504120148858,38.12818992248062,18.589172240802675,11.69357142857143,5.4586,55.72727272727273,28.004923076923077,8.170128309942317,ZENICA - TETOVO,Zenica,BA,Bośnia i Hercegowina,44.22540000016335,17.8910999997167
2656052,14.078098190672772,40.10047357293869,28.336067961165046,20.015857843137255,7.57506363550302,22.600428755678674,19.31648027701235,15.938914820354094,18.053504120148858,26.957086419753086,38.78886075949367,31.64701298701299,10.451701066601531,67.68793103448276,22.305434782608696,12.961847826086956,ZENICA - VRANDUK,Zenica,BA,Bośnia i Hercegowina,44.28999999971563,17.90999999993236
2697130,12.382068965517242,72.8329489291598,25.19151051625239,9.635839416058394,8.064633458354097,16.28570821654831,11.570234560742417,4.389012688939511,13.372242990654206,63.8875,21.08607476635514,8.21111111111111,11.000857142857143,78.75314285714285,31.84551282051282,12.314844720496895,Attard Station,Attard,MT,Malta,35.89009099973841,14.434573000194618
2697131,23.35062809917355,51.39464,29.436461267605633,11.13671902268761,13.706019110950448,20.176620026874517,11.616445602805609,4.247923028437441,29.974259259259256,38.12818992248062,28.692685185185184,10.364814814814816,17.88215909090909,64.3678529424119,32.986931818181816,13.205738636363636,Msida Station,Msida,MT,Malta,35.89556299965945,14.493217000032196
2771587,25.385454545454547,36.06618181818182,22.619797297297296,9.568817472919314,9.215896455296546,16.864174441577617,10.975883549242091,5.599787690323896,18.053504120148858,38.12818992248062,11.013599999999999,11.69357142857143,10.451701066601531,64.3678529424119,28.59807692307692,8.170128309942317,LARISA-1,,GR,Grecja,39.63553000009026,22.414548999632775
3063270,3.961300438596491,62.90008528784648,16.909750369800115,9.568817472919314,2.0633107407356195,21.841276965413225,8.751801640276929,5.599787690323896,5.040845454545455,50.166722689075634,18.589172240802675,11.69357142857143,2.8825434782608697,81.43152173913043,15.521663401253917,8.170128309942317,Mont St. Nicolas,,LU,Luksemburg,49.935832999945774,6.178332999898686
3327564,13.007450980392157,51.39464,39.004561403508774,32.90394736842106,5.487186736394884,20.176620026874517,33.24050922211862,29.073835076410248,19.28695652173913,38.12818992248062,65.69642857142857,57.153571428571425,10.446847826086957,64.3678529424119,15.521663401253917,8.170128309942317,Bijelo Polje,Bijelo Polje,ME,Czarnogóra,43.029550000045106,19.742394999643636
3327565,16.453333333333333,58.8665100671141,14.789155339805824,7.089484536082474,9.918553577637404,26.029984314291383,14.803807709542946,5.433507225834514,24.95241379310345,35.87038961038961,29.479523809523805,10.918750000000001,10.451701066601531,86.60760869565217,15.521663401253917,8.170128309942317,Niksic2,Nik_i_,ME,Czarnogóra,42.78121099990753,18.94291100033866
3327748,10.117879858657245,64.08212927756654,16.909750369800115,9.568817472919314,3.494080063344425,22.44589474422259,8.751801640276929,5.599787690323896,8.970704225352112,43.516666666666666,18.589172240802675,11.69357142857143,9.681875,86.95432098765433,15.521663401253917,8.170128309942317,Podgorica 4 (RB),Podgorica,ME,Czarnogóra,42.51759999971336,19.327742999611406
3526099,3.9404946996466435,54.65371024734982,1.0,9.568817472919314,1.588686654541833,11.873464604619997,8.751801640276929,5.599787690323896,5.008,41.33529411764706,18.589172240802675,11.69357142857143,3.080804597701149,67.22758620689656,15.521663401253917,8.170128309942317,AKROTIRI,,GR,Grecja,35.53289199976768,24.070739999844754
3526100,11.19889298892989,37.80072727272727,27.94029304029304,12.039595588235294,3.641693271144457,11.896702581634088,11.248381709840855,5.5093554968643295,12.946470588235295,24.228571428571428,28.65714285714286,16.384117647058822,10.891875,49.28125,30.35375,12.358125,CHANIA-2,,GR,Grecja,35.51422600029247,24.02567199994421
3526101,7.915551470588236,44.18049056603773,13.777237354085603,9.401167315175098,3.150983514988956,19.198613629341484,7.733224873708851,4.845600069991593,10.161470588235295,22.483714285714285,17.222571428571428,14.090285714285713,7.334090909090909,58.831460674157306,17.185254237288135,10.465254237288136,GREVENA,,GR,Grecja,40.08469600025258,21.43867799963208
3526102,10.147862903225807,38.645199999999996,24.930696721311477,10.586735537190084,5.344898346021795,9.83937651892255,9.181901275619095,4.424904397342369,12.243714285714285,29.540000000000003,19.63742857142857,9.075588235294118,9.91268656716418,45.51044776119403,28.067164179104477,12.082985074626867,HERAKLION-2,,GR,Grecja,35.332819999942096,25.13823100032623
4049601,8.281967213114754,38.69901477832512,16.909750369800115,9.568817472919314,5.282786027553299,14.435424524507443,8.751801640276929,5.599787690323896,7.244137931034484,20.165925925925926,18.589172240802675,11.69357142857143,11.13168674698795,44.287951807228914,15.521663401253917,8.170128309942317,Gradina,Pljevlja,ME,Czarnogóra,43.27336099980429,19.28056900013856
4468703,14.078098190672772,51.39464,8.986801801801802,5.043423255813954,7.57506363550302,20.176620026874517,4.226647543118823,2.4418883229377286,18.053504120148858,38.12818992248062,10.057096774193548,6.107793103448276,10.451701066601531,64.3678529424119,9.292717391304347,5.083932584269664,Cavan Cavan Town Court House,,IE,Irlandia,53.99360000014287,-7.362799999885783
4468704,14.078098190672772,51.39464,10.50045045045045,5.868190045248868,7.57506363550302,20.176620026874517,4.965545430779537,3.4927109007826416,18.053504120148858,38.12818992248062,13.086774193548386,8.613333333333333,10.451701066601531,64.3678529424119,10.108695652173912,5.5711956521739125,Cork Bishopstown MTU,,IE,Irlandia,51.88409170011853,-8.53304439978086
4468705,14.078098190672772,51.39464,11.400867579908676,6.892935779816514,7.57506363550302,20.176620026874517,5.537703103803121,4.662688412373253,18.053504120148858,38.12818992248062,16.41774193548387,12.519333333333332,10.451701066601531,64.3678529424119,10.521739130434783,5.414782608695653,Cork Macroom Council Yard,,IE,Irlandia,51.90466600002692,-8.952930999754638
4468706,33.06387254901961,30.0953738317757,12.013066037735848,6.2103827751196174,11.958481591482421,12.237373471624002,4.494477868802325,2.461018560023228,36.218518518518515,34.07222222222222,14.146666666666667,7.031538461538461,29.26911111111111,31.15,12.12159090909091,6.242558139534884,Dublin Pearse St.,,IE,Irlandia,53.34501652917763,-6.2543123763737976
4468709,14.078098190672772,51.39464,11.134615384615385,6.244398148148148,7.57506363550302,20.176620026874517,5.622156126477593,3.5456745491066446,18.053504120148858,38.12818992248062,14.894516129032258,9.567586206896552,10.451701066601531,64.3678529424119,10.923186813186813,5.985730337078652,Kerry Killarney,,IE,Irlandia,52.05827800027053,-9.504881000263559
4468710,14.078098190672772,51.39464,13.650166666666667,8.708983050847458,7.57506363550302,20.176620026874517,7.1501841578815375,5.812241986917254,18.053504120148858,38.12818992248062,19.275862068965516,14.536428571428571,10.451701066601531,64.3678529424119,11.669245283018869,7.138113207547169,Kerry Tralee Library,,IE,Irlandia,52.26725700012863,-9.69791600021613
5721660,16.18801886792453,51.39464,37.10245283018868,25.311734693877554,5.37543520626781,20.176620026874517,26.841278970709798,19.980701257288516,17.493333333333332,38.12818992248062,66.54,46.3,10.451701066601531,64.3678529424119,15.521663401253917,8.170128309942317,Ohrid,Ohrid,MK,Macedonia Północna,41.114221999931125,20.80663900000479
6050335,25.506170212765955,26.049508196721312,15.03061224489796,9.737313725490196,15.521071729187122,17.248485868449396,11.665613358671441,8.814317147664239,12.022499999999999,16.127333333333333,21.708846153846153,16.209347826086958,10.451701066601531,64.3678529424119,15.521663401253917,8.170128309942317,Durres,Durres,AL,Albania,41.3199000002832,19.44919999967179
6051398,17.637777777777778,33.77924528301887,44.442530655373055,30.25333333333333,9.155006809693514,13.727420040120794,33.24296519647711,26.396032530161293,21.999285714285715,27.417857142857144,53.43333333333334,30.25333333333333,10.451701066601531,64.3678529424119,15.521663401253917,8.170128309942317,Shkoder,Shkoder,AL,Albania,42.31389999981128,19.523419999611814
6122383,10.621500000000001,51.39464,9.046346153846153,3.3737931034482758,10.710409358753541,20.176620026874517,5.169458586148697,2.1858482857629107,7.654964285714286,38.12818992248062,8.992068965517241,3.4312903225806455,10.451701066601531,64.3678529424119,15.521663401253917,8.170128309942317,Reykjavík Laugarnes,Reykjavík,IS,Islandia,64.15335400017766,-21.885998000335935
